age_group,outcome,parameter,spearman_rho,association_share,association_allocated_variance,screening_importance_share,screening_allocated_parameter_variance,sensitivity_rank
11_to_14,outbreak_indicator,gamma,0.0,0.0,0.0,0.0,0.0,1
11_to_14,outbreak_indicator,local_mixing,0.0,0.0,0.0,0.0,0.0,2
11_to_14,outbreak_indicator,contact_scale,0.0,0.0,0.0,0.0,0.0,3
11_to_14,outbreak_indicator,sick_contact_multiplier,0.0,0.0,0.0,0.0,0.0,4
11_to_14,outbreak_indicator,sick_mobility_multiplier,0.0,0.0,0.0,0.0,0.0,5
11_to_14,outbreak_indicator,seed_infections_per_week,0.0,0.0,0.0,0.0,0.0,6
11_to_14,outbreak_indicator,initial_exposed_per_case,0.0,0.0,0.0,0.0,0.0,7
11_to_14,outbreak_indicator,initial_infectious_per_case,0.0,0.0,0.0,0.0,0.0,8
11_to_14,outbreak_indicator,seasonal_amplitude,0.0,0.0,0.0,0.0,0.0,9
11_to_14,outbreak_indicator,seasonal_peak_week,0.0,0.0,0.0,0.0,0.0,10
11_to_14,outbreak_indicator,seasonal_period_weeks,0.0,0.0,0.0,0.0,0.0,11
11_to_14,outbreak_indicator,beta_0,0.0,0.0,0.0,0.0,0.0,12
11_to_14,outbreak_indicator,sigma,0.0,0.0,0.0,0.0,0.0,13
11_to_14,outbreak_indicator,eta,0.0,0.0,0.0,0.0,0.0,14
11_to_14,outbreak_indicator,nu,0.0,0.0,0.0,0.0,0.0,15
11_to_14,outbreak_indicator,delta,0.0,0.0,0.0,0.0,0.0,16
11_to_14,outbreak_indicator,phi,0.0,0.0,0.0,0.0,0.0,17
11_to_14,outbreak_indicator,mu,0.0,0.0,0.0,0.0,0.0,18
11_to_14,outbreak_indicator,psi,0.0,0.0,0.0,0.0,0.0,19
11_to_14,outbreak_indicator,reporting_rate,0.0,0.0,0.0,0.0,0.0,20
11_to_14,outbreak_indicator,sh_noise_multiplier,0.0,0.0,0.0,0.0,0.0,21
11_to_14,outbreak_indicator,noise_scale,0.0,0.0,0.0,0.0,0.0,22
11_to_14,outbreak_indicator,dt,0.0,0.0,0.0,0.0,0.0,23
11_to_14,peak_weekly_cases,mu,0.4921555116658166,0.19759760572643323,0.037846508867230996,0.19759760572643323,0.037846508867230996,1
11_to_14,peak_weekly_cases,contact_scale,0.48116492846295844,0.18887083524610396,0.03617504227657135,0.18887083524610396,0.03617504227657135,2
11_to_14,peak_weekly_cases,seasonal_period_weeks,0.44282235753916266,0.1599690814800636,0.030639395849259156,0.1599690814800636,0.030639395849259156,3
11_to_14,peak_weekly_cases,local_mixing,0.3442361680907703,0.0966696105734227,0.0185154433441062,0.0966696105734227,0.0185154433441062,4
11_to_14,peak_weekly_cases,sigma,0.3368337627937659,0.09255677319076752,0.01772769829071907,0.09255677319076752,0.01772769829071907,5
11_to_14,peak_weekly_cases,gamma,0.28312268825566367,0.06539225565134922,0.01252479033973413,0.06539225565134922,0.01252479033973413,6
11_to_14,peak_weekly_cases,sick_contact_multiplier,0.2631273236574932,0.05648184420063471,0.01081815039973899,0.05648184420063471,0.01081815039973899,7
11_to_14,peak_weekly_cases,reporting_rate,0.24895487934513794,0.05056130292178,0.009684169969231137,0.05056130292178,0.009684169969231137,8
11_to_14,peak_weekly_cases,noise_scale,0.15170781849318854,0.01877555997059472,0.0035961437604569253,0.01877555997059472,0.0035961437604569253,9
11_to_14,peak_weekly_cases,initial_exposed_per_case,0.15103253142318734,0.018608783140720637,0.003564200454527314,0.018608783140720637,0.003564200454527314,10
11_to_14,peak_weekly_cases,sick_mobility_multiplier,0.13238201819323955,0.014296672447188704,0.0027382879390427887,0.014296672447188704,0.0027382879390427887,11
11_to_14,peak_weekly_cases,phi,-0.08650255683561708,0.006104285824878885,0.0011691736180206467,0.006104285824878885,0.0011691736180206467,12
11_to_14,peak_weekly_cases,delta,-0.08526643813120814,0.005931072250288031,0.0011359974615455857,0.005931072250288031,0.0011359974615455857,13
11_to_14,peak_weekly_cases,seed_infections_per_week,0.08415622040595197,0.005777625879661945,0.001106607381614229,0.005777625879661945,0.001106607381614229,14
11_to_14,peak_weekly_cases,sh_noise_multiplier,-0.08119182462408239,0.00537776195638924,0.00103002015039657,0.00537776195638924,0.00103002015039657,15
11_to_14,peak_weekly_cases,initial_infectious_per_case,0.06767177629460963,0.0037358731735248362,0.0007155438785245564,0.0037358731735248362,0.0007155438785245564,16
11_to_14,peak_weekly_cases,psi,0.0630334697671863,0.003241301274353844,0.0006208169222001342,0.003241301274353844,0.0006208169222001342,17
11_to_14,peak_weekly_cases,seasonal_amplitude,-0.06117356893879322,0.003052843973305455,0.0005847210854666825,0.003052843973305455,0.0005847210854666825,18
11_to_14,peak_weekly_cases,dt,-0.05182828262259046,0.002191344248902018,0.0004197152553662316,0.002191344248902018,0.0004197152553662316,19
11_to_14,peak_weekly_cases,seasonal_peak_week,0.05092980745318211,0.002116026197677556,0.00040528934527967115,0.002116026197677556,0.00040528934527967115,20
11_to_14,peak_weekly_cases,beta_0,0.04561907524164742,0.0016977350948795904,0.0003251726967356382,0.0016977350948795904,0.0003251726967356382,21
11_to_14,peak_weekly_cases,nu,0.03488601676887445,0.0009928410886382146,0.0001901620666240232,0.0009928410886382146,0.0001901620666240232,22
11_to_14,peak_weekly_cases,eta,-0.001087326638137491,9.644884413857595e-07,1.847315923442128e-07,9.644884413857595e-07,1.847315923442128e-07,23
11_to_14,cumulative_cases,contact_scale,0.4933920074802437,0.20027677809105604,0.45572634779427684,0.20027677809105604,0.45572634779427684,1
11_to_14,cumulative_cases,mu,0.48789846096658357,0.19584174604148868,0.445634509002158,0.19584174604148868,0.445634509002158,2
11_to_14,cumulative_cases,seasonal_period_weeks,0.43071121400381,0.1526225602338436,0.3472899985177449,0.1526225602338436,0.3472899985177449,3
11_to_14,cumulative_cases,local_mixing,0.34374150575942797,0.09720986192226652,0.22119936103265514,0.09720986192226652,0.22119936103265514,4
11_to_14,cumulative_cases,sigma,0.34159558915252947,0.09599992297642408,0.21844616586894955,0.09599992297642408,0.21844616586894955,5
11_to_14,cumulative_cases,gamma,0.27374456726454177,0.061650612258416476,0.14028490288092924,0.061650612258416476,0.14028490288092924,6
11_to_14,cumulative_cases,sick_contact_multiplier,0.26932684027647336,0.059676816608737276,0.13579356498696946,0.059676816608737276,0.13579356498696946,7
11_to_14,cumulative_cases,reporting_rate,0.23288917629133696,0.04462158428196064,0.10153564397948822,0.04462158428196064,0.10153564397948822,8
11_to_14,cumulative_cases,noise_scale,0.14795379699029468,0.018009373550632916,0.04098001831526024,0.018009373550632916,0.04098001831526024,9
11_to_14,cumulative_cases,sick_mobility_multiplier,0.14411403687501761,0.0170867294717338,0.03888055765687307,0.0170867294717338,0.03888055765687307,10
11_to_14,cumulative_cases,initial_exposed_per_case,0.12986515060521164,0.013874956274021223,0.03157222324442496,0.013874956274021223,0.03157222324442496,11
11_to_14,cumulative_cases,phi,-0.10189384293982545,0.008541659602545031,0.019436398827027065,0.008541659602545031,0.019436398827027065,12
11_to_14,cumulative_cases,seed_infections_per_week,0.0985462130330638,0.007989622420181567,0.018180247757676606,0.007989622420181567,0.018180247757676606,13
11_to_14,cumulative_cases,seasonal_peak_week,0.08548759517455085,0.00601246521271674,0.013681260697062833,0.00601246521271674,0.013681260697062833,14
11_to_14,cumulative_cases,sh_noise_multiplier,-0.0725291200910265,0.0043278399702190344,0.009847925067824385,0.0043278399702190344,0.009847925067824385,15
11_to_14,cumulative_cases,delta,-0.06600839482819759,0.0035846331752828146,0.008156770848446123,0.0035846331752828146,0.008156770848446123,16
11_to_14,cumulative_cases,initial_infectious_per_case,0.05925304934968114,0.0028884695059425646,0.006572662448463514,0.0028884695059425646,0.006572662448463514,17
11_to_14,cumulative_cases,nu,0.051356076236294707,0.002169851665926758,0.004937459971113292,0.002169851665926758,0.004937459971113292,18
11_to_14,cumulative_cases,beta_0,0.0504433463728272,0.002093409329737412,0.004763516756026247,0.002093409329737412,0.004763516756026247,19
11_to_14,cumulative_cases,psi,0.0419197656102264,0.0014457195952290191,0.003289709957131391,0.0014457195952290191,0.003289709957131391,20
11_to_14,cumulative_cases,dt,-0.04142191295742595,0.0014115838455627464,0.0032120346486262915,0.0014115838455627464,0.0032120346486262915,21
11_to_14,cumulative_cases,seasonal_amplitude,-0.04070374619965059,0.0013630605216191167,0.0031016206634681366,0.0013630605216191167,0.0031016206634681366,22
11_to_14,cumulative_cases,eta,-0.03976240411475778,0.0013007434444560425,0.0029598192312130698,0.0013007434444560425,0.0029598192312130698,23
11_to_14,final_week_cases,contact_scale,0.479651604203642,0.19533351893360448,0.042627949715883455,0.19533351893360448,0.042627949715883455,1
11_to_14,final_week_cases,mu,0.47899349674822284,0.19479787074662336,0.0425110543458277,0.19479787074662336,0.0425110543458277,2
11_to_14,final_week_cases,seasonal_period_weeks,0.4584319307715156,0.1784327999494855,0.03893967848137922,0.1784327999494855,0.03893967848137922,3
11_to_14,final_week_cases,local_mixing,0.37795111164726825,0.12128196518705313,0.02646755939104622,0.12128196518705313,0.02646755939104622,4
11_to_14,final_week_cases,sigma,0.3734387835725025,0.11840330110027439,0.02583934387222462,0.11840330110027439,0.02583934387222462,5
11_to_14,final_week_cases,sick_contact_multiplier,0.30368797730835134,0.07830331875752315,0.017088259878823328,0.07830331875752315,0.017088259878823328,6
11_to_14,final_week_cases,phi,-0.14217123972789422,0.01716123238520896,0.0037451234953072114,0.01716123238520896,0.0037451234953072114,7
11_to_14,final_week_cases,gamma,0.13658877170388148,0.01583999245877662,0.0034567871695498306,0.01583999245877662,0.0034567871695498306,8
11_to_14,final_week_cases,noise_scale,0.12859705812568176,0.014040644333807792,0.0030641125184644106,0.014040644333807792,0.0030641125184644106,9
11_to_14,final_week_cases,seasonal_peak_week,0.12196734084652361,0.0126302539283864,0.0027563207395096497,0.0126302539283864,0.0027563207395096497,10
11_to_14,final_week_cases,seed_infections_per_week,0.1119555235138631,0.010641822761248327,0.002322382190360444,0.010641822761248327,0.002322382190360444,11
11_to_14,final_week_cases,initial_exposed_per_case,0.09915390283757759,0.008347272625318057,0.0018216388036186317,0.008347272625318057,0.0018216388036186317,12
11_to_14,final_week_cases,reporting_rate,0.09649285964827371,0.00790524484925702,0.0017251743672340165,0.00790524484925702,0.0017251743672340165,13
11_to_14,final_week_cases,sick_mobility_multiplier,0.09075587943907558,0.006993176836257322,0.0015261322898277709,0.006993176836257322,0.0015261322898277709,14
11_to_14,final_week_cases,sh_noise_multiplier,-0.08000583722164047,0.00543460920220361,0.001186003554647261,0.00543460920220361,0.001186003554647261,15
11_to_14,final_week_cases,seasonal_amplitude,-0.06789093736840111,0.00391334900445757,0.0008540164816230168,0.00391334900445757,0.0008540164816230168,16
11_to_14,final_week_cases,delta,-0.062491594897200665,0.0033156462492206166,0.0007235788427867129,0.0033156462492206166,0.0007235788427867129,17
11_to_14,final_week_cases,eta,-0.055218076846436745,0.00258873457971128,0.0005649437336415921,0.00258873457971128,0.0005649437336415921,18
11_to_14,final_week_cases,beta_0,0.055066425998014056,0.002574534711771165,0.0005618448734980385,0.002574534711771165,0.0005618448734980385,19
11_to_14,final_week_cases,psi,-0.03344044274558536,0.0009494432448506065,0.000207198534693546,0.0009494432448506065,0.000207198534693546,20
11_to_14,final_week_cases,initial_infectious_per_case,0.03251050829771035,0.0008973719509175341,0.00019583493201266413,0.0008973719509175341,0.00019583493201266413,21
11_to_14,final_week_cases,nu,0.01565437342868978,0.00020806371585204637,4.540608117573336e-05,0.00020806371585204637,4.540608117573336e-05,22
11_to_14,final_week_cases,dt,0.002620984474626182,5.832488191018877e-06,1.2728333297970593e-06,5.832488191018877e-06,1.2728333297970593e-06,23
15_to_24,outbreak_indicator,gamma,0.0,0.0,0.0,0.0,0.0,1
15_to_24,outbreak_indicator,local_mixing,0.0,0.0,0.0,0.0,0.0,2
15_to_24,outbreak_indicator,contact_scale,0.0,0.0,0.0,0.0,0.0,3
15_to_24,outbreak_indicator,sick_contact_multiplier,0.0,0.0,0.0,0.0,0.0,4
15_to_24,outbreak_indicator,sick_mobility_multiplier,0.0,0.0,0.0,0.0,0.0,5
15_to_24,outbreak_indicator,seed_infections_per_week,0.0,0.0,0.0,0.0,0.0,6
15_to_24,outbreak_indicator,initial_exposed_per_case,0.0,0.0,0.0,0.0,0.0,7
15_to_24,outbreak_indicator,initial_infectious_per_case,0.0,0.0,0.0,0.0,0.0,8
15_to_24,outbreak_indicator,seasonal_amplitude,0.0,0.0,0.0,0.0,0.0,9
15_to_24,outbreak_indicator,seasonal_peak_week,0.0,0.0,0.0,0.0,0.0,10
15_to_24,outbreak_indicator,seasonal_period_weeks,0.0,0.0,0.0,0.0,0.0,11
15_to_24,outbreak_indicator,beta_0,0.0,0.0,0.0,0.0,0.0,12
15_to_24,outbreak_indicator,sigma,0.0,0.0,0.0,0.0,0.0,13
15_to_24,outbreak_indicator,eta,0.0,0.0,0.0,0.0,0.0,14
15_to_24,outbreak_indicator,nu,0.0,0.0,0.0,0.0,0.0,15
15_to_24,outbreak_indicator,delta,0.0,0.0,0.0,0.0,0.0,16
15_to_24,outbreak_indicator,phi,0.0,0.0,0.0,0.0,0.0,17
15_to_24,outbreak_indicator,mu,0.0,0.0,0.0,0.0,0.0,18
15_to_24,outbreak_indicator,psi,0.0,0.0,0.0,0.0,0.0,19
15_to_24,outbreak_indicator,reporting_rate,0.0,0.0,0.0,0.0,0.0,20
15_to_24,outbreak_indicator,sh_noise_multiplier,0.0,0.0,0.0,0.0,0.0,21
15_to_24,outbreak_indicator,noise_scale,0.0,0.0,0.0,0.0,0.0,22
15_to_24,outbreak_indicator,dt,0.0,0.0,0.0,0.0,0.0,23
15_to_24,peak_weekly_cases,mu,0.45166736092460485,0.16800491303293802,0.04555983325505521,0.16800491303293802,0.04555983325505521,1
15_to_24,peak_weekly_cases,contact_scale,0.44797626290560777,0.16527020698821043,0.044818231422405506,0.16527020698821043,0.044818231422405506,2
15_to_24,peak_weekly_cases,seasonal_period_weeks,0.4315694752769807,0.15338610004710734,0.04159548084417837,0.15338610004710734,0.04159548084417837,3
15_to_24,peak_weekly_cases,gamma,0.3566859665520414,0.10477474479128233,0.02841297802461241,0.10477474479128233,0.02841297802461241,4
15_to_24,peak_weekly_cases,reporting_rate,0.3029704757686061,0.07559362708644667,0.020499597202422996,0.07559362708644667,0.020499597202422996,5
15_to_24,peak_weekly_cases,sigma,0.29434074582651687,0.07134858065264547,0.01934841891726159,0.07134858065264547,0.01934841891726159,6
15_to_24,peak_weekly_cases,local_mixing,0.2849584896991593,0.0668725319216007,0.018134597070349763,0.0668725319216007,0.018134597070349763,7
15_to_24,peak_weekly_cases,sick_contact_multiplier,0.23265362784856555,0.04457632119998476,0.012088276017243164,0.04457632119998476,0.012088276017243164,8
15_to_24,peak_weekly_cases,seed_infections_per_week,0.18723023168455152,0.028869317409913855,0.007828826333936266,0.028869317409913855,0.007828826333936266,9
15_to_24,peak_weekly_cases,noise_scale,0.17935588924402454,0.02649206726801504,0.007184159948202462,0.02649206726801504,0.007184159948202462,10
15_to_24,peak_weekly_cases,sick_mobility_multiplier,0.14888573203138927,0.018255373680703194,0.004950520588278871,0.018255373680703194,0.004950520588278871,11
15_to_24,peak_weekly_cases,initial_infectious_per_case,0.13238738228136063,0.014433702706238546,0.003914153917750862,0.014433702706238546,0.003914153917750862,12
15_to_24,peak_weekly_cases,phi,-0.12062737231385841,0.01198329638708725,0.003249648926246363,0.01198329638708725,0.003249648926246363,13
15_to_24,peak_weekly_cases,initial_exposed_per_case,0.11749423097215161,0.011368879206352326,0.0030830303208854814,0.011368879206352326,0.0030830303208854814,14
15_to_24,peak_weekly_cases,seasonal_amplitude,-0.10457252658936816,0.009005747546363784,0.0024421926070043887,0.009005747546363784,0.0024421926070043887,15
15_to_24,peak_weekly_cases,dt,-0.09475821170164735,0.0073946611544334715,0.0020052956969631745,0.0073946611544334715,0.0020052956969631745,16
15_to_24,peak_weekly_cases,seasonal_peak_week,0.08798547603423185,0.006375386848415945,0.0017288873075596086,0.006375386848415945,0.0017288873075596086,17
15_to_24,peak_weekly_cases,psi,0.08109256508247689,0.00541560078024834,0.0014686110308910318,0.00541560078024834,0.0014686110308910318,18
15_to_24,peak_weekly_cases,delta,-0.06586463976689375,0.003572639600695039,0.0009688339558031944,0.003572639600695039,0.0009688339558031944,19
15_to_24,peak_weekly_cases,sh_noise_multiplier,-0.05012740015101488,0.002069354649847294,0.0005611708079878117,0.002069354649847294,0.0005611708079878117,20
15_to_24,peak_weekly_cases,eta,-0.04893136994020808,0.001971783898949999,0.0005347114202163376,0.001971783898949999,0.0005347114202163376,21
15_to_24,peak_weekly_cases,nu,0.0446079210202821,0.001638734256352683,0.00044439450085687467,0.001638734256352683,0.00044439450085687467,22
15_to_24,peak_weekly_cases,beta_0,0.040132822336784904,0.0013264288861674206,0.0003597030455093202,0.0013264288861674206,0.0003597030455093202,23
15_to_24,cumulative_cases,mu,0.4608062077395472,0.17119857035211133,0.6293591992261113,0.17119857035211133,0.6293591992261113,1
15_to_24,cumulative_cases,contact_scale,0.44539564323314434,0.15993938459803395,0.58796824534402,0.15993938459803395,0.58796824534402,2
15_to_24,cumulative_cases,seasonal_period_weeks,0.4361681886224593,0.15338096538688545,0.5638582223781264,0.15338096538688545,0.5638582223781264,3
15_to_24,cumulative_cases,gamma,0.3361883602624079,0.09112317373798987,0.3349864869591526,0.09112317373798987,0.3349864869591526,4
15_to_24,cumulative_cases,reporting_rate,0.31161614934874504,0.0782894793555212,0.28780733351732884,0.0782894793555212,0.28780733351732884,5
15_to_24,cumulative_cases,sigma,0.30939297656347303,0.07717637805210378,0.283715356910658,0.07717637805210378,0.283715356910658,6
15_to_24,cumulative_cases,local_mixing,0.3007864080459721,0.07294237611201836,0.26815034334159993,0.07294237611201836,0.26815034334159993,7
15_to_24,cumulative_cases,sick_contact_multiplier,0.24056331823335267,0.04665759003499968,0.17152236401187593,0.04665759003499968,0.17152236401187593,8
15_to_24,cumulative_cases,seed_infections_per_week,0.19128441877294097,0.02950004530004083,0.10844789678431292,0.02950004530004083,0.10844789678431292,9
15_to_24,cumulative_cases,noise_scale,0.1822830010348898,0.026788958632421,0.09848141557680931,0.026788958632421,0.09848141557680931,10
15_to_24,cumulative_cases,sick_mobility_multiplier,0.14173370282012152,0.016196074214826016,0.05953991483389664,0.016196074214826016,0.05953991483389664,11
15_to_24,cumulative_cases,initial_infectious_per_case,0.1327580361181932,0.014209707233832794,0.05223764396822369,0.014209707233832794,0.05223764396822369,12
15_to_24,cumulative_cases,phi,-0.1273016776863866,0.013065671832708719,0.048031947609563114,0.013065671832708719,0.048031947609563114,13
15_to_24,cumulative_cases,initial_exposed_per_case,0.1162602056421592,0.010897469574964085,0.04006121494580416,0.010897469574964085,0.04006121494580416,14
15_to_24,cumulative_cases,seasonal_amplitude,-0.10516437029945024,0.008916629943420473,0.03277926369037267,0.008916629943420473,0.03277926369037267,15
15_to_24,cumulative_cases,dt,-0.10016294683914718,0.008088680437965116,0.029735560482563664,0.008088680437965116,0.029735560482563664,16
15_to_24,cumulative_cases,psi,0.08634036289365285,0.006010231923603944,0.022094780013774448,0.006010231923603944,0.022094780013774448,17
15_to_24,cumulative_cases,seasonal_peak_week,0.07948486483250516,0.00509368837192583,0.018725387883024806,0.00509368837192583,0.018725387883024806,18
15_to_24,cumulative_cases,nu,0.06386256958464778,0.0032881851931043393,0.01208800748617806,0.0032881851931043393,0.01208800748617806,19
15_to_24,cumulative_cases,beta_0,0.05546773180860134,0.002480528982083977,0.009118906370600307,0.002480528982083977,0.009118906370600307,20
15_to_24,cumulative_cases,sh_noise_multiplier,-0.053052856865525945,0.002269243197850275,0.008342178786370549,0.002269243197850275,0.008342178786370549,21
15_to_24,cumulative_cases,delta,-0.044944141713066633,0.0016285821635060745,0.0059869843783743396,0.0016285821635060745,0.0059869843783743396,22
15_to_24,cumulative_cases,eta,-0.03262942399387649,0.0008583853680828832,0.0031555913508677946,0.0008583853680828832,0.0031555913508677946,23
15_to_24,final_week_cases,mu,0.47810063449626355,0.18763603653541333,0.05874416944289309,0.18763603653541333,0.05874416944289309,1
15_to_24,final_week_cases,contact_scale,0.4672503833964914,0.1792160674758406,0.0561080868530431,0.1792160674758406,0.0561080868530431,2
15_to_24,final_week_cases,seasonal_period_weeks,0.45614547186742593,0.17079861574984054,0.05347279237763355,0.17079861574984054,0.05347279237763355,3
15_to_24,final_week_cases,sigma,0.3757414486860975,0.11589263078550233,0.03628309607126716,0.11589263078550233,0.03628309607126716,4
15_to_24,final_week_cases,local_mixing,0.3591627686037979,0.10589128825887648,0.03315192483737875,0.10589128825887648,0.03315192483737875,5
15_to_24,final_week_cases,sick_contact_multiplier,0.26238894411925295,0.05651564316504265,0.017693640196001247,0.05651564316504265,0.017693640196001247,6
15_to_24,final_week_cases,noise_scale,0.18714107929282672,0.02874854505825387,0.009000453395422131,0.02874854505825387,0.009000453395422131,7
15_to_24,final_week_cases,phi,-0.1850150939111994,0.02809906905137267,0.008797118634670446,0.02809906905137267,0.008797118634670446,8
15_to_24,final_week_cases,seed_infections_per_week,0.17859135611610752,0.026181738490255,0.008196850192424405,0.026181738490255,0.008196850192424405,9
15_to_24,final_week_cases,reporting_rate,0.15374622681776318,0.019403788989836416,0.006074843027490421,0.019403788989836416,0.006074843027490421,10
15_to_24,final_week_cases,gamma,0.14529378964774023,0.017328928648437714,0.005425255934754852,0.017328928648437714,0.005425255934754852,11
15_to_24,final_week_cases,sick_mobility_multiplier,0.13597722383000338,0.015177839323383225,0.004751803445931095,0.015177839323383225,0.004751803445931095,12
15_to_24,final_week_cases,initial_exposed_per_case,0.1187003735820012,0.0115659625617384,0.0036210147956769814,0.0115659625617384,0.0036210147956769814,13
15_to_24,final_week_cases,seasonal_peak_week,0.10840808634416349,0.009647192998151326,0.0030202958376001217,0.009647192998151326,0.0030202958376001217,14
15_to_24,final_week_cases,seasonal_amplitude,-0.10514328241356222,0.009074875433739561,0.0028411174633404244,0.009074875433739561,0.0028411174633404244,15
15_to_24,final_week_cases,sh_noise_multiplier,-0.10325192798926121,0.008751327773501877,0.0027398227497726127,0.008751327773501877,0.0027398227497726127,16
15_to_24,final_week_cases,beta_0,0.058654877978436076,0.0028241377881694923,0.0008841671984847892,0.0028241377881694923,0.0008841671984847892,17
15_to_24,final_week_cases,initial_infectious_per_case,0.04641973195981113,0.0017688168525829256,0.000553772499249979,0.0017688168525829256,0.000553772499249979,18
15_to_24,final_week_cases,nu,0.04292888113129793,0.0015127833974130196,0.0004736148016602004,0.0015127833974130196,0.0004736148016602004,19
15_to_24,final_week_cases,delta,-0.04091734987519566,0.0013743349974142496,0.0004302700560623034,0.0013743349974142496,0.0004302700560623034,20
15_to_24,final_week_cases,eta,-0.038170450862595115,0.0011960027828541802,0.000374438681542378,0.0011960027828541802,0.000374438681542378,21
15_to_24,final_week_cases,dt,-0.0294519078507265,0.0007120401394271871,0.00022292203231844265,0.0007120401394271871,0.00022292203231844265,22
15_to_24,final_week_cases,psi,-0.02883099421975325,0.0006823337429529057,0.0002136216995026107,0.0006823337429529057,0.0002136216995026107,23
1_to_4,outbreak_indicator,gamma,0.0,0.0,0.0,0.0,0.0,1
1_to_4,outbreak_indicator,local_mixing,0.0,0.0,0.0,0.0,0.0,2
1_to_4,outbreak_indicator,contact_scale,0.0,0.0,0.0,0.0,0.0,3
1_to_4,outbreak_indicator,sick_contact_multiplier,0.0,0.0,0.0,0.0,0.0,4
1_to_4,outbreak_indicator,sick_mobility_multiplier,0.0,0.0,0.0,0.0,0.0,5
1_to_4,outbreak_indicator,seed_infections_per_week,0.0,0.0,0.0,0.0,0.0,6
1_to_4,outbreak_indicator,initial_exposed_per_case,0.0,0.0,0.0,0.0,0.0,7
1_to_4,outbreak_indicator,initial_infectious_per_case,0.0,0.0,0.0,0.0,0.0,8
1_to_4,outbreak_indicator,seasonal_amplitude,0.0,0.0,0.0,0.0,0.0,9
1_to_4,outbreak_indicator,seasonal_peak_week,0.0,0.0,0.0,0.0,0.0,10
1_to_4,outbreak_indicator,seasonal_period_weeks,0.0,0.0,0.0,0.0,0.0,11
1_to_4,outbreak_indicator,beta_0,0.0,0.0,0.0,0.0,0.0,12
1_to_4,outbreak_indicator,sigma,0.0,0.0,0.0,0.0,0.0,13
1_to_4,outbreak_indicator,eta,0.0,0.0,0.0,0.0,0.0,14
1_to_4,outbreak_indicator,nu,0.0,0.0,0.0,0.0,0.0,15
1_to_4,outbreak_indicator,delta,0.0,0.0,0.0,0.0,0.0,16
1_to_4,outbreak_indicator,phi,0.0,0.0,0.0,0.0,0.0,17
1_to_4,outbreak_indicator,mu,0.0,0.0,0.0,0.0,0.0,18
1_to_4,outbreak_indicator,psi,0.0,0.0,0.0,0.0,0.0,19
1_to_4,outbreak_indicator,reporting_rate,0.0,0.0,0.0,0.0,0.0,20
1_to_4,outbreak_indicator,sh_noise_multiplier,0.0,0.0,0.0,0.0,0.0,21
1_to_4,outbreak_indicator,noise_scale,0.0,0.0,0.0,0.0,0.0,22
1_to_4,outbreak_indicator,dt,0.0,0.0,0.0,0.0,0.0,23
1_to_4,peak_weekly_cases,contact_scale,0.4541988502212307,0.1670110034568456,0.06595357361142834,0.1670110034568456,0.06595357361142834,1
1_to_4,peak_weekly_cases,mu,0.4291455231925228,0.14909469714313192,0.0588783246586745,0.14909469714313192,0.0588783246586745,2
1_to_4,peak_weekly_cases,seasonal_period_weeks,0.41178330432429533,0.13727469673159418,0.05421054079357783,0.13727469673159418,0.05421054079357783,3
1_to_4,peak_weekly_cases,gamma,0.36552506562247705,0.10816514876765626,0.04271501849446737,0.10816514876765626,0.04271501849446737,4
1_to_4,peak_weekly_cases,reporting_rate,0.3479425285517358,0.09800947320340427,0.038704485762869535,0.09800947320340427,0.038704485762869535,5
1_to_4,peak_weekly_cases,sigma,0.3168147139394341,0.08125754768681671,0.032089057259220635,0.08125754768681671,0.032089057259220635,6
1_to_4,peak_weekly_cases,sick_contact_multiplier,0.28387857330130517,0.0652406459354142,0.025763893726141813,0.0652406459354142,0.025763893726141813,7
1_to_4,peak_weekly_cases,local_mixing,0.28220758849262934,0.06447485880301597,0.025461480130858184,0.06447485880301597,0.025461480130858184,8
1_to_4,peak_weekly_cases,initial_exposed_per_case,0.17422877905802686,0.02457495950644555,0.009704788111311667,0.02457495950644555,0.009704788111311667,9
1_to_4,peak_weekly_cases,sick_mobility_multiplier,0.1517162645466205,0.018634481235672854,0.007358860221478142,0.018634481235672854,0.007358860221478142,10
1_to_4,peak_weekly_cases,psi,0.1449064291961951,0.01699919413654327,0.00671307625613522,0.01699919413654327,0.00671307625613522,11
1_to_4,peak_weekly_cases,noise_scale,0.1413870605066895,0.01618349638966923,0.006390952681762264,0.01618349638966923,0.006390952681762264,12
1_to_4,peak_weekly_cases,initial_infectious_per_case,0.12526949641889695,0.012704093679730907,0.005016917211021463,0.012704093679730907,0.005016917211021463,13
1_to_4,peak_weekly_cases,seasonal_amplitude,-0.09768107942360207,0.007724563091504529,0.003050472902543261,0.007724563091504529,0.003050472902543261,14
1_to_4,peak_weekly_cases,phi,-0.09403581461837436,0.007158789735389353,0.0028270458593091367,0.007158789735389353,0.0028270458593091367,15
1_to_4,peak_weekly_cases,beta_0,0.0854691561985535,0.0059138711389023,0.0023354205855596693,0.0059138711389023,0.0023354205855596693,16
1_to_4,peak_weekly_cases,delta,-0.08421591759204665,0.005741711861518058,0.002267433929957149,0.005741711861518058,0.002267433929957149,17
1_to_4,peak_weekly_cases,sh_noise_multiplier,-0.0786993787031306,0.00501413049005823,0.001980108002038399,0.00501413049005823,0.001980108002038399,18
1_to_4,peak_weekly_cases,seasonal_peak_week,0.05851308105722671,0.0027717812854486565,0.0010945918368298042,0.0027717812854486565,0.0010945918368298042,19
1_to_4,peak_weekly_cases,eta,-0.05381200564514733,0.002344290256946303,0.0009257732534252655,0.002344290256946303,0.0009257732534252655,20
1_to_4,peak_weekly_cases,seed_infections_per_week,0.049399919044157414,0.0019756294838441297,0.0007801870648917481,0.0019756294838441297,0.0007801870648917481,21
1_to_4,peak_weekly_cases,dt,-0.0421780600422777,0.0014402113390006536,0.0005687474633211057,0.0014402113390006536,0.0005687474633211057,22
1_to_4,peak_weekly_cases,nu,0.018950226691540954,0.00029072464144692034,0.00011480877692756378,0.00029072464144692034,0.00011480877692756378,23
1_to_4,cumulative_cases,contact_scale,0.4928011856951319,0.19882355511059582,1.5279358345748244,0.19882355511059582,1.5279358345748244,1
1_to_4,cumulative_cases,mu,0.4451619733293298,0.162240944022836,1.2468027345645647,0.162240944022836,1.2468027345645647,2
1_to_4,cumulative_cases,seasonal_period_weeks,0.4385096508818529,0.1574282467097729,1.2098177169618933,0.1574282467097729,1.2098177169618933,3
1_to_4,cumulative_cases,sigma,0.3753941322285657,0.11537170389526027,0.8866180899917405,0.11537170389526027,0.8866180899917405,4
1_to_4,cumulative_cases,local_mixing,0.3254573650561725,0.08671865929794172,0.6664227837285519,0.08671865929794172,0.6664227837285519,5
1_to_4,cumulative_cases,gamma,0.280539167162435,0.06443344524169983,0.4951635125684422,0.06443344524169983,0.4951635125684422,6
1_to_4,cumulative_cases,reporting_rate,0.27242190316953524,0.06075868867657,0.4669234369090077,0.06075868867657,0.4669234369090077,7
1_to_4,cumulative_cases,sick_contact_multiplier,0.25524603579224336,0.05333869163328439,0.4099016249382432,0.05333869163328439,0.4099016249382432,8
1_to_4,cumulative_cases,phi,-0.14209646869206224,0.016530687549785303,0.12703640604065836,0.016530687549785303,0.12703640604065836,9
1_to_4,cumulative_cases,initial_exposed_per_case,0.12871743223425497,0.01356435295283124,0.10424047059174212,0.01356435295283124,0.10424047059174212,10
1_to_4,cumulative_cases,noise_scale,0.1265543544835915,0.013112289606818461,0.10076641649645895,0.013112289606818461,0.10076641649645895,11
1_to_4,cumulative_cases,sick_mobility_multiplier,0.12253434887554635,0.012292495036202219,0.0944663908242609,0.012292495036202219,0.0944663908242609,12
1_to_4,cumulative_cases,beta_0,0.09420833071209635,0.007266126658974792,0.055839336011426974,0.007266126658974792,0.055839336011426974,13
1_to_4,cumulative_cases,sh_noise_multiplier,-0.09243723927339176,0.006995492247362515,0.053759542119091355,0.006995492247362515,0.053759542119091355,14
1_to_4,cumulative_cases,initial_infectious_per_case,0.08809963891624123,0.006354371529585279,0.04883260416933348,0.006354371529585279,0.04883260416933348,15
1_to_4,cumulative_cases,seasonal_amplitude,-0.08719549530617557,0.006224614281772173,0.047835434851949694,0.006224614281772173,0.047835434851949694,16
1_to_4,cumulative_cases,seasonal_peak_week,0.08632282504962482,0.006100643352682094,0.04688273271916215,0.006100643352682094,0.04688273271916215,17
1_to_4,cumulative_cases,seed_infections_per_week,0.06826570377391444,0.003815307011043517,0.0293201894455376,0.003815307011043517,0.0293201894455376,18
1_to_4,cumulative_cases,psi,0.06664625667487276,0.003636435339294832,0.027945581507845835,0.003636435339294832,0.027945581507845835,19
1_to_4,cumulative_cases,delta,-0.057258613685551615,0.002684145195098473,0.02062734280408321,0.002684145195098473,0.02062734280408321,20
1_to_4,cumulative_cases,eta,-0.0394675853077403,0.0012752797380622988,0.00980037606614921,0.0012752797380622988,0.00980037606614921,21
1_to_4,cumulative_cases,nu,0.03392541387515418,0.000942268463301633,0.007241223254797294,0.000942268463301633,0.007241223254797294,22
1_to_4,cumulative_cases,dt,-0.010575046781021323,9.155644922422492e-05,0.0007036006351375637,9.155644922422492e-05,0.0007036006351375637,23
1_to_4,final_week_cases,contact_scale,0.5131540360004947,0.21857792272296384,0.13567081265354144,0.21857792272296384,0.13567081265354144,1
1_to_4,final_week_cases,mu,0.4756397474488706,0.18778767109044725,0.11655937445909435,0.18778767109044725,0.11655937445909435,2
1_to_4,final_week_cases,seasonal_period_weeks,0.43053161237020726,0.15385828510118696,0.09549948280739731,0.15385828510118696,0.09549948280739731,3
1_to_4,final_week_cases,sigma,0.4149061429338241,0.1428928590989866,0.0886932681710895,0.1428928590989866,0.0886932681710895,4
1_to_4,final_week_cases,local_mixing,0.3862704172207087,0.1238493391639879,0.07687299925655766,0.1238493391639879,0.07687299925655766,5
1_to_4,final_week_cases,sick_contact_multiplier,0.2837191537031462,0.06681717466216165,0.041473266250767166,0.06681717466216165,0.041473266250767166,6
1_to_4,final_week_cases,phi,-0.19337984835340705,0.031040822964908732,0.01926696724271429,0.031040822964908732,0.01926696724271429,7
1_to_4,final_week_cases,noise_scale,0.1327578338965951,0.014629554857049639,0.009080530968038911,0.014629554857049639,0.009080530968038911,8
1_to_4,final_week_cases,sick_mobility_multiplier,0.11081178911046459,0.010192547167943702,0.006326490525930842,0.010192547167943702,0.006326490525930842,9
1_to_4,final_week_cases,seasonal_peak_week,0.11010791335852349,0.010063472430530504,0.006246374134029332,0.010063472430530504,0.006246374134029332,10
1_to_4,final_week_cases,initial_exposed_per_case,0.0966284065804973,0.007750334240318137,0.004810614592825295,0.007750334240318137,0.004810614592825295,11
1_to_4,final_week_cases,seed_infections_per_week,0.09106607137003606,0.00688373271377343,0.0042727170234438845,0.00688373271377343,0.0042727170234438845,12
1_to_4,final_week_cases,reporting_rate,0.08245646918470792,0.005643652498147605,0.003503002092889011,0.005643652498147605,0.003503002092889011,13
1_to_4,final_week_cases,gamma,0.08087131810106823,0.005428749964080703,0.003369612585499852,0.005428749964080703,0.003369612585499852,14
1_to_4,final_week_cases,sh_noise_multiplier,-0.07925183161489487,0.005213500415673691,0.0032360076871099054,0.005213500415673691,0.0032360076871099054,15
1_to_4,final_week_cases,seasonal_amplitude,-0.058979637702282754,0.0028874534877244827,0.0017922357221566115,0.0028874534877244827,0.0017922357221566115,16
1_to_4,final_week_cases,beta_0,0.05309111616775125,0.002339669469780067,0.0014522274452578709,0.002339669469780067,0.0014522274452578709,17
1_to_4,final_week_cases,psi,-0.0410451124455075,0.0013984073431354725,0.00086798821354128,0.0013984073431354725,0.00086798821354128,18
1_to_4,final_week_cases,delta,-0.03934264873654431,0.0012848072747528583,0.0007974769130267202,0.0012848072747528583,0.0007974769130267202,19
1_to_4,final_week_cases,initial_infectious_per_case,0.027371038386456933,0.0006218610326715997,0.0003859877091386717,0.0006218610326715997,0.0003859877091386717,20
1_to_4,final_week_cases,dt,0.0229732455785974,0.0004380820981558284,0.0002719165482284342,0.0004380820981558284,0.0002719165482284342,21
1_to_4,final_week_cases,eta,-0.02195462863676396,0.0004000948738102903,0.00024833796566525523,0.0004000948738102903,0.00024833796566525523,22
1_to_4,final_week_cases,nu,-8.011593924532659e-05,5.327809075867719e-09,3.3069588089279915e-09,5.327809075867719e-09,3.3069588089279915e-09,23
25_to_34,outbreak_indicator,nu,-0.15249857033260464,0.09865133490320804,1.1511931591884973e-07,0.09865133490320804,1.1511931591884973e-07,1
25_to_34,outbreak_indicator,local_mixing,0.14769546575519976,0.09253493990641913,1.079819040570573e-07,0.09253493990641913,1.079819040570573e-07,2
25_to_34,outbreak_indicator,beta_0,-0.1356877043116876,0.07810024771399739,9.113761206322726e-08,0.07810024771399739,9.113761206322726e-08,3
25_to_34,outbreak_indicator,sigma,0.13088459973428274,0.07266888895684884,8.47995903299556e-08,0.07266888895684884,8.47995903299556e-08,4
25_to_34,outbreak_indicator,seasonal_peak_week,0.12848304744558028,0.07002660631823601,8.171622840566125e-08,0.07002660631823601,8.171622840566125e-08,5
25_to_34,outbreak_indicator,gamma,0.12608149515687786,0.06743325483959754,7.868996577626128e-08,0.06743325483959754,7.868996577626128e-08,6
25_to_34,outbreak_indicator,seasonal_period_weeks,0.12608149515687786,0.06743325483959754,7.868996577626128e-08,0.06743325483959754,7.868996577626128e-08,7
25_to_34,outbreak_indicator,phi,0.12608149515687786,0.06743325483959754,7.868996577626128e-08,0.06743325483959754,7.868996577626128e-08,8
25_to_34,outbreak_indicator,sh_noise_multiplier,-0.12127839057947301,0.062393345362243516,7.280873840214437e-08,0.062393345362243516,7.280873840214437e-08,9
25_to_34,outbreak_indicator,sick_contact_multiplier,0.10686907684725838,0.048447964769564825,5.6535439357257666e-08,0.048447964769564825,5.6535439357257666e-08,10
25_to_34,outbreak_indicator,initial_exposed_per_case,0.10446752455855594,0.04629499373069513,5.402307038190673e-08,0.04629499373069513,5.402307038190673e-08,11
25_to_34,outbreak_indicator,delta,0.10446752455855594,0.04629499373069513,5.402307038190673e-08,0.04629499373069513,5.402307038190673e-08,12
25_to_34,outbreak_indicator,reporting_rate,0.1020659722698535,0.04419095385179975,5.156780070145014e-08,0.04419095385179975,5.156780070145014e-08,13
25_to_34,outbreak_indicator,noise_scale,-0.1020659722698535,0.04419095385179975,5.156780070145014e-08,0.04419095385179975,5.156780070145014e-08,14
25_to_34,outbreak_indicator,contact_scale,0.0948613154037462,0.03817242117495948,4.4544587429446416e-08,0.03817242117495948,4.4544587429446416e-08,15
25_to_34,outbreak_indicator,initial_infectious_per_case,-0.06364113565061454,0.017180953545979996,2.004898991977487e-08,0.017180953545979996,2.004898991977487e-08,16
25_to_34,outbreak_indicator,eta,0.058838031073209666,0.014685464387290131,1.7136925880163568e-08,0.014685464387290131,1.7136925880163568e-08,17
25_to_34,outbreak_indicator,dt,-0.046830269629697496,0.009303036790115907,1.0856003441786254e-08,0.009303036790115907,1.0856003441786254e-08,18
25_to_34,outbreak_indicator,sick_mobility_multiplier,-0.03482250818618531,0.005143888192299458,6.002563375767413e-09,0.005143888192299458,6.002563375767413e-09,19
25_to_34,outbreak_indicator,seed_infections_per_week,0.03482250818618531,0.005143888192299458,6.002563375767413e-09,0.005143888192299458,6.002563375767413e-09,20
25_to_34,outbreak_indicator,mu,0.027617851320078008,0.0032355729533013245,3.775690874888184e-09,0.0032355729533013245,3.775690874888184e-09,21
25_to_34,outbreak_indicator,seasonal_amplitude,-0.01561008987656583,0.0010336707544573228,1.2062226046429168e-09,0.0010336707544573228,1.2062226046429168e-09,22
25_to_34,outbreak_indicator,psi,-0.0012007761443512176,6.1163949967888906e-06,7.137411861792405e-12,6.1163949967888906e-06,7.137411861792405e-12,23
25_to_34,peak_weekly_cases,contact_scale,0.4457806505670995,0.16724546601739557,0.10525076746587787,0.16724546601739557,0.10525076746587787,1
25_to_34,peak_weekly_cases,seasonal_period_weeks,0.4456433103323918,0.16714242882547475,0.10518592419218298,0.16714242882547475,0.10518592419218298,2
25_to_34,peak_weekly_cases,mu,0.4389136388317158,0.16213249961272075,0.10203308000962538,0.16213249961272075,0.10203308000962538,3
25_to_34,peak_weekly_cases,sigma,0.34318463398557786,0.09912143800922499,0.062379014936687426,0.09912143800922499,0.062379014936687426,4
25_to_34,peak_weekly_cases,local_mixing,0.3218225049787552,0.08716552444502797,0.05485493007894575,0.08716552444502797,0.05485493007894575,5
25_to_34,peak_weekly_cases,gamma,0.29232868957528235,0.0719208489479524,0.045261164495676805,0.0719208489479524,0.045261164495676805,6
25_to_34,peak_weekly_cases,reporting_rate,0.270717631393052,0.06168009142352897,0.03881646010670747,0.06168009142352897,0.03881646010670747,7
25_to_34,peak_weekly_cases,sick_contact_multiplier,0.2580794685450563,0.056055578261156695,0.035276846501277714,0.056055578261156695,0.035276846501277714,8
25_to_34,peak_weekly_cases,seed_infections_per_week,0.1664306131716922,0.023311936534245434,0.014670647101966668,0.023311936534245434,0.014670647101966668,9
25_to_34,peak_weekly_cases,noise_scale,0.1522015926049993,0.019496215617340246,0.012269341018738665,0.019496215617340246,0.012269341018738665,10
25_to_34,peak_weekly_cases,phi,-0.1358838559687939,0.015539879621932965,0.009779543179757589,0.015539879621932965,0.009779543179757589,11
25_to_34,peak_weekly_cases,sick_mobility_multiplier,0.1258208225215671,0.013323458254206354,0.00838470686200215,0.013323458254206354,0.00838470686200215,12
25_to_34,peak_weekly_cases,initial_infectious_per_case,0.11361470916192265,0.010863782139915236,0.006836785684158671,0.010863782139915236,0.006836785684158671,13
25_to_34,peak_weekly_cases,seasonal_peak_week,0.10709963177797739,0.009653568463496444,0.006075175093007992,0.009653568463496444,0.006075175093007992,14
25_to_34,peak_weekly_cases,seasonal_amplitude,-0.09711957472255314,0.00793826275025417,0.004995700431861864,0.00793826275025417,0.004995700431861864,15
25_to_34,peak_weekly_cases,dt,-0.08994068620418746,0.006808074805369594,0.0042844515626852715,0.006808074805369594,0.0042844515626852715,16
25_to_34,peak_weekly_cases,beta_0,0.07435256956486656,0.004652687560720242,0.002928025184813166,0.004652687560720242,0.002928025184813166,17
25_to_34,peak_weekly_cases,sh_noise_multiplier,-0.07038687028768251,0.004169608079414337,0.0026240140366175176,0.004169608079414337,0.0026240140366175176,18
25_to_34,peak_weekly_cases,initial_exposed_per_case,0.067763099553788,0.003864545734933871,0.00243203247415071,0.003864545734933871,0.00243203247415071,19
25_to_34,peak_weekly_cases,psi,0.06598912152214723,0.0036648535055172097,0.002306362338489814,0.0036648535055172097,0.002306362338489814,20
25_to_34,peak_weekly_cases,delta,-0.051436779152913344,0.002226688459189576,0.0014012975945951178,0.002226688459189576,0.0014012975945951178,21
25_to_34,peak_weekly_cases,nu,0.034686993028356705,0.0010126170409259188,0.0006372592527883162,0.0010126170409259188,0.0006372592527883162,22
25_to_34,peak_weekly_cases,eta,-0.03464121295012081,0.0010099458900563515,0.0006355782465061496,0.0010099458900563515,0.0006355782465061496,23
25_to_34,cumulative_cases,contact_scale,0.45206128121796113,0.17008583934132931,1.5463847637858787,0.17008583934132931,1.5463847637858787,1
25_to_34,cumulative_cases,mu,0.44051919365659437,0.16151140890095259,1.4684278413137415,0.16151140890095259,1.4684278413137415,2
25_to_34,cumulative_cases,seasonal_period_weeks,0.4348254023211657,0.15736326191801656,1.430713759311396,0.15736326191801656,1.430713759311396,3
25_to_34,cumulative_cases,sigma,0.3522797339658286,0.10328775876526773,0.939070630798776,0.10328775876526773,0.939070630798776,4
25_to_34,cumulative_cases,local_mixing,0.323879446128911,0.08730523993477164,0.793760923052903,0.08730523993477164,0.793760923052903,5
25_to_34,cumulative_cases,gamma,0.30808561287686725,0.0789980498142875,0.7182336934967164,0.0789980498142875,0.7182336934967164,6
25_to_34,cumulative_cases,reporting_rate,0.27784843356389666,0.06425241263499608,0.5841694542003998,0.06425241263499608,0.5841694542003998,7
25_to_34,cumulative_cases,sick_contact_multiplier,0.25242951787346984,0.053033929874259034,0.4821733628080761,0.053033929874259034,0.4821733628080761,8
25_to_34,cumulative_cases,seed_infections_per_week,0.16973220582929985,0.023977397605995855,0.21799746808280182,0.023977397605995855,0.21799746808280182,9
25_to_34,cumulative_cases,noise_scale,0.1514662943291102,0.019094378852864618,0.1736020861370455,0.019094378852864618,0.1736020861370455,10
25_to_34,cumulative_cases,phi,-0.13430480667589317,0.01501262534505073,0.1364916396797947,0.01501262534505073,0.1364916396797947,11
25_to_34,cumulative_cases,initial_infectious_per_case,0.12231923285473177,0.012452685839796892,0.11321720682595876,0.012452685839796892,0.11321720682595876,12
25_to_34,cumulative_cases,sick_mobility_multiplier,0.11198171119900102,0.010436808954034352,0.09488927715301604,0.010436808954034352,0.09488927715301604,13
25_to_34,cumulative_cases,seasonal_peak_week,0.10152688027455037,0.00857897924425197,0.07799827924253847,0.00857897924425197,0.07799827924253847,14
25_to_34,cumulative_cases,seasonal_amplitude,-0.09184171260096922,0.007020264601929159,0.06382677276491337,0.007020264601929159,0.06382677276491337,15
25_to_34,cumulative_cases,initial_exposed_per_case,0.08885461805112617,0.006571031409528615,0.059742438837966115,0.006571031409528615,0.059742438837966115,16
25_to_34,cumulative_cases,sh_noise_multiplier,-0.07864298926914359,0.00514746687208298,0.04679968875661407,0.00514746687208298,0.04679968875661407,17
25_to_34,cumulative_cases,dt,-0.07109800044928143,0.004207153019216651,0.03825055250352943,0.004207153019216651,0.03825055250352943,18
25_to_34,cumulative_cases,nu,0.0626889287232386,0.0032708093538912275,0.029737512362539742,0.0032708093538912275,0.029737512362539742,19
25_to_34,cumulative_cases,beta_0,0.05807953282304976,0.0028074999881388496,0.02552520082094814,0.0028074999881388496,0.02552520082094814,20
25_to_34,cumulative_cases,delta,-0.05065757567525967,0.0021358086356480844,0.019418323978755574,0.0021358086356480844,0.019418323978755574,21
25_to_34,cumulative_cases,psi,0.04850022961148414,0.001957767540594871,0.017799611699213427,0.001957767540594871,0.017799611699213427,22
25_to_34,cumulative_cases,eta,-0.0423314787978236,0.0014914215530947676,0.013559691829837172,0.0014914215530947676,0.013559691829837172,23
25_to_34,final_week_cases,contact_scale,0.4870971711749911,0.19665352134038422,0.16295151979993575,0.19665352134038422,0.16295151979993575,1
25_to_34,final_week_cases,seasonal_period_weeks,0.45990094344798216,0.17530694179490433,0.14526326506766798,0.17530694179490433,0.14526326506766798,2
25_to_34,final_week_cases,mu,0.4571970575771747,0.17325164466476484,0.14356019975404474,0.17325164466476484,0.14356019975404474,3
25_to_34,final_week_cases,sigma,0.3860977348219462,0.12355633570362415,0.10238155181044306,0.12355633570362415,0.10238155181044306,4
25_to_34,final_week_cases,local_mixing,0.3528413692384611,0.10318807486525848,0.08550395390794566,0.10318807486525848,0.08550395390794566,5
25_to_34,final_week_cases,sick_contact_multiplier,0.2638077008343222,0.05768268272182342,0.047797165042314294,0.05768268272182342,0.047797165042314294,6
25_to_34,final_week_cases,seed_infections_per_week,0.18898588546753778,0.029602558788182548,0.024529344359676575,0.029602558788182548,0.024529344359676575,7
25_to_34,final_week_cases,noise_scale,0.18580417003014335,0.028614187987210497,0.02371035813941202,0.028614187987210497,0.02371035813941202,8
25_to_34,final_week_cases,phi,-0.16848785543741757,0.023529230140884674,0.01949684798444669,0.023529230140884674,0.01949684798444669,9
25_to_34,final_week_cases,gamma,0.14503128785130287,0.017433874667396432,0.014446099686852917,0.017433874667396432,0.014446099686852917,10
25_to_34,final_week_cases,seasonal_peak_week,0.13362060335100703,0.014798488845949049,0.012262359869040335,0.014798488845949049,0.012262359869040335,11
25_to_34,final_week_cases,reporting_rate,0.13257338406136102,0.01456743862528977,0.012070906472478103,0.01456743862528977,0.012070906472478103,12
25_to_34,final_week_cases,sick_mobility_multiplier,0.10921696039638736,0.009886684691664744,0.00819232874808781,0.009886684691664744,0.00819232874808781,13
25_to_34,final_week_cases,seasonal_amplitude,-0.09341997215011517,0.007233524880108907,0.005993861003303259,0.007233524880108907,0.005993861003303259,14
25_to_34,final_week_cases,initial_infectious_per_case,0.0866502430809828,0.006223147338107596,0.005156639503689937,0.006223147338107596,0.005156639503689937,15
25_to_34,final_week_cases,beta_0,0.07600637489113812,0.0047881809173518555,0.003967594133282917,0.0047881809173518555,0.003967594133282917,16
25_to_34,final_week_cases,sh_noise_multiplier,-0.07185755530101051,0.004279720314321726,0.003546272270051492,0.004279720314321726,0.003546272270051492,17
25_to_34,final_week_cases,initial_exposed_per_case,0.06770015194621364,0.0037988294787458473,0.0031477953346737875,0.0037988294787458473,0.0031477953346737875,18
25_to_34,final_week_cases,dt,-0.055737245252197365,0.0025749067957429412,0.0021336255402375558,0.0025749067957429412,0.0021336255402375558,19
25_to_34,final_week_cases,delta,-0.04277289934677096,0.0015163794566776508,0.0012565060385129295,0.0015163794566776508,0.0012565060385129295,20
25_to_34,final_week_cases,nu,0.03224062009762628,0.0008615436483538472,0.0007138943961763208,0.0008615436483538472,0.0007138943961763208,21
25_to_34,final_week_cases,eta,-0.023442261311665966,0.00045548021615397956,0.0003774211260251273,0.00045548021615397956,0.0003774211260251273,22
25_to_34,final_week_cases,psi,-0.015402135071487598,0.00019662211709853977,0.000162925497540574,0.00019662211709853977,0.000162925497540574,23
35_and_over,outbreak_indicator,contact_scale,0.2600019131449938,0.18413504898610678,2.4052179986639267e-05,0.18413504898610678,2.4052179986639267e-05,1
35_and_over,outbreak_indicator,seasonal_period_weeks,0.251548961554034,0.17235680387656366,2.251367619357345e-05,0.17235680387656366,2.251367619357345e-05,2
35_and_over,outbreak_indicator,sigma,0.2216803551280685,0.133855984153088,1.7484602963239895e-05,0.133855984153088,1.7484602963239895e-05,3
35_and_over,outbreak_indicator,reporting_rate,0.16760865942825545,0.07652023224738248,9.995263849916743e-06,0.07652023224738248,9.995263849916743e-06,4
35_and_over,outbreak_indicator,noise_scale,0.15868886922396105,0.06859244843224627,8.959716927879053e-06,0.06859244843224627,8.959716927879053e-06,5
35_and_over,outbreak_indicator,local_mixing,0.15391623757501696,0.06452860132907623,8.428887069566727e-06,0.06452860132907623,8.428887069566727e-06,6
35_and_over,outbreak_indicator,sick_contact_multiplier,0.14314269015854955,0.055811246756755396,7.290204443226353e-06,0.055811246756755396,7.290204443226353e-06,7
35_and_over,outbreak_indicator,mu,0.12011349603862079,0.03929768707256847,5.133162033694955e-06,0.03929768707256847,5.133162033694955e-06,8
35_and_over,outbreak_indicator,nu,0.11245371684895743,0.03444538183056895,4.4993418040683216e-06,0.03444538183056895,4.4993418040683216e-06,9
35_and_over,outbreak_indicator,initial_exposed_per_case,0.10102296944284439,0.02779864543688589,3.6311284957118393e-06,0.02779864543688589,3.6311284957118393e-06,10
35_and_over,outbreak_indicator,psi,-0.09954993498329373,0.026993881429537906,3.5260082111267835e-06,0.026993881429537906,3.5260082111267835e-06,11
35_and_over,outbreak_indicator,seed_infections_per_week,0.09435578885823205,0.024250487540785227,3.1676592495909254e-06,0.024250487540785227,3.1676592495909254e-06,12
35_and_over,outbreak_indicator,gamma,0.09305951853382748,0.023588752682145626,3.081221789633838e-06,0.023588752682145626,3.081221789633838e-06,13
35_and_over,outbreak_indicator,sh_noise_multiplier,-0.08037782494052682,0.017597698556967693,2.2986553367943804e-06,0.017597698556967693,2.2986553367943804e-06,14
35_and_over,outbreak_indicator,dt,-0.07634397672821888,0.01587570174750255,2.0737238127541136e-06,0.01587570174750255,2.0737238127541136e-06,15
35_and_over,outbreak_indicator,initial_infectious_per_case,-0.06855275754062638,0.01280068564623797,1.6720575295740449e-06,0.01280068564623797,1.6720575295740449e-06,16
35_and_over,outbreak_indicator,sick_mobility_multiplier,0.06242040177517398,0.010612959181868747,1.3862912348231053e-06,0.010612959181868747,1.3862912348231053e-06,17
35_and_over,outbreak_indicator,beta_0,-0.052245132969970264,0.007434898640043149,9.71165029457428e-07,0.007434898640043149,9.71165029457428e-07,18
35_and_over,outbreak_indicator,delta,-0.0301677457315973,0.0024789575642320018,3.238076283817521e-07,0.0024789575642320018,3.238076283817521e-07,19
35_and_over,outbreak_indicator,seasonal_peak_week,0.01599035561013751,0.0006964655170138624,9.097406529578796e-08,0.0006964655170138624,9.097406529578796e-08,20
35_and_over,outbreak_indicator,seasonal_amplitude,-0.007854672979696232,0.00016805041576418826,2.195116502287834e-08,0.00016805041576418826,2.195116502287834e-08,21
35_and_over,outbreak_indicator,phi,0.006911930925583816,0.00013013141531220947,1.6998090478915426e-08,0.00013013141531220947,1.6998090478915426e-08,22
35_and_over,outbreak_indicator,eta,0.0032769351207849826,2.9249541346836194e-05,3.820648143167096e-09,2.9249541346836194e-05,3.820648143167096e-09,23
35_and_over,peak_weekly_cases,contact_scale,0.4366742633198644,0.16037608556971586,0.19388404584858954,0.16037608556971586,0.19388404584858954,1
35_and_over,peak_weekly_cases,mu,0.42204472985796654,0.14981019856320707,0.181110589547273,0.14981019856320707,0.181110589547273,2
35_and_over,peak_weekly_cases,seasonal_period_weeks,0.4142249538064573,0.14431016822264883,0.17446141781490848,0.14431016822264883,0.17446141781490848,3
35_and_over,peak_weekly_cases,reporting_rate,0.3444707202317246,0.09979965564078871,0.12065116155688203,0.09979965564078871,0.12065116155688203,4
35_and_over,peak_weekly_cases,gamma,0.32689410688213755,0.08987493707043485,0.10865283535074476,0.08987493707043485,0.10865283535074476,5
35_and_over,peak_weekly_cases,sigma,0.3004819763547018,0.0759383699744601,0.09180445047958943,0.0759383699744601,0.09180445047958943,6
35_and_over,peak_weekly_cases,local_mixing,0.2777265138820881,0.06487227107223738,0.07842627118744737,0.06487227107223738,0.07842627118744737,7
35_and_over,peak_weekly_cases,seed_infections_per_week,0.2771027629932374,0.06458120273585166,0.07807438888232433,0.06458120273585166,0.07807438888232433,8
35_and_over,peak_weekly_cases,sick_contact_multiplier,0.22424130578444348,0.04229174880302599,0.05112791807341186,0.04229174880302599,0.05112791807341186,9
35_and_over,peak_weekly_cases,noise_scale,0.19244145542349436,0.031147391534876247,0.03765512960962472,0.031147391534876247,0.03765512960962472,10
35_and_over,peak_weekly_cases,sick_mobility_multiplier,0.1401980266183324,0.01653134608435415,0.019985300493972517,0.01653134608435415,0.019985300493972517,11
35_and_over,peak_weekly_cases,initial_infectious_per_case,0.12474159404231591,0.013087207719462566,0.015821565743399324,0.013087207719462566,0.015821565743399324,12
35_and_over,peak_weekly_cases,initial_exposed_per_case,0.10169142358093332,0.00869747262976755,0.010514667296725266,0.00869747262976755,0.010514667296725266,13
35_and_over,peak_weekly_cases,phi,-0.10024077357796399,0.00845109990278636,0.010216819017636934,0.00845109990278636,0.010216819017636934,14
35_and_over,peak_weekly_cases,seasonal_amplitude,-0.09392028865378398,0.007418963832610517,0.008969034995218167,0.007418963832610517,0.008969034995218167,15
35_and_over,peak_weekly_cases,dt,-0.07941664986670001,0.005304537720470465,0.006412834126408404,0.005304537720470465,0.006412834126408404,16
35_and_over,peak_weekly_cases,sh_noise_multiplier,-0.0756741445335957,0.004816365721663221,0.005822666572046957,0.004816365721663221,0.005822666572046957,17
35_and_over,peak_weekly_cases,seasonal_peak_week,0.07352821257654046,0.00454707831242421,0.005497115962591234,0.00454707831242421,0.005497115962591234,18
35_and_over,peak_weekly_cases,beta_0,0.060435166395894135,0.003071877273632849,0.0037136957922780075,0.003071877273632849,0.0037136957922780075,19
35_and_over,peak_weekly_cases,nu,0.05300738058187363,0.002363181639704632,0.002856929795694911,0.002363181639704632,0.002856929795694911,20
35_and_over,peak_weekly_cases,psi,0.04619190068626622,0.0017945521443812457,0.002169494466727397,0.0017945521443812457,0.002169494466727397,21
35_and_over,peak_weekly_cases,delta,-0.02455232283132126,0.0005070019017050263,0.0006129316575242657,0.0005070019017050263,0.0006129316575242657,22
35_and_over,peak_weekly_cases,eta,-0.022005816908949052,0.000407285929790476,0.0004923816640396505,0.000407285929790476,0.0004923816640396505,23
35_and_over,cumulative_cases,contact_scale,0.4257731693307614,0.1507055878375615,2.8135074915301894,0.1507055878375615,2.8135074915301894,1
35_and_over,cumulative_cases,mu,0.4155701095572699,0.14356923301334912,2.680279599663429,0.14356923301334912,2.680279599663429,2
35_and_over,cumulative_cases,seasonal_period_weeks,0.41199074113981676,0.14110671671358163,2.6343071300501677,0.14110671671358163,2.6343071300501677,3
35_and_over,cumulative_cases,reporting_rate,0.36193394620509056,0.10890088539121195,2.033059697910422,0.10890088539121195,2.033059697910422,4
35_and_over,cumulative_cases,gamma,0.35160213217197844,0.1027722287257288,1.9186444218163552,0.1027722287257288,1.9186444218163552,5
35_and_over,cumulative_cases,sigma,0.29138519555030096,0.07058423955232719,1.3177300829647016,0.07058423955232719,1.3177300829647016,6
35_and_over,cumulative_cases,local_mixing,0.2819002984249156,0.06606384490144804,1.2333392889841241,0.06606384490144804,1.2333392889841241,7
35_and_over,cumulative_cases,seed_infections_per_week,0.2793194908209646,0.06485974816122286,1.21086012780795,0.06485974816122286,1.21086012780795,8
35_and_over,cumulative_cases,sick_contact_multiplier,0.21186370360283915,0.03731521038803678,0.6966339170378127,0.03731521038803678,0.6966339170378127,9
35_and_over,cumulative_cases,noise_scale,0.1857580621633169,0.028685876105562984,0.5355337415298735,0.028685876105562984,0.5355337415298735,10
35_and_over,cumulative_cases,sick_mobility_multiplier,0.14743507208868284,0.0180706755168324,0.33735962729145336,0.0180706755168324,0.33735962729145336,11
35_and_over,cumulative_cases,initial_infectious_per_case,0.13720912266903657,0.01565087956490413,0.29218469956373855,0.01565087956490413,0.29218469956373855,12
35_and_over,cumulative_cases,seasonal_amplitude,-0.09964721332904883,0.00825473414336535,0.15410680311324176,0.00825473414336535,0.15410680311324176,13
35_and_over,cumulative_cases,phi,-0.0988174636559382,0.008117834257416726,0.1515510328844614,0.008117834257416726,0.1515510328844614,14
35_and_over,cumulative_cases,dt,-0.09186187243065558,0.007015253378219944,0.13096706112767612,0.007015253378219944,0.13096706112767612,15
35_and_over,cumulative_cases,initial_exposed_per_case,0.08789624123434059,0.006422637069393981,0.11990356674495986,0.006422637069393981,0.11990356674495986,16
35_and_over,cumulative_cases,seasonal_peak_week,0.08735547334393401,0.0063438516327075966,0.11843272933593466,0.0063438516327075966,0.11843272933593466,17
35_and_over,cumulative_cases,sh_noise_multiplier,-0.08013951239364081,0.005339076775149726,0.09967468837936923,0.005339076775149726,0.09967468837936923,18
35_and_over,cumulative_cases,nu,0.06847437647201299,0.003897884329531183,0.07276921127884545,0.003897884329531183,0.07276921127884545,19
35_and_over,cumulative_cases,psi,0.06841715235662606,0.00389137211894065,0.07264763547302572,0.00389137211894065,0.07264763547302572,20
35_and_over,cumulative_cases,beta_0,0.03799967382269784,0.001200418036781112,0.02241048383084472,0.001200418036781112,0.02241048383084472,21
35_and_over,cumulative_cases,delta,-0.03712986726881634,0.001146092229774364,0.021396280793053887,0.001146092229774364,0.021396280793053887,22
35_and_over,cumulative_cases,eta,-0.01015441927541259,8.572015695199122e-05,0.0016003010055574147,8.572015695199122e-05,0.0016003010055574147,23
35_and_over,final_week_cases,mu,0.45852247457956985,0.17839881025995485,0.2811382916944602,0.17839881025995485,0.2811382916944602,1
35_and_over,final_week_cases,contact_scale,0.44860535094371634,0.17076528907832494,0.2691086424973061,0.17076528907832494,0.2691086424973061,2
35_and_over,final_week_cases,seasonal_period_weeks,0.42329179271913603,0.15203738613429424,0.2395953815454403,0.15203738613429424,0.2395953815454403,3
35_and_over,final_week_cases,sigma,0.37266467626997524,0.1178439136421635,0.18570996364645667,0.1178439136421635,0.18570996364645667,4
35_and_over,final_week_cases,local_mixing,0.32787738940557415,0.09122074938281098,0.14375457779792514,0.09122074938281098,0.14375457779792514,5
35_and_over,final_week_cases,seed_infections_per_week,0.30097010992733814,0.07686301791402103,0.12112826043705496,0.07686301791402103,0.12112826043705496,6
35_and_over,final_week_cases,sick_contact_multiplier,0.2602658396319973,0.05747844871028927,0.09058016057456673,0.05747844871028927,0.09058016057456673,7
35_and_over,final_week_cases,noise_scale,0.21072027907849514,0.03767761154171534,0.05937606494421253,0.03767761154171534,0.05937606494421253,8
35_and_over,final_week_cases,reporting_rate,0.19022508098166352,0.030704798659293916,0.04838762449882735,0.030704798659293916,0.04838762449882735,9
35_and_over,final_week_cases,gamma,0.14711163062244828,0.01836389146372442,0.02893961606274711,0.01836389146372442,0.02893961606274711,10
35_and_over,final_week_cases,phi,-0.14497713142096338,0.01783485994980073,0.028105916466542875,0.01783485994980073,0.028105916466542875,11
35_and_over,final_week_cases,sick_mobility_multiplier,0.1257265809818341,0.013412968651462739,0.021137467720377702,0.013412968651462739,0.021137467720377702,12
35_and_over,final_week_cases,seasonal_peak_week,0.0977205780540402,0.008102942428652315,0.01276940910519752,0.008102942428652315,0.01276940910519752,13
35_and_over,final_week_cases,seasonal_amplitude,-0.08461601191087549,0.006075412963958466,0.009574229892771104,0.006075412963958466,0.009574229892771104,14
35_and_over,final_week_cases,initial_infectious_per_case,0.08187206454596392,0.005687772048413881,0.008963347428766557,0.005687772048413881,0.008963347428766557,15
35_and_over,final_week_cases,sh_noise_multiplier,-0.06739981660881829,0.0038546782052880503,0.006074578883611578,0.0038546782052880503,0.006074578883611578,16
35_and_over,final_week_cases,initial_exposed_per_case,0.06327388115500966,0.0033971885176522316,0.005353621893694717,0.0033971885176522316,0.005353621893694717,17
35_and_over,final_week_cases,beta_0,0.06230391435969682,0.0032938313925410458,0.005190741628148843,0.0032938313925410458,0.005190741628148843,18
35_and_over,final_week_cases,nu,0.05290181734082363,0.002374717112887929,0.0037423114616183875,0.002374717112887929,0.0037423114616183875,19
35_and_over,final_week_cases,psi,-0.04801764825646071,0.0019564667455746723,0.0030831916300696894,0.0019564667455746723,0.0030831916300696894,20
35_and_over,final_week_cases,eta,-0.04582878513429455,0.0017821628573943611,0.0028085065170506667,0.0017821628573943611,0.0028085065170506667,21
35_and_over,final_week_cases,dt,-0.022844291722058294,0.00044281884371020884,0.000697837239325745,0.00044281884371020884,0.000697837239325745,22
35_and_over,final_week_cases,delta,-0.022518108197970788,0.0004302634960708433,0.0006780512946671576,0.0004302634960708433,0.0006780512946671576,23
5_to_10,outbreak_indicator,contact_scale,0.4688074244618652,0.22045346470526267,0.00517054611843712,0.22045346470526267,0.00517054611843712,1
5_to_10,outbreak_indicator,mu,0.41766911166812404,0.17498172115456345,0.004104045542322458,0.17498172115456345,0.004104045542322458,2
5_to_10,outbreak_indicator,sigma,0.3810391575201379,0.1456354772584804,0.0034157546702762135,0.1456354772584804,0.0034157546702762135,3
5_to_10,outbreak_indicator,seasonal_period_weeks,0.3250048822555453,0.10595165304078702,0.00248500475646623,0.10595165304078702,0.00248500475646623,4
5_to_10,outbreak_indicator,local_mixing,0.3194394904847639,0.10235408394272912,0.0024006268721783056,0.10235408394272912,0.0024006268721783056,5
5_to_10,outbreak_indicator,sick_contact_multiplier,0.30956236545034266,0.09612232787508329,0.002254466401578798,0.09612232787508329,0.002254466401578798,6
5_to_10,outbreak_indicator,noise_scale,0.18015559605297135,0.03255543333994382,0.0007635596460909991,0.03255543333994382,0.0007635596460909991,7
5_to_10,outbreak_indicator,gamma,0.17239325903423794,0.029810449638784917,0.0006991784178795221,0.029810449638784917,0.0006991784178795221,8
5_to_10,outbreak_indicator,reporting_rate,0.15384702456572358,0.023741391487168213,0.0005568338867542565,0.023741391487168213,0.0005568338867542565,9
5_to_10,outbreak_indicator,initial_exposed_per_case,0.13981335215082807,0.01960763725025596,0.00045988024189856994,0.01960763725025596,0.00045988024189856994,10
5_to_10,outbreak_indicator,phi,-0.10541990043669885,0.011147389350894626,0.0002614524149848826,0.011147389350894626,0.0002614524149848826,11
5_to_10,outbreak_indicator,seasonal_amplitude,-0.10126943877713304,0.010286906043163258,0.00024127052021303712,0.010286906043163258,0.00024127052021303712,12
5_to_10,outbreak_indicator,dt,0.09883210755329712,0.009797698704081027,0.00022979658347276234,0.009797698704081027,0.00022979658347276234,13
5_to_10,outbreak_indicator,sick_mobility_multiplier,0.07747427002507691,0.00602064406241848,0.00014120902036649294,0.00602064406241848,0.00014120902036649294,14
5_to_10,outbreak_indicator,psi,-0.06400048393375918,0.004108605872463271,9.636381163006414e-05,0.004108605872463271,9.636381163006414e-05,15
5_to_10,outbreak_indicator,sh_noise_multiplier,-0.0396515145790337,0.0015770575012186707,3.6988525230847434e-05,0.0015770575012186707,3.6988525230847434e-05,16
5_to_10,outbreak_indicator,beta_0,0.039210299813170764,0.0015421559467849435,3.616993933542503e-05,0.0015421559467849435,3.616993933542503e-05,17
5_to_10,outbreak_indicator,seasonal_peak_week,0.03730546916882459,0.0013959600164458246,3.2741039720910646e-05,0.0013959600164458246,3.2741039720910646e-05,18
5_to_10,outbreak_indicator,delta,-0.034831623619537934,0.001216957480304383,2.85426894265574e-05,0.001216957480304383,2.85426894265574e-05,19
5_to_10,outbreak_indicator,eta,-0.031563591491698,0.0009993112915674016,2.343798554779923e-05,0.0009993112915674016,2.343798554779923e-05,20
5_to_10,outbreak_indicator,nu,0.025550899234145195,0.0006548477584581796,1.5358890095875916e-05,0.0006548477584581796,1.5358890095875916e-05,21
5_to_10,outbreak_indicator,seed_infections_per_week,0.005379777283073562,2.903063665740623e-05,6.808885761237341e-07,2.903063665740623e-05,6.808885761237341e-07,22
5_to_10,outbreak_indicator,initial_infectious_per_case,0.0031250176864912604,9.795642483719308e-06,2.2974835659538416e-07,9.795642483719308e-06,2.2974835659538416e-07,23
5_to_10,peak_weekly_cases,contact_scale,0.49051291626612714,0.19168798515207916,1.4051881181293566,0.19168798515207916,1.4051881181293566,1
5_to_10,peak_weekly_cases,mu,0.4660123061107513,0.17301699614308033,1.2683185491349622,0.17301699614308033,1.2683185491349622,2
5_to_10,peak_weekly_cases,seasonal_period_weeks,0.42977784073556985,0.14715737630916226,1.0787519964836063,0.14715737630916226,1.0787519964836063,3
5_to_10,peak_weekly_cases,sigma,0.40662772549942067,0.13173099477119077,0.9656673499644738,0.13173099477119077,0.9656673499644738,4
5_to_10,peak_weekly_cases,local_mixing,0.35768372954965333,0.10192773355760419,0.7471915362320077,0.10192773355760419,0.7471915362320077,5
5_to_10,peak_weekly_cases,sick_contact_multiplier,0.29225339520034427,0.06804764933295672,0.4988301600303334,0.06804764933295672,0.4988301600303334,6
5_to_10,peak_weekly_cases,gamma,0.2658386301700477,0.0563028239122933,0.41273353212991304,0.0563028239122933,0.41273353212991304,7
5_to_10,peak_weekly_cases,reporting_rate,0.19286612504302403,0.029635066552391908,0.21724284579628564,0.029635066552391908,0.21724284579628564,8
5_to_10,peak_weekly_cases,noise_scale,0.15105800690798368,0.018179481705708687,0.13326652511029732,0.018179481705708687,0.13326652511029732,9
5_to_10,peak_weekly_cases,phi,-0.1487604488144689,0.017630675692630406,0.12924344725216386,0.017630675692630406,0.12924344725216386,10
5_to_10,peak_weekly_cases,sick_mobility_multiplier,0.1262426627671949,0.012697151149143483,0.09307774775092838,0.012697151149143483,0.09307774775092838,11
5_to_10,peak_weekly_cases,initial_exposed_per_case,0.11120696191860216,0.009852761033461898,0.0722266589844137,0.009852761033461898,0.0722266589844137,12
5_to_10,peak_weekly_cases,delta,-0.10320985747106329,0.008486651208773083,0.062212253062261004,0.008486651208773083,0.062212253062261004,13
5_to_10,peak_weekly_cases,seasonal_peak_week,0.09135869231124004,0.00664957281489304,0.04874536451885873,0.00664957281489304,0.04874536451885873,14
5_to_10,peak_weekly_cases,sh_noise_multiplier,-0.08688088606422814,0.0060137099813728535,0.04408410785369137,0.0060137099813728535,0.04408410785369137,15
5_to_10,peak_weekly_cases,beta_0,0.07876361045862248,0.004942483500562747,0.03623137404011589,0.004942483500562747,0.03623137404011589,16
5_to_10,peak_weekly_cases,psi,0.0711470480116284,0.004032810058074923,0.029562921076057732,0.004032810058074923,0.029562921076057732,17
5_to_10,peak_weekly_cases,initial_infectious_per_case,0.07029726625101337,0.003937049449643529,0.028860938272879555,0.003937049449643529,0.028860938272879555,18
5_to_10,peak_weekly_cases,seasonal_amplitude,-0.06791387161602234,0.003674607656267123,0.026937082223891892,0.003674607656267123,0.026937082223891892,19
5_to_10,peak_weekly_cases,nu,0.04958490879279017,0.0019588132560241843,0.014359278234448101,0.0019588132560241843,0.014359278234448101,20
5_to_10,peak_weekly_cases,eta,-0.04816574464038255,0.0018482918761133932,0.013549090106450975,0.0018482918761133932,0.013549090106450975,21
5_to_10,peak_weekly_cases,dt,-0.021676587940806596,0.0003743482790653671,0.002744197834660796,0.0003743482790653671,0.002744197834660796,22
5_to_10,peak_weekly_cases,seed_infections_per_week,0.01642625282050827,0.00021496660750655307,0.0015758344083127264,0.00021496660750655307,0.0015758344083127264,23
5_to_10,cumulative_cases,contact_scale,0.491756842601227,0.19109214650938358,20.7338061461419,0.19109214650938358,20.7338061461419,1
5_to_10,cumulative_cases,mu,0.4706868630299497,0.17506775797216334,18.995134140985122,0.17506775797216334,18.995134140985122,2
5_to_10,cumulative_cases,seasonal_period_weeks,0.43836086775614586,0.1518467745923166,16.47561998660891,0.1518467745923166,16.47561998660891,3
5_to_10,cumulative_cases,sigma,0.41267861128795125,0.134575479629085,14.601656622850804,0.134575479629085,14.601656622850804,4
5_to_10,cumulative_cases,local_mixing,0.3645243804100862,0.10500142097833319,11.392823553464519,0.10500142097833319,11.392823553464519,5
5_to_10,cumulative_cases,sick_contact_multiplier,0.30105121001231105,0.07161809579822206,7.770678920932208,0.07161809579822206,7.770678920932208,6
5_to_10,cumulative_cases,gamma,0.25209583922679296,0.05021961409610645,5.448909138459001,0.05021961409610645,5.448909138459001,7
5_to_10,cumulative_cases,reporting_rate,0.17795606320140755,0.0250246259485863,2.7152122825320943,0.0250246259485863,2.7152122825320943,8
5_to_10,cumulative_cases,phi,-0.1509404810297616,0.018003356229674437,1.9533931920518572,0.018003356229674437,1.9533931920518572,9
5_to_10,cumulative_cases,noise_scale,0.1386029264519034,0.015180525845366905,1.6471115418596154,0.015180525845366905,1.6471115418596154,10
5_to_10,cumulative_cases,sick_mobility_multiplier,0.13318950964733298,0.014017870885801267,1.5209616032733082,0.014017870885801267,1.5209616032733082,11
5_to_10,cumulative_cases,initial_exposed_per_case,0.10940137681794679,0.009457744790382406,1.0261805660016647,0.009457744790382406,1.0261805660016647,12
5_to_10,cumulative_cases,seasonal_peak_week,0.09005384804812368,0.006408355055202567,0.6953168607779177,0.006408355055202567,0.6953168607779177,13
5_to_10,cumulative_cases,delta,-0.08916687172179344,0.006282739835815035,0.6816874068450305,0.006282739835815035,0.6816874068450305,14
5_to_10,cumulative_cases,sh_noise_multiplier,-0.08433714256422743,0.005620562488385098,0.6098400964936102,0.005620562488385098,0.6098400964936102,15
5_to_10,cumulative_cases,initial_infectious_per_case,0.08196233498082707,0.005308485801017589,0.5759792725047481,0.005308485801017589,0.5759792725047481,16
5_to_10,cumulative_cases,seasonal_amplitude,-0.07344736224805666,0.0042627947498979635,0.46252010665878274,0.0042627947498979635,0.46252010665878274,17
5_to_10,cumulative_cases,beta_0,0.06795955388063271,0.00364958139571481,0.3959854685582336,0.00364958139571481,0.3959854685582336,18
5_to_10,cumulative_cases,psi,0.06181366630335084,0.0030193330585268326,0.3276025073226072,0.0030193330585268326,0.3276025073226072,19
5_to_10,cumulative_cases,nu,0.04646039221596977,0.0017057200680279073,0.185073378870324,0.0017057200680279073,0.185073378870324,20
5_to_10,cumulative_cases,eta,-0.04519001321954838,0.0016137154321686522,0.1750907274673345,0.0016137154321686522,0.1750907274673345,21
5_to_10,cumulative_cases,seed_infections_per_week,0.03171941791515217,0.0007950463230675866,0.08626380853844658,0.0007950463230675866,0.08626380853844658,22
5_to_10,cumulative_cases,dt,-0.016995610898069988,0.00022825251675433374,0.02476576626094349,0.00022825251675433374,0.02476576626094349,23
5_to_10,final_week_cases,contact_scale,0.5124963161996697,0.20733561260008607,2.2485608200652676,0.20733561260008607,2.2485608200652676,1
5_to_10,final_week_cases,mu,0.4902447189314579,0.18972224548780858,2.0575433354111294,0.18972224548780858,2.0575433354111294,2
5_to_10,final_week_cases,seasonal_period_weeks,0.44837955611437225,0.15870258967910789,1.721134255327579,0.15870258967910789,1.721134255327579,3
5_to_10,final_week_cases,sigma,0.43827091613126923,0.15162740814534295,1.6444037033873353,0.15162740814534295,1.6444037033873353,4
5_to_10,final_week_cases,local_mixing,0.398397152529649,0.12529243787567074,1.3588001758342303,0.12529243787567074,1.3588001758342303,5
5_to_10,final_week_cases,sick_contact_multiplier,0.2953651327754627,0.06886695187610854,0.7468641196947643,0.06886695187610854,0.7468641196947643,6
5_to_10,final_week_cases,phi,-0.17037335874153792,0.022913729321653562,0.24850006879247294,0.022913729321653562,0.24850006879247294,7
5_to_10,final_week_cases,noise_scale,0.14935494115991468,0.017608874504737547,0.19096876219316028,0.017608874504737547,0.19096876219316028,8
5_to_10,final_week_cases,sick_mobility_multiplier,0.12061126800105448,0.011483338705765506,0.12453714619266809,0.011483338705765506,0.12453714619266809,9
5_to_10,final_week_cases,gamma,0.11368142762769597,0.010201674108571852,0.1106374559196176,0.010201674108571852,0.1106374559196176,10
5_to_10,final_week_cases,seasonal_peak_week,0.10198481844260536,0.008210383862962108,0.0890418546068195,0.008210383862962108,0.0890418546068195,11
5_to_10,final_week_cases,initial_exposed_per_case,0.09083469955946,0.006513223427180574,0.07063609973718228,0.006513223427180574,0.07063609973718228,12
5_to_10,final_week_cases,sh_noise_multiplier,-0.08638838579389473,0.005891191311781641,0.06389014314068497,0.005891191311781641,0.06389014314068497,13
5_to_10,final_week_cases,delta,-0.07283771527026721,0.004187984227964087,0.04541881219515796,0.004187984227964087,0.04541881219515796,14
5_to_10,final_week_cases,beta_0,0.0684800988835517,0.003701870019727824,0.040146889301595885,0.003701870019727824,0.040146889301595885,15
5_to_10,final_week_cases,seasonal_amplitude,-0.053327153129089845,0.002244859718689422,0.024345569710322295,0.002244859718689422,0.024345569710322295,16
5_to_10,final_week_cases,seed_infections_per_week,0.04905537291545474,0.0018996149167525326,0.020601379673544404,0.0018996149167525326,0.020601379673544404,17
5_to_10,final_week_cases,reporting_rate,0.043287182084451134,0.0014791459818484448,0.016041381701061442,0.0014791459818484448,0.016041381701061442,18
5_to_10,final_week_cases,initial_infectious_per_case,0.03184808141860173,0.0008006799581961777,0.008683397708834677,0.0008006799581961777,0.008683397708834677,19
5_to_10,final_week_cases,eta,-0.03104980500895391,0.0007610446941739587,0.00825355210413769,0.0007610446941739587,0.00825355210413769,20
5_to_10,final_week_cases,nu,0.024314526627911018,0.00046668521882738996,0.005061214931671701,0.00046668521882738996,0.005061214931671701,21
5_to_10,final_week_cases,psi,-0.010583600140814645,8.842178032743079e-05,0.0009589368097036514,8.842178032743079e-05,0.0009589368097036514,22
5_to_10,final_week_cases,dt,-0.00020314560962363877,3.257671510194434e-08,3.532954339395052e-07,3.257671510194434e-08,3.532954339395052e-07,23
under_1,outbreak_indicator,psi,0.15249857033260464,0.087524894317855,0.0,0.087524894317855,0.0,1
under_1,outbreak_indicator,contact_scale,0.14529391346649734,0.07945018151824138,0.0,0.07945018151824138,0.0,2
under_1,outbreak_indicator,sick_contact_multiplier,0.14529391346649734,0.07945018151824138,0.0,0.07945018151824138,0.0,3
under_1,outbreak_indicator,reporting_rate,-0.1428923611777949,0.07684543545384988,0.0,0.07684543545384988,0.0,4
under_1,outbreak_indicator,seed_infections_per_week,0.13808925660039004,0.07176618062828646,0.0,0.07176618062828646,0.0,5
under_1,outbreak_indicator,delta,0.13328615202298516,0.06686057554034915,0.0,0.06686057554034915,0.0,6
under_1,outbreak_indicator,mu,0.13328615202298516,0.06686057554034915,0.0,0.06686057554034915,0.0,7
under_1,outbreak_indicator,initial_exposed_per_case,0.13088459973428274,0.06447289164799029,0.0,0.06447289164799029,0.0,8
under_1,outbreak_indicator,gamma,-0.12848304744558028,0.062128620190037925,0.0,0.062128620190037925,0.0,9
under_1,outbreak_indicator,sick_mobility_multiplier,0.12848304744558028,0.062128620190037925,0.0,0.062128620190037925,0.0,10
under_1,outbreak_indicator,seasonal_period_weeks,0.12367994286817542,0.05757031457735282,0.0,0.05757031457735282,0.0,11
under_1,outbreak_indicator,local_mixing,0.11887683829077055,0.05318565870229381,0.0,0.05318565870229381,0.0,12
under_1,outbreak_indicator,sh_noise_multiplier,0.10686907684725838,0.04298373661676047,0.0,0.04298373661676047,0.0,13
under_1,outbreak_indicator,nu,-0.0948613154037462,0.03386712539139024,0.0,0.03386712539139024,0.0,14
under_1,outbreak_indicator,seasonal_peak_week,-0.08045200167153158,0.024359802256361276,0.0,0.024359802256361276,0.0,15
under_1,outbreak_indicator,phi,-0.08045200167153158,0.024359802256361276,0.0,0.024359802256361276,0.0,16
under_1,outbreak_indicator,dt,-0.0540349264958048,0.010988772459151613,0.0,0.010988772459151613,0.0,17
under_1,outbreak_indicator,sigma,0.051633374207102366,0.010033698902208068,0.0,0.010033698902208068,0.0,18
under_1,outbreak_indicator,initial_infectious_per_case,-0.046830269629697496,0.008253789091540547,0.0,0.008253789091540547,0.0,19
under_1,outbreak_indicator,seasonal_amplitude,0.046830269629697496,0.008253789091540547,0.0,0.008253789091540547,0.0,20
under_1,outbreak_indicator,beta_0,0.03722406047488775,0.005214918683083804,0.0,0.005214918683083804,0.0,21
under_1,outbreak_indicator,noise_scale,0.03001940360878044,0.0033915964380097567,0.0,0.0033915964380097567,0.0,22
under_1,outbreak_indicator,eta,-0.003602328433053653,4.88389887073405e-05,0.0,4.88389887073405e-05,0.0,23
under_1,peak_weekly_cases,contact_scale,0.5101832937703905,0.20849714680712156,0.15536138769833596,0.20849714680712156,0.15536138769833596,1
under_1,peak_weekly_cases,mu,0.45786193773141615,0.1679255322479685,0.1251294999454397,0.1679255322479685,0.1251294999454397,2
under_1,peak_weekly_cases,seasonal_period_weeks,0.43825072837501616,0.15384838538589474,0.11463993159969986,0.15384838538589474,0.11463993159969986,3
under_1,peak_weekly_cases,sigma,0.37695067741914895,0.11381950849410513,0.08481246413959423,0.11381950849410513,0.08481246413959423,4
under_1,peak_weekly_cases,local_mixing,0.33631764793706026,0.09060391496434399,0.06751339370981603,0.09060391496434399,0.06751339370981603,5
under_1,peak_weekly_cases,sick_contact_multiplier,0.2821421828139092,0.06376519520980878,0.04751455531339098,0.06376519520980878,0.04751455531339098,6
under_1,peak_weekly_cases,gamma,0.27771864478283326,0.06178139698700733,0.04603633055335125,0.06178139698700733,0.04603633055335125,7
under_1,peak_weekly_cases,reporting_rate,0.21206372650271157,0.036023045549342415,0.02684252725455062,0.036023045549342415,0.02684252725455062,8
under_1,peak_weekly_cases,noise_scale,0.144975307217694,0.0168358762591554,0.012545232099312886,0.0168358762591554,0.012545232099312886,9
under_1,peak_weekly_cases,phi,-0.13176191871348403,0.013906808373537447,0.010362640834439553,0.013906808373537447,0.010362640834439553,10
under_1,peak_weekly_cases,initial_exposed_per_case,0.12940708572540155,0.013414168688103204,0.009995550990111183,0.013414168688103204,0.009995550990111183,11
under_1,peak_weekly_cases,sick_mobility_multiplier,0.12497782513542387,0.012511620852882344,0.009323018601580423,0.012511620852882344,0.009323018601580423,12
under_1,peak_weekly_cases,sh_noise_multiplier,-0.12357007564558598,0.012231346648943391,0.00911417262969629,0.012231346648943391,0.00911417262969629,13
under_1,peak_weekly_cases,delta,-0.09646231412785422,0.007453547139310762,0.005554001311631997,0.007453547139310762,0.005554001311631997,14
under_1,peak_weekly_cases,seasonal_peak_week,0.08945504075262463,0.006409989017434406,0.004776395284684476,0.006409989017434406,0.004776395284684476,15
under_1,peak_weekly_cases,beta_0,0.0868627215701183,0.0060438616535799005,0.004503575938262482,0.0060438616535799005,0.004503575938262482,16
under_1,peak_weekly_cases,initial_infectious_per_case,0.07560358693086619,0.004578597332037056,0.003411736065027432,0.004578597332037056,0.003411736065027432,17
under_1,peak_weekly_cases,psi,0.06830732433109672,0.0037375085723160006,0.0027849998295977007,0.0037375085723160006,0.0027849998295977007,18
under_1,peak_weekly_cases,seasonal_amplitude,-0.05859041931587432,0.002749798444255581,0.0020490088652651063,0.002749798444255581,0.0020490088652651063,19
under_1,peak_weekly_cases,nu,0.04705660184933677,0.0017737351528290394,0.0013216965266568677,0.0017737351528290394,0.0013216965266568677,20
under_1,peak_weekly_cases,dt,-0.04324823890020219,0.001498250752074172,0.0011164196706137765,0.001498250752074172,0.0011164196706137765,21
under_1,peak_weekly_cases,eta,-0.02712779047388799,0.0005894900709806436,0.0004392577877656365,0.0005894900709806436,0.0004392577877656365,22
under_1,peak_weekly_cases,seed_infections_per_week,-0.0012618242378424854,1.2753969682172573e-06,9.503604528065203e-07,1.2753969682172573e-06,9.503604528065203e-07,23
under_1,cumulative_cases,contact_scale,0.5080850637738942,0.20430626356365444,2.3438644289677515,0.20430626356365444,2.3438644289677515,1
under_1,cumulative_cases,mu,0.465204111562857,0.171275764231175,1.9649283596273188,0.171275764231175,1.9649283596273188,2
under_1,cumulative_cases,seasonal_period_weeks,0.4328867461646007,0.14830554981251737,1.701406979702129,0.14830554981251737,1.701406979702129,3
under_1,cumulative_cases,sigma,0.3935393881338953,0.12257029665703958,1.4061642231196274,0.12257029665703958,1.4061642231196274,4
under_1,cumulative_cases,local_mixing,0.36106465619319517,0.1031760225881273,1.1836671330996131,0.1031760225881273,1.1836671330996131,5
under_1,cumulative_cases,sick_contact_multiplier,0.28770037410583915,0.06550729679726999,0.7515199001870868,0.06550729679726999,0.7515199001870868,6
under_1,cumulative_cases,gamma,0.25984935730312775,0.05343823667691792,0.6130599224372961,0.05343823667691792,0.6130599224372961,7
under_1,cumulative_cases,reporting_rate,0.18425333152293066,0.026868258837362335,0.30824094699167703,0.026868258837362335,0.30824094699167703,8
under_1,cumulative_cases,phi,-0.1586283359933351,0.019914543802699292,0.2284657847688756,0.019914543802699292,0.2284657847688756,9
under_1,cumulative_cases,noise_scale,0.14473716211033077,0.016579404644551474,0.190204040355912,0.016579404644551474,0.190204040355912,10
under_1,cumulative_cases,sick_mobility_multiplier,0.12861424453448542,0.013091426363807236,0.1501888784188852,0.013091426363807236,0.1501888784188852,11
under_1,cumulative_cases,initial_exposed_per_case,0.12266292802024258,0.011907908247659306,0.13661119379438139,0.011907908247659306,0.13661119379438139,12
under_1,cumulative_cases,sh_noise_multiplier,-0.1141422450493699,0.01031102039473513,0.11829120413653366,0.01031102039473513,0.11829120413653366,13
under_1,cumulative_cases,seasonal_peak_week,0.09390490769108165,0.006978874769705836,0.08006380245820315,0.006978874769705836,0.08006380245820315,14
under_1,cumulative_cases,delta,-0.08293216786794642,0.0054432071362601865,0.062446150028135076,0.0054432071362601865,0.062446150028135076,15
under_1,cumulative_cases,initial_infectious_per_case,0.08140428180130907,0.005244490743129846,0.06016641431574532,0.005244490743129846,0.06016641431574532,16
under_1,cumulative_cases,beta_0,0.08066608965675395,0.005149805593030896,0.05908015708898508,0.005149805593030896,0.05908015708898508,17
under_1,cumulative_cases,seasonal_amplitude,-0.0773070292780419,0.004729843754702736,0.054262225434752676,0.004729843754702736,0.054262225434752676,18
under_1,cumulative_cases,psi,0.04681225456227261,0.0017343148437706669,0.019896594455990933,0.0017343148437706669,0.019896594455990933,19
under_1,cumulative_cases,nu,0.03725295241127005,0.0010983233593597722,0.012600304115031057,0.0010983233593597722,0.012600304115031057,20
under_1,cumulative_cases,dt,-0.033284454331820625,0.0008767821670637585,0.010058715271319726,0.0008767821670637585,0.010058715271319726,21
under_1,cumulative_cases,eta,-0.03292108067926829,0.0008577426223543742,0.009840287745850527,0.0008577426223543742,0.009840287745850527,22
under_1,cumulative_cases,seed_infections_per_week,0.02831739401031795,0.0006346223931055823,0.00728058370351001,0.0006346223931055823,0.00728058370351001,23
under_1,final_week_cases,contact_scale,0.5009942804354757,0.1988455695734326,0.1964995149765167,0.1988455695734326,0.1964995149765167,1
under_1,final_week_cases,mu,0.48684259473535596,0.18777056811660736,0.1855551805400046,0.18777056811660736,0.1855551805400046,2
under_1,final_week_cases,seasonal_period_weeks,0.4373775032708049,0.1515525561166094,0.1497644822273371,0.1515525561166094,0.1497644822273371,3
under_1,final_week_cases,sigma,0.4359869413520305,0.15059042065298875,0.14881369839871705,0.15059042065298875,0.14881369839871705,4
under_1,final_week_cases,local_mixing,0.38063914349859007,0.11478292254445997,0.1134286705806845,0.11478292254445997,0.1134286705806845,5
under_1,final_week_cases,sick_contact_multiplier,0.30987785375947546,0.0760731609346663,0.07517562125452376,0.0760731609346663,0.07517562125452376,6
under_1,final_week_cases,phi,-0.18752843357694027,0.02786022602010617,0.027531520625936202,0.02786022602010617,0.027531520625936202,7
under_1,final_week_cases,noise_scale,0.1668130667211241,0.022045020985327273,0.021784925560859515,0.022045020985327273,0.021784925560859515,8
under_1,final_week_cases,sick_mobility_multiplier,0.12137087661006438,0.011670228534118136,0.011532538801536912,0.011670228534118136,0.011532538801536912,9
under_1,final_week_cases,gamma,0.11397171380769688,0.01029069107999356,0.010169277647622642,0.01029069107999356,0.010169277647622642,10
under_1,final_week_cases,seasonal_peak_week,0.11236942023873873,0.010003377627719225,0.009885354027200784,0.010003377627719225,0.009885354027200784,11
under_1,final_week_cases,initial_exposed_per_case,0.11155110602316368,0.00985821180316449,0.00974190092348133,0.00985821180316449,0.00974190092348133,12
under_1,final_week_cases,sh_noise_multiplier,-0.10783721842939996,0.009212717149200418,0.009104022057505221,0.009212717149200418,0.009104022057505221,13
under_1,final_week_cases,beta_0,0.07936789519523268,0.004990454608019626,0.004931575353133733,0.004990454608019626,0.004931575353133733,14
under_1,final_week_cases,delta,-0.07094727024265438,0.003987693440602569,0.0039406451380052995,0.003987693440602569,0.0039406451380052995,15
under_1,final_week_cases,seasonal_amplitude,-0.061136083371301664,0.0029610490979533857,0.00292611353030232,0.0029610490979533857,0.00292611353030232,16
under_1,final_week_cases,reporting_rate,0.05803163958144524,0.0026679646154338962,0.0026364869684142767,0.0026679646154338962,0.0026364869684142767,17
under_1,final_week_cases,seed_infections_per_week,0.0488556476606438,0.0018909495114320344,0.0018686393799900926,0.0018909495114320344,0.0018686393799900926,18
under_1,final_week_cases,eta,-0.0413677864642804,0.0013557354412510444,0.0013397399661143742,0.0013557354412510444,0.0013397399661143742,19
under_1,final_week_cases,initial_infectious_per_case,0.030420687902077,0.0007331425815755005,0.0007244926904696048,0.0007331425815755005,0.0007244926904696048,20
under_1,final_week_cases,nu,0.023822671884188594,0.00044960519603611367,0.0004443005853313311,0.00044960519603611367,0.0004443005853313311,21
under_1,final_week_cases,psi,-0.02124183474275956,0.00035746574842930026,0.00035324823347967577,0.00035746574842930026,0.00035324823347967577,22
under_1,final_week_cases,dt,-0.007965688028534836,5.0268620872870376e-05,4.967553283307943e-05,5.0268620872870376e-05,4.967553283307943e-05,23
all ages combined,outbreak_indicator,seasonal_period_weeks,0.40112483077944927,0.17686622018250156,0.00011433968252997623,0.17686622018250156,0.00011433968252997623,1
all ages combined,outbreak_indicator,contact_scale,0.3952893288288468,0.17175760732362358,0.00011103708935051021,0.17175760732362358,0.00011103708935051021,2
all ages combined,outbreak_indicator,mu,0.35810575382726745,0.14096405975777215,9.112981452427113e-05,0.14096405975777215,9.112981452427113e-05,3
all ages combined,outbreak_indicator,gamma,0.3523243469121282,0.13644923713542115,8.821109219964579e-05,0.13644923713542115,8.821109219964579e-05,4
all ages combined,outbreak_indicator,reporting_rate,0.2884076815725339,0.09143225850380125,5.9108717309251714e-05,0.09143225850380125,5.9108717309251714e-05,5
all ages combined,outbreak_indicator,sigma,0.22437268334286364,0.05533829376362782,3.5774852508041394e-05,0.05533829376362782,3.5774852508041394e-05,6
all ages combined,outbreak_indicator,local_mixing,0.19489426995508669,0.04175264012434091,2.699205994044196e-05,0.04175264012434091,2.699205994044196e-05,7
all ages combined,outbreak_indicator,sick_contact_multiplier,0.18338217022055517,0.03696579212016307,2.389747986431335e-05,0.03696579212016307,2.389747986431335e-05,8
all ages combined,outbreak_indicator,psi,0.15473208706330988,0.026317617323944113,1.701369547367579e-05,0.026317617323944113,1.701369547367579e-05,9
all ages combined,outbreak_indicator,delta,-0.15115167190358333,0.025113758371718822,1.623543012562756e-05,0.025113758371718822,1.623543012562756e-05,10
all ages combined,outbreak_indicator,seasonal_peak_week,0.1379998164065708,0.020933546817233164,1.35330256667386e-05,0.020933546817233164,1.35330256667386e-05,11
all ages combined,outbreak_indicator,dt,-0.12496967473935068,0.017167026587778116,1.1098062524346351e-05,0.017167026587778116,1.1098062524346351e-05,12
all ages combined,outbreak_indicator,sick_mobility_multiplier,0.10845716516418123,0.012930112343314634,8.359001164190605e-06,0.012930112343314634,8.359001164190605e-06,13
all ages combined,outbreak_indicator,nu,0.10443722784131546,0.011989373002466731,7.75083620501967e-06,0.011989373002466731,7.75083620501967e-06,14
all ages combined,outbreak_indicator,phi,-0.09765168183038893,0.010482026556714114,6.776373620292065e-06,0.010482026556714114,6.776373620292065e-06,15
all ages combined,outbreak_indicator,beta_0,0.08530448998589285,0.007998887383004935,5.171084919562851e-06,0.007998887383004935,5.171084919562851e-06,16
all ages combined,outbreak_indicator,initial_infectious_per_case,0.06706432021561454,0.00494389062775387,3.1961042886369617e-06,0.00494389062775387,3.1961042886369617e-06,17
all ages combined,outbreak_indicator,sh_noise_multiplier,-0.05718183342441463,0.003594197625337543,2.323560796442846e-06,0.003594197625337543,2.323560796442846e-06,18
all ages combined,outbreak_indicator,eta,-0.0495206240269261,0.0026956159553609333,1.7426497396770927e-06,0.0026956159553609333,1.7426497396770927e-06,19
all ages combined,outbreak_indicator,noise_scale,0.0375182880335085,0.001547290386596492,1.0002853648513177e-06,0.001547290386596492,1.0002853648513177e-06,20
all ages combined,outbreak_indicator,seed_infections_per_week,0.03457010860075916,0.0013136730442077891,8.492574708042905e-07,0.0013136730442077891,8.492574708042905e-07,21
all ages combined,outbreak_indicator,initial_exposed_per_case,0.02692918484156936,0.0007971356189790477,5.153286676978347e-07,0.0007971356189790477,5.153286676978347e-07,22
all ages combined,outbreak_indicator,seasonal_amplitude,0.024312337501032674,0.0006497394443382717,4.2004064832834143e-07,0.0006497394443382717,4.2004064832834143e-07,23
all ages combined,peak_weekly_cases,contact_scale,0.4737217829682704,0.18250363221529245,7.807098370978514,0.18250363221529245,7.807098370978514,1
all ages combined,peak_weekly_cases,mu,0.4543055017316476,0.1678497869680287,7.180239551952239,0.1678497869680287,7.180239551952239,2
all ages combined,peak_weekly_cases,seasonal_period_weeks,0.43557305356539805,0.15429320880160569,6.600319371545792,0.15429320880160569,6.600319371545792,3
all ages combined,peak_weekly_cases,sigma,0.3560223805294679,0.10308118475076587,4.409583194469738,0.10308118475076587,4.409583194469738,4
all ages combined,peak_weekly_cases,local_mixing,0.3228264337408889,0.08475454151927195,3.6256102686634333,0.08475454151927195,3.6256102686634333,5
all ages combined,peak_weekly_cases,gamma,0.3098507727612124,0.07807823172953852,3.340012625203446,0.07807823172953852,3.340012625203446,6
all ages combined,peak_weekly_cases,sick_contact_multiplier,0.28303822170486237,0.0651500833721173,2.7869752705171185,0.0651500833721173,2.7869752705171185,7
all ages combined,peak_weekly_cases,reporting_rate,0.268926653909545,0.05881559547563923,2.5160000053276663,0.05881559547563923,2.5160000053276663,8
all ages combined,peak_weekly_cases,noise_scale,0.1545319677731739,0.019420547602678563,0.8307677152064814,0.019420547602678563,0.8307677152064814,9
all ages combined,peak_weekly_cases,phi,-0.13634315259173999,0.015117899898836237,0.6467100420970736,0.015117899898836237,0.6467100420970736,10
all ages combined,peak_weekly_cases,sick_mobility_multiplier,0.12271799325652076,0.012247326382846284,0.5239133089667323,0.012247326382846284,0.5239133089667323,11
all ages combined,peak_weekly_cases,initial_exposed_per_case,0.11739039000532836,0.011207013442480644,0.4794110414586783,0.011207013442480644,0.4794110414586783,12
all ages combined,peak_weekly_cases,initial_infectious_per_case,0.10077811047985949,0.008259565939018294,0.3533258105867776,0.008259565939018294,0.3533258105867776,13
all ages combined,peak_weekly_cases,seasonal_amplitude,-0.08812576806483653,0.006315832913796404,0.2701772466342219,0.006315832913796404,0.2701772466342219,14
all ages combined,peak_weekly_cases,delta,-0.07759073306435836,0.0048960349796991305,0.20944145741259407,0.0048960349796991305,0.20944145741259407,15
all ages combined,peak_weekly_cases,seed_infections_per_week,0.07753350853964093,0.004888815819696296,0.20913263784766906,0.004888815819696296,0.20913263784766906,16
all ages combined,peak_weekly_cases,beta_0,0.07679817339702201,0.004796523574097254,0.20518458140887857,0.004796523574097254,0.20518458140887857,17
all ages combined,peak_weekly_cases,psi,0.07677528358713502,0.004793664778214176,0.20506228849661803,0.004793664778214176,0.20506228849661803,18
all ages combined,peak_weekly_cases,sh_noise_multiplier,-0.0737652735869984,0.004425157339102753,0.18929836208781975,0.004425157339102753,0.18929836208781975,19
all ages combined,peak_weekly_cases,seasonal_peak_week,0.06644339564940371,0.00359028099871744,0.1535842141671817,0.00359028099871744,0.1535842141671817,20
all ages combined,peak_weekly_cases,dt,-0.05449777611464097,0.0024153627415452123,0.10332383139966761,0.0024153627415452123,0.10332383139966761,21
all ages combined,peak_weekly_cases,nu,0.043974186019106264,0.0015726077817562968,0.0672726537116501,0.0015726077817562968,0.0672726537116501,22
all ages combined,peak_weekly_cases,eta,-0.04333327134227108,0.0015271009752553318,0.06532597401771933,0.0015271009752553318,0.06532597401771933,23
all ages combined,cumulative_cases,contact_scale,0.48301159074654865,0.18624359655943018,137.37033660508033,0.18624359655943018,137.37033660508033,1
all ages combined,cumulative_cases,mu,0.46842516373441745,0.17516473610340647,129.19874403406243,0.17516473610340647,129.19874403406243,2
all ages combined,cumulative_cases,seasonal_period_weeks,0.442622810106446,0.15639894773500945,115.35739478797545,0.15639894773500945,115.35739478797545,3
all ages combined,cumulative_cases,sigma,0.37587946312488796,0.11278814146013089,83.19075256096419,0.11278814146013089,83.19075256096419,4
all ages combined,cumulative_cases,local_mixing,0.3377739246887243,0.09107904846488792,67.17846828789976,0.09107904846488792,67.17846828789976,5
all ages combined,cumulative_cases,gamma,0.28961983159061383,0.06696113986255595,49.389479650882635,0.06696113986255595,49.389479650882635,6
all ages combined,cumulative_cases,sick_contact_multiplier,0.27410637390921433,0.059979730984762794,44.24010267773063,0.059979730984762794,44.24010267773063,7
all ages combined,cumulative_cases,reporting_rate,0.23707664884232513,0.04486873278245425,33.09446896018426,0.04486873278245425,33.09446896018426,8
all ages combined,cumulative_cases,noise_scale,0.15329482150430554,0.018759498007763213,13.836709575389069,0.018759498007763213,13.836709575389069,9
all ages combined,cumulative_cases,phi,-0.14343796762890504,0.016424588241661996,12.114516993001608,0.016424588241661996,12.114516993001608,10
all ages combined,cumulative_cases,sick_mobility_multiplier,0.12752107993402756,0.012981659345446208,9.575066992477158,0.012981659345446208,9.575066992477158,11
all ages combined,cumulative_cases,initial_exposed_per_case,0.10834241766209445,0.00937051132517268,6.911541221713543,0.00937051132517268,6.911541221713543,12
all ages combined,cumulative_cases,seed_infections_per_week,0.10312930075034416,0.008490443783723493,6.262417296717267,0.008490443783723493,6.262417296717267,13
all ages combined,cumulative_cases,initial_infectious_per_case,0.10027095618676649,0.008026321605188893,5.920088104900804,0.008026321605188893,5.920088104900804,14
all ages combined,cumulative_cases,seasonal_amplitude,-0.08735261213816466,0.0060914128814418605,4.492929976559892,0.0060914128814418605,4.492929976559892,15
all ages combined,cumulative_cases,sh_noise_multiplier,-0.08234836324757672,0.005413475651229134,3.992894178111805,0.005413475651229134,3.992894178111805,16
all ages combined,cumulative_cases,seasonal_peak_week,0.0808147569552067,0.005213718595501753,3.845556527360662,0.005213718595501753,3.845556527360662,17
all ages combined,cumulative_cases,delta,-0.07210810779908372,0.0041508251858985,3.0615831282756165,0.0041508251858985,3.0615831282756165,18
all ages combined,cumulative_cases,beta_0,0.06754448459697521,0.0036420510491558386,2.6863193570028328,0.0036420510491558386,2.6863193570028328,19
all ages combined,cumulative_cases,psi,0.058216953788903916,0.0027056100219463777,1.995615238874819,0.0027056100219463777,1.995615238874819,20
all ages combined,cumulative_cases,nu,0.05280927488483804,0.0022263152091213556,1.642094951535262,0.0022263152091213556,1.642094951535262,21
all ages combined,cumulative_cases,eta,-0.04504968483836891,0.0016201296074827484,1.1949820215845317,0.0016201296074827484,1.1949820215845317,22
all ages combined,cumulative_cases,dt,-0.04186802402285501,0.0013993655366281324,1.0321499281121032,0.0013993655366281324,1.0321499281121032,23
all ages combined,final_week_cases,contact_scale,0.5026380241713971,0.20211105672105079,13.713404839952723,0.20211105672105079,13.713404839952723,1
all ages combined,final_week_cases,mu,0.4871017212964658,0.18980983961365736,12.878756934219082,0.18980983961365736,12.878756934219082,2
all ages combined,final_week_cases,seasonal_period_weeks,0.4507759567844717,0.16255520547681826,11.029507131922927,0.16255520547681826,11.029507131922927,3
all ages combined,final_week_cases,sigma,0.4119151712140634,0.13573597570856905,9.209799881491206,0.13573597570856905,9.209799881491206,4
all ages combined,final_week_cases,local_mixing,0.3772946804614539,0.11387824297147704,7.726734369044104,0.11387824297147704,7.726734369044104,5
all ages combined,final_week_cases,sick_contact_multiplier,0.2959222212049075,0.07005426001783313,4.753240342084659,0.07005426001783313,4.753240342084659,6
all ages combined,final_week_cases,phi,-0.1754543581761582,0.024626784738513815,1.6709480149407108,0.024626784738513815,1.6709480149407108,7
all ages combined,final_week_cases,noise_scale,0.17244437831898918,0.023789070620938935,1.6141084089299251,0.023789070620938935,1.6141084089299251,8
all ages combined,final_week_cases,gamma,0.12735762680827686,0.012975655578920813,0.8804091221150838,0.012975655578920813,0.8804091221150838,9
all ages combined,final_week_cases,seed_infections_per_week,0.12244781175608861,0.011994480710125958,0.8138355837205863,0.011994480710125958,0.8138355837205863,10
all ages combined,final_week_cases,sick_mobility_multiplier,0.12020463285112616,0.011559041055515753,0.7842906376700569,0.011559041055515753,0.7842906376700569,11
all ages combined,final_week_cases,seasonal_peak_week,0.10564685954953304,0.008928789352445038,0.605825851921267,0.008928789352445038,0.605825851921267,12
all ages combined,final_week_cases,reporting_rate,0.09627357626808276,0.007414700328371021,0.5030936407908637,0.007414700328371021,0.5030936407908637,13
all ages combined,final_week_cases,initial_exposed_per_case,0.08435382713788683,0.005692315673581917,0.38622839628400496,0.005692315673581917,0.38622839628400496,14
all ages combined,final_week_cases,sh_noise_multiplier,-0.07609641091375206,0.004632418007839385,0.31431345004081723,0.004632418007839385,0.31431345004081723,15
all ages combined,final_week_cases,seasonal_amplitude,-0.07078030580479765,0.004007783592801542,0.2719314806951054,0.004007783592801542,0.2719314806951054,16
all ages combined,final_week_cases,beta_0,0.06446278154184215,0.003324279076480423,0.22555512556484542,0.003324279076480423,0.22555512556484542,17
all ages combined,final_week_cases,delta,-0.05792208386742354,0.002683908772931087,0.18210546297574862,0.002683908772931087,0.18210546297574862,18
all ages combined,final_week_cases,initial_infectious_per_case,0.04453167917963743,0.0015864176640728103,0.10763977006319154,0.0015864176640728103,0.10763977006319154,19
all ages combined,final_week_cases,eta,-0.04046877861197583,0.0013101456764112553,0.08889448381212657,0.0013101456764112553,0.08889448381212657,20
all ages combined,final_week_cases,nu,0.033104056033693464,0.0008766814364299674,0.059483571302228734,0.0008766814364299674,0.059483571302228734,21
all ages combined,final_week_cases,psi,-0.019547701886101446,0.0003056826629194577,0.020740825253093228,0.0003056826629194577,0.020740825253093228,22
all ages combined,final_week_cases,dt,-0.013567798937923457,0.00014726454229521248,0.009992022800869605,0.00014726454229521248,0.009992022800869605,23
