level_id,parameter,parameter_value,age_group,outcome,conditional_mean,conditional_variance,simulations,baseline_value,is_baseline
beta_0:0,beta_0,3.728e-05,11_to_14,cumulative_cases,7.133333333333334,8.00888888888889,300,4.66e-05,False
beta_0:0,beta_0,3.728e-05,11_to_14,final_week_cases,1.25,1.3341666666666667,300,4.66e-05,False
beta_0:0,beta_0,3.728e-05,11_to_14,outbreak_indicator,0.0,0.0,300,4.66e-05,False
beta_0:0,beta_0,3.728e-05,11_to_14,peak_weekly_cases,2.6733333333333333,1.0266222222222223,300,4.66e-05,False
beta_0:0,beta_0,3.728e-05,15_to_24,cumulative_cases,10.67,11.487766666666666,300,4.66e-05,False
beta_0:0,beta_0,3.728e-05,15_to_24,final_week_cases,1.9366666666666668,2.0126555555555554,300,4.66e-05,False
beta_0:0,beta_0,3.728e-05,15_to_24,outbreak_indicator,0.0,0.0,300,4.66e-05,False
beta_0:0,beta_0,3.728e-05,15_to_24,peak_weekly_cases,3.53,1.3357666666666668,300,4.66e-05,False
beta_0:0,beta_0,3.728e-05,1_to_4,cumulative_cases,15.046666666666667,15.751155555555554,300,4.66e-05,False
beta_0:0,beta_0,3.728e-05,1_to_4,final_week_cases,2.1533333333333333,2.069822222222222,300,4.66e-05,False
beta_0:0,beta_0,3.728e-05,1_to_4,outbreak_indicator,0.0,0.0,300,4.66e-05,False
beta_0:0,beta_0,3.728e-05,1_to_4,peak_weekly_cases,4.82,2.0476,300,4.66e-05,False
beta_0:0,beta_0,3.728e-05,25_to_34,cumulative_cases,16.253333333333334,19.955822222222224,300,4.66e-05,False
beta_0:0,beta_0,3.728e-05,25_to_34,final_week_cases,2.88,3.252266666666667,300,4.66e-05,False
beta_0:0,beta_0,3.728e-05,25_to_34,outbreak_indicator,0.0,0.0,300,4.66e-05,False
beta_0:0,beta_0,3.728e-05,25_to_34,peak_weekly_cases,4.956666666666667,1.9414555555555557,300,4.66e-05,False
beta_0:0,beta_0,3.728e-05,35_and_over,cumulative_cases,27.973333333333333,41.245955555555554,300,4.66e-05,False
beta_0:0,beta_0,3.728e-05,35_and_over,final_week_cases,5.03,5.835766666666666,300,4.66e-05,False
beta_0:0,beta_0,3.728e-05,35_and_over,outbreak_indicator,0.0,0.0,300,4.66e-05,False
beta_0:0,beta_0,3.728e-05,35_and_over,peak_weekly_cases,7.52,3.856266666666667,300,4.66e-05,False
beta_0:0,beta_0,3.728e-05,5_to_10,cumulative_cases,40.17333333333333,51.28328888888889,300,4.66e-05,False
beta_0:0,beta_0,3.728e-05,5_to_10,final_week_cases,6.99,7.496566666666667,300,4.66e-05,False
beta_0:0,beta_0,3.728e-05,5_to_10,outbreak_indicator,0.0033333333333333335,0.0033222222222222216,300,4.66e-05,False
beta_0:0,beta_0,3.728e-05,5_to_10,peak_weekly_cases,10.12,3.8855999999999993,300,4.66e-05,False
beta_0:0,beta_0,3.728e-05,all ages combined,cumulative_cases,130.98333333333332,206.5297222222222,300,4.66e-05,False
beta_0:0,beta_0,3.728e-05,all ages combined,final_week_cases,22.426666666666666,26.871288888888888,300,4.66e-05,False
beta_0:0,beta_0,3.728e-05,all ages combined,outbreak_indicator,1.0,0.0,300,4.66e-05,False
beta_0:0,beta_0,3.728e-05,all ages combined,peak_weekly_cases,28.04,13.685066666666668,300,4.66e-05,False
beta_0:0,beta_0,3.728e-05,under_1,cumulative_cases,13.733333333333333,15.675555555555553,300,4.66e-05,False
beta_0:0,beta_0,3.728e-05,under_1,final_week_cases,2.1866666666666665,2.4051555555555555,300,4.66e-05,False
beta_0:0,beta_0,3.728e-05,under_1,outbreak_indicator,0.0,0.0,300,4.66e-05,False
beta_0:0,beta_0,3.728e-05,under_1,peak_weekly_cases,4.333333333333333,1.8488888888888892,300,4.66e-05,False
beta_0:1,beta_0,4.038666666666667e-05,11_to_14,cumulative_cases,7.126666666666667,7.997288888888888,300,4.66e-05,False
beta_0:1,beta_0,4.038666666666667e-05,11_to_14,final_week_cases,1.2466666666666666,1.3324888888888888,300,4.66e-05,False
beta_0:1,beta_0,4.038666666666667e-05,11_to_14,outbreak_indicator,0.0,0.0,300,4.66e-05,False
beta_0:1,beta_0,4.038666666666667e-05,11_to_14,peak_weekly_cases,2.6733333333333333,1.0266222222222223,300,4.66e-05,False
beta_0:1,beta_0,4.038666666666667e-05,15_to_24,cumulative_cases,10.69,11.587233333333334,300,4.66e-05,False
beta_0:1,beta_0,4.038666666666667e-05,15_to_24,final_week_cases,1.95,2.0941666666666667,300,4.66e-05,False
beta_0:1,beta_0,4.038666666666667e-05,15_to_24,outbreak_indicator,0.0,0.0,300,4.66e-05,False
beta_0:1,beta_0,4.038666666666667e-05,15_to_24,peak_weekly_cases,3.5433333333333334,1.3747888888888888,300,4.66e-05,False
beta_0:1,beta_0,4.038666666666667e-05,1_to_4,cumulative_cases,15.04,15.725066666666669,300,4.66e-05,False
beta_0:1,beta_0,4.038666666666667e-05,1_to_4,final_week_cases,2.1633333333333336,2.056655555555556,300,4.66e-05,False
beta_0:1,beta_0,4.038666666666667e-05,1_to_4,outbreak_indicator,0.0,0.0,300,4.66e-05,False
beta_0:1,beta_0,4.038666666666667e-05,1_to_4,peak_weekly_cases,4.82,2.0476,300,4.66e-05,False
beta_0:1,beta_0,4.038666666666667e-05,25_to_34,cumulative_cases,16.233333333333334,20.025555555555556,300,4.66e-05,False
beta_0:1,beta_0,4.038666666666667e-05,25_to_34,final_week_cases,2.8666666666666667,3.2488888888888883,300,4.66e-05,False
beta_0:1,beta_0,4.038666666666667e-05,25_to_34,outbreak_indicator,0.0,0.0,300,4.66e-05,False
beta_0:1,beta_0,4.038666666666667e-05,25_to_34,peak_weekly_cases,4.95,1.9541666666666666,300,4.66e-05,False
beta_0:1,beta_0,4.038666666666667e-05,35_and_over,cumulative_cases,27.996666666666666,40.669988888888895,300,4.66e-05,False
beta_0:1,beta_0,4.038666666666667e-05,35_and_over,final_week_cases,5.046666666666667,5.757822222222221,300,4.66e-05,False
beta_0:1,beta_0,4.038666666666667e-05,35_and_over,outbreak_indicator,0.0,0.0,300,4.66e-05,False
beta_0:1,beta_0,4.038666666666667e-05,35_and_over,peak_weekly_cases,7.526666666666666,3.8359555555555547,300,4.66e-05,False
beta_0:1,beta_0,4.038666666666667e-05,5_to_10,cumulative_cases,40.19,50.8939,300,4.66e-05,False
beta_0:1,beta_0,4.038666666666667e-05,5_to_10,final_week_cases,6.993333333333333,7.459955555555555,300,4.66e-05,False
beta_0:1,beta_0,4.038666666666667e-05,5_to_10,outbreak_indicator,0.0033333333333333335,0.0033222222222222216,300,4.66e-05,False
beta_0:1,beta_0,4.038666666666667e-05,5_to_10,peak_weekly_cases,10.12,3.8855999999999993,300,4.66e-05,False
beta_0:1,beta_0,4.038666666666667e-05,all ages combined,cumulative_cases,131.01333333333332,204.9864888888889,300,4.66e-05,False
beta_0:1,beta_0,4.038666666666667e-05,all ages combined,final_week_cases,22.456666666666667,26.374788888888887,300,4.66e-05,False
beta_0:1,beta_0,4.038666666666667e-05,all ages combined,outbreak_indicator,1.0,0.0,300,4.66e-05,False
beta_0:1,beta_0,4.038666666666667e-05,all ages combined,peak_weekly_cases,28.04,13.685066666666666,300,4.66e-05,False
beta_0:1,beta_0,4.038666666666667e-05,under_1,cumulative_cases,13.736666666666666,15.620655555555556,300,4.66e-05,False
beta_0:1,beta_0,4.038666666666667e-05,under_1,final_week_cases,2.19,2.4005666666666663,300,4.66e-05,False
beta_0:1,beta_0,4.038666666666667e-05,under_1,outbreak_indicator,0.0,0.0,300,4.66e-05,False
beta_0:1,beta_0,4.038666666666667e-05,under_1,peak_weekly_cases,4.333333333333333,1.8488888888888892,300,4.66e-05,False
beta_0:2,beta_0,4.349333333333333e-05,11_to_14,cumulative_cases,7.13,8.006433333333334,300,4.66e-05,False
beta_0:2,beta_0,4.349333333333333e-05,11_to_14,final_week_cases,1.2433333333333334,1.3374555555555556,300,4.66e-05,False
beta_0:2,beta_0,4.349333333333333e-05,11_to_14,outbreak_indicator,0.0,0.0,300,4.66e-05,False
beta_0:2,beta_0,4.349333333333333e-05,11_to_14,peak_weekly_cases,2.6766666666666667,1.0254555555555556,300,4.66e-05,False
beta_0:2,beta_0,4.349333333333333e-05,15_to_24,cumulative_cases,10.67,11.761099999999999,300,4.66e-05,False
beta_0:2,beta_0,4.349333333333333e-05,15_to_24,final_week_cases,1.9466666666666668,2.0971555555555557,300,4.66e-05,False
beta_0:2,beta_0,4.349333333333333e-05,15_to_24,outbreak_indicator,0.0,0.0,300,4.66e-05,False
beta_0:2,beta_0,4.349333333333333e-05,15_to_24,peak_weekly_cases,3.5366666666666666,1.381988888888889,300,4.66e-05,False
beta_0:2,beta_0,4.349333333333333e-05,1_to_4,cumulative_cases,15.036666666666667,15.748655555555555,300,4.66e-05,False
beta_0:2,beta_0,4.349333333333333e-05,1_to_4,final_week_cases,2.1666666666666665,2.0855555555555556,300,4.66e-05,False
beta_0:2,beta_0,4.349333333333333e-05,1_to_4,outbreak_indicator,0.0,0.0,300,4.66e-05,False
beta_0:2,beta_0,4.349333333333333e-05,1_to_4,peak_weekly_cases,4.823333333333333,2.045455555555556,300,4.66e-05,False
beta_0:2,beta_0,4.349333333333333e-05,25_to_34,cumulative_cases,16.256666666666668,19.970788888888887,300,4.66e-05,False
beta_0:2,beta_0,4.349333333333333e-05,25_to_34,final_week_cases,2.87,3.2731,300,4.66e-05,False
beta_0:2,beta_0,4.349333333333333e-05,25_to_34,outbreak_indicator,0.0,0.0,300,4.66e-05,False
beta_0:2,beta_0,4.349333333333333e-05,25_to_34,peak_weekly_cases,4.953333333333333,1.964488888888889,300,4.66e-05,False
beta_0:2,beta_0,4.349333333333333e-05,35_and_over,cumulative_cases,28.023333333333333,40.55612222222222,300,4.66e-05,False
beta_0:2,beta_0,4.349333333333333e-05,35_and_over,final_week_cases,5.05,5.760833333333333,300,4.66e-05,False
beta_0:2,beta_0,4.349333333333333e-05,35_and_over,outbreak_indicator,0.0,0.0,300,4.66e-05,False
beta_0:2,beta_0,4.349333333333333e-05,35_and_over,peak_weekly_cases,7.533333333333333,3.8488888888888884,300,4.66e-05,False
beta_0:2,beta_0,4.349333333333333e-05,5_to_10,cumulative_cases,40.20333333333333,50.775322222222215,300,4.66e-05,False
beta_0:2,beta_0,4.349333333333333e-05,5_to_10,final_week_cases,6.986666666666666,7.4731555555555556,300,4.66e-05,False
beta_0:2,beta_0,4.349333333333333e-05,5_to_10,outbreak_indicator,0.0033333333333333335,0.0033222222222222216,300,4.66e-05,False
beta_0:2,beta_0,4.349333333333333e-05,5_to_10,peak_weekly_cases,10.126666666666667,3.8706222222222215,300,4.66e-05,False
beta_0:2,beta_0,4.349333333333333e-05,all ages combined,cumulative_cases,131.06333333333333,203.10598888888887,300,4.66e-05,False
beta_0:2,beta_0,4.349333333333333e-05,all ages combined,final_week_cases,22.453333333333333,26.36782222222222,300,4.66e-05,False
beta_0:2,beta_0,4.349333333333333e-05,all ages combined,outbreak_indicator,1.0,0.0,300,4.66e-05,False
beta_0:2,beta_0,4.349333333333333e-05,all ages combined,peak_weekly_cases,28.043333333333333,13.668122222222221,300,4.66e-05,False
beta_0:2,beta_0,4.349333333333333e-05,under_1,cumulative_cases,13.743333333333334,15.617455555555555,300,4.66e-05,False
beta_0:2,beta_0,4.349333333333333e-05,under_1,final_week_cases,2.19,2.4005666666666663,300,4.66e-05,False
beta_0:2,beta_0,4.349333333333333e-05,under_1,outbreak_indicator,0.0,0.0,300,4.66e-05,False
beta_0:2,beta_0,4.349333333333333e-05,under_1,peak_weekly_cases,4.333333333333333,1.8488888888888892,300,4.66e-05,False
beta_0:3,beta_0,4.66e-05,11_to_14,cumulative_cases,7.16,8.067733333333335,300,4.66e-05,True
beta_0:3,beta_0,4.66e-05,11_to_14,final_week_cases,1.2666666666666666,1.4155555555555555,300,4.66e-05,True
beta_0:3,beta_0,4.66e-05,11_to_14,outbreak_indicator,0.0,0.0,300,4.66e-05,True
beta_0:3,beta_0,4.66e-05,11_to_14,peak_weekly_cases,2.6933333333333334,1.039288888888889,300,4.66e-05,True
beta_0:3,beta_0,4.66e-05,15_to_24,cumulative_cases,10.686666666666667,11.675155555555556,300,4.66e-05,True
beta_0:3,beta_0,4.66e-05,15_to_24,final_week_cases,1.9466666666666668,2.0838222222222225,300,4.66e-05,True
beta_0:3,beta_0,4.66e-05,15_to_24,outbreak_indicator,0.0,0.0,300,4.66e-05,True
beta_0:3,beta_0,4.66e-05,15_to_24,peak_weekly_cases,3.5366666666666666,1.381988888888889,300,4.66e-05,True
beta_0:3,beta_0,4.66e-05,1_to_4,cumulative_cases,15.04,15.765066666666668,300,4.66e-05,True
beta_0:3,beta_0,4.66e-05,1_to_4,final_week_cases,2.19,2.0672333333333337,300,4.66e-05,True
beta_0:3,beta_0,4.66e-05,1_to_4,outbreak_indicator,0.0,0.0,300,4.66e-05,True
beta_0:3,beta_0,4.66e-05,1_to_4,peak_weekly_cases,4.823333333333333,2.045455555555556,300,4.66e-05,True
beta_0:3,beta_0,4.66e-05,25_to_34,cumulative_cases,16.313333333333333,19.961822222222224,300,4.66e-05,True
beta_0:3,beta_0,4.66e-05,25_to_34,final_week_cases,2.9,3.296666666666667,300,4.66e-05,True
beta_0:3,beta_0,4.66e-05,25_to_34,outbreak_indicator,0.0,0.0,300,4.66e-05,True
beta_0:3,beta_0,4.66e-05,25_to_34,peak_weekly_cases,4.973333333333334,2.0059555555555555,300,4.66e-05,True
beta_0:3,beta_0,4.66e-05,35_and_over,cumulative_cases,28.006666666666668,40.513288888888894,300,4.66e-05,True
beta_0:3,beta_0,4.66e-05,35_and_over,final_week_cases,5.0,5.58,300,4.66e-05,True
beta_0:3,beta_0,4.66e-05,35_and_over,outbreak_indicator,0.0,0.0,300,4.66e-05,True
beta_0:3,beta_0,4.66e-05,35_and_over,peak_weekly_cases,7.526666666666666,3.829288888888888,300,4.66e-05,True
beta_0:3,beta_0,4.66e-05,5_to_10,cumulative_cases,40.22,50.791599999999995,300,4.66e-05,True
beta_0:3,beta_0,4.66e-05,5_to_10,final_week_cases,7.003333333333333,7.4366555555555545,300,4.66e-05,True
beta_0:3,beta_0,4.66e-05,5_to_10,outbreak_indicator,0.0033333333333333335,0.0033222222222222216,300,4.66e-05,True
beta_0:3,beta_0,4.66e-05,5_to_10,peak_weekly_cases,10.126666666666667,3.8706222222222215,300,4.66e-05,True
beta_0:3,beta_0,4.66e-05,all ages combined,cumulative_cases,131.17,202.62776666666667,300,4.66e-05,True
beta_0:3,beta_0,4.66e-05,all ages combined,final_week_cases,22.49,26.536566666666666,300,4.66e-05,True
beta_0:3,beta_0,4.66e-05,all ages combined,outbreak_indicator,1.0,0.0,300,4.66e-05,True
beta_0:3,beta_0,4.66e-05,all ages combined,peak_weekly_cases,28.093333333333334,13.657955555555558,300,4.66e-05,True
beta_0:3,beta_0,4.66e-05,under_1,cumulative_cases,13.743333333333334,15.637455555555556,300,4.66e-05,True
beta_0:3,beta_0,4.66e-05,under_1,final_week_cases,2.183333333333333,2.363055555555555,300,4.66e-05,True
beta_0:3,beta_0,4.66e-05,under_1,outbreak_indicator,0.0,0.0,300,4.66e-05,True
beta_0:3,beta_0,4.66e-05,under_1,peak_weekly_cases,4.33,1.8344333333333331,300,4.66e-05,True
beta_0:4,beta_0,4.970666666666667e-05,11_to_14,cumulative_cases,7.166666666666667,8.125555555555557,300,4.66e-05,False
beta_0:4,beta_0,4.970666666666667e-05,11_to_14,final_week_cases,1.2666666666666666,1.4088888888888889,300,4.66e-05,False
beta_0:4,beta_0,4.970666666666667e-05,11_to_14,outbreak_indicator,0.0,0.0,300,4.66e-05,False
beta_0:4,beta_0,4.970666666666667e-05,11_to_14,peak_weekly_cases,2.6933333333333334,1.039288888888889,300,4.66e-05,False
beta_0:4,beta_0,4.970666666666667e-05,15_to_24,cumulative_cases,10.683333333333334,11.703055555555556,300,4.66e-05,False
beta_0:4,beta_0,4.970666666666667e-05,15_to_24,final_week_cases,1.9433333333333334,2.0934555555555554,300,4.66e-05,False
beta_0:4,beta_0,4.970666666666667e-05,15_to_24,outbreak_indicator,0.0,0.0,300,4.66e-05,False
beta_0:4,beta_0,4.970666666666667e-05,15_to_24,peak_weekly_cases,3.5366666666666666,1.381988888888889,300,4.66e-05,False
beta_0:4,beta_0,4.970666666666667e-05,1_to_4,cumulative_cases,15.04,15.765066666666668,300,4.66e-05,False
beta_0:4,beta_0,4.970666666666667e-05,1_to_4,final_week_cases,2.19,2.0672333333333337,300,4.66e-05,False
beta_0:4,beta_0,4.970666666666667e-05,1_to_4,outbreak_indicator,0.0,0.0,300,4.66e-05,False
beta_0:4,beta_0,4.970666666666667e-05,1_to_4,peak_weekly_cases,4.823333333333333,2.045455555555556,300,4.66e-05,False
beta_0:4,beta_0,4.970666666666667e-05,25_to_34,cumulative_cases,16.3,20.123333333333335,300,4.66e-05,False
beta_0:4,beta_0,4.970666666666667e-05,25_to_34,final_week_cases,2.8966666666666665,3.3059888888888893,300,4.66e-05,False
beta_0:4,beta_0,4.970666666666667e-05,25_to_34,outbreak_indicator,0.0,0.0,300,4.66e-05,False
beta_0:4,beta_0,4.970666666666667e-05,25_to_34,peak_weekly_cases,4.963333333333333,2.0153222222222222,300,4.66e-05,False
beta_0:4,beta_0,4.970666666666667e-05,35_and_over,cumulative_cases,28.01,40.52323333333334,300,4.66e-05,False
beta_0:4,beta_0,4.970666666666667e-05,35_and_over,final_week_cases,5.0,5.58,300,4.66e-05,False
beta_0:4,beta_0,4.970666666666667e-05,35_and_over,outbreak_indicator,0.0,0.0,300,4.66e-05,False
beta_0:4,beta_0,4.970666666666667e-05,35_and_over,peak_weekly_cases,7.526666666666666,3.829288888888888,300,4.66e-05,False
beta_0:4,beta_0,4.970666666666667e-05,5_to_10,cumulative_cases,40.23,50.8171,300,4.66e-05,False
beta_0:4,beta_0,4.970666666666667e-05,5_to_10,final_week_cases,7.01,7.436566666666668,300,4.66e-05,False
beta_0:4,beta_0,4.970666666666667e-05,5_to_10,outbreak_indicator,0.0033333333333333335,0.0033222222222222216,300,4.66e-05,False
beta_0:4,beta_0,4.970666666666667e-05,5_to_10,peak_weekly_cases,10.126666666666667,3.8706222222222215,300,4.66e-05,False
beta_0:4,beta_0,4.970666666666667e-05,all ages combined,cumulative_cases,131.17333333333335,202.5966222222222,300,4.66e-05,False
beta_0:4,beta_0,4.970666666666667e-05,all ages combined,final_week_cases,22.49,26.536566666666666,300,4.66e-05,False
beta_0:4,beta_0,4.970666666666667e-05,all ages combined,outbreak_indicator,1.0,0.0,300,4.66e-05,False
beta_0:4,beta_0,4.970666666666667e-05,all ages combined,peak_weekly_cases,28.093333333333334,13.657955555555558,300,4.66e-05,False
beta_0:4,beta_0,4.970666666666667e-05,under_1,cumulative_cases,13.743333333333334,15.637455555555556,300,4.66e-05,False
beta_0:4,beta_0,4.970666666666667e-05,under_1,final_week_cases,2.183333333333333,2.363055555555555,300,4.66e-05,False
beta_0:4,beta_0,4.970666666666667e-05,under_1,outbreak_indicator,0.0,0.0,300,4.66e-05,False
beta_0:4,beta_0,4.970666666666667e-05,under_1,peak_weekly_cases,4.33,1.8344333333333331,300,4.66e-05,False
beta_0:5,beta_0,5.281333333333333e-05,11_to_14,cumulative_cases,7.16,8.147733333333333,300,4.66e-05,False
beta_0:5,beta_0,5.281333333333333e-05,11_to_14,final_week_cases,1.27,1.4037666666666666,300,4.66e-05,False
beta_0:5,beta_0,5.281333333333333e-05,11_to_14,outbreak_indicator,0.0,0.0,300,4.66e-05,False
beta_0:5,beta_0,5.281333333333333e-05,11_to_14,peak_weekly_cases,2.6933333333333334,1.039288888888889,300,4.66e-05,False
beta_0:5,beta_0,5.281333333333333e-05,15_to_24,cumulative_cases,10.686666666666667,11.868488888888889,300,4.66e-05,False
beta_0:5,beta_0,5.281333333333333e-05,15_to_24,final_week_cases,1.94,2.1630666666666665,300,4.66e-05,False
beta_0:5,beta_0,5.281333333333333e-05,15_to_24,outbreak_indicator,0.0,0.0,300,4.66e-05,False
beta_0:5,beta_0,5.281333333333333e-05,15_to_24,peak_weekly_cases,3.5433333333333334,1.4014555555555555,300,4.66e-05,False
beta_0:5,beta_0,5.281333333333333e-05,1_to_4,cumulative_cases,15.033333333333333,15.765555555555553,300,4.66e-05,False
beta_0:5,beta_0,5.281333333333333e-05,1_to_4,final_week_cases,2.183333333333333,2.0697222222222225,300,4.66e-05,False
beta_0:5,beta_0,5.281333333333333e-05,1_to_4,outbreak_indicator,0.0,0.0,300,4.66e-05,False
beta_0:5,beta_0,5.281333333333333e-05,1_to_4,peak_weekly_cases,4.823333333333333,2.045455555555556,300,4.66e-05,False
beta_0:5,beta_0,5.281333333333333e-05,25_to_34,cumulative_cases,16.31,20.187233333333335,300,4.66e-05,False
beta_0:5,beta_0,5.281333333333333e-05,25_to_34,final_week_cases,2.9,3.3033333333333337,300,4.66e-05,False
beta_0:5,beta_0,5.281333333333333e-05,25_to_34,outbreak_indicator,0.0,0.0,300,4.66e-05,False
beta_0:5,beta_0,5.281333333333333e-05,25_to_34,peak_weekly_cases,4.966666666666667,2.012222222222222,300,4.66e-05,False
beta_0:5,beta_0,5.281333333333333e-05,35_and_over,cumulative_cases,28.006666666666668,40.53328888888889,300,4.66e-05,False
beta_0:5,beta_0,5.281333333333333e-05,35_and_over,final_week_cases,5.0,5.58,300,4.66e-05,False
beta_0:5,beta_0,5.281333333333333e-05,35_and_over,outbreak_indicator,0.0,0.0,300,4.66e-05,False
beta_0:5,beta_0,5.281333333333333e-05,35_and_over,peak_weekly_cases,7.523333333333333,3.829455555555555,300,4.66e-05,False
beta_0:5,beta_0,5.281333333333333e-05,5_to_10,cumulative_cases,40.25666666666667,50.83745555555555,300,4.66e-05,False
beta_0:5,beta_0,5.281333333333333e-05,5_to_10,final_week_cases,7.03,7.4557666666666655,300,4.66e-05,False
beta_0:5,beta_0,5.281333333333333e-05,5_to_10,outbreak_indicator,0.0033333333333333335,0.0033222222222222216,300,4.66e-05,False
beta_0:5,beta_0,5.281333333333333e-05,5_to_10,peak_weekly_cases,10.13,3.8864333333333327,300,4.66e-05,False
beta_0:5,beta_0,5.281333333333333e-05,all ages combined,cumulative_cases,131.18,202.48093333333333,300,4.66e-05,False
beta_0:5,beta_0,5.281333333333333e-05,all ages combined,final_week_cases,22.496666666666666,26.636655555555556,300,4.66e-05,False
beta_0:5,beta_0,5.281333333333333e-05,all ages combined,outbreak_indicator,1.0,0.0,300,4.66e-05,False
beta_0:5,beta_0,5.281333333333333e-05,all ages combined,peak_weekly_cases,28.1,13.683333333333334,300,4.66e-05,False
beta_0:5,beta_0,5.281333333333333e-05,under_1,cumulative_cases,13.726666666666667,15.74528888888889,300,4.66e-05,False
beta_0:5,beta_0,5.281333333333333e-05,under_1,final_week_cases,2.1733333333333333,2.376622222222222,300,4.66e-05,False
beta_0:5,beta_0,5.281333333333333e-05,under_1,outbreak_indicator,0.0,0.0,300,4.66e-05,False
beta_0:5,beta_0,5.281333333333333e-05,under_1,peak_weekly_cases,4.33,1.8344333333333331,300,4.66e-05,False
beta_0:6,beta_0,5.592e-05,11_to_14,cumulative_cases,7.163333333333333,8.243322222222224,300,4.66e-05,False
beta_0:6,beta_0,5.592e-05,11_to_14,final_week_cases,1.2766666666666666,1.4267888888888889,300,4.66e-05,False
beta_0:6,beta_0,5.592e-05,11_to_14,outbreak_indicator,0.0,0.0,300,4.66e-05,False
beta_0:6,beta_0,5.592e-05,11_to_14,peak_weekly_cases,2.69,1.0472333333333337,300,4.66e-05,False
beta_0:6,beta_0,5.592e-05,15_to_24,cumulative_cases,10.693333333333333,11.805955555555556,300,4.66e-05,False
beta_0:6,beta_0,5.592e-05,15_to_24,final_week_cases,1.94,2.1430666666666665,300,4.66e-05,False
beta_0:6,beta_0,5.592e-05,15_to_24,outbreak_indicator,0.0,0.0,300,4.66e-05,False
beta_0:6,beta_0,5.592e-05,15_to_24,peak_weekly_cases,3.5433333333333334,1.4014555555555555,300,4.66e-05,False
beta_0:6,beta_0,5.592e-05,1_to_4,cumulative_cases,15.053333333333333,16.057155555555553,300,4.66e-05,False
beta_0:6,beta_0,5.592e-05,1_to_4,final_week_cases,2.203333333333333,2.1286555555555555,300,4.66e-05,False
beta_0:6,beta_0,5.592e-05,1_to_4,outbreak_indicator,0.0,0.0,300,4.66e-05,False
beta_0:6,beta_0,5.592e-05,1_to_4,peak_weekly_cases,4.826666666666667,2.0499555555555555,300,4.66e-05,False
beta_0:6,beta_0,5.592e-05,25_to_34,cumulative_cases,16.31,20.0539,300,4.66e-05,False
beta_0:6,beta_0,5.592e-05,25_to_34,final_week_cases,2.9,3.3033333333333337,300,4.66e-05,False
beta_0:6,beta_0,5.592e-05,25_to_34,outbreak_indicator,0.0,0.0,300,4.66e-05,False
beta_0:6,beta_0,5.592e-05,25_to_34,peak_weekly_cases,4.966666666666667,2.0055555555555555,300,4.66e-05,False
beta_0:6,beta_0,5.592e-05,35_and_over,cumulative_cases,28.0,40.34,300,4.66e-05,False
beta_0:6,beta_0,5.592e-05,35_and_over,final_week_cases,4.99,5.5299000000000005,300,4.66e-05,False
beta_0:6,beta_0,5.592e-05,35_and_over,outbreak_indicator,0.0,0.0,300,4.66e-05,False
beta_0:6,beta_0,5.592e-05,35_and_over,peak_weekly_cases,7.52,3.8296000000000006,300,4.66e-05,False
beta_0:6,beta_0,5.592e-05,5_to_10,cumulative_cases,40.24333333333333,50.89745555555555,300,4.66e-05,False
beta_0:6,beta_0,5.592e-05,5_to_10,final_week_cases,7.016666666666667,7.429722222222224,300,4.66e-05,False
beta_0:6,beta_0,5.592e-05,5_to_10,outbreak_indicator,0.0033333333333333335,0.0033222222222222216,300,4.66e-05,False
beta_0:6,beta_0,5.592e-05,5_to_10,peak_weekly_cases,10.123333333333333,3.901455555555555,300,4.66e-05,False
beta_0:6,beta_0,5.592e-05,all ages combined,cumulative_cases,131.19666666666666,202.80465555555557,300,4.66e-05,False
beta_0:6,beta_0,5.592e-05,all ages combined,final_week_cases,22.496666666666666,26.703322222222223,300,4.66e-05,False
beta_0:6,beta_0,5.592e-05,all ages combined,outbreak_indicator,1.0,0.0,300,4.66e-05,False
beta_0:6,beta_0,5.592e-05,all ages combined,peak_weekly_cases,28.106666666666666,13.721955555555553,300,4.66e-05,False
beta_0:6,beta_0,5.592e-05,under_1,cumulative_cases,13.733333333333333,15.68222222222222,300,4.66e-05,False
beta_0:6,beta_0,5.592e-05,under_1,final_week_cases,2.17,2.3877666666666673,300,4.66e-05,False
beta_0:6,beta_0,5.592e-05,under_1,outbreak_indicator,0.0,0.0,300,4.66e-05,False
beta_0:6,beta_0,5.592e-05,under_1,peak_weekly_cases,4.33,1.8344333333333331,300,4.66e-05,False
contact_scale:0,contact_scale,0.12643658673651312,11_to_14,cumulative_cases,6.366666666666666,7.072222222222223,300,0.1580457334206414,False
contact_scale:0,contact_scale,0.12643658673651312,11_to_14,final_week_cases,0.92,0.8535999999999999,300,0.1580457334206414,False
contact_scale:0,contact_scale,0.12643658673651312,11_to_14,outbreak_indicator,0.0,0.0,300,0.1580457334206414,False
contact_scale:0,contact_scale,0.12643658673651312,11_to_14,peak_weekly_cases,2.4433333333333334,0.8134555555555555,300,0.1580457334206414,False
contact_scale:0,contact_scale,0.12643658673651312,15_to_24,cumulative_cases,9.583333333333334,11.449722222222222,300,0.1580457334206414,False
contact_scale:0,contact_scale,0.12643658673651312,15_to_24,final_week_cases,1.4366666666666668,1.559322222222222,300,0.1580457334206414,False
contact_scale:0,contact_scale,0.12643658673651312,15_to_24,outbreak_indicator,0.0,0.0,300,0.1580457334206414,False
contact_scale:0,contact_scale,0.12643658673651312,15_to_24,peak_weekly_cases,3.2733333333333334,1.2119555555555555,300,0.1580457334206414,False
contact_scale:0,contact_scale,0.12643658673651312,1_to_4,cumulative_cases,13.01,14.669900000000004,300,0.1580457334206414,False
contact_scale:0,contact_scale,0.12643658673651312,1_to_4,final_week_cases,1.52,1.8762666666666667,300,0.1580457334206414,False
contact_scale:0,contact_scale,0.12643658673651312,1_to_4,outbreak_indicator,0.0,0.0,300,0.1580457334206414,False
contact_scale:0,contact_scale,0.12643658673651312,1_to_4,peak_weekly_cases,4.423333333333333,2.137455555555555,300,0.1580457334206414,False
contact_scale:0,contact_scale,0.12643658673651312,25_to_34,cumulative_cases,14.066666666666666,16.455555555555552,300,0.1580457334206414,False
contact_scale:0,contact_scale,0.12643658673651312,25_to_34,final_week_cases,2.19,2.6472333333333338,300,0.1580457334206414,False
contact_scale:0,contact_scale,0.12643658673651312,25_to_34,outbreak_indicator,0.0,0.0,300,0.1580457334206414,False
contact_scale:0,contact_scale,0.12643658673651312,25_to_34,peak_weekly_cases,4.3533333333333335,1.7684888888888888,300,0.1580457334206414,False
contact_scale:0,contact_scale,0.12643658673651312,35_and_over,cumulative_cases,25.136666666666667,32.36465555555556,300,0.1580457334206414,False
contact_scale:0,contact_scale,0.12643658673651312,35_and_over,final_week_cases,4.3133333333333335,4.641822222222222,300,0.1580457334206414,False
contact_scale:0,contact_scale,0.12643658673651312,35_and_over,outbreak_indicator,0.0,0.0,300,0.1580457334206414,False
contact_scale:0,contact_scale,0.12643658673651312,35_and_over,peak_weekly_cases,6.94,3.103066666666667,300,0.1580457334206414,False
contact_scale:0,contact_scale,0.12643658673651312,5_to_10,cumulative_cases,32.93666666666667,42.032655555555564,300,0.1580457334206414,False
contact_scale:0,contact_scale,0.12643658673651312,5_to_10,final_week_cases,4.6433333333333335,5.682788888888888,300,0.1580457334206414,False
contact_scale:0,contact_scale,0.12643658673651312,5_to_10,outbreak_indicator,0.0033333333333333335,0.0033222222222222216,300,0.1580457334206414,False
contact_scale:0,contact_scale,0.12643658673651312,5_to_10,peak_weekly_cases,8.7,4.003333333333333,300,0.1580457334206414,False
contact_scale:0,contact_scale,0.12643658673651312,all ages combined,cumulative_cases,112.81333333333333,133.1718222222222,300,0.1580457334206414,False
contact_scale:0,contact_scale,0.12643658673651312,all ages combined,final_week_cases,16.666666666666668,17.448888888888888,300,0.1580457334206414,False
contact_scale:0,contact_scale,0.12643658673651312,all ages combined,outbreak_indicator,1.0,0.0,300,0.1580457334206414,False
contact_scale:0,contact_scale,0.12643658673651312,all ages combined,peak_weekly_cases,24.783333333333335,10.656388888888888,300,0.1580457334206414,False
contact_scale:0,contact_scale,0.12643658673651312,under_1,cumulative_cases,11.713333333333333,12.777822222222225,300,0.1580457334206414,False
contact_scale:0,contact_scale,0.12643658673651312,under_1,final_week_cases,1.6433333333333333,1.6894555555555555,300,0.1580457334206414,False
contact_scale:0,contact_scale,0.12643658673651312,under_1,outbreak_indicator,0.0,0.0,300,0.1580457334206414,False
contact_scale:0,contact_scale,0.12643658673651312,under_1,peak_weekly_cases,3.8533333333333335,1.5918222222222222,300,0.1580457334206414,False
contact_scale:1,contact_scale,0.13697296896455588,11_to_14,cumulative_cases,6.46,7.1950666666666665,300,0.1580457334206414,False
contact_scale:1,contact_scale,0.13697296896455588,11_to_14,final_week_cases,0.9966666666666667,0.8966555555555555,300,0.1580457334206414,False
contact_scale:1,contact_scale,0.13697296896455588,11_to_14,outbreak_indicator,0.0,0.0,300,0.1580457334206414,False
contact_scale:1,contact_scale,0.13697296896455588,11_to_14,peak_weekly_cases,2.4466666666666668,0.8538222222222221,300,0.1580457334206414,False
contact_scale:1,contact_scale,0.13697296896455588,15_to_24,cumulative_cases,9.936666666666667,9.54598888888889,300,0.1580457334206414,False
contact_scale:1,contact_scale,0.13697296896455588,15_to_24,final_week_cases,1.5866666666666667,1.7491555555555556,300,0.1580457334206414,False
contact_scale:1,contact_scale,0.13697296896455588,15_to_24,outbreak_indicator,0.0,0.0,300,0.1580457334206414,False
contact_scale:1,contact_scale,0.13697296896455588,15_to_24,peak_weekly_cases,3.3933333333333335,1.3986222222222224,300,0.1580457334206414,False
contact_scale:1,contact_scale,0.13697296896455588,1_to_4,cumulative_cases,13.423333333333334,13.984122222222222,300,0.1580457334206414,False
contact_scale:1,contact_scale,0.13697296896455588,1_to_4,final_week_cases,1.6933333333333334,1.8659555555555554,300,0.1580457334206414,False
contact_scale:1,contact_scale,0.13697296896455588,1_to_4,outbreak_indicator,0.0,0.0,300,0.1580457334206414,False
contact_scale:1,contact_scale,0.13697296896455588,1_to_4,peak_weekly_cases,4.523333333333333,1.7694555555555553,300,0.1580457334206414,False
contact_scale:1,contact_scale,0.13697296896455588,25_to_34,cumulative_cases,14.683333333333334,17.30972222222222,300,0.1580457334206414,False
contact_scale:1,contact_scale,0.13697296896455588,25_to_34,final_week_cases,2.42,3.0836,300,0.1580457334206414,False
contact_scale:1,contact_scale,0.13697296896455588,25_to_34,outbreak_indicator,0.0,0.0,300,0.1580457334206414,False
contact_scale:1,contact_scale,0.13697296896455588,25_to_34,peak_weekly_cases,4.556666666666667,1.860122222222222,300,0.1580457334206414,False
contact_scale:1,contact_scale,0.13697296896455588,35_and_over,cumulative_cases,26.733333333333334,35.908888888888896,300,0.1580457334206414,False
contact_scale:1,contact_scale,0.13697296896455588,35_and_over,final_week_cases,4.8133333333333335,5.311822222222222,300,0.1580457334206414,False
contact_scale:1,contact_scale,0.13697296896455588,35_and_over,outbreak_indicator,0.0,0.0,300,0.1580457334206414,False
contact_scale:1,contact_scale,0.13697296896455588,35_and_over,peak_weekly_cases,7.37,3.3264333333333336,300,0.1580457334206414,False
contact_scale:1,contact_scale,0.13697296896455588,5_to_10,cumulative_cases,35.44,43.91973333333334,300,0.1580457334206414,False
contact_scale:1,contact_scale,0.13697296896455588,5_to_10,final_week_cases,5.576666666666667,6.404122222222222,300,0.1580457334206414,False
contact_scale:1,contact_scale,0.13697296896455588,5_to_10,outbreak_indicator,0.0033333333333333335,0.0033222222222222216,300,0.1580457334206414,False
contact_scale:1,contact_scale,0.13697296896455588,5_to_10,peak_weekly_cases,9.133333333333333,4.002222222222223,300,0.1580457334206414,False
contact_scale:1,contact_scale,0.13697296896455588,all ages combined,cumulative_cases,118.88666666666667,147.59382222222223,300,0.1580457334206414,False
contact_scale:1,contact_scale,0.13697296896455588,all ages combined,final_week_cases,18.75,22.0675,300,0.1580457334206414,False
contact_scale:1,contact_scale,0.13697296896455588,all ages combined,outbreak_indicator,1.0,0.0,300,0.1580457334206414,False
contact_scale:1,contact_scale,0.13697296896455588,all ages combined,peak_weekly_cases,25.886666666666667,10.987155555555555,300,0.1580457334206414,False
contact_scale:1,contact_scale,0.13697296896455588,under_1,cumulative_cases,12.21,12.339233333333333,300,0.1580457334206414,False
contact_scale:1,contact_scale,0.13697296896455588,under_1,final_week_cases,1.6633333333333333,1.6233222222222223,300,0.1580457334206414,False
contact_scale:1,contact_scale,0.13697296896455588,under_1,outbreak_indicator,0.0,0.0,300,0.1580457334206414,False
contact_scale:1,contact_scale,0.13697296896455588,under_1,peak_weekly_cases,3.966666666666667,1.5455555555555558,300,0.1580457334206414,False
contact_scale:2,contact_scale,0.14750935119259864,11_to_14,cumulative_cases,6.73,7.150433333333334,300,0.1580457334206414,False
contact_scale:2,contact_scale,0.14750935119259864,11_to_14,final_week_cases,1.0533333333333332,1.0638222222222224,300,0.1580457334206414,False
contact_scale:2,contact_scale,0.14750935119259864,11_to_14,outbreak_indicator,0.0,0.0,300,0.1580457334206414,False
contact_scale:2,contact_scale,0.14750935119259864,11_to_14,peak_weekly_cases,2.5533333333333332,0.9538222222222223,300,0.1580457334206414,False
contact_scale:2,contact_scale,0.14750935119259864,15_to_24,cumulative_cases,10.326666666666666,9.933288888888889,300,0.1580457334206414,False
contact_scale:2,contact_scale,0.14750935119259864,15_to_24,final_week_cases,1.7466666666666666,1.982488888888889,300,0.1580457334206414,False
contact_scale:2,contact_scale,0.14750935119259864,15_to_24,outbreak_indicator,0.0,0.0,300,0.1580457334206414,False
contact_scale:2,contact_scale,0.14750935119259864,15_to_24,peak_weekly_cases,3.453333333333333,1.3211555555555556,300,0.1580457334206414,False
contact_scale:2,contact_scale,0.14750935119259864,1_to_4,cumulative_cases,14.036666666666667,14.655322222222221,300,0.1580457334206414,False
contact_scale:2,contact_scale,0.14750935119259864,1_to_4,final_week_cases,1.93,2.2051,300,0.1580457334206414,False
contact_scale:2,contact_scale,0.14750935119259864,1_to_4,outbreak_indicator,0.0,0.0,300,0.1580457334206414,False
contact_scale:2,contact_scale,0.14750935119259864,1_to_4,peak_weekly_cases,4.593333333333334,1.9146222222222227,300,0.1580457334206414,False
contact_scale:2,contact_scale,0.14750935119259864,25_to_34,cumulative_cases,15.363333333333333,19.55798888888889,300,0.1580457334206414,False
contact_scale:2,contact_scale,0.14750935119259864,25_to_34,final_week_cases,2.783333333333333,3.2030555555555553,300,0.1580457334206414,False
contact_scale:2,contact_scale,0.14750935119259864,25_to_34,outbreak_indicator,0.0,0.0,300,0.1580457334206414,False
contact_scale:2,contact_scale,0.14750935119259864,25_to_34,peak_weekly_cases,4.69,2.0139,300,0.1580457334206414,False
contact_scale:2,contact_scale,0.14750935119259864,35_and_over,cumulative_cases,27.463333333333335,40.22865555555556,300,0.1580457334206414,False
contact_scale:2,contact_scale,0.14750935119259864,35_and_over,final_week_cases,4.8966666666666665,5.619322222222223,300,0.1580457334206414,False
contact_scale:2,contact_scale,0.14750935119259864,35_and_over,outbreak_indicator,0.0,0.0,300,0.1580457334206414,False
contact_scale:2,contact_scale,0.14750935119259864,35_and_over,peak_weekly_cases,7.503333333333333,3.6566555555555547,300,0.1580457334206414,False
contact_scale:2,contact_scale,0.14750935119259864,5_to_10,cumulative_cases,37.70666666666666,46.967288888888895,300,0.1580457334206414,False
contact_scale:2,contact_scale,0.14750935119259864,5_to_10,final_week_cases,6.226666666666667,6.155288888888888,300,0.1580457334206414,False
contact_scale:2,contact_scale,0.14750935119259864,5_to_10,outbreak_indicator,0.0,0.0,300,0.1580457334206414,False
contact_scale:2,contact_scale,0.14750935119259864,5_to_10,peak_weekly_cases,9.473333333333333,4.022622222222223,300,0.1580457334206414,False
contact_scale:2,contact_scale,0.14750935119259864,all ages combined,cumulative_cases,124.64,177.19706666666664,300,0.1580457334206414,False
contact_scale:2,contact_scale,0.14750935119259864,all ages combined,final_week_cases,20.493333333333332,22.883288888888885,300,0.1580457334206414,False
contact_scale:2,contact_scale,0.14750935119259864,all ages combined,outbreak_indicator,1.0,0.0,300,0.1580457334206414,False
contact_scale:2,contact_scale,0.14750935119259864,all ages combined,peak_weekly_cases,26.823333333333334,11.645455555555555,300,0.1580457334206414,False
contact_scale:2,contact_scale,0.14750935119259864,under_1,cumulative_cases,13.013333333333334,15.20648888888889,300,0.1580457334206414,False
contact_scale:2,contact_scale,0.14750935119259864,under_1,final_week_cases,1.8566666666666667,2.1094555555555554,300,0.1580457334206414,False
contact_scale:2,contact_scale,0.14750935119259864,under_1,outbreak_indicator,0.0,0.0,300,0.1580457334206414,False
contact_scale:2,contact_scale,0.14750935119259864,under_1,peak_weekly_cases,4.16,1.8077333333333339,300,0.1580457334206414,False
contact_scale:3,contact_scale,0.1580457334206414,11_to_14,cumulative_cases,7.16,8.067733333333335,300,0.1580457334206414,True
contact_scale:3,contact_scale,0.1580457334206414,11_to_14,final_week_cases,1.2666666666666666,1.4155555555555555,300,0.1580457334206414,True
contact_scale:3,contact_scale,0.1580457334206414,11_to_14,outbreak_indicator,0.0,0.0,300,0.1580457334206414,True
contact_scale:3,contact_scale,0.1580457334206414,11_to_14,peak_weekly_cases,2.6933333333333334,1.039288888888889,300,0.1580457334206414,True
contact_scale:3,contact_scale,0.1580457334206414,15_to_24,cumulative_cases,10.686666666666667,11.675155555555556,300,0.1580457334206414,True
contact_scale:3,contact_scale,0.1580457334206414,15_to_24,final_week_cases,1.9466666666666668,2.0838222222222225,300,0.1580457334206414,True
contact_scale:3,contact_scale,0.1580457334206414,15_to_24,outbreak_indicator,0.0,0.0,300,0.1580457334206414,True
contact_scale:3,contact_scale,0.1580457334206414,15_to_24,peak_weekly_cases,3.5366666666666666,1.381988888888889,300,0.1580457334206414,True
contact_scale:3,contact_scale,0.1580457334206414,1_to_4,cumulative_cases,15.04,15.765066666666668,300,0.1580457334206414,True
contact_scale:3,contact_scale,0.1580457334206414,1_to_4,final_week_cases,2.19,2.0672333333333337,300,0.1580457334206414,True
contact_scale:3,contact_scale,0.1580457334206414,1_to_4,outbreak_indicator,0.0,0.0,300,0.1580457334206414,True
contact_scale:3,contact_scale,0.1580457334206414,1_to_4,peak_weekly_cases,4.823333333333333,2.045455555555556,300,0.1580457334206414,True
contact_scale:3,contact_scale,0.1580457334206414,25_to_34,cumulative_cases,16.313333333333333,19.961822222222224,300,0.1580457334206414,True
contact_scale:3,contact_scale,0.1580457334206414,25_to_34,final_week_cases,2.9,3.296666666666667,300,0.1580457334206414,True
contact_scale:3,contact_scale,0.1580457334206414,25_to_34,outbreak_indicator,0.0,0.0,300,0.1580457334206414,True
contact_scale:3,contact_scale,0.1580457334206414,25_to_34,peak_weekly_cases,4.973333333333334,2.0059555555555555,300,0.1580457334206414,True
contact_scale:3,contact_scale,0.1580457334206414,35_and_over,cumulative_cases,28.006666666666668,40.513288888888894,300,0.1580457334206414,True
contact_scale:3,contact_scale,0.1580457334206414,35_and_over,final_week_cases,5.0,5.58,300,0.1580457334206414,True
contact_scale:3,contact_scale,0.1580457334206414,35_and_over,outbreak_indicator,0.0,0.0,300,0.1580457334206414,True
contact_scale:3,contact_scale,0.1580457334206414,35_and_over,peak_weekly_cases,7.526666666666666,3.829288888888888,300,0.1580457334206414,True
contact_scale:3,contact_scale,0.1580457334206414,5_to_10,cumulative_cases,40.22,50.791599999999995,300,0.1580457334206414,True
contact_scale:3,contact_scale,0.1580457334206414,5_to_10,final_week_cases,7.003333333333333,7.4366555555555545,300,0.1580457334206414,True
contact_scale:3,contact_scale,0.1580457334206414,5_to_10,outbreak_indicator,0.0033333333333333335,0.0033222222222222216,300,0.1580457334206414,True
contact_scale:3,contact_scale,0.1580457334206414,5_to_10,peak_weekly_cases,10.126666666666667,3.8706222222222215,300,0.1580457334206414,True
contact_scale:3,contact_scale,0.1580457334206414,all ages combined,cumulative_cases,131.17,202.62776666666667,300,0.1580457334206414,True
contact_scale:3,contact_scale,0.1580457334206414,all ages combined,final_week_cases,22.49,26.536566666666666,300,0.1580457334206414,True
contact_scale:3,contact_scale,0.1580457334206414,all ages combined,outbreak_indicator,1.0,0.0,300,0.1580457334206414,True
contact_scale:3,contact_scale,0.1580457334206414,all ages combined,peak_weekly_cases,28.093333333333334,13.657955555555558,300,0.1580457334206414,True
contact_scale:3,contact_scale,0.1580457334206414,under_1,cumulative_cases,13.743333333333334,15.637455555555556,300,0.1580457334206414,True
contact_scale:3,contact_scale,0.1580457334206414,under_1,final_week_cases,2.183333333333333,2.363055555555555,300,0.1580457334206414,True
contact_scale:3,contact_scale,0.1580457334206414,under_1,outbreak_indicator,0.0,0.0,300,0.1580457334206414,True
contact_scale:3,contact_scale,0.1580457334206414,under_1,peak_weekly_cases,4.33,1.8344333333333331,300,0.1580457334206414,True
contact_scale:4,contact_scale,0.16858211564868417,11_to_14,cumulative_cases,7.41,6.875233333333334,300,0.1580457334206414,False
contact_scale:4,contact_scale,0.16858211564868417,11_to_14,final_week_cases,1.2533333333333334,1.182488888888889,300,0.1580457334206414,False
contact_scale:4,contact_scale,0.16858211564868417,11_to_14,outbreak_indicator,0.0,0.0,300,0.1580457334206414,False
contact_scale:4,contact_scale,0.16858211564868417,11_to_14,peak_weekly_cases,2.69,1.0138999999999998,300,0.1580457334206414,False
contact_scale:4,contact_scale,0.16858211564868417,15_to_24,cumulative_cases,11.26,12.139066666666666,300,0.1580457334206414,False
contact_scale:4,contact_scale,0.16858211564868417,15_to_24,final_week_cases,1.91,1.9018999999999997,300,0.1580457334206414,False
contact_scale:4,contact_scale,0.16858211564868417,15_to_24,outbreak_indicator,0.0,0.0,300,0.1580457334206414,False
contact_scale:4,contact_scale,0.16858211564868417,15_to_24,peak_weekly_cases,3.6933333333333334,1.3059555555555555,300,0.1580457334206414,False
contact_scale:4,contact_scale,0.16858211564868417,1_to_4,cumulative_cases,15.46,15.581733333333334,300,0.1580457334206414,False
contact_scale:4,contact_scale,0.16858211564868417,1_to_4,final_week_cases,2.243333333333333,2.1774555555555555,300,0.1580457334206414,False
contact_scale:4,contact_scale,0.16858211564868417,1_to_4,outbreak_indicator,0.0,0.0,300,0.1580457334206414,False
contact_scale:4,contact_scale,0.16858211564868417,1_to_4,peak_weekly_cases,4.8133333333333335,2.2384888888888885,300,0.1580457334206414,False
contact_scale:4,contact_scale,0.16858211564868417,25_to_34,cumulative_cases,16.7,21.856666666666666,300,0.1580457334206414,False
contact_scale:4,contact_scale,0.16858211564868417,25_to_34,final_week_cases,3.0366666666666666,3.355322222222222,300,0.1580457334206414,False
contact_scale:4,contact_scale,0.16858211564868417,25_to_34,outbreak_indicator,0.0,0.0,300,0.1580457334206414,False
contact_scale:4,contact_scale,0.16858211564868417,25_to_34,peak_weekly_cases,5.023333333333333,2.1227888888888886,300,0.1580457334206414,False
contact_scale:4,contact_scale,0.16858211564868417,35_and_over,cumulative_cases,28.98,42.439600000000006,300,0.1580457334206414,False
contact_scale:4,contact_scale,0.16858211564868417,35_and_over,final_week_cases,5.41,6.0619000000000005,300,0.1580457334206414,False
contact_scale:4,contact_scale,0.16858211564868417,35_and_over,outbreak_indicator,0.0033333333333333335,0.0033222222222222216,300,0.1580457334206414,False
contact_scale:4,contact_scale,0.16858211564868417,35_and_over,peak_weekly_cases,7.836666666666667,4.416655555555556,300,0.1580457334206414,False
contact_scale:4,contact_scale,0.16858211564868417,5_to_10,cumulative_cases,42.513333333333335,50.60315555555555,300,0.1580457334206414,False
contact_scale:4,contact_scale,0.16858211564868417,5_to_10,final_week_cases,7.71,8.725900000000001,300,0.1580457334206414,False
contact_scale:4,contact_scale,0.16858211564868417,5_to_10,outbreak_indicator,0.016666666666666666,0.016388888888888894,300,0.1580457334206414,False
contact_scale:4,contact_scale,0.16858211564868417,5_to_10,peak_weekly_cases,10.763333333333334,4.467322222222222,300,0.1580457334206414,False
contact_scale:4,contact_scale,0.16858211564868417,all ages combined,cumulative_cases,136.70666666666668,204.26062222222222,300,0.1580457334206414,False
contact_scale:4,contact_scale,0.16858211564868417,all ages combined,final_week_cases,24.043333333333333,30.10145555555555,300,0.1580457334206414,False
contact_scale:4,contact_scale,0.16858211564868417,all ages combined,outbreak_indicator,1.0,0.0,300,0.1580457334206414,False
contact_scale:4,contact_scale,0.16858211564868417,all ages combined,peak_weekly_cases,29.236666666666668,14.23398888888889,300,0.1580457334206414,False
contact_scale:4,contact_scale,0.16858211564868417,under_1,cumulative_cases,14.383333333333333,13.94972222222222,300,0.1580457334206414,False
contact_scale:4,contact_scale,0.16858211564868417,under_1,final_week_cases,2.48,2.2896,300,0.1580457334206414,False
contact_scale:4,contact_scale,0.16858211564868417,under_1,outbreak_indicator,0.0,0.0,300,0.1580457334206414,False
contact_scale:4,contact_scale,0.16858211564868417,under_1,peak_weekly_cases,4.4366666666666665,1.7926555555555554,300,0.1580457334206414,False
contact_scale:5,contact_scale,0.17911849787672693,11_to_14,cumulative_cases,7.66,8.537733333333334,300,0.1580457334206414,False
contact_scale:5,contact_scale,0.17911849787672693,11_to_14,final_week_cases,1.3966666666666667,1.5726555555555555,300,0.1580457334206414,False
contact_scale:5,contact_scale,0.17911849787672693,11_to_14,outbreak_indicator,0.0,0.0,300,0.1580457334206414,False
contact_scale:5,contact_scale,0.17911849787672693,11_to_14,peak_weekly_cases,2.86,1.1470666666666665,300,0.1580457334206414,False
contact_scale:5,contact_scale,0.17911849787672693,15_to_24,cumulative_cases,11.513333333333334,11.649822222222223,300,0.1580457334206414,False
contact_scale:5,contact_scale,0.17911849787672693,15_to_24,final_week_cases,1.9566666666666668,1.8414555555555558,300,0.1580457334206414,False
contact_scale:5,contact_scale,0.17911849787672693,15_to_24,outbreak_indicator,0.0,0.0,300,0.1580457334206414,False
contact_scale:5,contact_scale,0.17911849787672693,15_to_24,peak_weekly_cases,3.75,1.1875,300,0.1580457334206414,False
contact_scale:5,contact_scale,0.17911849787672693,1_to_4,cumulative_cases,16.02,16.972933333333334,300,0.1580457334206414,False
contact_scale:5,contact_scale,0.17911849787672693,1_to_4,final_week_cases,2.32,2.2242666666666664,300,0.1580457334206414,False
contact_scale:5,contact_scale,0.17911849787672693,1_to_4,outbreak_indicator,0.0,0.0,300,0.1580457334206414,False
contact_scale:5,contact_scale,0.17911849787672693,1_to_4,peak_weekly_cases,4.933333333333334,2.0022222222222226,300,0.1580457334206414,False
contact_scale:5,contact_scale,0.17911849787672693,25_to_34,cumulative_cases,17.186666666666667,23.77848888888889,300,0.1580457334206414,False
contact_scale:5,contact_scale,0.17911849787672693,25_to_34,final_week_cases,3.276666666666667,3.9134555555555552,300,0.1580457334206414,False
contact_scale:5,contact_scale,0.17911849787672693,25_to_34,outbreak_indicator,0.0,0.0,300,0.1580457334206414,False
contact_scale:5,contact_scale,0.17911849787672693,25_to_34,peak_weekly_cases,5.223333333333334,2.2534555555555555,300,0.1580457334206414,False
contact_scale:5,contact_scale,0.17911849787672693,35_and_over,cumulative_cases,29.96,41.73173333333334,300,0.1580457334206414,False
contact_scale:5,contact_scale,0.17911849787672693,35_and_over,final_week_cases,5.8133333333333335,6.131822222222223,300,0.1580457334206414,False
contact_scale:5,contact_scale,0.17911849787672693,35_and_over,outbreak_indicator,0.0033333333333333335,0.003322222222222222,300,0.1580457334206414,False
contact_scale:5,contact_scale,0.17911849787672693,35_and_over,peak_weekly_cases,8.203333333333333,4.301988888888889,300,0.1580457334206414,False
contact_scale:5,contact_scale,0.17911849787672693,5_to_10,cumulative_cases,45.163333333333334,62.20332222222222,300,0.1580457334206414,False
contact_scale:5,contact_scale,0.17911849787672693,5_to_10,final_week_cases,8.74,10.672400000000001,300,0.1580457334206414,False
contact_scale:5,contact_scale,0.17911849787672693,5_to_10,outbreak_indicator,0.06666666666666667,0.06222222222222224,300,0.1580457334206414,False
contact_scale:5,contact_scale,0.17911849787672693,5_to_10,peak_weekly_cases,11.453333333333333,5.834488888888888,300,0.1580457334206414,False
contact_scale:5,contact_scale,0.17911849787672693,all ages combined,cumulative_cases,142.43333333333334,224.03888888888886,300,0.1580457334206414,False
contact_scale:5,contact_scale,0.17911849787672693,all ages combined,final_week_cases,26.106666666666666,35.195288888888896,300,0.1580457334206414,False
contact_scale:5,contact_scale,0.17911849787672693,all ages combined,outbreak_indicator,1.0,0.0,300,0.1580457334206414,False
contact_scale:5,contact_scale,0.17911849787672693,all ages combined,peak_weekly_cases,30.65,17.1675,300,0.1580457334206414,False
contact_scale:5,contact_scale,0.17911849787672693,under_1,cumulative_cases,14.93,15.511766666666668,300,0.1580457334206414,False
contact_scale:5,contact_scale,0.17911849787672693,under_1,final_week_cases,2.6033333333333335,2.739322222222222,300,0.1580457334206414,False
contact_scale:5,contact_scale,0.17911849787672693,under_1,outbreak_indicator,0.0,0.0,300,0.1580457334206414,False
contact_scale:5,contact_scale,0.17911849787672693,under_1,peak_weekly_cases,4.693333333333333,2.0126222222222223,300,0.1580457334206414,False
contact_scale:6,contact_scale,0.1896548801047697,11_to_14,cumulative_cases,8.05,8.7875,300,0.1580457334206414,False
contact_scale:6,contact_scale,0.1896548801047697,11_to_14,final_week_cases,1.5666666666666667,1.458888888888889,300,0.1580457334206414,False
contact_scale:6,contact_scale,0.1896548801047697,11_to_14,outbreak_indicator,0.0,0.0,300,0.1580457334206414,False
contact_scale:6,contact_scale,0.1896548801047697,11_to_14,peak_weekly_cases,2.8233333333333333,0.8721222222222221,300,0.1580457334206414,False
contact_scale:6,contact_scale,0.1896548801047697,15_to_24,cumulative_cases,12.11,12.837900000000001,300,0.1580457334206414,False
contact_scale:6,contact_scale,0.1896548801047697,15_to_24,final_week_cases,2.25,2.2608333333333333,300,0.1580457334206414,False
contact_scale:6,contact_scale,0.1896548801047697,15_to_24,outbreak_indicator,0.0,0.0,300,0.1580457334206414,False
contact_scale:6,contact_scale,0.1896548801047697,15_to_24,peak_weekly_cases,4.01,1.5032333333333334,300,0.1580457334206414,False
contact_scale:6,contact_scale,0.1896548801047697,1_to_4,cumulative_cases,16.883333333333333,19.003055555555555,300,0.1580457334206414,False
contact_scale:6,contact_scale,0.1896548801047697,1_to_4,final_week_cases,2.7266666666666666,2.798622222222222,300,0.1580457334206414,False
contact_scale:6,contact_scale,0.1896548801047697,1_to_4,outbreak_indicator,0.0,0.0,300,0.1580457334206414,False
contact_scale:6,contact_scale,0.1896548801047697,1_to_4,peak_weekly_cases,5.07,1.9917666666666667,300,0.1580457334206414,False
contact_scale:6,contact_scale,0.1896548801047697,25_to_34,cumulative_cases,18.213333333333335,23.47448888888889,300,0.1580457334206414,False
contact_scale:6,contact_scale,0.1896548801047697,25_to_34,final_week_cases,3.4966666666666666,4.116655555555556,300,0.1580457334206414,False
contact_scale:6,contact_scale,0.1896548801047697,25_to_34,outbreak_indicator,0.0,0.0,300,0.1580457334206414,False
contact_scale:6,contact_scale,0.1896548801047697,25_to_34,peak_weekly_cases,5.516666666666667,2.383055555555556,300,0.1580457334206414,False
contact_scale:6,contact_scale,0.1896548801047697,35_and_over,cumulative_cases,30.133333333333333,36.86888888888889,300,0.1580457334206414,False
contact_scale:6,contact_scale,0.1896548801047697,35_and_over,final_week_cases,5.833333333333333,6.985555555555557,300,0.1580457334206414,False
contact_scale:6,contact_scale,0.1896548801047697,35_and_over,outbreak_indicator,0.006666666666666667,0.00662222222222222,300,0.1580457334206414,False
contact_scale:6,contact_scale,0.1896548801047697,35_and_over,peak_weekly_cases,8.356666666666667,4.049455555555555,300,0.1580457334206414,False
contact_scale:6,contact_scale,0.1896548801047697,5_to_10,cumulative_cases,46.82666666666667,66.28328888888888,300,0.1580457334206414,False
contact_scale:6,contact_scale,0.1896548801047697,5_to_10,final_week_cases,9.126666666666667,10.357288888888888,300,0.1580457334206414,False
contact_scale:6,contact_scale,0.1896548801047697,5_to_10,outbreak_indicator,0.056666666666666664,0.05345555555555556,300,0.1580457334206414,False
contact_scale:6,contact_scale,0.1896548801047697,5_to_10,peak_weekly_cases,11.693333333333333,5.559288888888889,300,0.1580457334206414,False
contact_scale:6,contact_scale,0.1896548801047697,all ages combined,cumulative_cases,148.17333333333335,246.5366222222222,300,0.1580457334206414,False
contact_scale:6,contact_scale,0.1896548801047697,all ages combined,final_week_cases,27.873333333333335,34.750622222222226,300,0.1580457334206414,False
contact_scale:6,contact_scale,0.1896548801047697,all ages combined,outbreak_indicator,1.0,0.0,300,0.1580457334206414,False
contact_scale:6,contact_scale,0.1896548801047697,all ages combined,peak_weekly_cases,31.98,18.586266666666667,300,0.1580457334206414,False
contact_scale:6,contact_scale,0.1896548801047697,under_1,cumulative_cases,15.956666666666667,17.76812222222222,300,0.1580457334206414,False
contact_scale:6,contact_scale,0.1896548801047697,under_1,final_week_cases,2.8733333333333335,3.7439555555555564,300,0.1580457334206414,False
contact_scale:6,contact_scale,0.1896548801047697,under_1,outbreak_indicator,0.0,0.0,300,0.1580457334206414,False
contact_scale:6,contact_scale,0.1896548801047697,under_1,peak_weekly_cases,5.05,2.4008333333333334,300,0.1580457334206414,False
delta:0,delta,0.0007199999999999999,11_to_14,cumulative_cases,7.096666666666667,7.593988888888889,300,0.0009,False
delta:0,delta,0.0007199999999999999,11_to_14,final_week_cases,1.22,1.3249333333333333,300,0.0009,False
delta:0,delta,0.0007199999999999999,11_to_14,outbreak_indicator,0.0,0.0,300,0.0009,False
delta:0,delta,0.0007199999999999999,11_to_14,peak_weekly_cases,2.6766666666666667,0.9921222222222223,300,0.0009,False
delta:0,delta,0.0007199999999999999,15_to_24,cumulative_cases,10.713333333333333,10.517822222222224,300,0.0009,False
delta:0,delta,0.0007199999999999999,15_to_24,final_week_cases,1.9266666666666667,2.0879555555555553,300,0.0009,False
delta:0,delta,0.0007199999999999999,15_to_24,outbreak_indicator,0.0,0.0,300,0.0009,False
delta:0,delta,0.0007199999999999999,15_to_24,peak_weekly_cases,3.57,1.2851000000000001,300,0.0009,False
delta:0,delta,0.0007199999999999999,1_to_4,cumulative_cases,14.9,14.263333333333334,300,0.0009,False
delta:0,delta,0.0007199999999999999,1_to_4,final_week_cases,2.15,2.2275,300,0.0009,False
delta:0,delta,0.0007199999999999999,1_to_4,outbreak_indicator,0.0,0.0,300,0.0009,False
delta:0,delta,0.0007199999999999999,1_to_4,peak_weekly_cases,4.786666666666667,1.954488888888889,300,0.0009,False
delta:0,delta,0.0007199999999999999,25_to_34,cumulative_cases,16.10333333333333,20.72598888888889,300,0.0009,False
delta:0,delta,0.0007199999999999999,25_to_34,final_week_cases,2.8833333333333333,2.8297222222222227,300,0.0009,False
delta:0,delta,0.0007199999999999999,25_to_34,outbreak_indicator,0.0,0.0,300,0.0009,False
delta:0,delta,0.0007199999999999999,25_to_34,peak_weekly_cases,4.873333333333333,1.917288888888889,300,0.0009,False
delta:0,delta,0.0007199999999999999,35_and_over,cumulative_cases,27.79,42.3259,300,0.0009,False
delta:0,delta,0.0007199999999999999,35_and_over,final_week_cases,5.006666666666667,6.099955555555556,300,0.0009,False
delta:0,delta,0.0007199999999999999,35_and_over,outbreak_indicator,0.0,0.0,300,0.0009,False
delta:0,delta,0.0007199999999999999,35_and_over,peak_weekly_cases,7.513333333333334,3.7498222222222215,300,0.0009,False
delta:0,delta,0.0007199999999999999,5_to_10,cumulative_cases,39.92666666666667,53.95462222222222,300,0.0009,False
delta:0,delta,0.0007199999999999999,5_to_10,final_week_cases,6.88,7.898933333333333,300,0.0009,False
delta:0,delta,0.0007199999999999999,5_to_10,outbreak_indicator,0.006666666666666667,0.006622222222222221,300,0.0009,False
delta:0,delta,0.0007199999999999999,5_to_10,peak_weekly_cases,10.1,4.203333333333333,300,0.0009,False
delta:0,delta,0.0007199999999999999,all ages combined,cumulative_cases,130.24,203.0490666666667,300,0.0009,False
delta:0,delta,0.0007199999999999999,all ages combined,final_week_cases,22.206666666666667,26.690622222222228,300,0.0009,False
delta:0,delta,0.0007199999999999999,all ages combined,outbreak_indicator,1.0,0.0,300,0.0009,False
delta:0,delta,0.0007199999999999999,all ages combined,peak_weekly_cases,27.88,13.432266666666667,300,0.0009,False
delta:0,delta,0.0007199999999999999,under_1,cumulative_cases,13.71,15.505900000000002,300,0.0009,False
delta:0,delta,0.0007199999999999999,under_1,final_week_cases,2.14,2.0804,300,0.0009,False
delta:0,delta,0.0007199999999999999,under_1,outbreak_indicator,0.0,0.0,300,0.0009,False
delta:0,delta,0.0007199999999999999,under_1,peak_weekly_cases,4.31,1.7205666666666668,300,0.0009,False
delta:1,delta,0.00078,11_to_14,cumulative_cases,7.096666666666667,7.713988888888889,300,0.0009,False
delta:1,delta,0.00078,11_to_14,final_week_cases,1.2333333333333334,1.3455555555555554,300,0.0009,False
delta:1,delta,0.00078,11_to_14,outbreak_indicator,0.0,0.0,300,0.0009,False
delta:1,delta,0.00078,11_to_14,peak_weekly_cases,2.68,1.0042666666666669,300,0.0009,False
delta:1,delta,0.00078,15_to_24,cumulative_cases,10.69,10.987233333333334,300,0.0009,False
delta:1,delta,0.00078,15_to_24,final_week_cases,1.9466666666666668,2.0904888888888893,300,0.0009,False
delta:1,delta,0.00078,15_to_24,outbreak_indicator,0.0,0.0,300,0.0009,False
delta:1,delta,0.00078,15_to_24,peak_weekly_cases,3.56,1.3063999999999998,300,0.0009,False
delta:1,delta,0.00078,1_to_4,cumulative_cases,14.953333333333333,15.011155555555554,300,0.0009,False
delta:1,delta,0.00078,1_to_4,final_week_cases,2.1633333333333336,2.1499888888888887,300,0.0009,False
delta:1,delta,0.00078,1_to_4,outbreak_indicator,0.0,0.0,300,0.0009,False
delta:1,delta,0.00078,1_to_4,peak_weekly_cases,4.773333333333333,2.0152888888888887,300,0.0009,False
delta:1,delta,0.00078,25_to_34,cumulative_cases,16.09,20.661900000000003,300,0.0009,False
delta:1,delta,0.00078,25_to_34,final_week_cases,2.8533333333333335,2.9051555555555555,300,0.0009,False
delta:1,delta,0.00078,25_to_34,outbreak_indicator,0.0,0.0,300,0.0009,False
delta:1,delta,0.00078,25_to_34,peak_weekly_cases,4.876666666666667,1.908122222222222,300,0.0009,False
delta:1,delta,0.00078,35_and_over,cumulative_cases,27.866666666666667,40.86888888888889,300,0.0009,False
delta:1,delta,0.00078,35_and_over,final_week_cases,5.056666666666667,6.006788888888889,300,0.0009,False
delta:1,delta,0.00078,35_and_over,outbreak_indicator,0.0,0.0,300,0.0009,False
delta:1,delta,0.00078,35_and_over,peak_weekly_cases,7.52,3.696266666666667,300,0.0009,False
delta:1,delta,0.00078,5_to_10,cumulative_cases,39.99666666666667,52.829988888888906,300,0.0009,False
delta:1,delta,0.00078,5_to_10,final_week_cases,6.86,7.887066666666667,300,0.0009,False
delta:1,delta,0.00078,5_to_10,outbreak_indicator,0.006666666666666667,0.006622222222222221,300,0.0009,False
delta:1,delta,0.00078,5_to_10,peak_weekly_cases,10.12,4.198933333333333,300,0.0009,False
delta:1,delta,0.00078,all ages combined,cumulative_cases,130.44,196.81973333333332,300,0.0009,False
delta:1,delta,0.00078,all ages combined,final_week_cases,22.323333333333334,26.785455555555554,300,0.0009,False
delta:1,delta,0.00078,all ages combined,outbreak_indicator,1.0,0.0,300,0.0009,False
delta:1,delta,0.00078,all ages combined,peak_weekly_cases,27.95,13.1075,300,0.0009,False
delta:1,delta,0.00078,under_1,cumulative_cases,13.746666666666666,15.542488888888887,300,0.0009,False
delta:1,delta,0.00078,under_1,final_week_cases,2.21,2.1592333333333333,300,0.0009,False
delta:1,delta,0.00078,under_1,outbreak_indicator,0.0,0.0,300,0.0009,False
delta:1,delta,0.00078,under_1,peak_weekly_cases,4.31,1.6739,300,0.0009,False
delta:2,delta,0.0008399999999999999,11_to_14,cumulative_cases,7.1433333333333335,7.722788888888888,300,0.0009,False
delta:2,delta,0.0008399999999999999,11_to_14,final_week_cases,1.25,1.3608333333333333,300,0.0009,False
delta:2,delta,0.0008399999999999999,11_to_14,outbreak_indicator,0.0,0.0,300,0.0009,False
delta:2,delta,0.0008399999999999999,11_to_14,peak_weekly_cases,2.6933333333333334,1.0459555555555555,300,0.0009,False
delta:2,delta,0.0008399999999999999,15_to_24,cumulative_cases,10.673333333333334,11.099955555555553,300,0.0009,False
delta:2,delta,0.0008399999999999999,15_to_24,final_week_cases,1.9,2.0166666666666666,300,0.0009,False
delta:2,delta,0.0008399999999999999,15_to_24,outbreak_indicator,0.0,0.0,300,0.0009,False
delta:2,delta,0.0008399999999999999,15_to_24,peak_weekly_cases,3.546666666666667,1.3211555555555556,300,0.0009,False
delta:2,delta,0.0008399999999999999,1_to_4,cumulative_cases,15.01,15.5699,300,0.0009,False
delta:2,delta,0.0008399999999999999,1_to_4,final_week_cases,2.17,2.067766666666667,300,0.0009,False
delta:2,delta,0.0008399999999999999,1_to_4,outbreak_indicator,0.0,0.0,300,0.0009,False
delta:2,delta,0.0008399999999999999,1_to_4,peak_weekly_cases,4.793333333333333,2.0772888888888885,300,0.0009,False
delta:2,delta,0.0008399999999999999,25_to_34,cumulative_cases,16.156666666666666,21.272122222222222,300,0.0009,False
delta:2,delta,0.0008399999999999999,25_to_34,final_week_cases,2.88,3.1856000000000004,300,0.0009,False
delta:2,delta,0.0008399999999999999,25_to_34,outbreak_indicator,0.0,0.0,300,0.0009,False
delta:2,delta,0.0008399999999999999,25_to_34,peak_weekly_cases,4.926666666666667,2.041288888888889,300,0.0009,False
delta:2,delta,0.0008399999999999999,35_and_over,cumulative_cases,28.003333333333334,40.676655555555556,300,0.0009,False
delta:2,delta,0.0008399999999999999,35_and_over,final_week_cases,5.026666666666666,5.879288888888888,300,0.0009,False
delta:2,delta,0.0008399999999999999,35_and_over,outbreak_indicator,0.0,0.0,300,0.0009,False
delta:2,delta,0.0008399999999999999,35_and_over,peak_weekly_cases,7.526666666666666,3.8626222222222215,300,0.0009,False
delta:2,delta,0.0008399999999999999,5_to_10,cumulative_cases,40.016666666666666,51.88305555555556,300,0.0009,False
delta:2,delta,0.0008399999999999999,5_to_10,final_week_cases,6.906666666666666,7.391288888888889,300,0.0009,False
delta:2,delta,0.0008399999999999999,5_to_10,outbreak_indicator,0.0033333333333333335,0.0033222222222222216,300,0.0009,False
delta:2,delta,0.0008399999999999999,5_to_10,peak_weekly_cases,10.07,3.871766666666666,300,0.0009,False
delta:2,delta,0.0008399999999999999,all ages combined,cumulative_cases,130.8,207.45333333333335,300,0.0009,False
delta:2,delta,0.0008399999999999999,all ages combined,final_week_cases,22.366666666666667,26.59222222222222,300,0.0009,False
delta:2,delta,0.0008399999999999999,all ages combined,outbreak_indicator,1.0,0.0,300,0.0009,False
delta:2,delta,0.0008399999999999999,all ages combined,peak_weekly_cases,27.97,13.422433333333334,300,0.0009,False
delta:2,delta,0.0008399999999999999,under_1,cumulative_cases,13.796666666666667,16.028655555555556,300,0.0009,False
delta:2,delta,0.0008399999999999999,under_1,final_week_cases,2.2333333333333334,2.438888888888889,300,0.0009,False
delta:2,delta,0.0008399999999999999,under_1,outbreak_indicator,0.0,0.0,300,0.0009,False
delta:2,delta,0.0008399999999999999,under_1,peak_weekly_cases,4.33,1.7944333333333335,300,0.0009,False
delta:3,delta,0.0009,11_to_14,cumulative_cases,7.16,8.067733333333335,300,0.0009,True
delta:3,delta,0.0009,11_to_14,final_week_cases,1.2666666666666666,1.4155555555555555,300,0.0009,True
delta:3,delta,0.0009,11_to_14,outbreak_indicator,0.0,0.0,300,0.0009,True
delta:3,delta,0.0009,11_to_14,peak_weekly_cases,2.6933333333333334,1.039288888888889,300,0.0009,True
delta:3,delta,0.0009,15_to_24,cumulative_cases,10.686666666666667,11.675155555555556,300,0.0009,True
delta:3,delta,0.0009,15_to_24,final_week_cases,1.9466666666666668,2.0838222222222225,300,0.0009,True
delta:3,delta,0.0009,15_to_24,outbreak_indicator,0.0,0.0,300,0.0009,True
delta:3,delta,0.0009,15_to_24,peak_weekly_cases,3.5366666666666666,1.381988888888889,300,0.0009,True
delta:3,delta,0.0009,1_to_4,cumulative_cases,15.04,15.765066666666668,300,0.0009,True
delta:3,delta,0.0009,1_to_4,final_week_cases,2.19,2.0672333333333337,300,0.0009,True
delta:3,delta,0.0009,1_to_4,outbreak_indicator,0.0,0.0,300,0.0009,True
delta:3,delta,0.0009,1_to_4,peak_weekly_cases,4.823333333333333,2.045455555555556,300,0.0009,True
delta:3,delta,0.0009,25_to_34,cumulative_cases,16.313333333333333,19.961822222222224,300,0.0009,True
delta:3,delta,0.0009,25_to_34,final_week_cases,2.9,3.296666666666667,300,0.0009,True
delta:3,delta,0.0009,25_to_34,outbreak_indicator,0.0,0.0,300,0.0009,True
delta:3,delta,0.0009,25_to_34,peak_weekly_cases,4.973333333333334,2.0059555555555555,300,0.0009,True
delta:3,delta,0.0009,35_and_over,cumulative_cases,28.006666666666668,40.513288888888894,300,0.0009,True
delta:3,delta,0.0009,35_and_over,final_week_cases,5.0,5.58,300,0.0009,True
delta:3,delta,0.0009,35_and_over,outbreak_indicator,0.0,0.0,300,0.0009,True
delta:3,delta,0.0009,35_and_over,peak_weekly_cases,7.526666666666666,3.829288888888888,300,0.0009,True
delta:3,delta,0.0009,5_to_10,cumulative_cases,40.22,50.791599999999995,300,0.0009,True
delta:3,delta,0.0009,5_to_10,final_week_cases,7.003333333333333,7.4366555555555545,300,0.0009,True
delta:3,delta,0.0009,5_to_10,outbreak_indicator,0.0033333333333333335,0.0033222222222222216,300,0.0009,True
delta:3,delta,0.0009,5_to_10,peak_weekly_cases,10.126666666666667,3.8706222222222215,300,0.0009,True
delta:3,delta,0.0009,all ages combined,cumulative_cases,131.17,202.62776666666667,300,0.0009,True
delta:3,delta,0.0009,all ages combined,final_week_cases,22.49,26.536566666666666,300,0.0009,True
delta:3,delta,0.0009,all ages combined,outbreak_indicator,1.0,0.0,300,0.0009,True
delta:3,delta,0.0009,all ages combined,peak_weekly_cases,28.093333333333334,13.657955555555558,300,0.0009,True
delta:3,delta,0.0009,under_1,cumulative_cases,13.743333333333334,15.637455555555556,300,0.0009,True
delta:3,delta,0.0009,under_1,final_week_cases,2.183333333333333,2.363055555555555,300,0.0009,True
delta:3,delta,0.0009,under_1,outbreak_indicator,0.0,0.0,300,0.0009,True
delta:3,delta,0.0009,under_1,peak_weekly_cases,4.33,1.8344333333333331,300,0.0009,True
delta:4,delta,0.00096,11_to_14,cumulative_cases,7.173333333333333,8.136622222222222,300,0.0009,False
delta:4,delta,0.00096,11_to_14,final_week_cases,1.2333333333333334,1.452222222222222,300,0.0009,False
delta:4,delta,0.00096,11_to_14,outbreak_indicator,0.0,0.0,300,0.0009,False
delta:4,delta,0.00096,11_to_14,peak_weekly_cases,2.703333333333333,1.041988888888889,300,0.0009,False
delta:4,delta,0.00096,15_to_24,cumulative_cases,10.74,11.199066666666667,300,0.0009,False
delta:4,delta,0.00096,15_to_24,final_week_cases,1.93,2.0784333333333334,300,0.0009,False
delta:4,delta,0.00096,15_to_24,outbreak_indicator,0.0,0.0,300,0.0009,False
delta:4,delta,0.00096,15_to_24,peak_weekly_cases,3.5633333333333335,1.3726555555555555,300,0.0009,False
delta:4,delta,0.00096,1_to_4,cumulative_cases,15.143333333333333,16.089455555555553,300,0.0009,False
delta:4,delta,0.00096,1_to_4,final_week_cases,2.21,2.2325666666666666,300,0.0009,False
delta:4,delta,0.00096,1_to_4,outbreak_indicator,0.0,0.0,300,0.0009,False
delta:4,delta,0.00096,1_to_4,peak_weekly_cases,4.84,2.0277333333333334,300,0.0009,False
delta:4,delta,0.00096,25_to_34,cumulative_cases,16.376666666666665,19.32145555555556,300,0.0009,False
delta:4,delta,0.00096,25_to_34,final_week_cases,2.92,3.3736,300,0.0009,False
delta:4,delta,0.00096,25_to_34,outbreak_indicator,0.0,0.0,300,0.0009,False
delta:4,delta,0.00096,25_to_34,peak_weekly_cases,5.02,1.972933333333333,300,0.0009,False
delta:4,delta,0.00096,35_and_over,cumulative_cases,28.073333333333334,41.687955555555554,300,0.0009,False
delta:4,delta,0.00096,35_and_over,final_week_cases,5.07,5.645099999999999,300,0.0009,False
delta:4,delta,0.00096,35_and_over,outbreak_indicator,0.0,0.0,300,0.0009,False
delta:4,delta,0.00096,35_and_over,peak_weekly_cases,7.533333333333333,3.9022222222222225,300,0.0009,False
delta:4,delta,0.00096,5_to_10,cumulative_cases,40.25333333333333,52.335822222222234,300,0.0009,False
delta:4,delta,0.00096,5_to_10,final_week_cases,7.033333333333333,7.858888888888888,300,0.0009,False
delta:4,delta,0.00096,5_to_10,outbreak_indicator,0.006666666666666667,0.00662222222222222,300,0.0009,False
delta:4,delta,0.00096,5_to_10,peak_weekly_cases,10.133333333333333,4.095555555555555,300,0.0009,False
delta:4,delta,0.00096,all ages combined,cumulative_cases,131.43333333333334,204.00555555555556,300,0.0009,False
delta:4,delta,0.00096,all ages combined,final_week_cases,22.55666666666667,28.453455555555557,300,0.0009,False
delta:4,delta,0.00096,all ages combined,outbreak_indicator,1.0,0.0,300,0.0009,False
delta:4,delta,0.00096,all ages combined,peak_weekly_cases,28.19333333333333,14.055955555555556,300,0.0009,False
delta:4,delta,0.00096,under_1,cumulative_cases,13.673333333333334,15.499955555555555,300,0.0009,False
delta:4,delta,0.00096,under_1,final_week_cases,2.16,2.2944000000000004,300,0.0009,False
delta:4,delta,0.00096,under_1,outbreak_indicator,0.0,0.0,300,0.0009,False
delta:4,delta,0.00096,under_1,peak_weekly_cases,4.316666666666666,1.7430555555555554,300,0.0009,False
delta:5,delta,0.00102,11_to_14,cumulative_cases,7.263333333333334,8.007322222222223,300,0.0009,False
delta:5,delta,0.00102,11_to_14,final_week_cases,1.2766666666666666,1.4534555555555557,300,0.0009,False
delta:5,delta,0.00102,11_to_14,outbreak_indicator,0.0,0.0,300,0.0009,False
delta:5,delta,0.00102,11_to_14,peak_weekly_cases,2.716666666666667,1.0163888888888888,300,0.0009,False
delta:5,delta,0.00102,15_to_24,cumulative_cases,10.816666666666666,11.309722222222224,300,0.0009,False
delta:5,delta,0.00102,15_to_24,final_week_cases,1.9333333333333333,2.068888888888889,300,0.0009,False
delta:5,delta,0.00102,15_to_24,outbreak_indicator,0.0,0.0,300,0.0009,False
delta:5,delta,0.00102,15_to_24,peak_weekly_cases,3.5733333333333333,1.3712888888888888,300,0.0009,False
delta:5,delta,0.00102,1_to_4,cumulative_cases,15.123333333333333,16.508122222222223,300,0.0009,False
delta:5,delta,0.00102,1_to_4,final_week_cases,2.2266666666666666,2.135288888888889,300,0.0009,False
delta:5,delta,0.00102,1_to_4,outbreak_indicator,0.0,0.0,300,0.0009,False
delta:5,delta,0.00102,1_to_4,peak_weekly_cases,4.8133333333333335,2.058488888888889,300,0.0009,False
delta:5,delta,0.00102,25_to_34,cumulative_cases,16.46,18.8484,300,0.0009,False
delta:5,delta,0.00102,25_to_34,final_week_cases,2.95,3.4208333333333334,300,0.0009,False
delta:5,delta,0.00102,25_to_34,outbreak_indicator,0.0,0.0,300,0.0009,False
delta:5,delta,0.00102,25_to_34,peak_weekly_cases,5.033333333333333,2.005555555555556,300,0.0009,False
delta:5,delta,0.00102,35_and_over,cumulative_cases,28.083333333333332,40.80305555555556,300,0.0009,False
delta:5,delta,0.00102,35_and_over,final_week_cases,4.99,5.709899999999999,300,0.0009,False
delta:5,delta,0.00102,35_and_over,outbreak_indicator,0.0,0.0,300,0.0009,False
delta:5,delta,0.00102,35_and_over,peak_weekly_cases,7.533333333333333,3.8488888888888884,300,0.0009,False
delta:5,delta,0.00102,5_to_10,cumulative_cases,40.27,51.763766666666655,300,0.0009,False
delta:5,delta,0.00102,5_to_10,final_week_cases,7.0,7.793333333333333,300,0.0009,False
delta:5,delta,0.00102,5_to_10,outbreak_indicator,0.006666666666666667,0.00662222222222222,300,0.0009,False
delta:5,delta,0.00102,5_to_10,peak_weekly_cases,10.146666666666667,3.9251555555555555,300,0.0009,False
delta:5,delta,0.00102,all ages combined,cumulative_cases,131.64,206.03706666666665,300,0.0009,False
delta:5,delta,0.00102,all ages combined,final_week_cases,22.526666666666667,28.482622222222222,300,0.0009,False
delta:5,delta,0.00102,all ages combined,outbreak_indicator,1.0,0.0,300,0.0009,False
delta:5,delta,0.00102,all ages combined,peak_weekly_cases,28.216666666666665,13.85638888888889,300,0.0009,False
delta:5,delta,0.00102,under_1,cumulative_cases,13.623333333333333,15.608122222222221,300,0.0009,False
delta:5,delta,0.00102,under_1,final_week_cases,2.15,2.194166666666667,300,0.0009,False
delta:5,delta,0.00102,under_1,outbreak_indicator,0.0,0.0,300,0.0009,False
delta:5,delta,0.00102,under_1,peak_weekly_cases,4.296666666666667,1.741988888888889,300,0.0009,False
delta:6,delta,0.00108,11_to_14,cumulative_cases,7.316666666666666,8.349722222222223,300,0.0009,False
delta:6,delta,0.00108,11_to_14,final_week_cases,1.3166666666666667,1.5230555555555558,300,0.0009,False
delta:6,delta,0.00108,11_to_14,outbreak_indicator,0.0,0.0,300,0.0009,False
delta:6,delta,0.00108,11_to_14,peak_weekly_cases,2.7266666666666666,1.025288888888889,300,0.0009,False
delta:6,delta,0.00108,15_to_24,cumulative_cases,10.86,11.753733333333331,300,0.0009,False
delta:6,delta,0.00108,15_to_24,final_week_cases,1.93,2.1317666666666666,300,0.0009,False
delta:6,delta,0.00108,15_to_24,outbreak_indicator,0.0,0.0,300,0.0009,False
delta:6,delta,0.00108,15_to_24,peak_weekly_cases,3.5733333333333333,1.4112888888888888,300,0.0009,False
delta:6,delta,0.00108,1_to_4,cumulative_cases,15.213333333333333,15.914488888888888,300,0.0009,False
delta:6,delta,0.00108,1_to_4,final_week_cases,2.23,2.1837666666666666,300,0.0009,False
delta:6,delta,0.00108,1_to_4,outbreak_indicator,0.0,0.0,300,0.0009,False
delta:6,delta,0.00108,1_to_4,peak_weekly_cases,4.823333333333333,2.058788888888889,300,0.0009,False
delta:6,delta,0.00108,25_to_34,cumulative_cases,16.39,18.9979,300,0.0009,False
delta:6,delta,0.00108,25_to_34,final_week_cases,2.9233333333333333,3.390788888888888,300,0.0009,False
delta:6,delta,0.00108,25_to_34,outbreak_indicator,0.0,0.0,300,0.0009,False
delta:6,delta,0.00108,25_to_34,peak_weekly_cases,5.003333333333333,2.0433222222222223,300,0.0009,False
delta:6,delta,0.00108,35_and_over,cumulative_cases,28.24,42.342400000000005,300,0.0009,False
delta:6,delta,0.00108,35_and_over,final_week_cases,5.043333333333333,5.921455555555556,300,0.0009,False
delta:6,delta,0.00108,35_and_over,outbreak_indicator,0.0,0.0,300,0.0009,False
delta:6,delta,0.00108,35_and_over,peak_weekly_cases,7.57,4.1451,300,0.0009,False
delta:6,delta,0.00108,5_to_10,cumulative_cases,40.22666666666667,51.361955555555554,300,0.0009,False
delta:6,delta,0.00108,5_to_10,final_week_cases,6.9366666666666665,7.859322222222222,300,0.0009,False
delta:6,delta,0.00108,5_to_10,outbreak_indicator,0.006666666666666667,0.00662222222222222,300,0.0009,False
delta:6,delta,0.00108,5_to_10,peak_weekly_cases,10.156666666666666,3.9054555555555552,300,0.0009,False
delta:6,delta,0.00108,all ages combined,cumulative_cases,131.82,204.05426666666665,300,0.0009,False
delta:6,delta,0.00108,all ages combined,final_week_cases,22.493333333333332,28.90328888888889,300,0.0009,False
delta:6,delta,0.00108,all ages combined,outbreak_indicator,1.0,0.0,300,0.0009,False
delta:6,delta,0.00108,all ages combined,peak_weekly_cases,28.33,14.1411,300,0.0009,False
delta:6,delta,0.00108,under_1,cumulative_cases,13.573333333333334,15.251288888888888,300,0.0009,False
delta:6,delta,0.00108,under_1,final_week_cases,2.1133333333333333,2.1738222222222223,300,0.0009,False
delta:6,delta,0.00108,under_1,outbreak_indicator,0.0,0.0,300,0.0009,False
delta:6,delta,0.00108,under_1,peak_weekly_cases,4.283333333333333,1.7497222222222224,300,0.0009,False
dt:0,dt,0.016,11_to_14,cumulative_cases,7.02,7.4796000000000005,300,0.02,False
dt:0,dt,0.016,11_to_14,final_week_cases,1.1333333333333333,1.228888888888889,300,0.02,False
dt:0,dt,0.016,11_to_14,outbreak_indicator,0.0,0.0,300,0.02,False
dt:0,dt,0.016,11_to_14,peak_weekly_cases,2.65,0.9341666666666667,300,0.02,False
dt:0,dt,0.016,15_to_24,cumulative_cases,10.87,12.446433333333335,300,0.02,False
dt:0,dt,0.016,15_to_24,final_week_cases,1.9733333333333334,2.159288888888889,300,0.02,False
dt:0,dt,0.016,15_to_24,outbreak_indicator,0.0,0.0,300,0.02,False
dt:0,dt,0.016,15_to_24,peak_weekly_cases,3.69,1.3072333333333332,300,0.02,False
dt:0,dt,0.016,1_to_4,cumulative_cases,14.953333333333333,15.844488888888888,300,0.02,False
dt:0,dt,0.016,1_to_4,final_week_cases,2.0933333333333333,2.424622222222222,300,0.02,False
dt:0,dt,0.016,1_to_4,outbreak_indicator,0.0,0.0,300,0.02,False
dt:0,dt,0.016,1_to_4,peak_weekly_cases,4.61,1.8912333333333329,300,0.02,False
dt:0,dt,0.016,25_to_34,cumulative_cases,16.213333333333335,18.89448888888889,300,0.02,False
dt:0,dt,0.016,25_to_34,final_week_cases,2.71,2.8125666666666667,300,0.02,False
dt:0,dt,0.016,25_to_34,outbreak_indicator,0.0,0.0,300,0.02,False
dt:0,dt,0.016,25_to_34,peak_weekly_cases,5.07,2.471766666666666,300,0.02,False
dt:0,dt,0.016,35_and_over,cumulative_cases,27.39666666666667,38.52598888888888,300,0.02,False
dt:0,dt,0.016,35_and_over,final_week_cases,4.74,5.5324,300,0.02,False
dt:0,dt,0.016,35_and_over,outbreak_indicator,0.0,0.0,300,0.02,False
dt:0,dt,0.016,35_and_over,peak_weekly_cases,7.476666666666667,3.789455555555555,300,0.02,False
dt:0,dt,0.016,5_to_10,cumulative_cases,39.906666666666666,53.84462222222221,300,0.02,False
dt:0,dt,0.016,5_to_10,final_week_cases,7.036666666666667,8.121988888888888,300,0.02,False
dt:0,dt,0.016,5_to_10,outbreak_indicator,0.03666666666666667,0.035322222222222234,300,0.02,False
dt:0,dt,0.016,5_to_10,peak_weekly_cases,10.243333333333334,5.6774555555555555,300,0.02,False
dt:0,dt,0.016,all ages combined,cumulative_cases,129.86666666666667,193.76222222222222,300,0.02,False
dt:0,dt,0.016,all ages combined,final_week_cases,21.876666666666665,23.90812222222222,300,0.02,False
dt:0,dt,0.016,all ages combined,outbreak_indicator,1.0,0.0,300,0.02,False
dt:0,dt,0.016,all ages combined,peak_weekly_cases,27.786666666666665,13.367822222222221,300,0.02,False
dt:0,dt,0.016,under_1,cumulative_cases,13.506666666666666,15.696622222222222,300,0.02,False
dt:0,dt,0.016,under_1,final_week_cases,2.19,2.2939000000000003,300,0.02,False
dt:0,dt,0.016,under_1,outbreak_indicator,0.0,0.0,300,0.02,False
dt:0,dt,0.016,under_1,peak_weekly_cases,4.226666666666667,1.4152888888888886,300,0.02,False
dt:1,dt,0.017333333333333333,11_to_14,cumulative_cases,7.27,7.650433333333334,300,0.02,False
dt:1,dt,0.017333333333333333,11_to_14,final_week_cases,1.1433333333333333,1.2161222222222223,300,0.02,False
dt:1,dt,0.017333333333333333,11_to_14,outbreak_indicator,0.0,0.0,300,0.02,False
dt:1,dt,0.017333333333333333,11_to_14,peak_weekly_cases,2.66,0.9977333333333331,300,0.02,False
dt:1,dt,0.017333333333333333,15_to_24,cumulative_cases,10.833333333333334,10.892222222222221,300,0.02,False
dt:1,dt,0.017333333333333333,15_to_24,final_week_cases,1.8,1.8866666666666667,300,0.02,False
dt:1,dt,0.017333333333333333,15_to_24,outbreak_indicator,0.0,0.0,300,0.02,False
dt:1,dt,0.017333333333333333,15_to_24,peak_weekly_cases,3.6133333333333333,1.6304888888888884,300,0.02,False
dt:1,dt,0.017333333333333333,1_to_4,cumulative_cases,14.843333333333334,16.945455555555554,300,0.02,False
dt:1,dt,0.017333333333333333,1_to_4,final_week_cases,2.09,2.335233333333333,300,0.02,False
dt:1,dt,0.017333333333333333,1_to_4,outbreak_indicator,0.0,0.0,300,0.02,False
dt:1,dt,0.017333333333333333,1_to_4,peak_weekly_cases,4.713333333333333,2.011155555555556,300,0.02,False
dt:1,dt,0.017333333333333333,25_to_34,cumulative_cases,16.37,17.799766666666667,300,0.02,False
dt:1,dt,0.017333333333333333,25_to_34,final_week_cases,2.9166666666666665,2.909722222222222,300,0.02,False
dt:1,dt,0.017333333333333333,25_to_34,outbreak_indicator,0.0,0.0,300,0.02,False
dt:1,dt,0.017333333333333333,25_to_34,peak_weekly_cases,4.973333333333334,2.0792888888888887,300,0.02,False
dt:1,dt,0.017333333333333333,35_and_over,cumulative_cases,27.85,40.3675,300,0.02,False
dt:1,dt,0.017333333333333333,35_and_over,final_week_cases,5.076666666666667,5.397455555555555,300,0.02,False
dt:1,dt,0.017333333333333333,35_and_over,outbreak_indicator,0.0,0.0,300,0.02,False
dt:1,dt,0.017333333333333333,35_and_over,peak_weekly_cases,7.723333333333334,4.006788888888888,300,0.02,False
dt:1,dt,0.017333333333333333,5_to_10,cumulative_cases,39.37,49.55976666666667,300,0.02,False
dt:1,dt,0.017333333333333333,5_to_10,final_week_cases,6.55,7.920833333333333,300,0.02,False
dt:1,dt,0.017333333333333333,5_to_10,outbreak_indicator,0.006666666666666667,0.006622222222222221,300,0.02,False
dt:1,dt,0.017333333333333333,5_to_10,peak_weekly_cases,9.94,4.423066666666666,300,0.02,False
dt:1,dt,0.017333333333333333,all ages combined,cumulative_cases,130.36,217.2037333333333,300,0.02,False
dt:1,dt,0.017333333333333333,all ages combined,final_week_cases,21.82,28.507599999999996,300,0.02,False
dt:1,dt,0.017333333333333333,all ages combined,outbreak_indicator,1.0,0.0,300,0.02,False
dt:1,dt,0.017333333333333333,all ages combined,peak_weekly_cases,28.07,16.451766666666668,300,0.02,False
dt:1,dt,0.017333333333333333,under_1,cumulative_cases,13.823333333333334,16.858788888888892,300,0.02,False
dt:1,dt,0.017333333333333333,under_1,final_week_cases,2.243333333333333,2.4574555555555557,300,0.02,False
dt:1,dt,0.017333333333333333,under_1,outbreak_indicator,0.0,0.0,300,0.02,False
dt:1,dt,0.017333333333333333,under_1,peak_weekly_cases,4.4,1.9,300,0.02,False
dt:2,dt,0.018666666666666668,11_to_14,cumulative_cases,6.966666666666667,8.03222222222222,300,0.02,False
dt:2,dt,0.018666666666666668,11_to_14,final_week_cases,1.25,1.0875,300,0.02,False
dt:2,dt,0.018666666666666668,11_to_14,outbreak_indicator,0.0,0.0,300,0.02,False
dt:2,dt,0.018666666666666668,11_to_14,peak_weekly_cases,2.6066666666666665,0.9119555555555555,300,0.02,False
dt:2,dt,0.018666666666666668,15_to_24,cumulative_cases,10.466666666666667,10.428888888888888,300,0.02,False
dt:2,dt,0.018666666666666668,15_to_24,final_week_cases,1.7766666666666666,2.2334555555555555,300,0.02,False
dt:2,dt,0.018666666666666668,15_to_24,outbreak_indicator,0.0,0.0,300,0.02,False
dt:2,dt,0.018666666666666668,15_to_24,peak_weekly_cases,3.58,1.3902666666666668,300,0.02,False
dt:2,dt,0.018666666666666668,1_to_4,cumulative_cases,14.576666666666666,17.284122222222223,300,0.02,False
dt:2,dt,0.018666666666666668,1_to_4,final_week_cases,1.9733333333333334,1.9792888888888889,300,0.02,False
dt:2,dt,0.018666666666666668,1_to_4,outbreak_indicator,0.0,0.0,300,0.02,False
dt:2,dt,0.018666666666666668,1_to_4,peak_weekly_cases,4.653333333333333,2.1398222222222225,300,0.02,False
dt:2,dt,0.018666666666666668,25_to_34,cumulative_cases,15.91,16.888566666666666,300,0.02,False
dt:2,dt,0.018666666666666668,25_to_34,final_week_cases,2.5866666666666664,3.182488888888889,300,0.02,False
dt:2,dt,0.018666666666666668,25_to_34,outbreak_indicator,0.0,0.0,300,0.02,False
dt:2,dt,0.018666666666666668,25_to_34,peak_weekly_cases,4.8966666666666665,2.0326555555555554,300,0.02,False
dt:2,dt,0.018666666666666668,35_and_over,cumulative_cases,28.173333333333332,37.18995555555556,300,0.02,False
dt:2,dt,0.018666666666666668,35_and_over,final_week_cases,5.176666666666667,5.425455555555555,300,0.02,False
dt:2,dt,0.018666666666666668,35_and_over,outbreak_indicator,0.0,0.0,300,0.02,False
dt:2,dt,0.018666666666666668,35_and_over,peak_weekly_cases,7.663333333333333,3.4766555555555554,300,0.02,False
dt:2,dt,0.018666666666666668,5_to_10,cumulative_cases,38.70333333333333,49.90198888888888,300,0.02,False
dt:2,dt,0.018666666666666668,5_to_10,final_week_cases,6.486666666666666,7.083155555555556,300,0.02,False
dt:2,dt,0.018666666666666668,5_to_10,outbreak_indicator,0.0033333333333333335,0.0033222222222222216,300,0.02,False
dt:2,dt,0.018666666666666668,5_to_10,peak_weekly_cases,9.79,4.292566666666667,300,0.02,False
dt:2,dt,0.018666666666666668,all ages combined,cumulative_cases,128.45,200.3275,300,0.02,False
dt:2,dt,0.018666666666666668,all ages combined,final_week_cases,21.356666666666666,28.83612222222222,300,0.02,False
dt:2,dt,0.018666666666666668,all ages combined,outbreak_indicator,1.0,0.0,300,0.02,False
dt:2,dt,0.018666666666666668,all ages combined,peak_weekly_cases,27.823333333333334,14.005455555555557,300,0.02,False
dt:2,dt,0.018666666666666668,under_1,cumulative_cases,13.653333333333334,15.319822222222225,300,0.02,False
dt:2,dt,0.018666666666666668,under_1,final_week_cases,2.1066666666666665,2.035288888888889,300,0.02,False
dt:2,dt,0.018666666666666668,under_1,outbreak_indicator,0.0,0.0,300,0.02,False
dt:2,dt,0.018666666666666668,under_1,peak_weekly_cases,4.276666666666666,1.5467888888888888,300,0.02,False
dt:3,dt,0.02,11_to_14,cumulative_cases,7.16,8.067733333333335,300,0.02,True
dt:3,dt,0.02,11_to_14,final_week_cases,1.2666666666666666,1.4155555555555555,300,0.02,True
dt:3,dt,0.02,11_to_14,outbreak_indicator,0.0,0.0,300,0.02,True
dt:3,dt,0.02,11_to_14,peak_weekly_cases,2.6933333333333334,1.039288888888889,300,0.02,True
dt:3,dt,0.02,15_to_24,cumulative_cases,10.686666666666667,11.675155555555556,300,0.02,True
dt:3,dt,0.02,15_to_24,final_week_cases,1.9466666666666668,2.0838222222222225,300,0.02,True
dt:3,dt,0.02,15_to_24,outbreak_indicator,0.0,0.0,300,0.02,True
dt:3,dt,0.02,15_to_24,peak_weekly_cases,3.5366666666666666,1.381988888888889,300,0.02,True
dt:3,dt,0.02,1_to_4,cumulative_cases,15.04,15.765066666666668,300,0.02,True
dt:3,dt,0.02,1_to_4,final_week_cases,2.19,2.0672333333333337,300,0.02,True
dt:3,dt,0.02,1_to_4,outbreak_indicator,0.0,0.0,300,0.02,True
dt:3,dt,0.02,1_to_4,peak_weekly_cases,4.823333333333333,2.045455555555556,300,0.02,True
dt:3,dt,0.02,25_to_34,cumulative_cases,16.313333333333333,19.961822222222224,300,0.02,True
dt:3,dt,0.02,25_to_34,final_week_cases,2.9,3.296666666666667,300,0.02,True
dt:3,dt,0.02,25_to_34,outbreak_indicator,0.0,0.0,300,0.02,True
dt:3,dt,0.02,25_to_34,peak_weekly_cases,4.973333333333334,2.0059555555555555,300,0.02,True
dt:3,dt,0.02,35_and_over,cumulative_cases,28.006666666666668,40.513288888888894,300,0.02,True
dt:3,dt,0.02,35_and_over,final_week_cases,5.0,5.58,300,0.02,True
dt:3,dt,0.02,35_and_over,outbreak_indicator,0.0,0.0,300,0.02,True
dt:3,dt,0.02,35_and_over,peak_weekly_cases,7.526666666666666,3.829288888888888,300,0.02,True
dt:3,dt,0.02,5_to_10,cumulative_cases,40.22,50.791599999999995,300,0.02,True
dt:3,dt,0.02,5_to_10,final_week_cases,7.003333333333333,7.4366555555555545,300,0.02,True
dt:3,dt,0.02,5_to_10,outbreak_indicator,0.0033333333333333335,0.0033222222222222216,300,0.02,True
dt:3,dt,0.02,5_to_10,peak_weekly_cases,10.126666666666667,3.8706222222222215,300,0.02,True
dt:3,dt,0.02,all ages combined,cumulative_cases,131.17,202.62776666666667,300,0.02,True
dt:3,dt,0.02,all ages combined,final_week_cases,22.49,26.536566666666666,300,0.02,True
dt:3,dt,0.02,all ages combined,outbreak_indicator,1.0,0.0,300,0.02,True
dt:3,dt,0.02,all ages combined,peak_weekly_cases,28.093333333333334,13.657955555555558,300,0.02,True
dt:3,dt,0.02,under_1,cumulative_cases,13.743333333333334,15.637455555555556,300,0.02,True
dt:3,dt,0.02,under_1,final_week_cases,2.183333333333333,2.363055555555555,300,0.02,True
dt:3,dt,0.02,under_1,outbreak_indicator,0.0,0.0,300,0.02,True
dt:3,dt,0.02,under_1,peak_weekly_cases,4.33,1.8344333333333331,300,0.02,True
dt:4,dt,0.021333333333333333,11_to_14,cumulative_cases,7.163333333333333,6.936655555555556,300,0.02,False
dt:4,dt,0.021333333333333333,11_to_14,final_week_cases,1.1433333333333333,1.382788888888889,300,0.02,False
dt:4,dt,0.021333333333333333,11_to_14,outbreak_indicator,0.0,0.0,300,0.02,False
dt:4,dt,0.021333333333333333,11_to_14,peak_weekly_cases,2.6966666666666668,1.0246555555555554,300,0.02,False
dt:4,dt,0.021333333333333333,15_to_24,cumulative_cases,10.863333333333333,10.837988888888889,300,0.02,False
dt:4,dt,0.021333333333333333,15_to_24,final_week_cases,1.89,1.7779000000000005,300,0.02,False
dt:4,dt,0.021333333333333333,15_to_24,outbreak_indicator,0.0,0.0,300,0.02,False
dt:4,dt,0.021333333333333333,15_to_24,peak_weekly_cases,3.6366666666666667,1.591322222222222,300,0.02,False
dt:4,dt,0.021333333333333333,1_to_4,cumulative_cases,14.976666666666667,14.542788888888888,300,0.02,False
dt:4,dt,0.021333333333333333,1_to_4,final_week_cases,1.8866666666666667,2.027155555555555,300,0.02,False
dt:4,dt,0.021333333333333333,1_to_4,outbreak_indicator,0.0,0.0,300,0.02,False
dt:4,dt,0.021333333333333333,1_to_4,peak_weekly_cases,4.75,1.9075,300,0.02,False
dt:4,dt,0.021333333333333333,25_to_34,cumulative_cases,16.023333333333333,18.356122222222222,300,0.02,False
dt:4,dt,0.021333333333333333,25_to_34,final_week_cases,2.67,2.7811,300,0.02,False
dt:4,dt,0.021333333333333333,25_to_34,outbreak_indicator,0.0,0.0,300,0.02,False
dt:4,dt,0.021333333333333333,25_to_34,peak_weekly_cases,4.946666666666666,2.1304888888888893,300,0.02,False
dt:4,dt,0.021333333333333333,35_and_over,cumulative_cases,27.93,38.971766666666674,300,0.02,False
dt:4,dt,0.021333333333333333,35_and_over,final_week_cases,5.14,5.1004,300,0.02,False
dt:4,dt,0.021333333333333333,35_and_over,outbreak_indicator,0.0,0.0,300,0.02,False
dt:4,dt,0.021333333333333333,35_and_over,peak_weekly_cases,7.58,3.276933333333333,300,0.02,False
dt:4,dt,0.021333333333333333,5_to_10,cumulative_cases,40.096666666666664,57.30065555555556,300,0.02,False
dt:4,dt,0.021333333333333333,5_to_10,final_week_cases,6.87,7.726433333333334,300,0.02,False
dt:4,dt,0.021333333333333333,5_to_10,outbreak_indicator,0.013333333333333334,0.013155555555555561,300,0.02,False
dt:4,dt,0.021333333333333333,5_to_10,peak_weekly_cases,10.12,4.938933333333333,300,0.02,False
dt:4,dt,0.021333333333333333,all ages combined,cumulative_cases,130.66,182.2644,300,0.02,False
dt:4,dt,0.021333333333333333,all ages combined,final_week_cases,21.846666666666668,24.849822222222222,300,0.02,False
dt:4,dt,0.021333333333333333,all ages combined,outbreak_indicator,1.0,0.0,300,0.02,False
dt:4,dt,0.021333333333333333,all ages combined,peak_weekly_cases,27.87,11.586433333333334,300,0.02,False
dt:4,dt,0.021333333333333333,under_1,cumulative_cases,13.606666666666667,15.351955555555557,300,0.02,False
dt:4,dt,0.021333333333333333,under_1,final_week_cases,2.2466666666666666,2.479155555555556,300,0.02,False
dt:4,dt,0.021333333333333333,under_1,outbreak_indicator,0.0,0.0,300,0.02,False
dt:4,dt,0.021333333333333333,under_1,peak_weekly_cases,4.33,1.8677666666666664,300,0.02,False
dt:5,dt,0.02266666666666667,11_to_14,cumulative_cases,7.093333333333334,7.491288888888888,300,0.02,False
dt:5,dt,0.02266666666666667,11_to_14,final_week_cases,1.1266666666666667,1.097288888888889,300,0.02,False
dt:5,dt,0.02266666666666667,11_to_14,outbreak_indicator,0.0,0.0,300,0.02,False
dt:5,dt,0.02266666666666667,11_to_14,peak_weekly_cases,2.6733333333333333,0.9999555555555554,300,0.02,False
dt:5,dt,0.02266666666666667,15_to_24,cumulative_cases,10.633333333333333,14.005555555555553,300,0.02,False
dt:5,dt,0.02266666666666667,15_to_24,final_week_cases,1.8333333333333333,1.638888888888889,300,0.02,False
dt:5,dt,0.02266666666666667,15_to_24,outbreak_indicator,0.0,0.0,300,0.02,False
dt:5,dt,0.02266666666666667,15_to_24,peak_weekly_cases,3.58,1.7169333333333334,300,0.02,False
dt:5,dt,0.02266666666666667,1_to_4,cumulative_cases,14.673333333333334,17.119955555555556,300,0.02,False
dt:5,dt,0.02266666666666667,1_to_4,final_week_cases,2.08,2.300266666666667,300,0.02,False
dt:5,dt,0.02266666666666667,1_to_4,outbreak_indicator,0.0,0.0,300,0.02,False
dt:5,dt,0.02266666666666667,1_to_4,peak_weekly_cases,4.62,1.9089333333333331,300,0.02,False
dt:5,dt,0.02266666666666667,25_to_34,cumulative_cases,15.776666666666667,17.733455555555555,300,0.02,False
dt:5,dt,0.02266666666666667,25_to_34,final_week_cases,2.7866666666666666,2.8211555555555554,300,0.02,False
dt:5,dt,0.02266666666666667,25_to_34,outbreak_indicator,0.0,0.0,300,0.02,False
dt:5,dt,0.02266666666666667,25_to_34,peak_weekly_cases,4.793333333333333,1.8706222222222224,300,0.02,False
dt:5,dt,0.02266666666666667,35_and_over,cumulative_cases,27.91,40.655233333333335,300,0.02,False
dt:5,dt,0.02266666666666667,35_and_over,final_week_cases,5.14,5.5804,300,0.02,False
dt:5,dt,0.02266666666666667,35_and_over,outbreak_indicator,0.0033333333333333335,0.0033222222222222216,300,0.02,False
dt:5,dt,0.02266666666666667,35_and_over,peak_weekly_cases,7.69,3.7872333333333335,300,0.02,False
dt:5,dt,0.02266666666666667,5_to_10,cumulative_cases,39.666666666666664,53.25555555555556,300,0.02,False
dt:5,dt,0.02266666666666667,5_to_10,final_week_cases,6.3966666666666665,7.92598888888889,300,0.02,False
dt:5,dt,0.02266666666666667,5_to_10,outbreak_indicator,0.023333333333333334,0.022788888888888893,300,0.02,False
dt:5,dt,0.02266666666666667,5_to_10,peak_weekly_cases,10.083333333333334,4.969722222222222,300,0.02,False
dt:5,dt,0.02266666666666667,all ages combined,cumulative_cases,129.20333333333335,166.96198888888887,300,0.02,False
dt:5,dt,0.02266666666666667,all ages combined,final_week_cases,21.47,25.5291,300,0.02,False
dt:5,dt,0.02266666666666667,all ages combined,outbreak_indicator,1.0,0.0,300,0.02,False
dt:5,dt,0.02266666666666667,all ages combined,peak_weekly_cases,27.96,14.811733333333335,300,0.02,False
dt:5,dt,0.02266666666666667,under_1,cumulative_cases,13.45,13.827499999999997,300,0.02,False
dt:5,dt,0.02266666666666667,under_1,final_week_cases,2.1066666666666665,2.155288888888889,300,0.02,False
dt:5,dt,0.02266666666666667,under_1,outbreak_indicator,0.0,0.0,300,0.02,False
dt:5,dt,0.02266666666666667,under_1,peak_weekly_cases,4.28,1.7682666666666667,300,0.02,False
dt:6,dt,0.024,11_to_14,cumulative_cases,6.966666666666667,8.69888888888889,300,0.02,False
dt:6,dt,0.024,11_to_14,final_week_cases,1.19,1.2939,300,0.02,False
dt:6,dt,0.024,11_to_14,outbreak_indicator,0.0,0.0,300,0.02,False
dt:6,dt,0.024,11_to_14,peak_weekly_cases,2.61,1.1179000000000001,300,0.02,False
dt:6,dt,0.024,15_to_24,cumulative_cases,10.22,9.718266666666665,300,0.02,False
dt:6,dt,0.024,15_to_24,final_week_cases,1.8133333333333332,1.7718222222222222,300,0.02,False
dt:6,dt,0.024,15_to_24,outbreak_indicator,0.0,0.0,300,0.02,False
dt:6,dt,0.024,15_to_24,peak_weekly_cases,3.52,1.3496,300,0.02,False
dt:6,dt,0.024,1_to_4,cumulative_cases,14.753333333333334,16.839155555555553,300,0.02,False
dt:6,dt,0.024,1_to_4,final_week_cases,2.03,2.1557666666666666,300,0.02,False
dt:6,dt,0.024,1_to_4,outbreak_indicator,0.0,0.0,300,0.02,False
dt:6,dt,0.024,1_to_4,peak_weekly_cases,4.743333333333333,2.150788888888889,300,0.02,False
dt:6,dt,0.024,25_to_34,cumulative_cases,16.016666666666666,18.789722222222224,300,0.02,False
dt:6,dt,0.024,25_to_34,final_week_cases,2.6866666666666665,2.8751555555555552,300,0.02,False
dt:6,dt,0.024,25_to_34,outbreak_indicator,0.0,0.0,300,0.02,False
dt:6,dt,0.024,25_to_34,peak_weekly_cases,4.83,1.9477666666666669,300,0.02,False
dt:6,dt,0.024,35_and_over,cumulative_cases,28.416666666666668,38.37638888888889,300,0.02,False
dt:6,dt,0.024,35_and_over,final_week_cases,5.113333333333333,6.093822222222221,300,0.02,False
dt:6,dt,0.024,35_and_over,outbreak_indicator,0.0,0.0,300,0.02,False
dt:6,dt,0.024,35_and_over,peak_weekly_cases,7.723333333333334,3.7201222222222223,300,0.02,False
dt:6,dt,0.024,5_to_10,cumulative_cases,39.41,51.1219,300,0.02,False
dt:6,dt,0.024,5_to_10,final_week_cases,6.75,8.7075,300,0.02,False
dt:6,dt,0.024,5_to_10,outbreak_indicator,0.01,0.009899999999999999,300,0.02,False
dt:6,dt,0.024,5_to_10,peak_weekly_cases,10.113333333333333,4.467155555555555,300,0.02,False
dt:6,dt,0.024,all ages combined,cumulative_cases,129.21666666666667,198.05638888888888,300,0.02,False
dt:6,dt,0.024,all ages combined,final_week_cases,21.643333333333334,28.629455555555555,300,0.02,False
dt:6,dt,0.024,all ages combined,outbreak_indicator,1.0,0.0,300,0.02,False
dt:6,dt,0.024,all ages combined,peak_weekly_cases,27.88,14.7056,300,0.02,False
dt:6,dt,0.024,under_1,cumulative_cases,13.433333333333334,14.65222222222222,300,0.02,False
dt:6,dt,0.024,under_1,final_week_cases,2.06,2.0030666666666668,300,0.02,False
dt:6,dt,0.024,under_1,outbreak_indicator,0.0,0.0,300,0.02,False
dt:6,dt,0.024,under_1,peak_weekly_cases,4.183333333333334,1.536388888888889,300,0.02,False
eta:0,eta,2.16e-05,11_to_14,cumulative_cases,7.166666666666667,8.125555555555557,300,2.7e-05,False
eta:0,eta,2.16e-05,11_to_14,final_week_cases,1.2666666666666666,1.4088888888888889,300,2.7e-05,False
eta:0,eta,2.16e-05,11_to_14,outbreak_indicator,0.0,0.0,300,2.7e-05,False
eta:0,eta,2.16e-05,11_to_14,peak_weekly_cases,2.6933333333333334,1.039288888888889,300,2.7e-05,False
eta:0,eta,2.16e-05,15_to_24,cumulative_cases,10.683333333333334,11.703055555555556,300,2.7e-05,False
eta:0,eta,2.16e-05,15_to_24,final_week_cases,1.9433333333333334,2.0934555555555554,300,2.7e-05,False
eta:0,eta,2.16e-05,15_to_24,outbreak_indicator,0.0,0.0,300,2.7e-05,False
eta:0,eta,2.16e-05,15_to_24,peak_weekly_cases,3.5366666666666666,1.381988888888889,300,2.7e-05,False
eta:0,eta,2.16e-05,1_to_4,cumulative_cases,15.04,15.765066666666668,300,2.7e-05,False
eta:0,eta,2.16e-05,1_to_4,final_week_cases,2.19,2.0672333333333337,300,2.7e-05,False
eta:0,eta,2.16e-05,1_to_4,outbreak_indicator,0.0,0.0,300,2.7e-05,False
eta:0,eta,2.16e-05,1_to_4,peak_weekly_cases,4.823333333333333,2.045455555555556,300,2.7e-05,False
eta:0,eta,2.16e-05,25_to_34,cumulative_cases,16.3,20.123333333333335,300,2.7e-05,False
eta:0,eta,2.16e-05,25_to_34,final_week_cases,2.8966666666666665,3.3059888888888893,300,2.7e-05,False
eta:0,eta,2.16e-05,25_to_34,outbreak_indicator,0.0,0.0,300,2.7e-05,False
eta:0,eta,2.16e-05,25_to_34,peak_weekly_cases,4.963333333333333,2.0153222222222222,300,2.7e-05,False
eta:0,eta,2.16e-05,35_and_over,cumulative_cases,28.006666666666668,40.513288888888894,300,2.7e-05,False
eta:0,eta,2.16e-05,35_and_over,final_week_cases,5.0,5.58,300,2.7e-05,False
eta:0,eta,2.16e-05,35_and_over,outbreak_indicator,0.0,0.0,300,2.7e-05,False
eta:0,eta,2.16e-05,35_and_over,peak_weekly_cases,7.526666666666666,3.829288888888888,300,2.7e-05,False
eta:0,eta,2.16e-05,5_to_10,cumulative_cases,40.23,50.8171,300,2.7e-05,False
eta:0,eta,2.16e-05,5_to_10,final_week_cases,7.01,7.436566666666668,300,2.7e-05,False
eta:0,eta,2.16e-05,5_to_10,outbreak_indicator,0.0033333333333333335,0.0033222222222222216,300,2.7e-05,False
eta:0,eta,2.16e-05,5_to_10,peak_weekly_cases,10.126666666666667,3.8706222222222215,300,2.7e-05,False
eta:0,eta,2.16e-05,all ages combined,cumulative_cases,131.17,202.62776666666667,300,2.7e-05,False
eta:0,eta,2.16e-05,all ages combined,final_week_cases,22.49,26.536566666666666,300,2.7e-05,False
eta:0,eta,2.16e-05,all ages combined,outbreak_indicator,1.0,0.0,300,2.7e-05,False
eta:0,eta,2.16e-05,all ages combined,peak_weekly_cases,28.093333333333334,13.657955555555558,300,2.7e-05,False
eta:0,eta,2.16e-05,under_1,cumulative_cases,13.743333333333334,15.637455555555556,300,2.7e-05,False
eta:0,eta,2.16e-05,under_1,final_week_cases,2.183333333333333,2.363055555555555,300,2.7e-05,False
eta:0,eta,2.16e-05,under_1,outbreak_indicator,0.0,0.0,300,2.7e-05,False
eta:0,eta,2.16e-05,under_1,peak_weekly_cases,4.33,1.8344333333333331,300,2.7e-05,False
eta:1,eta,2.34e-05,11_to_14,cumulative_cases,7.166666666666667,8.125555555555557,300,2.7e-05,False
eta:1,eta,2.34e-05,11_to_14,final_week_cases,1.2666666666666666,1.4088888888888889,300,2.7e-05,False
eta:1,eta,2.34e-05,11_to_14,outbreak_indicator,0.0,0.0,300,2.7e-05,False
eta:1,eta,2.34e-05,11_to_14,peak_weekly_cases,2.6933333333333334,1.039288888888889,300,2.7e-05,False
eta:1,eta,2.34e-05,15_to_24,cumulative_cases,10.683333333333334,11.703055555555556,300,2.7e-05,False
eta:1,eta,2.34e-05,15_to_24,final_week_cases,1.9433333333333334,2.0934555555555554,300,2.7e-05,False
eta:1,eta,2.34e-05,15_to_24,outbreak_indicator,0.0,0.0,300,2.7e-05,False
eta:1,eta,2.34e-05,15_to_24,peak_weekly_cases,3.5366666666666666,1.381988888888889,300,2.7e-05,False
eta:1,eta,2.34e-05,1_to_4,cumulative_cases,15.04,15.765066666666668,300,2.7e-05,False
eta:1,eta,2.34e-05,1_to_4,final_week_cases,2.19,2.0672333333333337,300,2.7e-05,False
eta:1,eta,2.34e-05,1_to_4,outbreak_indicator,0.0,0.0,300,2.7e-05,False
eta:1,eta,2.34e-05,1_to_4,peak_weekly_cases,4.823333333333333,2.045455555555556,300,2.7e-05,False
eta:1,eta,2.34e-05,25_to_34,cumulative_cases,16.3,20.123333333333335,300,2.7e-05,False
eta:1,eta,2.34e-05,25_to_34,final_week_cases,2.8966666666666665,3.3059888888888893,300,2.7e-05,False
eta:1,eta,2.34e-05,25_to_34,outbreak_indicator,0.0,0.0,300,2.7e-05,False
eta:1,eta,2.34e-05,25_to_34,peak_weekly_cases,4.963333333333333,2.0153222222222222,300,2.7e-05,False
eta:1,eta,2.34e-05,35_and_over,cumulative_cases,28.006666666666668,40.513288888888894,300,2.7e-05,False
eta:1,eta,2.34e-05,35_and_over,final_week_cases,5.0,5.58,300,2.7e-05,False
eta:1,eta,2.34e-05,35_and_over,outbreak_indicator,0.0,0.0,300,2.7e-05,False
eta:1,eta,2.34e-05,35_and_over,peak_weekly_cases,7.526666666666666,3.829288888888888,300,2.7e-05,False
eta:1,eta,2.34e-05,5_to_10,cumulative_cases,40.23,50.8171,300,2.7e-05,False
eta:1,eta,2.34e-05,5_to_10,final_week_cases,7.01,7.436566666666668,300,2.7e-05,False
eta:1,eta,2.34e-05,5_to_10,outbreak_indicator,0.0033333333333333335,0.0033222222222222216,300,2.7e-05,False
eta:1,eta,2.34e-05,5_to_10,peak_weekly_cases,10.126666666666667,3.8706222222222215,300,2.7e-05,False
eta:1,eta,2.34e-05,all ages combined,cumulative_cases,131.17,202.62776666666667,300,2.7e-05,False
eta:1,eta,2.34e-05,all ages combined,final_week_cases,22.49,26.536566666666666,300,2.7e-05,False
eta:1,eta,2.34e-05,all ages combined,outbreak_indicator,1.0,0.0,300,2.7e-05,False
eta:1,eta,2.34e-05,all ages combined,peak_weekly_cases,28.093333333333334,13.657955555555558,300,2.7e-05,False
eta:1,eta,2.34e-05,under_1,cumulative_cases,13.743333333333334,15.637455555555556,300,2.7e-05,False
eta:1,eta,2.34e-05,under_1,final_week_cases,2.183333333333333,2.363055555555555,300,2.7e-05,False
eta:1,eta,2.34e-05,under_1,outbreak_indicator,0.0,0.0,300,2.7e-05,False
eta:1,eta,2.34e-05,under_1,peak_weekly_cases,4.33,1.8344333333333331,300,2.7e-05,False
eta:2,eta,2.52e-05,11_to_14,cumulative_cases,7.166666666666667,8.125555555555557,300,2.7e-05,False
eta:2,eta,2.52e-05,11_to_14,final_week_cases,1.2666666666666666,1.4088888888888889,300,2.7e-05,False
eta:2,eta,2.52e-05,11_to_14,outbreak_indicator,0.0,0.0,300,2.7e-05,False
eta:2,eta,2.52e-05,11_to_14,peak_weekly_cases,2.6933333333333334,1.039288888888889,300,2.7e-05,False
eta:2,eta,2.52e-05,15_to_24,cumulative_cases,10.683333333333334,11.703055555555556,300,2.7e-05,False
eta:2,eta,2.52e-05,15_to_24,final_week_cases,1.9433333333333334,2.0934555555555554,300,2.7e-05,False
eta:2,eta,2.52e-05,15_to_24,outbreak_indicator,0.0,0.0,300,2.7e-05,False
eta:2,eta,2.52e-05,15_to_24,peak_weekly_cases,3.5366666666666666,1.381988888888889,300,2.7e-05,False
eta:2,eta,2.52e-05,1_to_4,cumulative_cases,15.04,15.765066666666668,300,2.7e-05,False
eta:2,eta,2.52e-05,1_to_4,final_week_cases,2.19,2.0672333333333337,300,2.7e-05,False
eta:2,eta,2.52e-05,1_to_4,outbreak_indicator,0.0,0.0,300,2.7e-05,False
eta:2,eta,2.52e-05,1_to_4,peak_weekly_cases,4.823333333333333,2.045455555555556,300,2.7e-05,False
eta:2,eta,2.52e-05,25_to_34,cumulative_cases,16.3,20.123333333333335,300,2.7e-05,False
eta:2,eta,2.52e-05,25_to_34,final_week_cases,2.8966666666666665,3.3059888888888893,300,2.7e-05,False
eta:2,eta,2.52e-05,25_to_34,outbreak_indicator,0.0,0.0,300,2.7e-05,False
eta:2,eta,2.52e-05,25_to_34,peak_weekly_cases,4.963333333333333,2.0153222222222222,300,2.7e-05,False
eta:2,eta,2.52e-05,35_and_over,cumulative_cases,28.006666666666668,40.513288888888894,300,2.7e-05,False
eta:2,eta,2.52e-05,35_and_over,final_week_cases,5.0,5.58,300,2.7e-05,False
eta:2,eta,2.52e-05,35_and_over,outbreak_indicator,0.0,0.0,300,2.7e-05,False
eta:2,eta,2.52e-05,35_and_over,peak_weekly_cases,7.526666666666666,3.829288888888888,300,2.7e-05,False
eta:2,eta,2.52e-05,5_to_10,cumulative_cases,40.23,50.8171,300,2.7e-05,False
eta:2,eta,2.52e-05,5_to_10,final_week_cases,7.01,7.436566666666668,300,2.7e-05,False
eta:2,eta,2.52e-05,5_to_10,outbreak_indicator,0.0033333333333333335,0.0033222222222222216,300,2.7e-05,False
eta:2,eta,2.52e-05,5_to_10,peak_weekly_cases,10.126666666666667,3.8706222222222215,300,2.7e-05,False
eta:2,eta,2.52e-05,all ages combined,cumulative_cases,131.17,202.62776666666667,300,2.7e-05,False
eta:2,eta,2.52e-05,all ages combined,final_week_cases,22.49,26.536566666666666,300,2.7e-05,False
eta:2,eta,2.52e-05,all ages combined,outbreak_indicator,1.0,0.0,300,2.7e-05,False
eta:2,eta,2.52e-05,all ages combined,peak_weekly_cases,28.093333333333334,13.657955555555558,300,2.7e-05,False
eta:2,eta,2.52e-05,under_1,cumulative_cases,13.743333333333334,15.637455555555556,300,2.7e-05,False
eta:2,eta,2.52e-05,under_1,final_week_cases,2.183333333333333,2.363055555555555,300,2.7e-05,False
eta:2,eta,2.52e-05,under_1,outbreak_indicator,0.0,0.0,300,2.7e-05,False
eta:2,eta,2.52e-05,under_1,peak_weekly_cases,4.33,1.8344333333333331,300,2.7e-05,False
eta:3,eta,2.7e-05,11_to_14,cumulative_cases,7.16,8.067733333333335,300,2.7e-05,True
eta:3,eta,2.7e-05,11_to_14,final_week_cases,1.2666666666666666,1.4155555555555555,300,2.7e-05,True
eta:3,eta,2.7e-05,11_to_14,outbreak_indicator,0.0,0.0,300,2.7e-05,True
eta:3,eta,2.7e-05,11_to_14,peak_weekly_cases,2.6933333333333334,1.039288888888889,300,2.7e-05,True
eta:3,eta,2.7e-05,15_to_24,cumulative_cases,10.686666666666667,11.675155555555556,300,2.7e-05,True
eta:3,eta,2.7e-05,15_to_24,final_week_cases,1.9466666666666668,2.0838222222222225,300,2.7e-05,True
eta:3,eta,2.7e-05,15_to_24,outbreak_indicator,0.0,0.0,300,2.7e-05,True
eta:3,eta,2.7e-05,15_to_24,peak_weekly_cases,3.5366666666666666,1.381988888888889,300,2.7e-05,True
eta:3,eta,2.7e-05,1_to_4,cumulative_cases,15.04,15.765066666666668,300,2.7e-05,True
eta:3,eta,2.7e-05,1_to_4,final_week_cases,2.19,2.0672333333333337,300,2.7e-05,True
eta:3,eta,2.7e-05,1_to_4,outbreak_indicator,0.0,0.0,300,2.7e-05,True
eta:3,eta,2.7e-05,1_to_4,peak_weekly_cases,4.823333333333333,2.045455555555556,300,2.7e-05,True
eta:3,eta,2.7e-05,25_to_34,cumulative_cases,16.313333333333333,19.961822222222224,300,2.7e-05,True
eta:3,eta,2.7e-05,25_to_34,final_week_cases,2.9,3.296666666666667,300,2.7e-05,True
eta:3,eta,2.7e-05,25_to_34,outbreak_indicator,0.0,0.0,300,2.7e-05,True
eta:3,eta,2.7e-05,25_to_34,peak_weekly_cases,4.973333333333334,2.0059555555555555,300,2.7e-05,True
eta:3,eta,2.7e-05,35_and_over,cumulative_cases,28.006666666666668,40.513288888888894,300,2.7e-05,True
eta:3,eta,2.7e-05,35_and_over,final_week_cases,5.0,5.58,300,2.7e-05,True
eta:3,eta,2.7e-05,35_and_over,outbreak_indicator,0.0,0.0,300,2.7e-05,True
eta:3,eta,2.7e-05,35_and_over,peak_weekly_cases,7.526666666666666,3.829288888888888,300,2.7e-05,True
eta:3,eta,2.7e-05,5_to_10,cumulative_cases,40.22,50.791599999999995,300,2.7e-05,True
eta:3,eta,2.7e-05,5_to_10,final_week_cases,7.003333333333333,7.4366555555555545,300,2.7e-05,True
eta:3,eta,2.7e-05,5_to_10,outbreak_indicator,0.0033333333333333335,0.0033222222222222216,300,2.7e-05,True
eta:3,eta,2.7e-05,5_to_10,peak_weekly_cases,10.126666666666667,3.8706222222222215,300,2.7e-05,True
eta:3,eta,2.7e-05,all ages combined,cumulative_cases,131.17,202.62776666666667,300,2.7e-05,True
eta:3,eta,2.7e-05,all ages combined,final_week_cases,22.49,26.536566666666666,300,2.7e-05,True
eta:3,eta,2.7e-05,all ages combined,outbreak_indicator,1.0,0.0,300,2.7e-05,True
eta:3,eta,2.7e-05,all ages combined,peak_weekly_cases,28.093333333333334,13.657955555555558,300,2.7e-05,True
eta:3,eta,2.7e-05,under_1,cumulative_cases,13.743333333333334,15.637455555555556,300,2.7e-05,True
eta:3,eta,2.7e-05,under_1,final_week_cases,2.183333333333333,2.363055555555555,300,2.7e-05,True
eta:3,eta,2.7e-05,under_1,outbreak_indicator,0.0,0.0,300,2.7e-05,True
eta:3,eta,2.7e-05,under_1,peak_weekly_cases,4.33,1.8344333333333331,300,2.7e-05,True
eta:4,eta,2.8800000000000002e-05,11_to_14,cumulative_cases,7.16,8.067733333333335,300,2.7e-05,False
eta:4,eta,2.8800000000000002e-05,11_to_14,final_week_cases,1.2666666666666666,1.4155555555555555,300,2.7e-05,False
eta:4,eta,2.8800000000000002e-05,11_to_14,outbreak_indicator,0.0,0.0,300,2.7e-05,False
eta:4,eta,2.8800000000000002e-05,11_to_14,peak_weekly_cases,2.6933333333333334,1.039288888888889,300,2.7e-05,False
eta:4,eta,2.8800000000000002e-05,15_to_24,cumulative_cases,10.676666666666666,11.725455555555554,300,2.7e-05,False
eta:4,eta,2.8800000000000002e-05,15_to_24,final_week_cases,1.9433333333333334,2.080122222222222,300,2.7e-05,False
eta:4,eta,2.8800000000000002e-05,15_to_24,outbreak_indicator,0.0,0.0,300,2.7e-05,False
eta:4,eta,2.8800000000000002e-05,15_to_24,peak_weekly_cases,3.5366666666666666,1.381988888888889,300,2.7e-05,False
eta:4,eta,2.8800000000000002e-05,1_to_4,cumulative_cases,15.043333333333333,15.741455555555556,300,2.7e-05,False
eta:4,eta,2.8800000000000002e-05,1_to_4,final_week_cases,2.1933333333333334,2.062622222222222,300,2.7e-05,False
eta:4,eta,2.8800000000000002e-05,1_to_4,outbreak_indicator,0.0,0.0,300,2.7e-05,False
eta:4,eta,2.8800000000000002e-05,1_to_4,peak_weekly_cases,4.823333333333333,2.045455555555556,300,2.7e-05,False
eta:4,eta,2.8800000000000002e-05,25_to_34,cumulative_cases,16.30666666666667,19.93262222222222,300,2.7e-05,False
eta:4,eta,2.8800000000000002e-05,25_to_34,final_week_cases,2.8966666666666665,3.3059888888888893,300,2.7e-05,False
eta:4,eta,2.8800000000000002e-05,25_to_34,outbreak_indicator,0.0,0.0,300,2.7e-05,False
eta:4,eta,2.8800000000000002e-05,25_to_34,peak_weekly_cases,4.973333333333334,2.0059555555555555,300,2.7e-05,False
eta:4,eta,2.8800000000000002e-05,35_and_over,cumulative_cases,28.01,40.609899999999996,300,2.7e-05,False
eta:4,eta,2.8800000000000002e-05,35_and_over,final_week_cases,5.003333333333333,5.576655555555555,300,2.7e-05,False
eta:4,eta,2.8800000000000002e-05,35_and_over,outbreak_indicator,0.0,0.0,300,2.7e-05,False
eta:4,eta,2.8800000000000002e-05,35_and_over,peak_weekly_cases,7.526666666666666,3.829288888888888,300,2.7e-05,False
eta:4,eta,2.8800000000000002e-05,5_to_10,cumulative_cases,40.21333333333333,50.84782222222222,300,2.7e-05,False
eta:4,eta,2.8800000000000002e-05,5_to_10,final_week_cases,6.996666666666667,7.503322222222223,300,2.7e-05,False
eta:4,eta,2.8800000000000002e-05,5_to_10,outbreak_indicator,0.0033333333333333335,0.0033222222222222216,300,2.7e-05,False
eta:4,eta,2.8800000000000002e-05,5_to_10,peak_weekly_cases,10.126666666666667,3.8706222222222215,300,2.7e-05,False
eta:4,eta,2.8800000000000002e-05,all ages combined,cumulative_cases,131.15333333333334,202.8964888888889,300,2.7e-05,False
eta:4,eta,2.8800000000000002e-05,all ages combined,final_week_cases,22.483333333333334,26.649722222222223,300,2.7e-05,False
eta:4,eta,2.8800000000000002e-05,all ages combined,outbreak_indicator,1.0,0.0,300,2.7e-05,False
eta:4,eta,2.8800000000000002e-05,all ages combined,peak_weekly_cases,28.093333333333334,13.657955555555558,300,2.7e-05,False
eta:4,eta,2.8800000000000002e-05,under_1,cumulative_cases,13.743333333333334,15.637455555555556,300,2.7e-05,False
eta:4,eta,2.8800000000000002e-05,under_1,final_week_cases,2.183333333333333,2.363055555555555,300,2.7e-05,False
eta:4,eta,2.8800000000000002e-05,under_1,outbreak_indicator,0.0,0.0,300,2.7e-05,False
eta:4,eta,2.8800000000000002e-05,under_1,peak_weekly_cases,4.33,1.8344333333333331,300,2.7e-05,False
eta:5,eta,3.06e-05,11_to_14,cumulative_cases,7.173333333333333,8.169955555555555,300,2.7e-05,False
eta:5,eta,3.06e-05,11_to_14,final_week_cases,1.2666666666666666,1.4155555555555555,300,2.7e-05,False
eta:5,eta,3.06e-05,11_to_14,outbreak_indicator,0.0,0.0,300,2.7e-05,False
eta:5,eta,3.06e-05,11_to_14,peak_weekly_cases,2.6966666666666668,1.0446555555555554,300,2.7e-05,False
eta:5,eta,3.06e-05,15_to_24,cumulative_cases,10.676666666666666,11.725455555555554,300,2.7e-05,False
eta:5,eta,3.06e-05,15_to_24,final_week_cases,1.9433333333333334,2.080122222222222,300,2.7e-05,False
eta:5,eta,3.06e-05,15_to_24,outbreak_indicator,0.0,0.0,300,2.7e-05,False
eta:5,eta,3.06e-05,15_to_24,peak_weekly_cases,3.5366666666666666,1.381988888888889,300,2.7e-05,False
eta:5,eta,3.06e-05,1_to_4,cumulative_cases,15.04,15.691733333333335,300,2.7e-05,False
eta:5,eta,3.06e-05,1_to_4,final_week_cases,2.1933333333333334,2.062622222222222,300,2.7e-05,False
eta:5,eta,3.06e-05,1_to_4,outbreak_indicator,0.0,0.0,300,2.7e-05,False
eta:5,eta,3.06e-05,1_to_4,peak_weekly_cases,4.823333333333333,2.045455555555556,300,2.7e-05,False
eta:5,eta,3.06e-05,25_to_34,cumulative_cases,16.31,19.8939,300,2.7e-05,False
eta:5,eta,3.06e-05,25_to_34,final_week_cases,2.8966666666666665,3.3059888888888893,300,2.7e-05,False
eta:5,eta,3.06e-05,25_to_34,outbreak_indicator,0.0,0.0,300,2.7e-05,False
eta:5,eta,3.06e-05,25_to_34,peak_weekly_cases,4.973333333333334,2.0059555555555555,300,2.7e-05,False
eta:5,eta,3.06e-05,35_and_over,cumulative_cases,28.01,40.609899999999996,300,2.7e-05,False
eta:5,eta,3.06e-05,35_and_over,final_week_cases,5.003333333333333,5.576655555555555,300,2.7e-05,False
eta:5,eta,3.06e-05,35_and_over,outbreak_indicator,0.0,0.0,300,2.7e-05,False
eta:5,eta,3.06e-05,35_and_over,peak_weekly_cases,7.526666666666666,3.829288888888888,300,2.7e-05,False
eta:5,eta,3.06e-05,5_to_10,cumulative_cases,40.20333333333333,50.76198888888889,300,2.7e-05,False
eta:5,eta,3.06e-05,5_to_10,final_week_cases,6.996666666666667,7.503322222222223,300,2.7e-05,False
eta:5,eta,3.06e-05,5_to_10,outbreak_indicator,0.0033333333333333335,0.0033222222222222216,300,2.7e-05,False
eta:5,eta,3.06e-05,5_to_10,peak_weekly_cases,10.12,3.872266666666666,300,2.7e-05,False
eta:5,eta,3.06e-05,all ages combined,cumulative_cases,131.15333333333334,202.8964888888889,300,2.7e-05,False
eta:5,eta,3.06e-05,all ages combined,final_week_cases,22.483333333333334,26.649722222222223,300,2.7e-05,False
eta:5,eta,3.06e-05,all ages combined,outbreak_indicator,1.0,0.0,300,2.7e-05,False
eta:5,eta,3.06e-05,all ages combined,peak_weekly_cases,28.093333333333334,13.657955555555558,300,2.7e-05,False
eta:5,eta,3.06e-05,under_1,cumulative_cases,13.74,15.625733333333335,300,2.7e-05,False
eta:5,eta,3.06e-05,under_1,final_week_cases,2.183333333333333,2.363055555555555,300,2.7e-05,False
eta:5,eta,3.06e-05,under_1,outbreak_indicator,0.0,0.0,300,2.7e-05,False
eta:5,eta,3.06e-05,under_1,peak_weekly_cases,4.326666666666667,1.833288888888889,300,2.7e-05,False
eta:6,eta,3.24e-05,11_to_14,cumulative_cases,7.153333333333333,8.243155555555555,300,2.7e-05,False
eta:6,eta,3.24e-05,11_to_14,final_week_cases,1.25,1.3875,300,2.7e-05,False
eta:6,eta,3.24e-05,11_to_14,outbreak_indicator,0.0,0.0,300,2.7e-05,False
eta:6,eta,3.24e-05,11_to_14,peak_weekly_cases,2.6866666666666665,1.048488888888889,300,2.7e-05,False
eta:6,eta,3.24e-05,15_to_24,cumulative_cases,10.676666666666666,11.732122222222221,300,2.7e-05,False
eta:6,eta,3.24e-05,15_to_24,final_week_cases,1.9466666666666668,2.077155555555556,300,2.7e-05,False
eta:6,eta,3.24e-05,15_to_24,outbreak_indicator,0.0,0.0,300,2.7e-05,False
eta:6,eta,3.24e-05,15_to_24,peak_weekly_cases,3.5366666666666666,1.381988888888889,300,2.7e-05,False
eta:6,eta,3.24e-05,1_to_4,cumulative_cases,15.036666666666667,15.695322222222222,300,2.7e-05,False
eta:6,eta,3.24e-05,1_to_4,final_week_cases,2.19,2.0672333333333337,300,2.7e-05,False
eta:6,eta,3.24e-05,1_to_4,outbreak_indicator,0.0,0.0,300,2.7e-05,False
eta:6,eta,3.24e-05,1_to_4,peak_weekly_cases,4.823333333333333,2.045455555555556,300,2.7e-05,False
eta:6,eta,3.24e-05,25_to_34,cumulative_cases,16.313333333333333,19.87515555555556,300,2.7e-05,False
eta:6,eta,3.24e-05,25_to_34,final_week_cases,2.8933333333333335,3.295288888888889,300,2.7e-05,False
eta:6,eta,3.24e-05,25_to_34,outbreak_indicator,0.0,0.0,300,2.7e-05,False
eta:6,eta,3.24e-05,25_to_34,peak_weekly_cases,4.973333333333334,2.0059555555555555,300,2.7e-05,False
eta:6,eta,3.24e-05,35_and_over,cumulative_cases,28.013333333333332,40.45982222222222,300,2.7e-05,False
eta:6,eta,3.24e-05,35_and_over,final_week_cases,5.02,5.639600000000001,300,2.7e-05,False
eta:6,eta,3.24e-05,35_and_over,outbreak_indicator,0.0,0.0,300,2.7e-05,False
eta:6,eta,3.24e-05,35_and_over,peak_weekly_cases,7.533333333333333,3.8288888888888883,300,2.7e-05,False
eta:6,eta,3.24e-05,5_to_10,cumulative_cases,40.19,50.687233333333324,300,2.7e-05,False
eta:6,eta,3.24e-05,5_to_10,final_week_cases,6.986666666666666,7.4731555555555556,300,2.7e-05,False
eta:6,eta,3.24e-05,5_to_10,outbreak_indicator,0.0033333333333333335,0.0033222222222222216,300,2.7e-05,False
eta:6,eta,3.24e-05,5_to_10,peak_weekly_cases,10.12,3.872266666666666,300,2.7e-05,False
eta:6,eta,3.24e-05,all ages combined,cumulative_cases,131.12666666666667,202.64395555555555,300,2.7e-05,False
eta:6,eta,3.24e-05,all ages combined,final_week_cases,22.473333333333333,26.42928888888889,300,2.7e-05,False
eta:6,eta,3.24e-05,all ages combined,outbreak_indicator,1.0,0.0,300,2.7e-05,False
eta:6,eta,3.24e-05,all ages combined,peak_weekly_cases,28.083333333333332,13.549722222222222,300,2.7e-05,False
eta:6,eta,3.24e-05,under_1,cumulative_cases,13.743333333333334,15.630788888888889,300,2.7e-05,False
eta:6,eta,3.24e-05,under_1,final_week_cases,2.1866666666666665,2.358488888888889,300,2.7e-05,False
eta:6,eta,3.24e-05,under_1,outbreak_indicator,0.0,0.0,300,2.7e-05,False
eta:6,eta,3.24e-05,under_1,peak_weekly_cases,4.326666666666667,1.833288888888889,300,2.7e-05,False
gamma:0,gamma,0.05555555555555555,11_to_14,cumulative_cases,6.443333333333333,5.720122222222222,300,0.0662422700018592,False
gamma:0,gamma,0.05555555555555555,11_to_14,final_week_cases,1.0,1.0,300,0.0662422700018592,False
gamma:0,gamma,0.05555555555555555,11_to_14,outbreak_indicator,0.0,0.0,300,0.0662422700018592,False
gamma:0,gamma,0.05555555555555555,11_to_14,peak_weekly_cases,2.4466666666666668,0.8138222222222221,300,0.0662422700018592,False
gamma:0,gamma,0.05555555555555555,15_to_24,cumulative_cases,9.55,10.020833333333334,300,0.0662422700018592,False
gamma:0,gamma,0.05555555555555555,15_to_24,final_week_cases,1.64,1.6970666666666667,300,0.0662422700018592,False
gamma:0,gamma,0.05555555555555555,15_to_24,outbreak_indicator,0.0,0.0,300,0.0662422700018592,False
gamma:0,gamma,0.05555555555555555,15_to_24,peak_weekly_cases,3.2866666666666666,1.3844888888888889,300,0.0662422700018592,False
gamma:0,gamma,0.05555555555555555,1_to_4,cumulative_cases,13.283333333333333,14.029722222222222,300,0.0662422700018592,False
gamma:0,gamma,0.05555555555555555,1_to_4,final_week_cases,1.89,2.144566666666667,300,0.0662422700018592,False
gamma:0,gamma,0.05555555555555555,1_to_4,outbreak_indicator,0.0,0.0,300,0.0662422700018592,False
gamma:0,gamma,0.05555555555555555,1_to_4,peak_weekly_cases,4.283333333333333,1.869722222222222,300,0.0662422700018592,False
gamma:0,gamma,0.05555555555555555,25_to_34,cumulative_cases,14.38,16.202266666666663,300,0.0662422700018592,False
gamma:0,gamma,0.05555555555555555,25_to_34,final_week_cases,2.56,2.7064000000000004,300,0.0662422700018592,False
gamma:0,gamma,0.05555555555555555,25_to_34,outbreak_indicator,0.0,0.0,300,0.0662422700018592,False
gamma:0,gamma,0.05555555555555555,25_to_34,peak_weekly_cases,4.503333333333333,1.5966555555555557,300,0.0662422700018592,False
gamma:0,gamma,0.05555555555555555,35_and_over,cumulative_cases,25.30666666666667,32.632622222222224,300,0.0662422700018592,False
gamma:0,gamma,0.05555555555555555,35_and_over,final_week_cases,4.8533333333333335,5.871822222222222,300,0.0662422700018592,False
gamma:0,gamma,0.05555555555555555,35_and_over,outbreak_indicator,0.0,0.0,300,0.0662422700018592,False
gamma:0,gamma,0.05555555555555555,35_and_over,peak_weekly_cases,7.216666666666667,3.3430555555555554,300,0.0662422700018592,False
gamma:0,gamma,0.05555555555555555,5_to_10,cumulative_cases,35.28,45.19493333333333,300,0.0662422700018592,False
gamma:0,gamma,0.05555555555555555,5_to_10,final_week_cases,5.82,6.4476,300,0.0662422700018592,False
gamma:0,gamma,0.05555555555555555,5_to_10,outbreak_indicator,0.006666666666666667,0.006622222222222219,300,0.0662422700018592,False
gamma:0,gamma,0.05555555555555555,5_to_10,peak_weekly_cases,9.08,4.2136,300,0.0662422700018592,False
gamma:0,gamma,0.05555555555555555,all ages combined,cumulative_cases,116.32,149.89759999999998,300,0.0662422700018592,False
gamma:0,gamma,0.05555555555555555,all ages combined,final_week_cases,19.653333333333332,21.65982222222222,300,0.0662422700018592,False
gamma:0,gamma,0.05555555555555555,all ages combined,outbreak_indicator,1.0,0.0,300,0.0662422700018592,False
gamma:0,gamma,0.05555555555555555,all ages combined,peak_weekly_cases,25.2,10.38,300,0.0662422700018592,False
gamma:0,gamma,0.05555555555555555,under_1,cumulative_cases,12.076666666666666,13.93078888888889,300,0.0662422700018592,False
gamma:0,gamma,0.05555555555555555,under_1,final_week_cases,1.89,2.1312333333333338,300,0.0662422700018592,False
gamma:0,gamma,0.05555555555555555,under_1,outbreak_indicator,0.0,0.0,300,0.0662422700018592,False
gamma:0,gamma,0.05555555555555555,under_1,peak_weekly_cases,3.8966666666666665,1.5059888888888888,300,0.0662422700018592,False
gamma:1,gamma,0.059544750296668135,11_to_14,cumulative_cases,6.746666666666667,6.435822222222223,300,0.0662422700018592,False
gamma:1,gamma,0.059544750296668135,11_to_14,final_week_cases,1.0533333333333332,0.9971555555555555,300,0.0662422700018592,False
gamma:1,gamma,0.059544750296668135,11_to_14,outbreak_indicator,0.0,0.0,300,0.0662422700018592,False
gamma:1,gamma,0.059544750296668135,11_to_14,peak_weekly_cases,2.5166666666666666,0.8030555555555556,300,0.0662422700018592,False
gamma:1,gamma,0.059544750296668135,15_to_24,cumulative_cases,9.866666666666667,9.495555555555555,300,0.0662422700018592,False
gamma:1,gamma,0.059544750296668135,15_to_24,final_week_cases,1.8333333333333333,2.0855555555555556,300,0.0662422700018592,False
gamma:1,gamma,0.059544750296668135,15_to_24,outbreak_indicator,0.0,0.0,300,0.0662422700018592,False
gamma:1,gamma,0.059544750296668135,15_to_24,peak_weekly_cases,3.4166666666666665,1.309722222222222,300,0.0662422700018592,False
gamma:1,gamma,0.059544750296668135,1_to_4,cumulative_cases,13.853333333333333,15.691822222222223,300,0.0662422700018592,False
gamma:1,gamma,0.059544750296668135,1_to_4,final_week_cases,2.026666666666667,2.2859555555555553,300,0.0662422700018592,False
gamma:1,gamma,0.059544750296668135,1_to_4,outbreak_indicator,0.0,0.0,300,0.0662422700018592,False
gamma:1,gamma,0.059544750296668135,1_to_4,peak_weekly_cases,4.493333333333333,1.9566222222222223,300,0.0662422700018592,False
gamma:1,gamma,0.059544750296668135,25_to_34,cumulative_cases,15.21,17.659233333333336,300,0.0662422700018592,False
gamma:1,gamma,0.059544750296668135,25_to_34,final_week_cases,2.723333333333333,2.840122222222222,300,0.0662422700018592,False
gamma:1,gamma,0.059544750296668135,25_to_34,outbreak_indicator,0.0,0.0,300,0.0662422700018592,False
gamma:1,gamma,0.059544750296668135,25_to_34,peak_weekly_cases,4.693333333333333,2.2859555555555553,300,0.0662422700018592,False
gamma:1,gamma,0.059544750296668135,35_and_over,cumulative_cases,26.28,33.78826666666666,300,0.0662422700018592,False
gamma:1,gamma,0.059544750296668135,35_and_over,final_week_cases,4.966666666666667,5.772222222222223,300,0.0662422700018592,False
gamma:1,gamma,0.059544750296668135,35_and_over,outbreak_indicator,0.0,0.0,300,0.0662422700018592,False
gamma:1,gamma,0.059544750296668135,35_and_over,peak_weekly_cases,7.41,3.4485666666666672,300,0.0662422700018592,False
gamma:1,gamma,0.059544750296668135,5_to_10,cumulative_cases,37.04666666666667,50.71115555555556,300,0.0662422700018592,False
gamma:1,gamma,0.059544750296668135,5_to_10,final_week_cases,6.3,6.796666666666667,300,0.0662422700018592,False
gamma:1,gamma,0.059544750296668135,5_to_10,outbreak_indicator,0.0033333333333333335,0.0033222222222222216,300,0.0662422700018592,False
gamma:1,gamma,0.059544750296668135,5_to_10,peak_weekly_cases,9.383333333333333,4.469722222222222,300,0.0662422700018592,False
gamma:1,gamma,0.059544750296668135,all ages combined,cumulative_cases,121.88,161.3256,300,0.0662422700018592,False
gamma:1,gamma,0.059544750296668135,all ages combined,final_week_cases,20.873333333333335,23.963955555555557,300,0.0662422700018592,False
gamma:1,gamma,0.059544750296668135,all ages combined,outbreak_indicator,1.0,0.0,300,0.0662422700018592,False
gamma:1,gamma,0.059544750296668135,all ages combined,peak_weekly_cases,26.39666666666667,11.78598888888889,300,0.0662422700018592,False
gamma:1,gamma,0.059544750296668135,under_1,cumulative_cases,12.876666666666667,14.174788888888889,300,0.0662422700018592,False
gamma:1,gamma,0.059544750296668135,under_1,final_week_cases,1.97,2.2624333333333335,300,0.0662422700018592,False
gamma:1,gamma,0.059544750296668135,under_1,outbreak_indicator,0.0,0.0,300,0.0662422700018592,False
gamma:1,gamma,0.059544750296668135,under_1,peak_weekly_cases,4.14,1.5870666666666666,300,0.0662422700018592,False
gamma:2,gamma,0.06353394503778072,11_to_14,cumulative_cases,7.056666666666667,7.1467888888888895,300,0.0662422700018592,False
gamma:2,gamma,0.06353394503778072,11_to_14,final_week_cases,1.1966666666666668,1.4046555555555558,300,0.0662422700018592,False
gamma:2,gamma,0.06353394503778072,11_to_14,outbreak_indicator,0.0,0.0,300,0.0662422700018592,False
gamma:2,gamma,0.06353394503778072,11_to_14,peak_weekly_cases,2.6766666666666667,0.9787888888888888,300,0.0662422700018592,False
gamma:2,gamma,0.06353394503778072,15_to_24,cumulative_cases,10.406666666666666,10.514622222222222,300,0.0662422700018592,False
gamma:2,gamma,0.06353394503778072,15_to_24,final_week_cases,1.88,1.9322666666666666,300,0.0662422700018592,False
gamma:2,gamma,0.06353394503778072,15_to_24,outbreak_indicator,0.0,0.0,300,0.0662422700018592,False
gamma:2,gamma,0.06353394503778072,15_to_24,peak_weekly_cases,3.4633333333333334,1.2286555555555556,300,0.0662422700018592,False
gamma:2,gamma,0.06353394503778072,1_to_4,cumulative_cases,14.523333333333333,15.92278888888889,300,0.0662422700018592,False
gamma:2,gamma,0.06353394503778072,1_to_4,final_week_cases,2.046666666666667,2.317822222222222,300,0.0662422700018592,False
gamma:2,gamma,0.06353394503778072,1_to_4,outbreak_indicator,0.0,0.0,300,0.0662422700018592,False
gamma:2,gamma,0.06353394503778072,1_to_4,peak_weekly_cases,4.683333333333334,2.2763888888888886,300,0.0662422700018592,False
gamma:2,gamma,0.06353394503778072,25_to_34,cumulative_cases,15.66,18.231066666666667,300,0.0662422700018592,False
gamma:2,gamma,0.06353394503778072,25_to_34,final_week_cases,2.82,2.914266666666667,300,0.0662422700018592,False
gamma:2,gamma,0.06353394503778072,25_to_34,outbreak_indicator,0.0,0.0,300,0.0662422700018592,False
gamma:2,gamma,0.06353394503778072,25_to_34,peak_weekly_cases,4.776666666666666,2.0334555555555553,300,0.0662422700018592,False
gamma:2,gamma,0.06353394503778072,35_and_over,cumulative_cases,27.68,39.16426666666666,300,0.0662422700018592,False
gamma:2,gamma,0.06353394503778072,35_and_over,final_week_cases,5.19,6.340566666666667,300,0.0662422700018592,False
gamma:2,gamma,0.06353394503778072,35_and_over,outbreak_indicator,0.0,0.0,300,0.0662422700018592,False
gamma:2,gamma,0.06353394503778072,35_and_over,peak_weekly_cases,7.6466666666666665,3.701822222222222,300,0.0662422700018592,False
gamma:2,gamma,0.06353394503778072,5_to_10,cumulative_cases,38.7,52.196666666666665,300,0.0662422700018592,False
gamma:2,gamma,0.06353394503778072,5_to_10,final_week_cases,6.653333333333333,8.019822222222222,300,0.0662422700018592,False
gamma:2,gamma,0.06353394503778072,5_to_10,outbreak_indicator,0.0,0.0,300,0.0662422700018592,False
gamma:2,gamma,0.06353394503778072,5_to_10,peak_weekly_cases,9.886666666666667,4.2938222222222215,300,0.0662422700018592,False
gamma:2,gamma,0.06353394503778072,all ages combined,cumulative_cases,127.63,183.52643333333333,300,0.0662422700018592,False
gamma:2,gamma,0.06353394503778072,all ages combined,final_week_cases,21.883333333333333,28.103055555555553,300,0.0662422700018592,False
gamma:2,gamma,0.06353394503778072,all ages combined,outbreak_indicator,1.0,0.0,300,0.0662422700018592,False
gamma:2,gamma,0.06353394503778072,all ages combined,peak_weekly_cases,27.606666666666666,12.86528888888889,300,0.0662422700018592,False
gamma:2,gamma,0.06353394503778072,under_1,cumulative_cases,13.603333333333333,14.992655555555556,300,0.0662422700018592,False
gamma:2,gamma,0.06353394503778072,under_1,final_week_cases,2.0966666666666667,2.040655555555556,300,0.0662422700018592,False
gamma:2,gamma,0.06353394503778072,under_1,outbreak_indicator,0.0,0.0,300,0.0662422700018592,False
gamma:2,gamma,0.06353394503778072,under_1,peak_weekly_cases,4.24,1.5424,300,0.0662422700018592,False
gamma:3,gamma,0.0662422700018592,11_to_14,cumulative_cases,7.16,8.067733333333335,300,0.0662422700018592,True
gamma:3,gamma,0.0662422700018592,11_to_14,final_week_cases,1.2666666666666666,1.4155555555555555,300,0.0662422700018592,True
gamma:3,gamma,0.0662422700018592,11_to_14,outbreak_indicator,0.0,0.0,300,0.0662422700018592,True
gamma:3,gamma,0.0662422700018592,11_to_14,peak_weekly_cases,2.6933333333333334,1.039288888888889,300,0.0662422700018592,True
gamma:3,gamma,0.0662422700018592,15_to_24,cumulative_cases,10.686666666666667,11.675155555555556,300,0.0662422700018592,True
gamma:3,gamma,0.0662422700018592,15_to_24,final_week_cases,1.9466666666666668,2.0838222222222225,300,0.0662422700018592,True
gamma:3,gamma,0.0662422700018592,15_to_24,outbreak_indicator,0.0,0.0,300,0.0662422700018592,True
gamma:3,gamma,0.0662422700018592,15_to_24,peak_weekly_cases,3.5366666666666666,1.381988888888889,300,0.0662422700018592,True
gamma:3,gamma,0.0662422700018592,1_to_4,cumulative_cases,15.04,15.765066666666668,300,0.0662422700018592,True
gamma:3,gamma,0.0662422700018592,1_to_4,final_week_cases,2.19,2.0672333333333337,300,0.0662422700018592,True
gamma:3,gamma,0.0662422700018592,1_to_4,outbreak_indicator,0.0,0.0,300,0.0662422700018592,True
gamma:3,gamma,0.0662422700018592,1_to_4,peak_weekly_cases,4.823333333333333,2.045455555555556,300,0.0662422700018592,True
gamma:3,gamma,0.0662422700018592,25_to_34,cumulative_cases,16.313333333333333,19.961822222222224,300,0.0662422700018592,True
gamma:3,gamma,0.0662422700018592,25_to_34,final_week_cases,2.9,3.296666666666667,300,0.0662422700018592,True
gamma:3,gamma,0.0662422700018592,25_to_34,outbreak_indicator,0.0,0.0,300,0.0662422700018592,True
gamma:3,gamma,0.0662422700018592,25_to_34,peak_weekly_cases,4.973333333333334,2.0059555555555555,300,0.0662422700018592,True
gamma:3,gamma,0.0662422700018592,35_and_over,cumulative_cases,28.006666666666668,40.513288888888894,300,0.0662422700018592,True
gamma:3,gamma,0.0662422700018592,35_and_over,final_week_cases,5.0,5.58,300,0.0662422700018592,True
gamma:3,gamma,0.0662422700018592,35_and_over,outbreak_indicator,0.0,0.0,300,0.0662422700018592,True
gamma:3,gamma,0.0662422700018592,35_and_over,peak_weekly_cases,7.526666666666666,3.829288888888888,300,0.0662422700018592,True
gamma:3,gamma,0.0662422700018592,5_to_10,cumulative_cases,40.22,50.791599999999995,300,0.0662422700018592,True
gamma:3,gamma,0.0662422700018592,5_to_10,final_week_cases,7.003333333333333,7.4366555555555545,300,0.0662422700018592,True
gamma:3,gamma,0.0662422700018592,5_to_10,outbreak_indicator,0.0033333333333333335,0.0033222222222222216,300,0.0662422700018592,True
gamma:3,gamma,0.0662422700018592,5_to_10,peak_weekly_cases,10.126666666666667,3.8706222222222215,300,0.0662422700018592,True
gamma:3,gamma,0.0662422700018592,all ages combined,cumulative_cases,131.17,202.62776666666667,300,0.0662422700018592,True
gamma:3,gamma,0.0662422700018592,all ages combined,final_week_cases,22.49,26.536566666666666,300,0.0662422700018592,True
gamma:3,gamma,0.0662422700018592,all ages combined,outbreak_indicator,1.0,0.0,300,0.0662422700018592,True
gamma:3,gamma,0.0662422700018592,all ages combined,peak_weekly_cases,28.093333333333334,13.657955555555558,300,0.0662422700018592,True
gamma:3,gamma,0.0662422700018592,under_1,cumulative_cases,13.743333333333334,15.637455555555556,300,0.0662422700018592,True
gamma:3,gamma,0.0662422700018592,under_1,final_week_cases,2.183333333333333,2.363055555555555,300,0.0662422700018592,True
gamma:3,gamma,0.0662422700018592,under_1,outbreak_indicator,0.0,0.0,300,0.0662422700018592,True
gamma:3,gamma,0.0662422700018592,under_1,peak_weekly_cases,4.33,1.8344333333333331,300,0.0662422700018592,True
gamma:4,gamma,0.06752313977889329,11_to_14,cumulative_cases,7.243333333333333,8.33078888888889,300,0.0662422700018592,False
gamma:4,gamma,0.06752313977889329,11_to_14,final_week_cases,1.2766666666666666,1.413455555555556,300,0.0662422700018592,False
gamma:4,gamma,0.06752313977889329,11_to_14,outbreak_indicator,0.0,0.0,300,0.0662422700018592,False
gamma:4,gamma,0.06752313977889329,11_to_14,peak_weekly_cases,2.7,1.0966666666666667,300,0.0662422700018592,False
gamma:4,gamma,0.06752313977889329,15_to_24,cumulative_cases,10.886666666666667,11.027155555555556,300,0.0662422700018592,False
gamma:4,gamma,0.06752313977889329,15_to_24,final_week_cases,1.95,2.180833333333333,300,0.0662422700018592,False
gamma:4,gamma,0.06752313977889329,15_to_24,outbreak_indicator,0.0,0.0,300,0.0662422700018592,False
gamma:4,gamma,0.06752313977889329,15_to_24,peak_weekly_cases,3.6366666666666667,1.337988888888889,300,0.0662422700018592,False
gamma:4,gamma,0.06752313977889329,1_to_4,cumulative_cases,15.236666666666666,15.507322222222223,300,0.0662422700018592,False
gamma:4,gamma,0.06752313977889329,1_to_4,final_week_cases,2.13,1.9131000000000002,300,0.0662422700018592,False
gamma:4,gamma,0.06752313977889329,1_to_4,outbreak_indicator,0.0,0.0,300,0.0662422700018592,False
gamma:4,gamma,0.06752313977889329,1_to_4,peak_weekly_cases,4.816666666666666,2.1430555555555553,300,0.0662422700018592,False
gamma:4,gamma,0.06752313977889329,25_to_34,cumulative_cases,16.523333333333333,20.92278888888889,300,0.0662422700018592,False
gamma:4,gamma,0.06752313977889329,25_to_34,final_week_cases,2.8966666666666665,3.325988888888889,300,0.0662422700018592,False
gamma:4,gamma,0.06752313977889329,25_to_34,outbreak_indicator,0.0,0.0,300,0.0662422700018592,False
gamma:4,gamma,0.06752313977889329,25_to_34,peak_weekly_cases,5.016666666666667,2.083055555555555,300,0.0662422700018592,False
gamma:4,gamma,0.06752313977889329,35_and_over,cumulative_cases,28.16,40.46106666666667,300,0.0662422700018592,False
gamma:4,gamma,0.06752313977889329,35_and_over,final_week_cases,5.023333333333333,5.742788888888889,300,0.0662422700018592,False
gamma:4,gamma,0.06752313977889329,35_and_over,outbreak_indicator,0.0,0.0,300,0.0662422700018592,False
gamma:4,gamma,0.06752313977889329,35_and_over,peak_weekly_cases,7.576666666666667,4.144122222222222,300,0.0662422700018592,False
gamma:4,gamma,0.06752313977889329,5_to_10,cumulative_cases,40.74,50.17239999999999,300,0.0662422700018592,False
gamma:4,gamma,0.06752313977889329,5_to_10,final_week_cases,7.1433333333333335,8.169455555555556,300,0.0662422700018592,False
gamma:4,gamma,0.06752313977889329,5_to_10,outbreak_indicator,0.0033333333333333335,0.0033222222222222216,300,0.0662422700018592,False
gamma:4,gamma,0.06752313977889329,5_to_10,peak_weekly_cases,10.306666666666667,3.9592888888888886,300,0.0662422700018592,False
gamma:4,gamma,0.06752313977889329,all ages combined,cumulative_cases,132.48666666666668,196.17648888888888,300,0.0662422700018592,False
gamma:4,gamma,0.06752313977889329,all ages combined,final_week_cases,22.623333333333335,27.681455555555555,300,0.0662422700018592,False
gamma:4,gamma,0.06752313977889329,all ages combined,outbreak_indicator,1.0,0.0,300,0.0662422700018592,False
gamma:4,gamma,0.06752313977889329,all ages combined,peak_weekly_cases,28.466666666666665,13.94222222222222,300,0.0662422700018592,False
gamma:4,gamma,0.06752313977889329,under_1,cumulative_cases,13.696666666666667,15.337988888888885,300,0.0662422700018592,False
gamma:4,gamma,0.06752313977889329,under_1,final_week_cases,2.203333333333333,2.3686555555555557,300,0.0662422700018592,False
gamma:4,gamma,0.06752313977889329,under_1,outbreak_indicator,0.0,0.0,300,0.0662422700018592,False
gamma:4,gamma,0.06752313977889329,under_1,peak_weekly_cases,4.3133333333333335,1.7884888888888888,300,0.0662422700018592,False
gamma:5,gamma,0.07151233452000587,11_to_14,cumulative_cases,7.43,8.098433333333332,300,0.0662422700018592,False
gamma:5,gamma,0.07151233452000587,11_to_14,final_week_cases,1.29,1.2525666666666666,300,0.0662422700018592,False
gamma:5,gamma,0.07151233452000587,11_to_14,outbreak_indicator,0.0,0.0,300,0.0662422700018592,False
gamma:5,gamma,0.07151233452000587,11_to_14,peak_weekly_cases,2.723333333333333,1.026788888888889,300,0.0662422700018592,False
gamma:5,gamma,0.07151233452000587,15_to_24,cumulative_cases,11.226666666666667,13.341955555555554,300,0.0662422700018592,False
gamma:5,gamma,0.07151233452000587,15_to_24,final_week_cases,1.9233333333333333,1.5907888888888888,300,0.0662422700018592,False
gamma:5,gamma,0.07151233452000587,15_to_24,outbreak_indicator,0.0,0.0,300,0.0662422700018592,False
gamma:5,gamma,0.07151233452000587,15_to_24,peak_weekly_cases,3.67,1.2210999999999999,300,0.0662422700018592,False
gamma:5,gamma,0.07151233452000587,1_to_4,cumulative_cases,15.356666666666667,17.189455555555554,300,0.0662422700018592,False
gamma:5,gamma,0.07151233452000587,1_to_4,final_week_cases,2.15,2.0475,300,0.0662422700018592,False
gamma:5,gamma,0.07151233452000587,1_to_4,outbreak_indicator,0.0,0.0,300,0.0662422700018592,False
gamma:5,gamma,0.07151233452000587,1_to_4,peak_weekly_cases,4.806666666666667,2.1159555555555554,300,0.0662422700018592,False
gamma:5,gamma,0.07151233452000587,25_to_34,cumulative_cases,16.77,21.777100000000004,300,0.0662422700018592,False
gamma:5,gamma,0.07151233452000587,25_to_34,final_week_cases,3.0166666666666666,3.5163888888888883,300,0.0662422700018592,False
gamma:5,gamma,0.07151233452000587,25_to_34,outbreak_indicator,0.0,0.0,300,0.0662422700018592,False
gamma:5,gamma,0.07151233452000587,25_to_34,peak_weekly_cases,5.03,1.9291,300,0.0662422700018592,False
gamma:5,gamma,0.07151233452000587,35_and_over,cumulative_cases,29.043333333333333,38.75478888888889,300,0.0662422700018592,False
gamma:5,gamma,0.07151233452000587,35_and_over,final_week_cases,5.346666666666667,6.079822222222222,300,0.0662422700018592,False
gamma:5,gamma,0.07151233452000587,35_and_over,outbreak_indicator,0.0,0.0,300,0.0662422700018592,False
gamma:5,gamma,0.07151233452000587,35_and_over,peak_weekly_cases,7.8966666666666665,4.379322222222222,300,0.0662422700018592,False
gamma:5,gamma,0.07151233452000587,5_to_10,cumulative_cases,42.21,51.2059,300,0.0662422700018592,False
gamma:5,gamma,0.07151233452000587,5_to_10,final_week_cases,7.276666666666666,9.160122222222222,300,0.0662422700018592,False
gamma:5,gamma,0.07151233452000587,5_to_10,outbreak_indicator,0.02666666666666667,0.025955555555555558,300,0.0662422700018592,False
gamma:5,gamma,0.07151233452000587,5_to_10,peak_weekly_cases,10.596666666666666,4.920655555555555,300,0.0662422700018592,False
gamma:5,gamma,0.07151233452000587,all ages combined,cumulative_cases,136.27333333333334,207.21862222222222,300,0.0662422700018592,False
gamma:5,gamma,0.07151233452000587,all ages combined,final_week_cases,23.286666666666665,30.364488888888893,300,0.0662422700018592,False
gamma:5,gamma,0.07151233452000587,all ages combined,outbreak_indicator,1.0,0.0,300,0.0662422700018592,False
gamma:5,gamma,0.07151233452000587,all ages combined,peak_weekly_cases,29.06,14.469733333333334,300,0.0662422700018592,False
gamma:5,gamma,0.07151233452000587,under_1,cumulative_cases,14.236666666666666,13.407322222222222,300,0.0662422700018592,False
gamma:5,gamma,0.07151233452000587,under_1,final_week_cases,2.283333333333333,2.289722222222222,300,0.0662422700018592,False
gamma:5,gamma,0.07151233452000587,under_1,outbreak_indicator,0.0,0.0,300,0.0662422700018592,False
gamma:5,gamma,0.07151233452000587,under_1,peak_weekly_cases,4.506666666666667,1.7432888888888889,300,0.0662422700018592,False
gamma:6,gamma,0.07550152926111844,11_to_14,cumulative_cases,7.633333333333334,7.97888888888889,300,0.0662422700018592,False
gamma:6,gamma,0.07550152926111844,11_to_14,final_week_cases,1.25,1.3008333333333333,300,0.0662422700018592,False
gamma:6,gamma,0.07550152926111844,11_to_14,outbreak_indicator,0.0,0.0,300,0.0662422700018592,False
gamma:6,gamma,0.07550152926111844,11_to_14,peak_weekly_cases,2.77,0.9504333333333334,300,0.0662422700018592,False
gamma:6,gamma,0.07550152926111844,15_to_24,cumulative_cases,11.676666666666666,12.918788888888887,300,0.0662422700018592,False
gamma:6,gamma,0.07550152926111844,15_to_24,final_week_cases,1.9066666666666667,1.8579555555555558,300,0.0662422700018592,False
gamma:6,gamma,0.07550152926111844,15_to_24,outbreak_indicator,0.0,0.0,300,0.0662422700018592,False
gamma:6,gamma,0.07550152926111844,15_to_24,peak_weekly_cases,3.88,1.6256,300,0.0662422700018592,False
gamma:6,gamma,0.07550152926111844,1_to_4,cumulative_cases,15.54,14.855066666666668,300,0.0662422700018592,False
gamma:6,gamma,0.07550152926111844,1_to_4,final_week_cases,2.0866666666666664,1.912488888888889,300,0.0662422700018592,False
gamma:6,gamma,0.07550152926111844,1_to_4,outbreak_indicator,0.0,0.0,300,0.0662422700018592,False
gamma:6,gamma,0.07550152926111844,1_to_4,peak_weekly_cases,4.866666666666666,2.0155555555555553,300,0.0662422700018592,False
gamma:6,gamma,0.07550152926111844,25_to_34,cumulative_cases,17.083333333333332,23.01638888888889,300,0.0662422700018592,False
gamma:6,gamma,0.07550152926111844,25_to_34,final_week_cases,2.8633333333333333,3.0246555555555554,300,0.0662422700018592,False
gamma:6,gamma,0.07550152926111844,25_to_34,outbreak_indicator,0.0,0.0,300,0.0662422700018592,False
gamma:6,gamma,0.07550152926111844,25_to_34,peak_weekly_cases,5.053333333333334,2.3038222222222218,300,0.0662422700018592,False
gamma:6,gamma,0.07550152926111844,35_and_over,cumulative_cases,29.546666666666667,39.20115555555556,300,0.0662422700018592,False
gamma:6,gamma,0.07550152926111844,35_and_over,final_week_cases,5.45,5.774166666666667,300,0.0662422700018592,False
gamma:6,gamma,0.07550152926111844,35_and_over,outbreak_indicator,0.0,0.0,300,0.0662422700018592,False
gamma:6,gamma,0.07550152926111844,35_and_over,peak_weekly_cases,7.923333333333333,3.517455555555556,300,0.0662422700018592,False
gamma:6,gamma,0.07550152926111844,5_to_10,cumulative_cases,43.763333333333335,57.687322222222235,300,0.0662422700018592,False
gamma:6,gamma,0.07550152926111844,5_to_10,final_week_cases,7.596666666666667,8.567322222222222,300,0.0662422700018592,False
gamma:6,gamma,0.07550152926111844,5_to_10,outbreak_indicator,0.02666666666666667,0.02595555555555556,300,0.0662422700018592,False
gamma:6,gamma,0.07550152926111844,5_to_10,peak_weekly_cases,10.97,5.1491,300,0.0662422700018592,False
gamma:6,gamma,0.07550152926111844,all ages combined,cumulative_cases,139.91,213.42856666666665,300,0.0662422700018592,False
gamma:6,gamma,0.07550152926111844,all ages combined,final_week_cases,23.52,31.922933333333336,300,0.0662422700018592,False
gamma:6,gamma,0.07550152926111844,all ages combined,outbreak_indicator,1.0,0.0,300,0.0662422700018592,False
gamma:6,gamma,0.07550152926111844,all ages combined,peak_weekly_cases,29.716666666666665,15.316388888888888,300,0.0662422700018592,False
gamma:6,gamma,0.07550152926111844,under_1,cumulative_cases,14.666666666666666,15.708888888888886,300,0.0662422700018592,False
gamma:6,gamma,0.07550152926111844,under_1,final_week_cases,2.3666666666666667,2.3522222222222227,300,0.0662422700018592,False
gamma:6,gamma,0.07550152926111844,under_1,outbreak_indicator,0.0,0.0,300,0.0662422700018592,False
gamma:6,gamma,0.07550152926111844,under_1,peak_weekly_cases,4.496666666666667,1.9233222222222222,300,0.0662422700018592,False
gamma:7,gamma,0.07949072400223103,11_to_14,cumulative_cases,7.86,9.207066666666666,300,0.0662422700018592,False
gamma:7,gamma,0.07949072400223103,11_to_14,final_week_cases,1.3,1.49,300,0.0662422700018592,False
gamma:7,gamma,0.07949072400223103,11_to_14,outbreak_indicator,0.0,0.0,300,0.0662422700018592,False
gamma:7,gamma,0.07949072400223103,11_to_14,peak_weekly_cases,2.8933333333333335,1.0552888888888887,300,0.0662422700018592,False
gamma:7,gamma,0.07949072400223103,15_to_24,cumulative_cases,11.596666666666666,11.793988888888888,300,0.0662422700018592,False
gamma:7,gamma,0.07949072400223103,15_to_24,final_week_cases,1.8633333333333333,2.0313222222222227,300,0.0662422700018592,False
gamma:7,gamma,0.07949072400223103,15_to_24,outbreak_indicator,0.0,0.0,300,0.0662422700018592,False
gamma:7,gamma,0.07949072400223103,15_to_24,peak_weekly_cases,3.8366666666666664,1.349988888888889,300,0.0662422700018592,False
gamma:7,gamma,0.07949072400223103,1_to_4,cumulative_cases,16.12,18.0856,300,0.0662422700018592,False
gamma:7,gamma,0.07949072400223103,1_to_4,final_week_cases,2.1233333333333335,2.234788888888889,300,0.0662422700018592,False
gamma:7,gamma,0.07949072400223103,1_to_4,outbreak_indicator,0.0,0.0,300,0.0662422700018592,False
gamma:7,gamma,0.07949072400223103,1_to_4,peak_weekly_cases,5.02,2.1129333333333338,300,0.0662422700018592,False
gamma:7,gamma,0.07949072400223103,25_to_34,cumulative_cases,17.55,21.854166666666668,300,0.0662422700018592,False
gamma:7,gamma,0.07949072400223103,25_to_34,final_week_cases,3.006666666666667,3.5399555555555557,300,0.0662422700018592,False
gamma:7,gamma,0.07949072400223103,25_to_34,outbreak_indicator,0.0,0.0,300,0.0662422700018592,False
gamma:7,gamma,0.07949072400223103,25_to_34,peak_weekly_cases,5.29,2.1525666666666665,300,0.0662422700018592,False
gamma:7,gamma,0.07949072400223103,35_and_over,cumulative_cases,30.483333333333334,39.043055555555554,300,0.0662422700018592,False
gamma:7,gamma,0.07949072400223103,35_and_over,final_week_cases,5.536666666666667,5.748655555555556,300,0.0662422700018592,False
gamma:7,gamma,0.07949072400223103,35_and_over,outbreak_indicator,0.006666666666666667,0.00662222222222222,300,0.0662422700018592,False
gamma:7,gamma,0.07949072400223103,35_and_over,peak_weekly_cases,8.223333333333333,4.066788888888889,300,0.0662422700018592,False
gamma:7,gamma,0.07949072400223103,5_to_10,cumulative_cases,45.19,56.75390000000001,300,0.0662422700018592,False
gamma:7,gamma,0.07949072400223103,5_to_10,final_week_cases,7.8966666666666665,9.512655555555556,300,0.0662422700018592,False
gamma:7,gamma,0.07949072400223103,5_to_10,outbreak_indicator,0.05333333333333334,0.05048888888888889,300,0.0662422700018592,False
gamma:7,gamma,0.07949072400223103,5_to_10,peak_weekly_cases,11.323333333333334,5.432122222222222,300,0.0662422700018592,False
gamma:7,gamma,0.07949072400223103,all ages combined,cumulative_cases,143.80666666666667,227.20262222222223,300,0.0662422700018592,False
gamma:7,gamma,0.07949072400223103,all ages combined,final_week_cases,24.14,31.43373333333333,300,0.0662422700018592,False
gamma:7,gamma,0.07949072400223103,all ages combined,outbreak_indicator,1.0,0.0,300,0.0662422700018592,False
gamma:7,gamma,0.07949072400223103,all ages combined,peak_weekly_cases,30.38,15.082266666666667,300,0.0662422700018592,False
gamma:7,gamma,0.07949072400223103,under_1,cumulative_cases,15.006666666666666,18.933288888888885,300,0.0662422700018592,False
gamma:7,gamma,0.07949072400223103,under_1,final_week_cases,2.4133333333333336,2.5691555555555556,300,0.0662422700018592,False
gamma:7,gamma,0.07949072400223103,under_1,outbreak_indicator,0.0,0.0,300,0.0662422700018592,False
gamma:7,gamma,0.07949072400223103,under_1,peak_weekly_cases,4.6,2.006666666666667,300,0.0662422700018592,False
initial_exposed_per_case:0,initial_exposed_per_case,1.600653493991914,11_to_14,cumulative_cases,7.16,8.067733333333335,300,2.0008168674898923,False
initial_exposed_per_case:0,initial_exposed_per_case,1.600653493991914,11_to_14,final_week_cases,1.2666666666666666,1.4155555555555555,300,2.0008168674898923,False
initial_exposed_per_case:0,initial_exposed_per_case,1.600653493991914,11_to_14,outbreak_indicator,0.0,0.0,300,2.0008168674898923,False
initial_exposed_per_case:0,initial_exposed_per_case,1.600653493991914,11_to_14,peak_weekly_cases,2.6933333333333334,1.039288888888889,300,2.0008168674898923,False
initial_exposed_per_case:0,initial_exposed_per_case,1.600653493991914,15_to_24,cumulative_cases,10.686666666666667,11.675155555555556,300,2.0008168674898923,False
initial_exposed_per_case:0,initial_exposed_per_case,1.600653493991914,15_to_24,final_week_cases,1.9466666666666668,2.0838222222222225,300,2.0008168674898923,False
initial_exposed_per_case:0,initial_exposed_per_case,1.600653493991914,15_to_24,outbreak_indicator,0.0,0.0,300,2.0008168674898923,False
initial_exposed_per_case:0,initial_exposed_per_case,1.600653493991914,15_to_24,peak_weekly_cases,3.5366666666666666,1.381988888888889,300,2.0008168674898923,False
initial_exposed_per_case:0,initial_exposed_per_case,1.600653493991914,1_to_4,cumulative_cases,15.04,15.765066666666668,300,2.0008168674898923,False
initial_exposed_per_case:0,initial_exposed_per_case,1.600653493991914,1_to_4,final_week_cases,2.19,2.0672333333333337,300,2.0008168674898923,False
initial_exposed_per_case:0,initial_exposed_per_case,1.600653493991914,1_to_4,outbreak_indicator,0.0,0.0,300,2.0008168674898923,False
initial_exposed_per_case:0,initial_exposed_per_case,1.600653493991914,1_to_4,peak_weekly_cases,4.823333333333333,2.045455555555556,300,2.0008168674898923,False
initial_exposed_per_case:0,initial_exposed_per_case,1.600653493991914,25_to_34,cumulative_cases,16.313333333333333,19.961822222222224,300,2.0008168674898923,False
initial_exposed_per_case:0,initial_exposed_per_case,1.600653493991914,25_to_34,final_week_cases,2.9,3.296666666666667,300,2.0008168674898923,False
initial_exposed_per_case:0,initial_exposed_per_case,1.600653493991914,25_to_34,outbreak_indicator,0.0,0.0,300,2.0008168674898923,False
initial_exposed_per_case:0,initial_exposed_per_case,1.600653493991914,25_to_34,peak_weekly_cases,4.973333333333334,2.0059555555555555,300,2.0008168674898923,False
initial_exposed_per_case:0,initial_exposed_per_case,1.600653493991914,35_and_over,cumulative_cases,28.006666666666668,40.513288888888894,300,2.0008168674898923,False
initial_exposed_per_case:0,initial_exposed_per_case,1.600653493991914,35_and_over,final_week_cases,5.0,5.58,300,2.0008168674898923,False
initial_exposed_per_case:0,initial_exposed_per_case,1.600653493991914,35_and_over,outbreak_indicator,0.0,0.0,300,2.0008168674898923,False
initial_exposed_per_case:0,initial_exposed_per_case,1.600653493991914,35_and_over,peak_weekly_cases,7.526666666666666,3.829288888888888,300,2.0008168674898923,False
initial_exposed_per_case:0,initial_exposed_per_case,1.600653493991914,5_to_10,cumulative_cases,40.22,50.791599999999995,300,2.0008168674898923,False
initial_exposed_per_case:0,initial_exposed_per_case,1.600653493991914,5_to_10,final_week_cases,7.003333333333333,7.4366555555555545,300,2.0008168674898923,False
initial_exposed_per_case:0,initial_exposed_per_case,1.600653493991914,5_to_10,outbreak_indicator,0.0033333333333333335,0.0033222222222222216,300,2.0008168674898923,False
initial_exposed_per_case:0,initial_exposed_per_case,1.600653493991914,5_to_10,peak_weekly_cases,10.126666666666667,3.8706222222222215,300,2.0008168674898923,False
initial_exposed_per_case:0,initial_exposed_per_case,1.600653493991914,all ages combined,cumulative_cases,131.17,202.62776666666667,300,2.0008168674898923,False
initial_exposed_per_case:0,initial_exposed_per_case,1.600653493991914,all ages combined,final_week_cases,22.49,26.536566666666666,300,2.0008168674898923,False
initial_exposed_per_case:0,initial_exposed_per_case,1.600653493991914,all ages combined,outbreak_indicator,1.0,0.0,300,2.0008168674898923,False
initial_exposed_per_case:0,initial_exposed_per_case,1.600653493991914,all ages combined,peak_weekly_cases,28.093333333333334,13.657955555555558,300,2.0008168674898923,False
initial_exposed_per_case:0,initial_exposed_per_case,1.600653493991914,under_1,cumulative_cases,13.743333333333334,15.637455555555556,300,2.0008168674898923,False
initial_exposed_per_case:0,initial_exposed_per_case,1.600653493991914,under_1,final_week_cases,2.183333333333333,2.363055555555555,300,2.0008168674898923,False
initial_exposed_per_case:0,initial_exposed_per_case,1.600653493991914,under_1,outbreak_indicator,0.0,0.0,300,2.0008168674898923,False
initial_exposed_per_case:0,initial_exposed_per_case,1.600653493991914,under_1,peak_weekly_cases,4.33,1.8344333333333331,300,2.0008168674898923,False
initial_exposed_per_case:1,initial_exposed_per_case,1.7340412851579068,11_to_14,cumulative_cases,7.16,8.067733333333335,300,2.0008168674898923,False
initial_exposed_per_case:1,initial_exposed_per_case,1.7340412851579068,11_to_14,final_week_cases,1.2666666666666666,1.4155555555555555,300,2.0008168674898923,False
initial_exposed_per_case:1,initial_exposed_per_case,1.7340412851579068,11_to_14,outbreak_indicator,0.0,0.0,300,2.0008168674898923,False
initial_exposed_per_case:1,initial_exposed_per_case,1.7340412851579068,11_to_14,peak_weekly_cases,2.6933333333333334,1.039288888888889,300,2.0008168674898923,False
initial_exposed_per_case:1,initial_exposed_per_case,1.7340412851579068,15_to_24,cumulative_cases,10.686666666666667,11.675155555555556,300,2.0008168674898923,False
initial_exposed_per_case:1,initial_exposed_per_case,1.7340412851579068,15_to_24,final_week_cases,1.9466666666666668,2.0838222222222225,300,2.0008168674898923,False
initial_exposed_per_case:1,initial_exposed_per_case,1.7340412851579068,15_to_24,outbreak_indicator,0.0,0.0,300,2.0008168674898923,False
initial_exposed_per_case:1,initial_exposed_per_case,1.7340412851579068,15_to_24,peak_weekly_cases,3.5366666666666666,1.381988888888889,300,2.0008168674898923,False
initial_exposed_per_case:1,initial_exposed_per_case,1.7340412851579068,1_to_4,cumulative_cases,15.04,15.765066666666668,300,2.0008168674898923,False
initial_exposed_per_case:1,initial_exposed_per_case,1.7340412851579068,1_to_4,final_week_cases,2.19,2.0672333333333337,300,2.0008168674898923,False
initial_exposed_per_case:1,initial_exposed_per_case,1.7340412851579068,1_to_4,outbreak_indicator,0.0,0.0,300,2.0008168674898923,False
initial_exposed_per_case:1,initial_exposed_per_case,1.7340412851579068,1_to_4,peak_weekly_cases,4.823333333333333,2.045455555555556,300,2.0008168674898923,False
initial_exposed_per_case:1,initial_exposed_per_case,1.7340412851579068,25_to_34,cumulative_cases,16.313333333333333,19.961822222222224,300,2.0008168674898923,False
initial_exposed_per_case:1,initial_exposed_per_case,1.7340412851579068,25_to_34,final_week_cases,2.9,3.296666666666667,300,2.0008168674898923,False
initial_exposed_per_case:1,initial_exposed_per_case,1.7340412851579068,25_to_34,outbreak_indicator,0.0,0.0,300,2.0008168674898923,False
initial_exposed_per_case:1,initial_exposed_per_case,1.7340412851579068,25_to_34,peak_weekly_cases,4.973333333333334,2.0059555555555555,300,2.0008168674898923,False
initial_exposed_per_case:1,initial_exposed_per_case,1.7340412851579068,35_and_over,cumulative_cases,28.006666666666668,40.513288888888894,300,2.0008168674898923,False
initial_exposed_per_case:1,initial_exposed_per_case,1.7340412851579068,35_and_over,final_week_cases,5.0,5.58,300,2.0008168674898923,False
initial_exposed_per_case:1,initial_exposed_per_case,1.7340412851579068,35_and_over,outbreak_indicator,0.0,0.0,300,2.0008168674898923,False
initial_exposed_per_case:1,initial_exposed_per_case,1.7340412851579068,35_and_over,peak_weekly_cases,7.526666666666666,3.829288888888888,300,2.0008168674898923,False
initial_exposed_per_case:1,initial_exposed_per_case,1.7340412851579068,5_to_10,cumulative_cases,40.22,50.791599999999995,300,2.0008168674898923,False
initial_exposed_per_case:1,initial_exposed_per_case,1.7340412851579068,5_to_10,final_week_cases,7.003333333333333,7.4366555555555545,300,2.0008168674898923,False
initial_exposed_per_case:1,initial_exposed_per_case,1.7340412851579068,5_to_10,outbreak_indicator,0.0033333333333333335,0.0033222222222222216,300,2.0008168674898923,False
initial_exposed_per_case:1,initial_exposed_per_case,1.7340412851579068,5_to_10,peak_weekly_cases,10.126666666666667,3.8706222222222215,300,2.0008168674898923,False
initial_exposed_per_case:1,initial_exposed_per_case,1.7340412851579068,all ages combined,cumulative_cases,131.17,202.62776666666667,300,2.0008168674898923,False
initial_exposed_per_case:1,initial_exposed_per_case,1.7340412851579068,all ages combined,final_week_cases,22.49,26.536566666666666,300,2.0008168674898923,False
initial_exposed_per_case:1,initial_exposed_per_case,1.7340412851579068,all ages combined,outbreak_indicator,1.0,0.0,300,2.0008168674898923,False
initial_exposed_per_case:1,initial_exposed_per_case,1.7340412851579068,all ages combined,peak_weekly_cases,28.093333333333334,13.657955555555558,300,2.0008168674898923,False
initial_exposed_per_case:1,initial_exposed_per_case,1.7340412851579068,under_1,cumulative_cases,13.743333333333334,15.637455555555556,300,2.0008168674898923,False
initial_exposed_per_case:1,initial_exposed_per_case,1.7340412851579068,under_1,final_week_cases,2.183333333333333,2.363055555555555,300,2.0008168674898923,False
initial_exposed_per_case:1,initial_exposed_per_case,1.7340412851579068,under_1,outbreak_indicator,0.0,0.0,300,2.0008168674898923,False
initial_exposed_per_case:1,initial_exposed_per_case,1.7340412851579068,under_1,peak_weekly_cases,4.33,1.8344333333333331,300,2.0008168674898923,False
initial_exposed_per_case:2,initial_exposed_per_case,1.8674290763238994,11_to_14,cumulative_cases,7.16,8.067733333333335,300,2.0008168674898923,False
initial_exposed_per_case:2,initial_exposed_per_case,1.8674290763238994,11_to_14,final_week_cases,1.2666666666666666,1.4155555555555555,300,2.0008168674898923,False
initial_exposed_per_case:2,initial_exposed_per_case,1.8674290763238994,11_to_14,outbreak_indicator,0.0,0.0,300,2.0008168674898923,False
initial_exposed_per_case:2,initial_exposed_per_case,1.8674290763238994,11_to_14,peak_weekly_cases,2.6933333333333334,1.039288888888889,300,2.0008168674898923,False
initial_exposed_per_case:2,initial_exposed_per_case,1.8674290763238994,15_to_24,cumulative_cases,10.686666666666667,11.675155555555556,300,2.0008168674898923,False
initial_exposed_per_case:2,initial_exposed_per_case,1.8674290763238994,15_to_24,final_week_cases,1.9466666666666668,2.0838222222222225,300,2.0008168674898923,False
initial_exposed_per_case:2,initial_exposed_per_case,1.8674290763238994,15_to_24,outbreak_indicator,0.0,0.0,300,2.0008168674898923,False
initial_exposed_per_case:2,initial_exposed_per_case,1.8674290763238994,15_to_24,peak_weekly_cases,3.5366666666666666,1.381988888888889,300,2.0008168674898923,False
initial_exposed_per_case:2,initial_exposed_per_case,1.8674290763238994,1_to_4,cumulative_cases,15.04,15.765066666666668,300,2.0008168674898923,False
initial_exposed_per_case:2,initial_exposed_per_case,1.8674290763238994,1_to_4,final_week_cases,2.19,2.0672333333333337,300,2.0008168674898923,False
initial_exposed_per_case:2,initial_exposed_per_case,1.8674290763238994,1_to_4,outbreak_indicator,0.0,0.0,300,2.0008168674898923,False
initial_exposed_per_case:2,initial_exposed_per_case,1.8674290763238994,1_to_4,peak_weekly_cases,4.823333333333333,2.045455555555556,300,2.0008168674898923,False
initial_exposed_per_case:2,initial_exposed_per_case,1.8674290763238994,25_to_34,cumulative_cases,16.313333333333333,19.961822222222224,300,2.0008168674898923,False
initial_exposed_per_case:2,initial_exposed_per_case,1.8674290763238994,25_to_34,final_week_cases,2.9,3.296666666666667,300,2.0008168674898923,False
initial_exposed_per_case:2,initial_exposed_per_case,1.8674290763238994,25_to_34,outbreak_indicator,0.0,0.0,300,2.0008168674898923,False
initial_exposed_per_case:2,initial_exposed_per_case,1.8674290763238994,25_to_34,peak_weekly_cases,4.973333333333334,2.0059555555555555,300,2.0008168674898923,False
initial_exposed_per_case:2,initial_exposed_per_case,1.8674290763238994,35_and_over,cumulative_cases,28.006666666666668,40.513288888888894,300,2.0008168674898923,False
initial_exposed_per_case:2,initial_exposed_per_case,1.8674290763238994,35_and_over,final_week_cases,5.0,5.58,300,2.0008168674898923,False
initial_exposed_per_case:2,initial_exposed_per_case,1.8674290763238994,35_and_over,outbreak_indicator,0.0,0.0,300,2.0008168674898923,False
initial_exposed_per_case:2,initial_exposed_per_case,1.8674290763238994,35_and_over,peak_weekly_cases,7.526666666666666,3.829288888888888,300,2.0008168674898923,False
initial_exposed_per_case:2,initial_exposed_per_case,1.8674290763238994,5_to_10,cumulative_cases,40.22,50.791599999999995,300,2.0008168674898923,False
initial_exposed_per_case:2,initial_exposed_per_case,1.8674290763238994,5_to_10,final_week_cases,7.003333333333333,7.4366555555555545,300,2.0008168674898923,False
initial_exposed_per_case:2,initial_exposed_per_case,1.8674290763238994,5_to_10,outbreak_indicator,0.0033333333333333335,0.0033222222222222216,300,2.0008168674898923,False
initial_exposed_per_case:2,initial_exposed_per_case,1.8674290763238994,5_to_10,peak_weekly_cases,10.126666666666667,3.8706222222222215,300,2.0008168674898923,False
initial_exposed_per_case:2,initial_exposed_per_case,1.8674290763238994,all ages combined,cumulative_cases,131.17,202.62776666666667,300,2.0008168674898923,False
initial_exposed_per_case:2,initial_exposed_per_case,1.8674290763238994,all ages combined,final_week_cases,22.49,26.536566666666666,300,2.0008168674898923,False
initial_exposed_per_case:2,initial_exposed_per_case,1.8674290763238994,all ages combined,outbreak_indicator,1.0,0.0,300,2.0008168674898923,False
initial_exposed_per_case:2,initial_exposed_per_case,1.8674290763238994,all ages combined,peak_weekly_cases,28.093333333333334,13.657955555555558,300,2.0008168674898923,False
initial_exposed_per_case:2,initial_exposed_per_case,1.8674290763238994,under_1,cumulative_cases,13.743333333333334,15.637455555555556,300,2.0008168674898923,False
initial_exposed_per_case:2,initial_exposed_per_case,1.8674290763238994,under_1,final_week_cases,2.183333333333333,2.363055555555555,300,2.0008168674898923,False
initial_exposed_per_case:2,initial_exposed_per_case,1.8674290763238994,under_1,outbreak_indicator,0.0,0.0,300,2.0008168674898923,False
initial_exposed_per_case:2,initial_exposed_per_case,1.8674290763238994,under_1,peak_weekly_cases,4.33,1.8344333333333331,300,2.0008168674898923,False
initial_exposed_per_case:3,initial_exposed_per_case,2.0008168674898923,11_to_14,cumulative_cases,7.16,8.067733333333335,300,2.0008168674898923,True
initial_exposed_per_case:3,initial_exposed_per_case,2.0008168674898923,11_to_14,final_week_cases,1.2666666666666666,1.4155555555555555,300,2.0008168674898923,True
initial_exposed_per_case:3,initial_exposed_per_case,2.0008168674898923,11_to_14,outbreak_indicator,0.0,0.0,300,2.0008168674898923,True
initial_exposed_per_case:3,initial_exposed_per_case,2.0008168674898923,11_to_14,peak_weekly_cases,2.6933333333333334,1.039288888888889,300,2.0008168674898923,True
initial_exposed_per_case:3,initial_exposed_per_case,2.0008168674898923,15_to_24,cumulative_cases,10.686666666666667,11.675155555555556,300,2.0008168674898923,True
initial_exposed_per_case:3,initial_exposed_per_case,2.0008168674898923,15_to_24,final_week_cases,1.9466666666666668,2.0838222222222225,300,2.0008168674898923,True
initial_exposed_per_case:3,initial_exposed_per_case,2.0008168674898923,15_to_24,outbreak_indicator,0.0,0.0,300,2.0008168674898923,True
initial_exposed_per_case:3,initial_exposed_per_case,2.0008168674898923,15_to_24,peak_weekly_cases,3.5366666666666666,1.381988888888889,300,2.0008168674898923,True
initial_exposed_per_case:3,initial_exposed_per_case,2.0008168674898923,1_to_4,cumulative_cases,15.04,15.765066666666668,300,2.0008168674898923,True
initial_exposed_per_case:3,initial_exposed_per_case,2.0008168674898923,1_to_4,final_week_cases,2.19,2.0672333333333337,300,2.0008168674898923,True
initial_exposed_per_case:3,initial_exposed_per_case,2.0008168674898923,1_to_4,outbreak_indicator,0.0,0.0,300,2.0008168674898923,True
initial_exposed_per_case:3,initial_exposed_per_case,2.0008168674898923,1_to_4,peak_weekly_cases,4.823333333333333,2.045455555555556,300,2.0008168674898923,True
initial_exposed_per_case:3,initial_exposed_per_case,2.0008168674898923,25_to_34,cumulative_cases,16.313333333333333,19.961822222222224,300,2.0008168674898923,True
initial_exposed_per_case:3,initial_exposed_per_case,2.0008168674898923,25_to_34,final_week_cases,2.9,3.296666666666667,300,2.0008168674898923,True
initial_exposed_per_case:3,initial_exposed_per_case,2.0008168674898923,25_to_34,outbreak_indicator,0.0,0.0,300,2.0008168674898923,True
initial_exposed_per_case:3,initial_exposed_per_case,2.0008168674898923,25_to_34,peak_weekly_cases,4.973333333333334,2.0059555555555555,300,2.0008168674898923,True
initial_exposed_per_case:3,initial_exposed_per_case,2.0008168674898923,35_and_over,cumulative_cases,28.006666666666668,40.513288888888894,300,2.0008168674898923,True
initial_exposed_per_case:3,initial_exposed_per_case,2.0008168674898923,35_and_over,final_week_cases,5.0,5.58,300,2.0008168674898923,True
initial_exposed_per_case:3,initial_exposed_per_case,2.0008168674898923,35_and_over,outbreak_indicator,0.0,0.0,300,2.0008168674898923,True
initial_exposed_per_case:3,initial_exposed_per_case,2.0008168674898923,35_and_over,peak_weekly_cases,7.526666666666666,3.829288888888888,300,2.0008168674898923,True
initial_exposed_per_case:3,initial_exposed_per_case,2.0008168674898923,5_to_10,cumulative_cases,40.22,50.791599999999995,300,2.0008168674898923,True
initial_exposed_per_case:3,initial_exposed_per_case,2.0008168674898923,5_to_10,final_week_cases,7.003333333333333,7.4366555555555545,300,2.0008168674898923,True
initial_exposed_per_case:3,initial_exposed_per_case,2.0008168674898923,5_to_10,outbreak_indicator,0.0033333333333333335,0.0033222222222222216,300,2.0008168674898923,True
initial_exposed_per_case:3,initial_exposed_per_case,2.0008168674898923,5_to_10,peak_weekly_cases,10.126666666666667,3.8706222222222215,300,2.0008168674898923,True
initial_exposed_per_case:3,initial_exposed_per_case,2.0008168674898923,all ages combined,cumulative_cases,131.17,202.62776666666667,300,2.0008168674898923,True
initial_exposed_per_case:3,initial_exposed_per_case,2.0008168674898923,all ages combined,final_week_cases,22.49,26.536566666666666,300,2.0008168674898923,True
initial_exposed_per_case:3,initial_exposed_per_case,2.0008168674898923,all ages combined,outbreak_indicator,1.0,0.0,300,2.0008168674898923,True
initial_exposed_per_case:3,initial_exposed_per_case,2.0008168674898923,all ages combined,peak_weekly_cases,28.093333333333334,13.657955555555558,300,2.0008168674898923,True
initial_exposed_per_case:3,initial_exposed_per_case,2.0008168674898923,under_1,cumulative_cases,13.743333333333334,15.637455555555556,300,2.0008168674898923,True
initial_exposed_per_case:3,initial_exposed_per_case,2.0008168674898923,under_1,final_week_cases,2.183333333333333,2.363055555555555,300,2.0008168674898923,True
initial_exposed_per_case:3,initial_exposed_per_case,2.0008168674898923,under_1,outbreak_indicator,0.0,0.0,300,2.0008168674898923,True
initial_exposed_per_case:3,initial_exposed_per_case,2.0008168674898923,under_1,peak_weekly_cases,4.33,1.8344333333333331,300,2.0008168674898923,True
initial_exposed_per_case:4,initial_exposed_per_case,2.134204658655885,11_to_14,cumulative_cases,7.16,8.067733333333335,300,2.0008168674898923,False
initial_exposed_per_case:4,initial_exposed_per_case,2.134204658655885,11_to_14,final_week_cases,1.2666666666666666,1.4155555555555555,300,2.0008168674898923,False
initial_exposed_per_case:4,initial_exposed_per_case,2.134204658655885,11_to_14,outbreak_indicator,0.0,0.0,300,2.0008168674898923,False
initial_exposed_per_case:4,initial_exposed_per_case,2.134204658655885,11_to_14,peak_weekly_cases,2.6933333333333334,1.039288888888889,300,2.0008168674898923,False
initial_exposed_per_case:4,initial_exposed_per_case,2.134204658655885,15_to_24,cumulative_cases,10.686666666666667,11.675155555555556,300,2.0008168674898923,False
initial_exposed_per_case:4,initial_exposed_per_case,2.134204658655885,15_to_24,final_week_cases,1.9466666666666668,2.0838222222222225,300,2.0008168674898923,False
initial_exposed_per_case:4,initial_exposed_per_case,2.134204658655885,15_to_24,outbreak_indicator,0.0,0.0,300,2.0008168674898923,False
initial_exposed_per_case:4,initial_exposed_per_case,2.134204658655885,15_to_24,peak_weekly_cases,3.5366666666666666,1.381988888888889,300,2.0008168674898923,False
initial_exposed_per_case:4,initial_exposed_per_case,2.134204658655885,1_to_4,cumulative_cases,15.04,15.765066666666668,300,2.0008168674898923,False
initial_exposed_per_case:4,initial_exposed_per_case,2.134204658655885,1_to_4,final_week_cases,2.19,2.0672333333333337,300,2.0008168674898923,False
initial_exposed_per_case:4,initial_exposed_per_case,2.134204658655885,1_to_4,outbreak_indicator,0.0,0.0,300,2.0008168674898923,False
initial_exposed_per_case:4,initial_exposed_per_case,2.134204658655885,1_to_4,peak_weekly_cases,4.823333333333333,2.045455555555556,300,2.0008168674898923,False
initial_exposed_per_case:4,initial_exposed_per_case,2.134204658655885,25_to_34,cumulative_cases,16.313333333333333,19.961822222222224,300,2.0008168674898923,False
initial_exposed_per_case:4,initial_exposed_per_case,2.134204658655885,25_to_34,final_week_cases,2.9,3.296666666666667,300,2.0008168674898923,False
initial_exposed_per_case:4,initial_exposed_per_case,2.134204658655885,25_to_34,outbreak_indicator,0.0,0.0,300,2.0008168674898923,False
initial_exposed_per_case:4,initial_exposed_per_case,2.134204658655885,25_to_34,peak_weekly_cases,4.973333333333334,2.0059555555555555,300,2.0008168674898923,False
initial_exposed_per_case:4,initial_exposed_per_case,2.134204658655885,35_and_over,cumulative_cases,28.006666666666668,40.513288888888894,300,2.0008168674898923,False
initial_exposed_per_case:4,initial_exposed_per_case,2.134204658655885,35_and_over,final_week_cases,5.0,5.58,300,2.0008168674898923,False
initial_exposed_per_case:4,initial_exposed_per_case,2.134204658655885,35_and_over,outbreak_indicator,0.0,0.0,300,2.0008168674898923,False
initial_exposed_per_case:4,initial_exposed_per_case,2.134204658655885,35_and_over,peak_weekly_cases,7.526666666666666,3.829288888888888,300,2.0008168674898923,False
initial_exposed_per_case:4,initial_exposed_per_case,2.134204658655885,5_to_10,cumulative_cases,40.22,50.791599999999995,300,2.0008168674898923,False
initial_exposed_per_case:4,initial_exposed_per_case,2.134204658655885,5_to_10,final_week_cases,7.003333333333333,7.4366555555555545,300,2.0008168674898923,False
initial_exposed_per_case:4,initial_exposed_per_case,2.134204658655885,5_to_10,outbreak_indicator,0.0033333333333333335,0.0033222222222222216,300,2.0008168674898923,False
initial_exposed_per_case:4,initial_exposed_per_case,2.134204658655885,5_to_10,peak_weekly_cases,10.126666666666667,3.8706222222222215,300,2.0008168674898923,False
initial_exposed_per_case:4,initial_exposed_per_case,2.134204658655885,all ages combined,cumulative_cases,131.17,202.62776666666667,300,2.0008168674898923,False
initial_exposed_per_case:4,initial_exposed_per_case,2.134204658655885,all ages combined,final_week_cases,22.49,26.536566666666666,300,2.0008168674898923,False
initial_exposed_per_case:4,initial_exposed_per_case,2.134204658655885,all ages combined,outbreak_indicator,1.0,0.0,300,2.0008168674898923,False
initial_exposed_per_case:4,initial_exposed_per_case,2.134204658655885,all ages combined,peak_weekly_cases,28.093333333333334,13.657955555555558,300,2.0008168674898923,False
initial_exposed_per_case:4,initial_exposed_per_case,2.134204658655885,under_1,cumulative_cases,13.743333333333334,15.637455555555556,300,2.0008168674898923,False
initial_exposed_per_case:4,initial_exposed_per_case,2.134204658655885,under_1,final_week_cases,2.183333333333333,2.363055555555555,300,2.0008168674898923,False
initial_exposed_per_case:4,initial_exposed_per_case,2.134204658655885,under_1,outbreak_indicator,0.0,0.0,300,2.0008168674898923,False
initial_exposed_per_case:4,initial_exposed_per_case,2.134204658655885,under_1,peak_weekly_cases,4.33,1.8344333333333331,300,2.0008168674898923,False
initial_exposed_per_case:5,initial_exposed_per_case,2.267592449821878,11_to_14,cumulative_cases,7.16,8.067733333333335,300,2.0008168674898923,False
initial_exposed_per_case:5,initial_exposed_per_case,2.267592449821878,11_to_14,final_week_cases,1.2666666666666666,1.4155555555555555,300,2.0008168674898923,False
initial_exposed_per_case:5,initial_exposed_per_case,2.267592449821878,11_to_14,outbreak_indicator,0.0,0.0,300,2.0008168674898923,False
initial_exposed_per_case:5,initial_exposed_per_case,2.267592449821878,11_to_14,peak_weekly_cases,2.6933333333333334,1.039288888888889,300,2.0008168674898923,False
initial_exposed_per_case:5,initial_exposed_per_case,2.267592449821878,15_to_24,cumulative_cases,10.686666666666667,11.675155555555556,300,2.0008168674898923,False
initial_exposed_per_case:5,initial_exposed_per_case,2.267592449821878,15_to_24,final_week_cases,1.9466666666666668,2.0838222222222225,300,2.0008168674898923,False
initial_exposed_per_case:5,initial_exposed_per_case,2.267592449821878,15_to_24,outbreak_indicator,0.0,0.0,300,2.0008168674898923,False
initial_exposed_per_case:5,initial_exposed_per_case,2.267592449821878,15_to_24,peak_weekly_cases,3.5366666666666666,1.381988888888889,300,2.0008168674898923,False
initial_exposed_per_case:5,initial_exposed_per_case,2.267592449821878,1_to_4,cumulative_cases,15.04,15.765066666666668,300,2.0008168674898923,False
initial_exposed_per_case:5,initial_exposed_per_case,2.267592449821878,1_to_4,final_week_cases,2.19,2.0672333333333337,300,2.0008168674898923,False
initial_exposed_per_case:5,initial_exposed_per_case,2.267592449821878,1_to_4,outbreak_indicator,0.0,0.0,300,2.0008168674898923,False
initial_exposed_per_case:5,initial_exposed_per_case,2.267592449821878,1_to_4,peak_weekly_cases,4.823333333333333,2.045455555555556,300,2.0008168674898923,False
initial_exposed_per_case:5,initial_exposed_per_case,2.267592449821878,25_to_34,cumulative_cases,16.313333333333333,19.961822222222224,300,2.0008168674898923,False
initial_exposed_per_case:5,initial_exposed_per_case,2.267592449821878,25_to_34,final_week_cases,2.9,3.296666666666667,300,2.0008168674898923,False
initial_exposed_per_case:5,initial_exposed_per_case,2.267592449821878,25_to_34,outbreak_indicator,0.0,0.0,300,2.0008168674898923,False
initial_exposed_per_case:5,initial_exposed_per_case,2.267592449821878,25_to_34,peak_weekly_cases,4.973333333333334,2.0059555555555555,300,2.0008168674898923,False
initial_exposed_per_case:5,initial_exposed_per_case,2.267592449821878,35_and_over,cumulative_cases,28.006666666666668,40.513288888888894,300,2.0008168674898923,False
initial_exposed_per_case:5,initial_exposed_per_case,2.267592449821878,35_and_over,final_week_cases,5.0,5.58,300,2.0008168674898923,False
initial_exposed_per_case:5,initial_exposed_per_case,2.267592449821878,35_and_over,outbreak_indicator,0.0,0.0,300,2.0008168674898923,False
initial_exposed_per_case:5,initial_exposed_per_case,2.267592449821878,35_and_over,peak_weekly_cases,7.526666666666666,3.829288888888888,300,2.0008168674898923,False
initial_exposed_per_case:5,initial_exposed_per_case,2.267592449821878,5_to_10,cumulative_cases,40.22,50.791599999999995,300,2.0008168674898923,False
initial_exposed_per_case:5,initial_exposed_per_case,2.267592449821878,5_to_10,final_week_cases,7.003333333333333,7.4366555555555545,300,2.0008168674898923,False
initial_exposed_per_case:5,initial_exposed_per_case,2.267592449821878,5_to_10,outbreak_indicator,0.0033333333333333335,0.0033222222222222216,300,2.0008168674898923,False
initial_exposed_per_case:5,initial_exposed_per_case,2.267592449821878,5_to_10,peak_weekly_cases,10.126666666666667,3.8706222222222215,300,2.0008168674898923,False
initial_exposed_per_case:5,initial_exposed_per_case,2.267592449821878,all ages combined,cumulative_cases,131.17,202.62776666666667,300,2.0008168674898923,False
initial_exposed_per_case:5,initial_exposed_per_case,2.267592449821878,all ages combined,final_week_cases,22.49,26.536566666666666,300,2.0008168674898923,False
initial_exposed_per_case:5,initial_exposed_per_case,2.267592449821878,all ages combined,outbreak_indicator,1.0,0.0,300,2.0008168674898923,False
initial_exposed_per_case:5,initial_exposed_per_case,2.267592449821878,all ages combined,peak_weekly_cases,28.093333333333334,13.657955555555558,300,2.0008168674898923,False
initial_exposed_per_case:5,initial_exposed_per_case,2.267592449821878,under_1,cumulative_cases,13.743333333333334,15.637455555555556,300,2.0008168674898923,False
initial_exposed_per_case:5,initial_exposed_per_case,2.267592449821878,under_1,final_week_cases,2.183333333333333,2.363055555555555,300,2.0008168674898923,False
initial_exposed_per_case:5,initial_exposed_per_case,2.267592449821878,under_1,outbreak_indicator,0.0,0.0,300,2.0008168674898923,False
initial_exposed_per_case:5,initial_exposed_per_case,2.267592449821878,under_1,peak_weekly_cases,4.33,1.8344333333333331,300,2.0008168674898923,False
initial_exposed_per_case:6,initial_exposed_per_case,2.4009802409878707,11_to_14,cumulative_cases,7.16,8.067733333333335,300,2.0008168674898923,False
initial_exposed_per_case:6,initial_exposed_per_case,2.4009802409878707,11_to_14,final_week_cases,1.2666666666666666,1.4155555555555555,300,2.0008168674898923,False
initial_exposed_per_case:6,initial_exposed_per_case,2.4009802409878707,11_to_14,outbreak_indicator,0.0,0.0,300,2.0008168674898923,False
initial_exposed_per_case:6,initial_exposed_per_case,2.4009802409878707,11_to_14,peak_weekly_cases,2.6933333333333334,1.039288888888889,300,2.0008168674898923,False
initial_exposed_per_case:6,initial_exposed_per_case,2.4009802409878707,15_to_24,cumulative_cases,10.686666666666667,11.675155555555556,300,2.0008168674898923,False
initial_exposed_per_case:6,initial_exposed_per_case,2.4009802409878707,15_to_24,final_week_cases,1.9466666666666668,2.0838222222222225,300,2.0008168674898923,False
initial_exposed_per_case:6,initial_exposed_per_case,2.4009802409878707,15_to_24,outbreak_indicator,0.0,0.0,300,2.0008168674898923,False
initial_exposed_per_case:6,initial_exposed_per_case,2.4009802409878707,15_to_24,peak_weekly_cases,3.5366666666666666,1.381988888888889,300,2.0008168674898923,False
initial_exposed_per_case:6,initial_exposed_per_case,2.4009802409878707,1_to_4,cumulative_cases,15.04,15.765066666666668,300,2.0008168674898923,False
initial_exposed_per_case:6,initial_exposed_per_case,2.4009802409878707,1_to_4,final_week_cases,2.19,2.0672333333333337,300,2.0008168674898923,False
initial_exposed_per_case:6,initial_exposed_per_case,2.4009802409878707,1_to_4,outbreak_indicator,0.0,0.0,300,2.0008168674898923,False
initial_exposed_per_case:6,initial_exposed_per_case,2.4009802409878707,1_to_4,peak_weekly_cases,4.823333333333333,2.045455555555556,300,2.0008168674898923,False
initial_exposed_per_case:6,initial_exposed_per_case,2.4009802409878707,25_to_34,cumulative_cases,16.313333333333333,19.961822222222224,300,2.0008168674898923,False
initial_exposed_per_case:6,initial_exposed_per_case,2.4009802409878707,25_to_34,final_week_cases,2.9,3.296666666666667,300,2.0008168674898923,False
initial_exposed_per_case:6,initial_exposed_per_case,2.4009802409878707,25_to_34,outbreak_indicator,0.0,0.0,300,2.0008168674898923,False
initial_exposed_per_case:6,initial_exposed_per_case,2.4009802409878707,25_to_34,peak_weekly_cases,4.973333333333334,2.0059555555555555,300,2.0008168674898923,False
initial_exposed_per_case:6,initial_exposed_per_case,2.4009802409878707,35_and_over,cumulative_cases,28.006666666666668,40.513288888888894,300,2.0008168674898923,False
initial_exposed_per_case:6,initial_exposed_per_case,2.4009802409878707,35_and_over,final_week_cases,5.0,5.58,300,2.0008168674898923,False
initial_exposed_per_case:6,initial_exposed_per_case,2.4009802409878707,35_and_over,outbreak_indicator,0.0,0.0,300,2.0008168674898923,False
initial_exposed_per_case:6,initial_exposed_per_case,2.4009802409878707,35_and_over,peak_weekly_cases,7.526666666666666,3.829288888888888,300,2.0008168674898923,False
initial_exposed_per_case:6,initial_exposed_per_case,2.4009802409878707,5_to_10,cumulative_cases,40.22,50.791599999999995,300,2.0008168674898923,False
initial_exposed_per_case:6,initial_exposed_per_case,2.4009802409878707,5_to_10,final_week_cases,7.003333333333333,7.4366555555555545,300,2.0008168674898923,False
initial_exposed_per_case:6,initial_exposed_per_case,2.4009802409878707,5_to_10,outbreak_indicator,0.0033333333333333335,0.0033222222222222216,300,2.0008168674898923,False
initial_exposed_per_case:6,initial_exposed_per_case,2.4009802409878707,5_to_10,peak_weekly_cases,10.126666666666667,3.8706222222222215,300,2.0008168674898923,False
initial_exposed_per_case:6,initial_exposed_per_case,2.4009802409878707,all ages combined,cumulative_cases,131.17,202.62776666666667,300,2.0008168674898923,False
initial_exposed_per_case:6,initial_exposed_per_case,2.4009802409878707,all ages combined,final_week_cases,22.49,26.536566666666666,300,2.0008168674898923,False
initial_exposed_per_case:6,initial_exposed_per_case,2.4009802409878707,all ages combined,outbreak_indicator,1.0,0.0,300,2.0008168674898923,False
initial_exposed_per_case:6,initial_exposed_per_case,2.4009802409878707,all ages combined,peak_weekly_cases,28.093333333333334,13.657955555555558,300,2.0008168674898923,False
initial_exposed_per_case:6,initial_exposed_per_case,2.4009802409878707,under_1,cumulative_cases,13.743333333333334,15.637455555555556,300,2.0008168674898923,False
initial_exposed_per_case:6,initial_exposed_per_case,2.4009802409878707,under_1,final_week_cases,2.183333333333333,2.363055555555555,300,2.0008168674898923,False
initial_exposed_per_case:6,initial_exposed_per_case,2.4009802409878707,under_1,outbreak_indicator,0.0,0.0,300,2.0008168674898923,False
initial_exposed_per_case:6,initial_exposed_per_case,2.4009802409878707,under_1,peak_weekly_cases,4.33,1.8344333333333331,300,2.0008168674898923,False
initial_infectious_per_case:0,initial_infectious_per_case,0.230501259239065,11_to_14,cumulative_cases,7.16,8.067733333333335,300,0.430501259239065,False
initial_infectious_per_case:0,initial_infectious_per_case,0.230501259239065,11_to_14,final_week_cases,1.2666666666666666,1.4155555555555555,300,0.430501259239065,False
initial_infectious_per_case:0,initial_infectious_per_case,0.230501259239065,11_to_14,outbreak_indicator,0.0,0.0,300,0.430501259239065,False
initial_infectious_per_case:0,initial_infectious_per_case,0.230501259239065,11_to_14,peak_weekly_cases,2.6933333333333334,1.039288888888889,300,0.430501259239065,False
initial_infectious_per_case:0,initial_infectious_per_case,0.230501259239065,15_to_24,cumulative_cases,10.686666666666667,11.675155555555556,300,0.430501259239065,False
initial_infectious_per_case:0,initial_infectious_per_case,0.230501259239065,15_to_24,final_week_cases,1.9466666666666668,2.0838222222222225,300,0.430501259239065,False
initial_infectious_per_case:0,initial_infectious_per_case,0.230501259239065,15_to_24,outbreak_indicator,0.0,0.0,300,0.430501259239065,False
initial_infectious_per_case:0,initial_infectious_per_case,0.230501259239065,15_to_24,peak_weekly_cases,3.5366666666666666,1.381988888888889,300,0.430501259239065,False
initial_infectious_per_case:0,initial_infectious_per_case,0.230501259239065,1_to_4,cumulative_cases,15.04,15.765066666666668,300,0.430501259239065,False
initial_infectious_per_case:0,initial_infectious_per_case,0.230501259239065,1_to_4,final_week_cases,2.19,2.0672333333333337,300,0.430501259239065,False
initial_infectious_per_case:0,initial_infectious_per_case,0.230501259239065,1_to_4,outbreak_indicator,0.0,0.0,300,0.430501259239065,False
initial_infectious_per_case:0,initial_infectious_per_case,0.230501259239065,1_to_4,peak_weekly_cases,4.823333333333333,2.045455555555556,300,0.430501259239065,False
initial_infectious_per_case:0,initial_infectious_per_case,0.230501259239065,25_to_34,cumulative_cases,16.313333333333333,19.961822222222224,300,0.430501259239065,False
initial_infectious_per_case:0,initial_infectious_per_case,0.230501259239065,25_to_34,final_week_cases,2.9,3.296666666666667,300,0.430501259239065,False
initial_infectious_per_case:0,initial_infectious_per_case,0.230501259239065,25_to_34,outbreak_indicator,0.0,0.0,300,0.430501259239065,False
initial_infectious_per_case:0,initial_infectious_per_case,0.230501259239065,25_to_34,peak_weekly_cases,4.973333333333334,2.0059555555555555,300,0.430501259239065,False
initial_infectious_per_case:0,initial_infectious_per_case,0.230501259239065,35_and_over,cumulative_cases,28.006666666666668,40.513288888888894,300,0.430501259239065,False
initial_infectious_per_case:0,initial_infectious_per_case,0.230501259239065,35_and_over,final_week_cases,5.0,5.58,300,0.430501259239065,False
initial_infectious_per_case:0,initial_infectious_per_case,0.230501259239065,35_and_over,outbreak_indicator,0.0,0.0,300,0.430501259239065,False
initial_infectious_per_case:0,initial_infectious_per_case,0.230501259239065,35_and_over,peak_weekly_cases,7.526666666666666,3.829288888888888,300,0.430501259239065,False
initial_infectious_per_case:0,initial_infectious_per_case,0.230501259239065,5_to_10,cumulative_cases,40.22,50.791599999999995,300,0.430501259239065,False
initial_infectious_per_case:0,initial_infectious_per_case,0.230501259239065,5_to_10,final_week_cases,7.003333333333333,7.4366555555555545,300,0.430501259239065,False
initial_infectious_per_case:0,initial_infectious_per_case,0.230501259239065,5_to_10,outbreak_indicator,0.0033333333333333335,0.0033222222222222216,300,0.430501259239065,False
initial_infectious_per_case:0,initial_infectious_per_case,0.230501259239065,5_to_10,peak_weekly_cases,10.126666666666667,3.8706222222222215,300,0.430501259239065,False
initial_infectious_per_case:0,initial_infectious_per_case,0.230501259239065,all ages combined,cumulative_cases,131.17,202.62776666666667,300,0.430501259239065,False
initial_infectious_per_case:0,initial_infectious_per_case,0.230501259239065,all ages combined,final_week_cases,22.49,26.536566666666666,300,0.430501259239065,False
initial_infectious_per_case:0,initial_infectious_per_case,0.230501259239065,all ages combined,outbreak_indicator,1.0,0.0,300,0.430501259239065,False
initial_infectious_per_case:0,initial_infectious_per_case,0.230501259239065,all ages combined,peak_weekly_cases,28.093333333333334,13.657955555555558,300,0.430501259239065,False
initial_infectious_per_case:0,initial_infectious_per_case,0.230501259239065,under_1,cumulative_cases,13.743333333333334,15.637455555555556,300,0.430501259239065,False
initial_infectious_per_case:0,initial_infectious_per_case,0.230501259239065,under_1,final_week_cases,2.183333333333333,2.363055555555555,300,0.430501259239065,False
initial_infectious_per_case:0,initial_infectious_per_case,0.230501259239065,under_1,outbreak_indicator,0.0,0.0,300,0.430501259239065,False
initial_infectious_per_case:0,initial_infectious_per_case,0.230501259239065,under_1,peak_weekly_cases,4.33,1.8344333333333331,300,0.430501259239065,False
initial_infectious_per_case:1,initial_infectious_per_case,0.2971679259057317,11_to_14,cumulative_cases,7.16,8.067733333333335,300,0.430501259239065,False
initial_infectious_per_case:1,initial_infectious_per_case,0.2971679259057317,11_to_14,final_week_cases,1.2666666666666666,1.4155555555555555,300,0.430501259239065,False
initial_infectious_per_case:1,initial_infectious_per_case,0.2971679259057317,11_to_14,outbreak_indicator,0.0,0.0,300,0.430501259239065,False
initial_infectious_per_case:1,initial_infectious_per_case,0.2971679259057317,11_to_14,peak_weekly_cases,2.6933333333333334,1.039288888888889,300,0.430501259239065,False
initial_infectious_per_case:1,initial_infectious_per_case,0.2971679259057317,15_to_24,cumulative_cases,10.686666666666667,11.675155555555556,300,0.430501259239065,False
initial_infectious_per_case:1,initial_infectious_per_case,0.2971679259057317,15_to_24,final_week_cases,1.9466666666666668,2.0838222222222225,300,0.430501259239065,False
initial_infectious_per_case:1,initial_infectious_per_case,0.2971679259057317,15_to_24,outbreak_indicator,0.0,0.0,300,0.430501259239065,False
initial_infectious_per_case:1,initial_infectious_per_case,0.2971679259057317,15_to_24,peak_weekly_cases,3.5366666666666666,1.381988888888889,300,0.430501259239065,False
initial_infectious_per_case:1,initial_infectious_per_case,0.2971679259057317,1_to_4,cumulative_cases,15.04,15.765066666666668,300,0.430501259239065,False
initial_infectious_per_case:1,initial_infectious_per_case,0.2971679259057317,1_to_4,final_week_cases,2.19,2.0672333333333337,300,0.430501259239065,False
initial_infectious_per_case:1,initial_infectious_per_case,0.2971679259057317,1_to_4,outbreak_indicator,0.0,0.0,300,0.430501259239065,False
initial_infectious_per_case:1,initial_infectious_per_case,0.2971679259057317,1_to_4,peak_weekly_cases,4.823333333333333,2.045455555555556,300,0.430501259239065,False
initial_infectious_per_case:1,initial_infectious_per_case,0.2971679259057317,25_to_34,cumulative_cases,16.313333333333333,19.961822222222224,300,0.430501259239065,False
initial_infectious_per_case:1,initial_infectious_per_case,0.2971679259057317,25_to_34,final_week_cases,2.9,3.296666666666667,300,0.430501259239065,False
initial_infectious_per_case:1,initial_infectious_per_case,0.2971679259057317,25_to_34,outbreak_indicator,0.0,0.0,300,0.430501259239065,False
initial_infectious_per_case:1,initial_infectious_per_case,0.2971679259057317,25_to_34,peak_weekly_cases,4.973333333333334,2.0059555555555555,300,0.430501259239065,False
initial_infectious_per_case:1,initial_infectious_per_case,0.2971679259057317,35_and_over,cumulative_cases,28.006666666666668,40.513288888888894,300,0.430501259239065,False
initial_infectious_per_case:1,initial_infectious_per_case,0.2971679259057317,35_and_over,final_week_cases,5.0,5.58,300,0.430501259239065,False
initial_infectious_per_case:1,initial_infectious_per_case,0.2971679259057317,35_and_over,outbreak_indicator,0.0,0.0,300,0.430501259239065,False
initial_infectious_per_case:1,initial_infectious_per_case,0.2971679259057317,35_and_over,peak_weekly_cases,7.526666666666666,3.829288888888888,300,0.430501259239065,False
initial_infectious_per_case:1,initial_infectious_per_case,0.2971679259057317,5_to_10,cumulative_cases,40.22,50.791599999999995,300,0.430501259239065,False
initial_infectious_per_case:1,initial_infectious_per_case,0.2971679259057317,5_to_10,final_week_cases,7.003333333333333,7.4366555555555545,300,0.430501259239065,False
initial_infectious_per_case:1,initial_infectious_per_case,0.2971679259057317,5_to_10,outbreak_indicator,0.0033333333333333335,0.0033222222222222216,300,0.430501259239065,False
initial_infectious_per_case:1,initial_infectious_per_case,0.2971679259057317,5_to_10,peak_weekly_cases,10.126666666666667,3.8706222222222215,300,0.430501259239065,False
initial_infectious_per_case:1,initial_infectious_per_case,0.2971679259057317,all ages combined,cumulative_cases,131.17,202.62776666666667,300,0.430501259239065,False
initial_infectious_per_case:1,initial_infectious_per_case,0.2971679259057317,all ages combined,final_week_cases,22.49,26.536566666666666,300,0.430501259239065,False
initial_infectious_per_case:1,initial_infectious_per_case,0.2971679259057317,all ages combined,outbreak_indicator,1.0,0.0,300,0.430501259239065,False
initial_infectious_per_case:1,initial_infectious_per_case,0.2971679259057317,all ages combined,peak_weekly_cases,28.093333333333334,13.657955555555558,300,0.430501259239065,False
initial_infectious_per_case:1,initial_infectious_per_case,0.2971679259057317,under_1,cumulative_cases,13.743333333333334,15.637455555555556,300,0.430501259239065,False
initial_infectious_per_case:1,initial_infectious_per_case,0.2971679259057317,under_1,final_week_cases,2.183333333333333,2.363055555555555,300,0.430501259239065,False
initial_infectious_per_case:1,initial_infectious_per_case,0.2971679259057317,under_1,outbreak_indicator,0.0,0.0,300,0.430501259239065,False
initial_infectious_per_case:1,initial_infectious_per_case,0.2971679259057317,under_1,peak_weekly_cases,4.33,1.8344333333333331,300,0.430501259239065,False
initial_infectious_per_case:2,initial_infectious_per_case,0.36383459257239836,11_to_14,cumulative_cases,7.16,8.067733333333335,300,0.430501259239065,False
initial_infectious_per_case:2,initial_infectious_per_case,0.36383459257239836,11_to_14,final_week_cases,1.2666666666666666,1.4155555555555555,300,0.430501259239065,False
initial_infectious_per_case:2,initial_infectious_per_case,0.36383459257239836,11_to_14,outbreak_indicator,0.0,0.0,300,0.430501259239065,False
initial_infectious_per_case:2,initial_infectious_per_case,0.36383459257239836,11_to_14,peak_weekly_cases,2.6933333333333334,1.039288888888889,300,0.430501259239065,False
initial_infectious_per_case:2,initial_infectious_per_case,0.36383459257239836,15_to_24,cumulative_cases,10.686666666666667,11.675155555555556,300,0.430501259239065,False
initial_infectious_per_case:2,initial_infectious_per_case,0.36383459257239836,15_to_24,final_week_cases,1.9466666666666668,2.0838222222222225,300,0.430501259239065,False
initial_infectious_per_case:2,initial_infectious_per_case,0.36383459257239836,15_to_24,outbreak_indicator,0.0,0.0,300,0.430501259239065,False
initial_infectious_per_case:2,initial_infectious_per_case,0.36383459257239836,15_to_24,peak_weekly_cases,3.5366666666666666,1.381988888888889,300,0.430501259239065,False
initial_infectious_per_case:2,initial_infectious_per_case,0.36383459257239836,1_to_4,cumulative_cases,15.04,15.765066666666668,300,0.430501259239065,False
initial_infectious_per_case:2,initial_infectious_per_case,0.36383459257239836,1_to_4,final_week_cases,2.19,2.0672333333333337,300,0.430501259239065,False
initial_infectious_per_case:2,initial_infectious_per_case,0.36383459257239836,1_to_4,outbreak_indicator,0.0,0.0,300,0.430501259239065,False
initial_infectious_per_case:2,initial_infectious_per_case,0.36383459257239836,1_to_4,peak_weekly_cases,4.823333333333333,2.045455555555556,300,0.430501259239065,False
initial_infectious_per_case:2,initial_infectious_per_case,0.36383459257239836,25_to_34,cumulative_cases,16.313333333333333,19.961822222222224,300,0.430501259239065,False
initial_infectious_per_case:2,initial_infectious_per_case,0.36383459257239836,25_to_34,final_week_cases,2.9,3.296666666666667,300,0.430501259239065,False
initial_infectious_per_case:2,initial_infectious_per_case,0.36383459257239836,25_to_34,outbreak_indicator,0.0,0.0,300,0.430501259239065,False
initial_infectious_per_case:2,initial_infectious_per_case,0.36383459257239836,25_to_34,peak_weekly_cases,4.973333333333334,2.0059555555555555,300,0.430501259239065,False
initial_infectious_per_case:2,initial_infectious_per_case,0.36383459257239836,35_and_over,cumulative_cases,28.006666666666668,40.513288888888894,300,0.430501259239065,False
initial_infectious_per_case:2,initial_infectious_per_case,0.36383459257239836,35_and_over,final_week_cases,5.0,5.58,300,0.430501259239065,False
initial_infectious_per_case:2,initial_infectious_per_case,0.36383459257239836,35_and_over,outbreak_indicator,0.0,0.0,300,0.430501259239065,False
initial_infectious_per_case:2,initial_infectious_per_case,0.36383459257239836,35_and_over,peak_weekly_cases,7.526666666666666,3.829288888888888,300,0.430501259239065,False
initial_infectious_per_case:2,initial_infectious_per_case,0.36383459257239836,5_to_10,cumulative_cases,40.22,50.791599999999995,300,0.430501259239065,False
initial_infectious_per_case:2,initial_infectious_per_case,0.36383459257239836,5_to_10,final_week_cases,7.003333333333333,7.4366555555555545,300,0.430501259239065,False
initial_infectious_per_case:2,initial_infectious_per_case,0.36383459257239836,5_to_10,outbreak_indicator,0.0033333333333333335,0.0033222222222222216,300,0.430501259239065,False
initial_infectious_per_case:2,initial_infectious_per_case,0.36383459257239836,5_to_10,peak_weekly_cases,10.126666666666667,3.8706222222222215,300,0.430501259239065,False
initial_infectious_per_case:2,initial_infectious_per_case,0.36383459257239836,all ages combined,cumulative_cases,131.17,202.62776666666667,300,0.430501259239065,False
initial_infectious_per_case:2,initial_infectious_per_case,0.36383459257239836,all ages combined,final_week_cases,22.49,26.536566666666666,300,0.430501259239065,False
initial_infectious_per_case:2,initial_infectious_per_case,0.36383459257239836,all ages combined,outbreak_indicator,1.0,0.0,300,0.430501259239065,False
initial_infectious_per_case:2,initial_infectious_per_case,0.36383459257239836,all ages combined,peak_weekly_cases,28.093333333333334,13.657955555555558,300,0.430501259239065,False
initial_infectious_per_case:2,initial_infectious_per_case,0.36383459257239836,under_1,cumulative_cases,13.743333333333334,15.637455555555556,300,0.430501259239065,False
initial_infectious_per_case:2,initial_infectious_per_case,0.36383459257239836,under_1,final_week_cases,2.183333333333333,2.363055555555555,300,0.430501259239065,False
initial_infectious_per_case:2,initial_infectious_per_case,0.36383459257239836,under_1,outbreak_indicator,0.0,0.0,300,0.430501259239065,False
initial_infectious_per_case:2,initial_infectious_per_case,0.36383459257239836,under_1,peak_weekly_cases,4.33,1.8344333333333331,300,0.430501259239065,False
initial_infectious_per_case:3,initial_infectious_per_case,0.430501259239065,11_to_14,cumulative_cases,7.16,8.067733333333335,300,0.430501259239065,True
initial_infectious_per_case:3,initial_infectious_per_case,0.430501259239065,11_to_14,final_week_cases,1.2666666666666666,1.4155555555555555,300,0.430501259239065,True
initial_infectious_per_case:3,initial_infectious_per_case,0.430501259239065,11_to_14,outbreak_indicator,0.0,0.0,300,0.430501259239065,True
initial_infectious_per_case:3,initial_infectious_per_case,0.430501259239065,11_to_14,peak_weekly_cases,2.6933333333333334,1.039288888888889,300,0.430501259239065,True
initial_infectious_per_case:3,initial_infectious_per_case,0.430501259239065,15_to_24,cumulative_cases,10.686666666666667,11.675155555555556,300,0.430501259239065,True
initial_infectious_per_case:3,initial_infectious_per_case,0.430501259239065,15_to_24,final_week_cases,1.9466666666666668,2.0838222222222225,300,0.430501259239065,True
initial_infectious_per_case:3,initial_infectious_per_case,0.430501259239065,15_to_24,outbreak_indicator,0.0,0.0,300,0.430501259239065,True
initial_infectious_per_case:3,initial_infectious_per_case,0.430501259239065,15_to_24,peak_weekly_cases,3.5366666666666666,1.381988888888889,300,0.430501259239065,True
initial_infectious_per_case:3,initial_infectious_per_case,0.430501259239065,1_to_4,cumulative_cases,15.04,15.765066666666668,300,0.430501259239065,True
initial_infectious_per_case:3,initial_infectious_per_case,0.430501259239065,1_to_4,final_week_cases,2.19,2.0672333333333337,300,0.430501259239065,True
initial_infectious_per_case:3,initial_infectious_per_case,0.430501259239065,1_to_4,outbreak_indicator,0.0,0.0,300,0.430501259239065,True
initial_infectious_per_case:3,initial_infectious_per_case,0.430501259239065,1_to_4,peak_weekly_cases,4.823333333333333,2.045455555555556,300,0.430501259239065,True
initial_infectious_per_case:3,initial_infectious_per_case,0.430501259239065,25_to_34,cumulative_cases,16.313333333333333,19.961822222222224,300,0.430501259239065,True
initial_infectious_per_case:3,initial_infectious_per_case,0.430501259239065,25_to_34,final_week_cases,2.9,3.296666666666667,300,0.430501259239065,True
initial_infectious_per_case:3,initial_infectious_per_case,0.430501259239065,25_to_34,outbreak_indicator,0.0,0.0,300,0.430501259239065,True
initial_infectious_per_case:3,initial_infectious_per_case,0.430501259239065,25_to_34,peak_weekly_cases,4.973333333333334,2.0059555555555555,300,0.430501259239065,True
initial_infectious_per_case:3,initial_infectious_per_case,0.430501259239065,35_and_over,cumulative_cases,28.006666666666668,40.513288888888894,300,0.430501259239065,True
initial_infectious_per_case:3,initial_infectious_per_case,0.430501259239065,35_and_over,final_week_cases,5.0,5.58,300,0.430501259239065,True
initial_infectious_per_case:3,initial_infectious_per_case,0.430501259239065,35_and_over,outbreak_indicator,0.0,0.0,300,0.430501259239065,True
initial_infectious_per_case:3,initial_infectious_per_case,0.430501259239065,35_and_over,peak_weekly_cases,7.526666666666666,3.829288888888888,300,0.430501259239065,True
initial_infectious_per_case:3,initial_infectious_per_case,0.430501259239065,5_to_10,cumulative_cases,40.22,50.791599999999995,300,0.430501259239065,True
initial_infectious_per_case:3,initial_infectious_per_case,0.430501259239065,5_to_10,final_week_cases,7.003333333333333,7.4366555555555545,300,0.430501259239065,True
initial_infectious_per_case:3,initial_infectious_per_case,0.430501259239065,5_to_10,outbreak_indicator,0.0033333333333333335,0.0033222222222222216,300,0.430501259239065,True
initial_infectious_per_case:3,initial_infectious_per_case,0.430501259239065,5_to_10,peak_weekly_cases,10.126666666666667,3.8706222222222215,300,0.430501259239065,True
initial_infectious_per_case:3,initial_infectious_per_case,0.430501259239065,all ages combined,cumulative_cases,131.17,202.62776666666667,300,0.430501259239065,True
initial_infectious_per_case:3,initial_infectious_per_case,0.430501259239065,all ages combined,final_week_cases,22.49,26.536566666666666,300,0.430501259239065,True
initial_infectious_per_case:3,initial_infectious_per_case,0.430501259239065,all ages combined,outbreak_indicator,1.0,0.0,300,0.430501259239065,True
initial_infectious_per_case:3,initial_infectious_per_case,0.430501259239065,all ages combined,peak_weekly_cases,28.093333333333334,13.657955555555558,300,0.430501259239065,True
initial_infectious_per_case:3,initial_infectious_per_case,0.430501259239065,under_1,cumulative_cases,13.743333333333334,15.637455555555556,300,0.430501259239065,True
initial_infectious_per_case:3,initial_infectious_per_case,0.430501259239065,under_1,final_week_cases,2.183333333333333,2.363055555555555,300,0.430501259239065,True
initial_infectious_per_case:3,initial_infectious_per_case,0.430501259239065,under_1,outbreak_indicator,0.0,0.0,300,0.430501259239065,True
initial_infectious_per_case:3,initial_infectious_per_case,0.430501259239065,under_1,peak_weekly_cases,4.33,1.8344333333333331,300,0.430501259239065,True
initial_infectious_per_case:4,initial_infectious_per_case,0.4971679259057317,11_to_14,cumulative_cases,7.16,8.067733333333335,300,0.430501259239065,False
initial_infectious_per_case:4,initial_infectious_per_case,0.4971679259057317,11_to_14,final_week_cases,1.2666666666666666,1.4155555555555555,300,0.430501259239065,False
initial_infectious_per_case:4,initial_infectious_per_case,0.4971679259057317,11_to_14,outbreak_indicator,0.0,0.0,300,0.430501259239065,False
initial_infectious_per_case:4,initial_infectious_per_case,0.4971679259057317,11_to_14,peak_weekly_cases,2.6933333333333334,1.039288888888889,300,0.430501259239065,False
initial_infectious_per_case:4,initial_infectious_per_case,0.4971679259057317,15_to_24,cumulative_cases,10.686666666666667,11.675155555555556,300,0.430501259239065,False
initial_infectious_per_case:4,initial_infectious_per_case,0.4971679259057317,15_to_24,final_week_cases,1.9466666666666668,2.0838222222222225,300,0.430501259239065,False
initial_infectious_per_case:4,initial_infectious_per_case,0.4971679259057317,15_to_24,outbreak_indicator,0.0,0.0,300,0.430501259239065,False
initial_infectious_per_case:4,initial_infectious_per_case,0.4971679259057317,15_to_24,peak_weekly_cases,3.5366666666666666,1.381988888888889,300,0.430501259239065,False
initial_infectious_per_case:4,initial_infectious_per_case,0.4971679259057317,1_to_4,cumulative_cases,15.04,15.765066666666668,300,0.430501259239065,False
initial_infectious_per_case:4,initial_infectious_per_case,0.4971679259057317,1_to_4,final_week_cases,2.19,2.0672333333333337,300,0.430501259239065,False
initial_infectious_per_case:4,initial_infectious_per_case,0.4971679259057317,1_to_4,outbreak_indicator,0.0,0.0,300,0.430501259239065,False
initial_infectious_per_case:4,initial_infectious_per_case,0.4971679259057317,1_to_4,peak_weekly_cases,4.823333333333333,2.045455555555556,300,0.430501259239065,False
initial_infectious_per_case:4,initial_infectious_per_case,0.4971679259057317,25_to_34,cumulative_cases,16.313333333333333,19.961822222222224,300,0.430501259239065,False
initial_infectious_per_case:4,initial_infectious_per_case,0.4971679259057317,25_to_34,final_week_cases,2.9,3.296666666666667,300,0.430501259239065,False
initial_infectious_per_case:4,initial_infectious_per_case,0.4971679259057317,25_to_34,outbreak_indicator,0.0,0.0,300,0.430501259239065,False
initial_infectious_per_case:4,initial_infectious_per_case,0.4971679259057317,25_to_34,peak_weekly_cases,4.973333333333334,2.0059555555555555,300,0.430501259239065,False
initial_infectious_per_case:4,initial_infectious_per_case,0.4971679259057317,35_and_over,cumulative_cases,28.006666666666668,40.513288888888894,300,0.430501259239065,False
initial_infectious_per_case:4,initial_infectious_per_case,0.4971679259057317,35_and_over,final_week_cases,5.0,5.58,300,0.430501259239065,False
initial_infectious_per_case:4,initial_infectious_per_case,0.4971679259057317,35_and_over,outbreak_indicator,0.0,0.0,300,0.430501259239065,False
initial_infectious_per_case:4,initial_infectious_per_case,0.4971679259057317,35_and_over,peak_weekly_cases,7.526666666666666,3.829288888888888,300,0.430501259239065,False
initial_infectious_per_case:4,initial_infectious_per_case,0.4971679259057317,5_to_10,cumulative_cases,40.22,50.791599999999995,300,0.430501259239065,False
initial_infectious_per_case:4,initial_infectious_per_case,0.4971679259057317,5_to_10,final_week_cases,7.003333333333333,7.4366555555555545,300,0.430501259239065,False
initial_infectious_per_case:4,initial_infectious_per_case,0.4971679259057317,5_to_10,outbreak_indicator,0.0033333333333333335,0.0033222222222222216,300,0.430501259239065,False
initial_infectious_per_case:4,initial_infectious_per_case,0.4971679259057317,5_to_10,peak_weekly_cases,10.126666666666667,3.8706222222222215,300,0.430501259239065,False
initial_infectious_per_case:4,initial_infectious_per_case,0.4971679259057317,all ages combined,cumulative_cases,131.17,202.62776666666667,300,0.430501259239065,False
initial_infectious_per_case:4,initial_infectious_per_case,0.4971679259057317,all ages combined,final_week_cases,22.49,26.536566666666666,300,0.430501259239065,False
initial_infectious_per_case:4,initial_infectious_per_case,0.4971679259057317,all ages combined,outbreak_indicator,1.0,0.0,300,0.430501259239065,False
initial_infectious_per_case:4,initial_infectious_per_case,0.4971679259057317,all ages combined,peak_weekly_cases,28.093333333333334,13.657955555555558,300,0.430501259239065,False
initial_infectious_per_case:4,initial_infectious_per_case,0.4971679259057317,under_1,cumulative_cases,13.743333333333334,15.637455555555556,300,0.430501259239065,False
initial_infectious_per_case:4,initial_infectious_per_case,0.4971679259057317,under_1,final_week_cases,2.183333333333333,2.363055555555555,300,0.430501259239065,False
initial_infectious_per_case:4,initial_infectious_per_case,0.4971679259057317,under_1,outbreak_indicator,0.0,0.0,300,0.430501259239065,False
initial_infectious_per_case:4,initial_infectious_per_case,0.4971679259057317,under_1,peak_weekly_cases,4.33,1.8344333333333331,300,0.430501259239065,False
initial_infectious_per_case:5,initial_infectious_per_case,0.5638345925723984,11_to_14,cumulative_cases,7.16,8.067733333333335,300,0.430501259239065,False
initial_infectious_per_case:5,initial_infectious_per_case,0.5638345925723984,11_to_14,final_week_cases,1.2666666666666666,1.4155555555555555,300,0.430501259239065,False
initial_infectious_per_case:5,initial_infectious_per_case,0.5638345925723984,11_to_14,outbreak_indicator,0.0,0.0,300,0.430501259239065,False
initial_infectious_per_case:5,initial_infectious_per_case,0.5638345925723984,11_to_14,peak_weekly_cases,2.6933333333333334,1.039288888888889,300,0.430501259239065,False
initial_infectious_per_case:5,initial_infectious_per_case,0.5638345925723984,15_to_24,cumulative_cases,10.686666666666667,11.675155555555556,300,0.430501259239065,False
initial_infectious_per_case:5,initial_infectious_per_case,0.5638345925723984,15_to_24,final_week_cases,1.9466666666666668,2.0838222222222225,300,0.430501259239065,False
initial_infectious_per_case:5,initial_infectious_per_case,0.5638345925723984,15_to_24,outbreak_indicator,0.0,0.0,300,0.430501259239065,False
initial_infectious_per_case:5,initial_infectious_per_case,0.5638345925723984,15_to_24,peak_weekly_cases,3.5366666666666666,1.381988888888889,300,0.430501259239065,False
initial_infectious_per_case:5,initial_infectious_per_case,0.5638345925723984,1_to_4,cumulative_cases,15.04,15.765066666666668,300,0.430501259239065,False
initial_infectious_per_case:5,initial_infectious_per_case,0.5638345925723984,1_to_4,final_week_cases,2.19,2.0672333333333337,300,0.430501259239065,False
initial_infectious_per_case:5,initial_infectious_per_case,0.5638345925723984,1_to_4,outbreak_indicator,0.0,0.0,300,0.430501259239065,False
initial_infectious_per_case:5,initial_infectious_per_case,0.5638345925723984,1_to_4,peak_weekly_cases,4.823333333333333,2.045455555555556,300,0.430501259239065,False
initial_infectious_per_case:5,initial_infectious_per_case,0.5638345925723984,25_to_34,cumulative_cases,16.313333333333333,19.961822222222224,300,0.430501259239065,False
initial_infectious_per_case:5,initial_infectious_per_case,0.5638345925723984,25_to_34,final_week_cases,2.9,3.296666666666667,300,0.430501259239065,False
initial_infectious_per_case:5,initial_infectious_per_case,0.5638345925723984,25_to_34,outbreak_indicator,0.0,0.0,300,0.430501259239065,False
initial_infectious_per_case:5,initial_infectious_per_case,0.5638345925723984,25_to_34,peak_weekly_cases,4.973333333333334,2.0059555555555555,300,0.430501259239065,False
initial_infectious_per_case:5,initial_infectious_per_case,0.5638345925723984,35_and_over,cumulative_cases,28.006666666666668,40.513288888888894,300,0.430501259239065,False
initial_infectious_per_case:5,initial_infectious_per_case,0.5638345925723984,35_and_over,final_week_cases,5.0,5.58,300,0.430501259239065,False
initial_infectious_per_case:5,initial_infectious_per_case,0.5638345925723984,35_and_over,outbreak_indicator,0.0,0.0,300,0.430501259239065,False
initial_infectious_per_case:5,initial_infectious_per_case,0.5638345925723984,35_and_over,peak_weekly_cases,7.526666666666666,3.829288888888888,300,0.430501259239065,False
initial_infectious_per_case:5,initial_infectious_per_case,0.5638345925723984,5_to_10,cumulative_cases,40.22,50.791599999999995,300,0.430501259239065,False
initial_infectious_per_case:5,initial_infectious_per_case,0.5638345925723984,5_to_10,final_week_cases,7.003333333333333,7.4366555555555545,300,0.430501259239065,False
initial_infectious_per_case:5,initial_infectious_per_case,0.5638345925723984,5_to_10,outbreak_indicator,0.0033333333333333335,0.0033222222222222216,300,0.430501259239065,False
initial_infectious_per_case:5,initial_infectious_per_case,0.5638345925723984,5_to_10,peak_weekly_cases,10.126666666666667,3.8706222222222215,300,0.430501259239065,False
initial_infectious_per_case:5,initial_infectious_per_case,0.5638345925723984,all ages combined,cumulative_cases,131.17,202.62776666666667,300,0.430501259239065,False
initial_infectious_per_case:5,initial_infectious_per_case,0.5638345925723984,all ages combined,final_week_cases,22.49,26.536566666666666,300,0.430501259239065,False
initial_infectious_per_case:5,initial_infectious_per_case,0.5638345925723984,all ages combined,outbreak_indicator,1.0,0.0,300,0.430501259239065,False
initial_infectious_per_case:5,initial_infectious_per_case,0.5638345925723984,all ages combined,peak_weekly_cases,28.093333333333334,13.657955555555558,300,0.430501259239065,False
initial_infectious_per_case:5,initial_infectious_per_case,0.5638345925723984,under_1,cumulative_cases,13.743333333333334,15.637455555555556,300,0.430501259239065,False
initial_infectious_per_case:5,initial_infectious_per_case,0.5638345925723984,under_1,final_week_cases,2.183333333333333,2.363055555555555,300,0.430501259239065,False
initial_infectious_per_case:5,initial_infectious_per_case,0.5638345925723984,under_1,outbreak_indicator,0.0,0.0,300,0.430501259239065,False
initial_infectious_per_case:5,initial_infectious_per_case,0.5638345925723984,under_1,peak_weekly_cases,4.33,1.8344333333333331,300,0.430501259239065,False
initial_infectious_per_case:6,initial_infectious_per_case,0.6305012592390651,11_to_14,cumulative_cases,7.16,8.067733333333335,300,0.430501259239065,False
initial_infectious_per_case:6,initial_infectious_per_case,0.6305012592390651,11_to_14,final_week_cases,1.2666666666666666,1.4155555555555555,300,0.430501259239065,False
initial_infectious_per_case:6,initial_infectious_per_case,0.6305012592390651,11_to_14,outbreak_indicator,0.0,0.0,300,0.430501259239065,False
initial_infectious_per_case:6,initial_infectious_per_case,0.6305012592390651,11_to_14,peak_weekly_cases,2.6933333333333334,1.039288888888889,300,0.430501259239065,False
initial_infectious_per_case:6,initial_infectious_per_case,0.6305012592390651,15_to_24,cumulative_cases,10.686666666666667,11.675155555555556,300,0.430501259239065,False
initial_infectious_per_case:6,initial_infectious_per_case,0.6305012592390651,15_to_24,final_week_cases,1.9466666666666668,2.0838222222222225,300,0.430501259239065,False
initial_infectious_per_case:6,initial_infectious_per_case,0.6305012592390651,15_to_24,outbreak_indicator,0.0,0.0,300,0.430501259239065,False
initial_infectious_per_case:6,initial_infectious_per_case,0.6305012592390651,15_to_24,peak_weekly_cases,3.5366666666666666,1.381988888888889,300,0.430501259239065,False
initial_infectious_per_case:6,initial_infectious_per_case,0.6305012592390651,1_to_4,cumulative_cases,15.04,15.765066666666668,300,0.430501259239065,False
initial_infectious_per_case:6,initial_infectious_per_case,0.6305012592390651,1_to_4,final_week_cases,2.19,2.0672333333333337,300,0.430501259239065,False
initial_infectious_per_case:6,initial_infectious_per_case,0.6305012592390651,1_to_4,outbreak_indicator,0.0,0.0,300,0.430501259239065,False
initial_infectious_per_case:6,initial_infectious_per_case,0.6305012592390651,1_to_4,peak_weekly_cases,4.823333333333333,2.045455555555556,300,0.430501259239065,False
initial_infectious_per_case:6,initial_infectious_per_case,0.6305012592390651,25_to_34,cumulative_cases,16.313333333333333,19.961822222222224,300,0.430501259239065,False
initial_infectious_per_case:6,initial_infectious_per_case,0.6305012592390651,25_to_34,final_week_cases,2.9,3.296666666666667,300,0.430501259239065,False
initial_infectious_per_case:6,initial_infectious_per_case,0.6305012592390651,25_to_34,outbreak_indicator,0.0,0.0,300,0.430501259239065,False
initial_infectious_per_case:6,initial_infectious_per_case,0.6305012592390651,25_to_34,peak_weekly_cases,4.973333333333334,2.0059555555555555,300,0.430501259239065,False
initial_infectious_per_case:6,initial_infectious_per_case,0.6305012592390651,35_and_over,cumulative_cases,28.006666666666668,40.513288888888894,300,0.430501259239065,False
initial_infectious_per_case:6,initial_infectious_per_case,0.6305012592390651,35_and_over,final_week_cases,5.0,5.58,300,0.430501259239065,False
initial_infectious_per_case:6,initial_infectious_per_case,0.6305012592390651,35_and_over,outbreak_indicator,0.0,0.0,300,0.430501259239065,False
initial_infectious_per_case:6,initial_infectious_per_case,0.6305012592390651,35_and_over,peak_weekly_cases,7.526666666666666,3.829288888888888,300,0.430501259239065,False
initial_infectious_per_case:6,initial_infectious_per_case,0.6305012592390651,5_to_10,cumulative_cases,40.22,50.791599999999995,300,0.430501259239065,False
initial_infectious_per_case:6,initial_infectious_per_case,0.6305012592390651,5_to_10,final_week_cases,7.003333333333333,7.4366555555555545,300,0.430501259239065,False
initial_infectious_per_case:6,initial_infectious_per_case,0.6305012592390651,5_to_10,outbreak_indicator,0.0033333333333333335,0.0033222222222222216,300,0.430501259239065,False
initial_infectious_per_case:6,initial_infectious_per_case,0.6305012592390651,5_to_10,peak_weekly_cases,10.126666666666667,3.8706222222222215,300,0.430501259239065,False
initial_infectious_per_case:6,initial_infectious_per_case,0.6305012592390651,all ages combined,cumulative_cases,131.17,202.62776666666667,300,0.430501259239065,False
initial_infectious_per_case:6,initial_infectious_per_case,0.6305012592390651,all ages combined,final_week_cases,22.49,26.536566666666666,300,0.430501259239065,False
initial_infectious_per_case:6,initial_infectious_per_case,0.6305012592390651,all ages combined,outbreak_indicator,1.0,0.0,300,0.430501259239065,False
initial_infectious_per_case:6,initial_infectious_per_case,0.6305012592390651,all ages combined,peak_weekly_cases,28.093333333333334,13.657955555555558,300,0.430501259239065,False
initial_infectious_per_case:6,initial_infectious_per_case,0.6305012592390651,under_1,cumulative_cases,13.743333333333334,15.637455555555556,300,0.430501259239065,False
initial_infectious_per_case:6,initial_infectious_per_case,0.6305012592390651,under_1,final_week_cases,2.183333333333333,2.363055555555555,300,0.430501259239065,False
initial_infectious_per_case:6,initial_infectious_per_case,0.6305012592390651,under_1,outbreak_indicator,0.0,0.0,300,0.430501259239065,False
initial_infectious_per_case:6,initial_infectious_per_case,0.6305012592390651,under_1,peak_weekly_cases,4.33,1.8344333333333331,300,0.430501259239065,False
local_mixing:0,local_mixing,0.30268526552295555,11_to_14,cumulative_cases,6.49,6.603233333333335,300,0.3783565819036944,False
local_mixing:0,local_mixing,0.30268526552295555,11_to_14,final_week_cases,0.9933333333333333,1.0399555555555555,300,0.3783565819036944,False
local_mixing:0,local_mixing,0.30268526552295555,11_to_14,outbreak_indicator,0.0,0.0,300,0.3783565819036944,False
local_mixing:0,local_mixing,0.30268526552295555,11_to_14,peak_weekly_cases,2.526666666666667,0.8026222222222222,300,0.3783565819036944,False
local_mixing:0,local_mixing,0.30268526552295555,15_to_24,cumulative_cases,9.503333333333334,9.823322222222224,300,0.3783565819036944,False
local_mixing:0,local_mixing,0.30268526552295555,15_to_24,final_week_cases,1.5066666666666666,1.5099555555555555,300,0.3783565819036944,False
local_mixing:0,local_mixing,0.30268526552295555,15_to_24,outbreak_indicator,0.0,0.0,300,0.3783565819036944,False
local_mixing:0,local_mixing,0.30268526552295555,15_to_24,peak_weekly_cases,3.3133333333333335,1.2151555555555553,300,0.3783565819036944,False
local_mixing:0,local_mixing,0.30268526552295555,1_to_4,cumulative_cases,13.1,14.623333333333333,300,0.3783565819036944,False
local_mixing:0,local_mixing,0.30268526552295555,1_to_4,final_week_cases,1.5666666666666667,1.5988888888888892,300,0.3783565819036944,False
local_mixing:0,local_mixing,0.30268526552295555,1_to_4,outbreak_indicator,0.0,0.0,300,0.3783565819036944,False
local_mixing:0,local_mixing,0.30268526552295555,1_to_4,peak_weekly_cases,4.363333333333333,1.9646555555555556,300,0.3783565819036944,False
local_mixing:0,local_mixing,0.30268526552295555,25_to_34,cumulative_cases,14.413333333333334,16.92248888888889,300,0.3783565819036944,False
local_mixing:0,local_mixing,0.30268526552295555,25_to_34,final_week_cases,2.4833333333333334,2.5430555555555556,300,0.3783565819036944,False
local_mixing:0,local_mixing,0.30268526552295555,25_to_34,outbreak_indicator,0.0,0.0,300,0.3783565819036944,False
local_mixing:0,local_mixing,0.30268526552295555,25_to_34,peak_weekly_cases,4.496666666666667,1.7166555555555556,300,0.3783565819036944,False
local_mixing:0,local_mixing,0.30268526552295555,35_and_over,cumulative_cases,25.75,32.22083333333333,300,0.3783565819036944,False
local_mixing:0,local_mixing,0.30268526552295555,35_and_over,final_week_cases,4.6866666666666665,5.1351555555555555,300,0.3783565819036944,False
local_mixing:0,local_mixing,0.30268526552295555,35_and_over,outbreak_indicator,0.0,0.0,300,0.3783565819036944,False
local_mixing:0,local_mixing,0.30268526552295555,35_and_over,peak_weekly_cases,7.18,3.1875999999999998,300,0.3783565819036944,False
local_mixing:0,local_mixing,0.30268526552295555,5_to_10,cumulative_cases,34.56333333333333,43.81265555555555,300,0.3783565819036944,False
local_mixing:0,local_mixing,0.30268526552295555,5_to_10,final_week_cases,5.1066666666666665,5.401955555555555,300,0.3783565819036944,False
local_mixing:0,local_mixing,0.30268526552295555,5_to_10,outbreak_indicator,0.0033333333333333335,0.0033222222222222216,300,0.3783565819036944,False
local_mixing:0,local_mixing,0.30268526552295555,5_to_10,peak_weekly_cases,8.906666666666666,3.8312888888888894,300,0.3783565819036944,False
local_mixing:0,local_mixing,0.30268526552295555,all ages combined,cumulative_cases,115.62,152.4956,300,0.3783565819036944,False
local_mixing:0,local_mixing,0.30268526552295555,all ages combined,final_week_cases,17.996666666666666,21.883322222222223,300,0.3783565819036944,False
local_mixing:0,local_mixing,0.30268526552295555,all ages combined,outbreak_indicator,1.0,0.0,300,0.3783565819036944,False
local_mixing:0,local_mixing,0.30268526552295555,all ages combined,peak_weekly_cases,25.29,10.385899999999998,300,0.3783565819036944,False
local_mixing:0,local_mixing,0.30268526552295555,under_1,cumulative_cases,11.8,13.706666666666667,300,0.3783565819036944,False
local_mixing:0,local_mixing,0.30268526552295555,under_1,final_week_cases,1.6533333333333333,1.659822222222222,300,0.3783565819036944,False
local_mixing:0,local_mixing,0.30268526552295555,under_1,outbreak_indicator,0.0,0.0,300,0.3783565819036944,False
local_mixing:0,local_mixing,0.30268526552295555,under_1,peak_weekly_cases,3.77,1.5637666666666667,300,0.3783565819036944,False
local_mixing:1,local_mixing,0.3279090376498685,11_to_14,cumulative_cases,6.6433333333333335,7.9627888888888885,300,0.3783565819036944,False
local_mixing:1,local_mixing,0.3279090376498685,11_to_14,final_week_cases,1.0366666666666666,1.0686555555555557,300,0.3783565819036944,False
local_mixing:1,local_mixing,0.3279090376498685,11_to_14,outbreak_indicator,0.0,0.0,300,0.3783565819036944,False
local_mixing:1,local_mixing,0.3279090376498685,11_to_14,peak_weekly_cases,2.513333333333333,0.8498222222222221,300,0.3783565819036944,False
local_mixing:1,local_mixing,0.3279090376498685,15_to_24,cumulative_cases,9.963333333333333,9.955322222222222,300,0.3783565819036944,False
local_mixing:1,local_mixing,0.3279090376498685,15_to_24,final_week_cases,1.71,1.5192333333333332,300,0.3783565819036944,False
local_mixing:1,local_mixing,0.3279090376498685,15_to_24,outbreak_indicator,0.0,0.0,300,0.3783565819036944,False
local_mixing:1,local_mixing,0.3279090376498685,15_to_24,peak_weekly_cases,3.3966666666666665,1.219322222222222,300,0.3783565819036944,False
local_mixing:1,local_mixing,0.3279090376498685,1_to_4,cumulative_cases,13.873333333333333,13.410622222222223,300,0.3783565819036944,False
local_mixing:1,local_mixing,0.3279090376498685,1_to_4,final_week_cases,1.8066666666666666,1.742622222222222,300,0.3783565819036944,False
local_mixing:1,local_mixing,0.3279090376498685,1_to_4,outbreak_indicator,0.0,0.0,300,0.3783565819036944,False
local_mixing:1,local_mixing,0.3279090376498685,1_to_4,peak_weekly_cases,4.57,1.9250999999999998,300,0.3783565819036944,False
local_mixing:1,local_mixing,0.3279090376498685,25_to_34,cumulative_cases,14.9,18.41,300,0.3783565819036944,False
local_mixing:1,local_mixing,0.3279090376498685,25_to_34,final_week_cases,2.6266666666666665,2.9206222222222222,300,0.3783565819036944,False
local_mixing:1,local_mixing,0.3279090376498685,25_to_34,outbreak_indicator,0.0,0.0,300,0.3783565819036944,False
local_mixing:1,local_mixing,0.3279090376498685,25_to_34,peak_weekly_cases,4.65,1.9808333333333332,300,0.3783565819036944,False
local_mixing:1,local_mixing,0.3279090376498685,35_and_over,cumulative_cases,26.96,36.7184,300,0.3783565819036944,False
local_mixing:1,local_mixing,0.3279090376498685,35_and_over,final_week_cases,4.85,5.4875,300,0.3783565819036944,False
local_mixing:1,local_mixing,0.3279090376498685,35_and_over,outbreak_indicator,0.0,0.0,300,0.3783565819036944,False
local_mixing:1,local_mixing,0.3279090376498685,35_and_over,peak_weekly_cases,7.45,3.3208333333333333,300,0.3783565819036944,False
local_mixing:1,local_mixing,0.3279090376498685,5_to_10,cumulative_cases,36.093333333333334,47.51795555555555,300,0.3783565819036944,False
local_mixing:1,local_mixing,0.3279090376498685,5_to_10,final_week_cases,5.536666666666667,6.268655555555556,300,0.3783565819036944,False
local_mixing:1,local_mixing,0.3279090376498685,5_to_10,outbreak_indicator,0.0033333333333333335,0.003322222222222222,300,0.3783565819036944,False
local_mixing:1,local_mixing,0.3279090376498685,5_to_10,peak_weekly_cases,9.283333333333333,4.069722222222222,300,0.3783565819036944,False
local_mixing:1,local_mixing,0.3279090376498685,all ages combined,cumulative_cases,120.85,149.4675,300,0.3783565819036944,False
local_mixing:1,local_mixing,0.3279090376498685,all ages combined,final_week_cases,19.523333333333333,22.78278888888889,300,0.3783565819036944,False
local_mixing:1,local_mixing,0.3279090376498685,all ages combined,outbreak_indicator,1.0,0.0,300,0.3783565819036944,False
local_mixing:1,local_mixing,0.3279090376498685,all ages combined,peak_weekly_cases,26.176666666666666,10.812122222222222,300,0.3783565819036944,False
local_mixing:1,local_mixing,0.3279090376498685,under_1,cumulative_cases,12.416666666666666,14.989722222222223,300,0.3783565819036944,False
local_mixing:1,local_mixing,0.3279090376498685,under_1,final_week_cases,1.9566666666666668,1.8681222222222225,300,0.3783565819036944,False
local_mixing:1,local_mixing,0.3279090376498685,under_1,outbreak_indicator,0.0,0.0,300,0.3783565819036944,False
local_mixing:1,local_mixing,0.3279090376498685,under_1,peak_weekly_cases,3.9233333333333333,1.6574555555555557,300,0.3783565819036944,False
local_mixing:2,local_mixing,0.35313280977678146,11_to_14,cumulative_cases,6.943333333333333,7.480122222222222,300,0.3783565819036944,False
local_mixing:2,local_mixing,0.35313280977678146,11_to_14,final_week_cases,1.12,1.2856,300,0.3783565819036944,False
local_mixing:2,local_mixing,0.35313280977678146,11_to_14,outbreak_indicator,0.0,0.0,300,0.3783565819036944,False
local_mixing:2,local_mixing,0.35313280977678146,11_to_14,peak_weekly_cases,2.6733333333333333,0.9666222222222223,300,0.3783565819036944,False
local_mixing:2,local_mixing,0.35313280977678146,15_to_24,cumulative_cases,10.336666666666666,11.403322222222222,300,0.3783565819036944,False
local_mixing:2,local_mixing,0.35313280977678146,15_to_24,final_week_cases,1.7666666666666666,1.912222222222222,300,0.3783565819036944,False
local_mixing:2,local_mixing,0.35313280977678146,15_to_24,outbreak_indicator,0.0,0.0,300,0.3783565819036944,False
local_mixing:2,local_mixing,0.35313280977678146,15_to_24,peak_weekly_cases,3.4966666666666666,1.2699888888888888,300,0.3783565819036944,False
local_mixing:2,local_mixing,0.35313280977678146,1_to_4,cumulative_cases,14.486666666666666,16.26982222222222,300,0.3783565819036944,False
local_mixing:2,local_mixing,0.35313280977678146,1_to_4,final_week_cases,1.9966666666666666,2.0766555555555555,300,0.3783565819036944,False
local_mixing:2,local_mixing,0.35313280977678146,1_to_4,outbreak_indicator,0.0,0.0,300,0.3783565819036944,False
local_mixing:2,local_mixing,0.35313280977678146,1_to_4,peak_weekly_cases,4.696666666666666,1.877988888888889,300,0.3783565819036944,False
local_mixing:2,local_mixing,0.35313280977678146,25_to_34,cumulative_cases,15.336666666666666,17.829988888888888,300,0.3783565819036944,False
local_mixing:2,local_mixing,0.35313280977678146,25_to_34,final_week_cases,2.7266666666666666,3.1252888888888886,300,0.3783565819036944,False
local_mixing:2,local_mixing,0.35313280977678146,25_to_34,outbreak_indicator,0.0,0.0,300,0.3783565819036944,False
local_mixing:2,local_mixing,0.35313280977678146,25_to_34,peak_weekly_cases,4.743333333333333,1.850788888888889,300,0.3783565819036944,False
local_mixing:2,local_mixing,0.35313280977678146,35_and_over,cumulative_cases,27.486666666666668,39.60982222222222,300,0.3783565819036944,False
local_mixing:2,local_mixing,0.35313280977678146,35_and_over,final_week_cases,4.92,6.433599999999999,300,0.3783565819036944,False
local_mixing:2,local_mixing,0.35313280977678146,35_and_over,outbreak_indicator,0.0,0.0,300,0.3783565819036944,False
local_mixing:2,local_mixing,0.35313280977678146,35_and_over,peak_weekly_cases,7.5633333333333335,3.719322222222222,300,0.3783565819036944,False
local_mixing:2,local_mixing,0.35313280977678146,5_to_10,cumulative_cases,37.983333333333334,53.05638888888889,300,0.3783565819036944,False
local_mixing:2,local_mixing,0.35313280977678146,5_to_10,final_week_cases,6.296666666666667,7.855322222222223,300,0.3783565819036944,False
local_mixing:2,local_mixing,0.35313280977678146,5_to_10,outbreak_indicator,0.006666666666666667,0.006622222222222221,300,0.3783565819036944,False
local_mixing:2,local_mixing,0.35313280977678146,5_to_10,peak_weekly_cases,9.693333333333333,4.43928888888889,300,0.3783565819036944,False
local_mixing:2,local_mixing,0.35313280977678146,all ages combined,cumulative_cases,125.59666666666666,181.3739888888889,300,0.3783565819036944,False
local_mixing:2,local_mixing,0.35313280977678146,all ages combined,final_week_cases,20.883333333333333,23.47638888888889,300,0.3783565819036944,False
local_mixing:2,local_mixing,0.35313280977678146,all ages combined,outbreak_indicator,1.0,0.0,300,0.3783565819036944,False
local_mixing:2,local_mixing,0.35313280977678146,all ages combined,peak_weekly_cases,26.916666666666668,11.49638888888889,300,0.3783565819036944,False
local_mixing:2,local_mixing,0.35313280977678146,under_1,cumulative_cases,13.023333333333333,15.17612222222222,300,0.3783565819036944,False
local_mixing:2,local_mixing,0.35313280977678146,under_1,final_week_cases,2.0566666666666666,2.260122222222222,300,0.3783565819036944,False
local_mixing:2,local_mixing,0.35313280977678146,under_1,outbreak_indicator,0.0,0.0,300,0.3783565819036944,False
local_mixing:2,local_mixing,0.35313280977678146,under_1,peak_weekly_cases,4.123333333333333,1.7547888888888887,300,0.3783565819036944,False
local_mixing:3,local_mixing,0.3783565819036944,11_to_14,cumulative_cases,7.16,8.067733333333335,300,0.3783565819036944,True
local_mixing:3,local_mixing,0.3783565819036944,11_to_14,final_week_cases,1.2666666666666666,1.4155555555555555,300,0.3783565819036944,True
local_mixing:3,local_mixing,0.3783565819036944,11_to_14,outbreak_indicator,0.0,0.0,300,0.3783565819036944,True
local_mixing:3,local_mixing,0.3783565819036944,11_to_14,peak_weekly_cases,2.6933333333333334,1.039288888888889,300,0.3783565819036944,True
local_mixing:3,local_mixing,0.3783565819036944,15_to_24,cumulative_cases,10.686666666666667,11.675155555555556,300,0.3783565819036944,True
local_mixing:3,local_mixing,0.3783565819036944,15_to_24,final_week_cases,1.9466666666666668,2.0838222222222225,300,0.3783565819036944,True
local_mixing:3,local_mixing,0.3783565819036944,15_to_24,outbreak_indicator,0.0,0.0,300,0.3783565819036944,True
local_mixing:3,local_mixing,0.3783565819036944,15_to_24,peak_weekly_cases,3.5366666666666666,1.381988888888889,300,0.3783565819036944,True
local_mixing:3,local_mixing,0.3783565819036944,1_to_4,cumulative_cases,15.04,15.765066666666668,300,0.3783565819036944,True
local_mixing:3,local_mixing,0.3783565819036944,1_to_4,final_week_cases,2.19,2.0672333333333337,300,0.3783565819036944,True
local_mixing:3,local_mixing,0.3783565819036944,1_to_4,outbreak_indicator,0.0,0.0,300,0.3783565819036944,True
local_mixing:3,local_mixing,0.3783565819036944,1_to_4,peak_weekly_cases,4.823333333333333,2.045455555555556,300,0.3783565819036944,True
local_mixing:3,local_mixing,0.3783565819036944,25_to_34,cumulative_cases,16.313333333333333,19.961822222222224,300,0.3783565819036944,True
local_mixing:3,local_mixing,0.3783565819036944,25_to_34,final_week_cases,2.9,3.296666666666667,300,0.3783565819036944,True
local_mixing:3,local_mixing,0.3783565819036944,25_to_34,outbreak_indicator,0.0,0.0,300,0.3783565819036944,True
local_mixing:3,local_mixing,0.3783565819036944,25_to_34,peak_weekly_cases,4.973333333333334,2.0059555555555555,300,0.3783565819036944,True
local_mixing:3,local_mixing,0.3783565819036944,35_and_over,cumulative_cases,28.006666666666668,40.513288888888894,300,0.3783565819036944,True
local_mixing:3,local_mixing,0.3783565819036944,35_and_over,final_week_cases,5.0,5.58,300,0.3783565819036944,True
local_mixing:3,local_mixing,0.3783565819036944,35_and_over,outbreak_indicator,0.0,0.0,300,0.3783565819036944,True
local_mixing:3,local_mixing,0.3783565819036944,35_and_over,peak_weekly_cases,7.526666666666666,3.829288888888888,300,0.3783565819036944,True
local_mixing:3,local_mixing,0.3783565819036944,5_to_10,cumulative_cases,40.22,50.791599999999995,300,0.3783565819036944,True
local_mixing:3,local_mixing,0.3783565819036944,5_to_10,final_week_cases,7.003333333333333,7.4366555555555545,300,0.3783565819036944,True
local_mixing:3,local_mixing,0.3783565819036944,5_to_10,outbreak_indicator,0.0033333333333333335,0.0033222222222222216,300,0.3783565819036944,True
local_mixing:3,local_mixing,0.3783565819036944,5_to_10,peak_weekly_cases,10.126666666666667,3.8706222222222215,300,0.3783565819036944,True
local_mixing:3,local_mixing,0.3783565819036944,all ages combined,cumulative_cases,131.17,202.62776666666667,300,0.3783565819036944,True
local_mixing:3,local_mixing,0.3783565819036944,all ages combined,final_week_cases,22.49,26.536566666666666,300,0.3783565819036944,True
local_mixing:3,local_mixing,0.3783565819036944,all ages combined,outbreak_indicator,1.0,0.0,300,0.3783565819036944,True
local_mixing:3,local_mixing,0.3783565819036944,all ages combined,peak_weekly_cases,28.093333333333334,13.657955555555558,300,0.3783565819036944,True
local_mixing:3,local_mixing,0.3783565819036944,under_1,cumulative_cases,13.743333333333334,15.637455555555556,300,0.3783565819036944,True
local_mixing:3,local_mixing,0.3783565819036944,under_1,final_week_cases,2.183333333333333,2.363055555555555,300,0.3783565819036944,True
local_mixing:3,local_mixing,0.3783565819036944,under_1,outbreak_indicator,0.0,0.0,300,0.3783565819036944,True
local_mixing:3,local_mixing,0.3783565819036944,under_1,peak_weekly_cases,4.33,1.8344333333333331,300,0.3783565819036944,True
local_mixing:4,local_mixing,0.4035803540306074,11_to_14,cumulative_cases,7.42,7.7836,300,0.3783565819036944,False
local_mixing:4,local_mixing,0.4035803540306074,11_to_14,final_week_cases,1.3666666666666667,1.412222222222222,300,0.3783565819036944,False
local_mixing:4,local_mixing,0.4035803540306074,11_to_14,outbreak_indicator,0.0,0.0,300,0.3783565819036944,False
local_mixing:4,local_mixing,0.4035803540306074,11_to_14,peak_weekly_cases,2.77,1.1171,300,0.3783565819036944,False
local_mixing:4,local_mixing,0.4035803540306074,15_to_24,cumulative_cases,11.226666666666667,12.495288888888886,300,0.3783565819036944,False
local_mixing:4,local_mixing,0.4035803540306074,15_to_24,final_week_cases,2.03,2.2291,300,0.3783565819036944,False
local_mixing:4,local_mixing,0.4035803540306074,15_to_24,outbreak_indicator,0.0,0.0,300,0.3783565819036944,False
local_mixing:4,local_mixing,0.4035803540306074,15_to_24,peak_weekly_cases,3.6666666666666665,1.2555555555555558,300,0.3783565819036944,False
local_mixing:4,local_mixing,0.4035803540306074,1_to_4,cumulative_cases,15.436666666666667,15.219322222222223,300,0.3783565819036944,False
local_mixing:4,local_mixing,0.4035803540306074,1_to_4,final_week_cases,2.28,2.288266666666667,300,0.3783565819036944,False
local_mixing:4,local_mixing,0.4035803540306074,1_to_4,outbreak_indicator,0.0,0.0,300,0.3783565819036944,False
local_mixing:4,local_mixing,0.4035803540306074,1_to_4,peak_weekly_cases,4.886666666666667,2.067155555555556,300,0.3783565819036944,False
local_mixing:4,local_mixing,0.4035803540306074,25_to_34,cumulative_cases,16.743333333333332,21.310788888888894,300,0.3783565819036944,False
local_mixing:4,local_mixing,0.4035803540306074,25_to_34,final_week_cases,2.9133333333333336,3.0991555555555554,300,0.3783565819036944,False
local_mixing:4,local_mixing,0.4035803540306074,25_to_34,outbreak_indicator,0.0,0.0,300,0.3783565819036944,False
local_mixing:4,local_mixing,0.4035803540306074,25_to_34,peak_weekly_cases,5.003333333333333,2.1033222222222223,300,0.3783565819036944,False
local_mixing:4,local_mixing,0.4035803540306074,35_and_over,cumulative_cases,28.786666666666665,45.18115555555556,300,0.3783565819036944,False
local_mixing:4,local_mixing,0.4035803540306074,35_and_over,final_week_cases,5.256666666666667,6.057455555555555,300,0.3783565819036944,False
local_mixing:4,local_mixing,0.4035803540306074,35_and_over,outbreak_indicator,0.0,0.0,300,0.3783565819036944,False
local_mixing:4,local_mixing,0.4035803540306074,35_and_over,peak_weekly_cases,7.733333333333333,4.528888888888889,300,0.3783565819036944,False
local_mixing:4,local_mixing,0.4035803540306074,5_to_10,cumulative_cases,42.083333333333336,55.22305555555555,300,0.3783565819036944,False
local_mixing:4,local_mixing,0.4035803540306074,5_to_10,final_week_cases,7.676666666666667,9.078788888888889,300,0.3783565819036944,False
local_mixing:4,local_mixing,0.4035803540306074,5_to_10,outbreak_indicator,0.006666666666666667,0.006622222222222221,300,0.3783565819036944,False
local_mixing:4,local_mixing,0.4035803540306074,5_to_10,peak_weekly_cases,10.65,4.520833333333333,300,0.3783565819036944,False
local_mixing:4,local_mixing,0.4035803540306074,all ages combined,cumulative_cases,135.92,212.20026666666666,300,0.3783565819036944,False
local_mixing:4,local_mixing,0.4035803540306074,all ages combined,final_week_cases,23.793333333333333,28.47062222222222,300,0.3783565819036944,False
local_mixing:4,local_mixing,0.4035803540306074,all ages combined,outbreak_indicator,1.0,0.0,300,0.3783565819036944,False
local_mixing:4,local_mixing,0.4035803540306074,all ages combined,peak_weekly_cases,29.17,14.181099999999999,300,0.3783565819036944,False
local_mixing:4,local_mixing,0.4035803540306074,under_1,cumulative_cases,14.223333333333333,16.213455555555555,300,0.3783565819036944,False
local_mixing:4,local_mixing,0.4035803540306074,under_1,final_week_cases,2.27,2.1971000000000003,300,0.3783565819036944,False
local_mixing:4,local_mixing,0.4035803540306074,under_1,outbreak_indicator,0.0,0.0,300,0.3783565819036944,False
local_mixing:4,local_mixing,0.4035803540306074,under_1,peak_weekly_cases,4.43,1.8184333333333333,300,0.3783565819036944,False
local_mixing:5,local_mixing,0.42880412615752034,11_to_14,cumulative_cases,7.546666666666667,8.48782222222222,300,0.3783565819036944,False
local_mixing:5,local_mixing,0.42880412615752034,11_to_14,final_week_cases,1.3533333333333333,1.4284888888888887,300,0.3783565819036944,False
local_mixing:5,local_mixing,0.42880412615752034,11_to_14,outbreak_indicator,0.0,0.0,300,0.3783565819036944,False
local_mixing:5,local_mixing,0.42880412615752034,11_to_14,peak_weekly_cases,2.82,1.1342666666666665,300,0.3783565819036944,False
local_mixing:5,local_mixing,0.42880412615752034,15_to_24,cumulative_cases,11.67,12.154433333333333,300,0.3783565819036944,False
local_mixing:5,local_mixing,0.42880412615752034,15_to_24,final_week_cases,2.0833333333333335,2.0230555555555556,300,0.3783565819036944,False
local_mixing:5,local_mixing,0.42880412615752034,15_to_24,outbreak_indicator,0.0,0.0,300,0.3783565819036944,False
local_mixing:5,local_mixing,0.42880412615752034,15_to_24,peak_weekly_cases,3.7666666666666666,1.212222222222222,300,0.3783565819036944,False
local_mixing:5,local_mixing,0.42880412615752034,1_to_4,cumulative_cases,15.89,14.791233333333333,300,0.3783565819036944,False
local_mixing:5,local_mixing,0.42880412615752034,1_to_4,final_week_cases,2.31,2.000566666666667,300,0.3783565819036944,False
local_mixing:5,local_mixing,0.42880412615752034,1_to_4,outbreak_indicator,0.0,0.0,300,0.3783565819036944,False
local_mixing:5,local_mixing,0.42880412615752034,1_to_4,peak_weekly_cases,4.913333333333333,2.092488888888889,300,0.3783565819036944,False
local_mixing:5,local_mixing,0.42880412615752034,25_to_34,cumulative_cases,17.286666666666665,20.871155555555553,300,0.3783565819036944,False
local_mixing:5,local_mixing,0.42880412615752034,25_to_34,final_week_cases,3.216666666666667,2.9497222222222224,300,0.3783565819036944,False
local_mixing:5,local_mixing,0.42880412615752034,25_to_34,outbreak_indicator,0.0,0.0,300,0.3783565819036944,False
local_mixing:5,local_mixing,0.42880412615752034,25_to_34,peak_weekly_cases,5.183333333333334,1.9363888888888892,300,0.3783565819036944,False
local_mixing:5,local_mixing,0.42880412615752034,35_and_over,cumulative_cases,29.616666666666667,45.19638888888889,300,0.3783565819036944,False
local_mixing:5,local_mixing,0.42880412615752034,35_and_over,final_week_cases,5.543333333333333,5.514788888888888,300,0.3783565819036944,False
local_mixing:5,local_mixing,0.42880412615752034,35_and_over,outbreak_indicator,0.0,0.0,300,0.3783565819036944,False
local_mixing:5,local_mixing,0.42880412615752034,35_and_over,peak_weekly_cases,7.903333333333333,4.227322222222222,300,0.3783565819036944,False
local_mixing:5,local_mixing,0.42880412615752034,5_to_10,cumulative_cases,44.07333333333333,55.17462222222222,300,0.3783565819036944,False
local_mixing:5,local_mixing,0.42880412615752034,5_to_10,final_week_cases,8.306666666666667,10.365955555555557,300,0.3783565819036944,False
local_mixing:5,local_mixing,0.42880412615752034,5_to_10,outbreak_indicator,0.03333333333333333,0.032222222222222215,300,0.3783565819036944,False
local_mixing:5,local_mixing,0.42880412615752034,5_to_10,peak_weekly_cases,11.216666666666667,4.909722222222221,300,0.3783565819036944,False
local_mixing:5,local_mixing,0.42880412615752034,all ages combined,cumulative_cases,140.91666666666666,235.1697222222222,300,0.3783565819036944,False
local_mixing:5,local_mixing,0.42880412615752034,all ages combined,final_week_cases,25.32,32.52426666666666,300,0.3783565819036944,False
local_mixing:5,local_mixing,0.42880412615752034,all ages combined,outbreak_indicator,1.0,0.0,300,0.3783565819036944,False
local_mixing:5,local_mixing,0.42880412615752034,all ages combined,peak_weekly_cases,30.26,16.005733333333335,300,0.3783565819036944,False
local_mixing:5,local_mixing,0.42880412615752034,under_1,cumulative_cases,14.833333333333334,17.245555555555555,300,0.3783565819036944,False
local_mixing:5,local_mixing,0.42880412615752034,under_1,final_week_cases,2.506666666666667,2.7499555555555557,300,0.3783565819036944,False
local_mixing:5,local_mixing,0.42880412615752034,under_1,outbreak_indicator,0.0,0.0,300,0.3783565819036944,False
local_mixing:5,local_mixing,0.42880412615752034,under_1,peak_weekly_cases,4.58,2.1102666666666674,300,0.3783565819036944,False
local_mixing:6,local_mixing,0.4540278982844333,11_to_14,cumulative_cases,7.9366666666666665,8.885988888888889,300,0.3783565819036944,False
local_mixing:6,local_mixing,0.4540278982844333,11_to_14,final_week_cases,1.51,1.4032333333333333,300,0.3783565819036944,False
local_mixing:6,local_mixing,0.4540278982844333,11_to_14,outbreak_indicator,0.0,0.0,300,0.3783565819036944,False
local_mixing:6,local_mixing,0.4540278982844333,11_to_14,peak_weekly_cases,2.85,1.1475,300,0.3783565819036944,False
local_mixing:6,local_mixing,0.4540278982844333,15_to_24,cumulative_cases,11.99,12.263233333333334,300,0.3783565819036944,False
local_mixing:6,local_mixing,0.4540278982844333,15_to_24,final_week_cases,2.1366666666666667,2.264655555555556,300,0.3783565819036944,False
local_mixing:6,local_mixing,0.4540278982844333,15_to_24,outbreak_indicator,0.0,0.0,300,0.3783565819036944,False
local_mixing:6,local_mixing,0.4540278982844333,15_to_24,peak_weekly_cases,3.8466666666666667,1.3231555555555554,300,0.3783565819036944,False
local_mixing:6,local_mixing,0.4540278982844333,1_to_4,cumulative_cases,16.16,16.501066666666667,300,0.3783565819036944,False
local_mixing:6,local_mixing,0.4540278982844333,1_to_4,final_week_cases,2.45,2.1675,300,0.3783565819036944,False
local_mixing:6,local_mixing,0.4540278982844333,1_to_4,outbreak_indicator,0.0,0.0,300,0.3783565819036944,False
local_mixing:6,local_mixing,0.4540278982844333,1_to_4,peak_weekly_cases,4.923333333333333,2.2641222222222224,300,0.3783565819036944,False
local_mixing:6,local_mixing,0.4540278982844333,25_to_34,cumulative_cases,17.64666666666667,23.768488888888886,300,0.3783565819036944,False
local_mixing:6,local_mixing,0.4540278982844333,25_to_34,final_week_cases,3.256666666666667,3.7907888888888888,300,0.3783565819036944,False
local_mixing:6,local_mixing,0.4540278982844333,25_to_34,outbreak_indicator,0.0,0.0,300,0.3783565819036944,False
local_mixing:6,local_mixing,0.4540278982844333,25_to_34,peak_weekly_cases,5.28,1.9882666666666666,300,0.3783565819036944,False
local_mixing:6,local_mixing,0.4540278982844333,35_and_over,cumulative_cases,30.05,45.4275,300,0.3783565819036944,False
local_mixing:6,local_mixing,0.4540278982844333,35_and_over,final_week_cases,5.8566666666666665,6.849455555555557,300,0.3783565819036944,False
local_mixing:6,local_mixing,0.4540278982844333,35_and_over,outbreak_indicator,0.0033333333333333335,0.0033222222222222216,300,0.3783565819036944,False
local_mixing:6,local_mixing,0.4540278982844333,35_and_over,peak_weekly_cases,8.17,4.314433333333334,300,0.3783565819036944,False
local_mixing:6,local_mixing,0.4540278982844333,5_to_10,cumulative_cases,46.21,55.9259,300,0.3783565819036944,False
local_mixing:6,local_mixing,0.4540278982844333,5_to_10,final_week_cases,8.9,12.17,300,0.3783565819036944,False
local_mixing:6,local_mixing,0.4540278982844333,5_to_10,outbreak_indicator,0.08666666666666667,0.07915555555555555,300,0.3783565819036944,False
local_mixing:6,local_mixing,0.4540278982844333,5_to_10,peak_weekly_cases,11.713333333333333,6.017822222222223,300,0.3783565819036944,False
local_mixing:6,local_mixing,0.4540278982844333,all ages combined,cumulative_cases,145.6,232.91333333333333,300,0.3783565819036944,False
local_mixing:6,local_mixing,0.4540278982844333,all ages combined,final_week_cases,26.79,37.19256666666667,300,0.3783565819036944,False
local_mixing:6,local_mixing,0.4540278982844333,all ages combined,outbreak_indicator,1.0,0.0,300,0.3783565819036944,False
local_mixing:6,local_mixing,0.4540278982844333,all ages combined,peak_weekly_cases,31.42,16.130266666666667,300,0.3783565819036944,False
local_mixing:6,local_mixing,0.4540278982844333,under_1,cumulative_cases,15.606666666666667,17.885288888888887,300,0.3783565819036944,False
local_mixing:6,local_mixing,0.4540278982844333,under_1,final_week_cases,2.68,2.9576000000000002,300,0.3783565819036944,False
local_mixing:6,local_mixing,0.4540278982844333,under_1,outbreak_indicator,0.0,0.0,300,0.3783565819036944,False
local_mixing:6,local_mixing,0.4540278982844333,under_1,peak_weekly_cases,4.796666666666667,2.1086555555555555,300,0.3783565819036944,False
mu:0,mu,8.0,11_to_14,cumulative_cases,6.366666666666666,7.072222222222223,300,10.0,False
mu:0,mu,8.0,11_to_14,final_week_cases,0.92,0.8535999999999999,300,10.0,False
mu:0,mu,8.0,11_to_14,outbreak_indicator,0.0,0.0,300,10.0,False
mu:0,mu,8.0,11_to_14,peak_weekly_cases,2.4433333333333334,0.8134555555555555,300,10.0,False
mu:0,mu,8.0,15_to_24,cumulative_cases,9.583333333333334,11.449722222222222,300,10.0,False
mu:0,mu,8.0,15_to_24,final_week_cases,1.4366666666666668,1.559322222222222,300,10.0,False
mu:0,mu,8.0,15_to_24,outbreak_indicator,0.0,0.0,300,10.0,False
mu:0,mu,8.0,15_to_24,peak_weekly_cases,3.2733333333333334,1.2119555555555555,300,10.0,False
mu:0,mu,8.0,1_to_4,cumulative_cases,13.01,14.669900000000004,300,10.0,False
mu:0,mu,8.0,1_to_4,final_week_cases,1.52,1.8762666666666667,300,10.0,False
mu:0,mu,8.0,1_to_4,outbreak_indicator,0.0,0.0,300,10.0,False
mu:0,mu,8.0,1_to_4,peak_weekly_cases,4.423333333333333,2.137455555555555,300,10.0,False
mu:0,mu,8.0,25_to_34,cumulative_cases,14.066666666666666,16.455555555555552,300,10.0,False
mu:0,mu,8.0,25_to_34,final_week_cases,2.19,2.6472333333333338,300,10.0,False
mu:0,mu,8.0,25_to_34,outbreak_indicator,0.0,0.0,300,10.0,False
mu:0,mu,8.0,25_to_34,peak_weekly_cases,4.3533333333333335,1.7684888888888888,300,10.0,False
mu:0,mu,8.0,35_and_over,cumulative_cases,25.136666666666667,32.36465555555556,300,10.0,False
mu:0,mu,8.0,35_and_over,final_week_cases,4.3133333333333335,4.641822222222222,300,10.0,False
mu:0,mu,8.0,35_and_over,outbreak_indicator,0.0,0.0,300,10.0,False
mu:0,mu,8.0,35_and_over,peak_weekly_cases,6.94,3.103066666666667,300,10.0,False
mu:0,mu,8.0,5_to_10,cumulative_cases,32.93666666666667,42.032655555555564,300,10.0,False
mu:0,mu,8.0,5_to_10,final_week_cases,4.6433333333333335,5.682788888888888,300,10.0,False
mu:0,mu,8.0,5_to_10,outbreak_indicator,0.0033333333333333335,0.0033222222222222216,300,10.0,False
mu:0,mu,8.0,5_to_10,peak_weekly_cases,8.7,4.003333333333333,300,10.0,False
mu:0,mu,8.0,all ages combined,cumulative_cases,112.81333333333333,133.1718222222222,300,10.0,False
mu:0,mu,8.0,all ages combined,final_week_cases,16.666666666666668,17.448888888888888,300,10.0,False
mu:0,mu,8.0,all ages combined,outbreak_indicator,1.0,0.0,300,10.0,False
mu:0,mu,8.0,all ages combined,peak_weekly_cases,24.783333333333335,10.656388888888888,300,10.0,False
mu:0,mu,8.0,under_1,cumulative_cases,11.713333333333333,12.777822222222225,300,10.0,False
mu:0,mu,8.0,under_1,final_week_cases,1.6433333333333333,1.6894555555555555,300,10.0,False
mu:0,mu,8.0,under_1,outbreak_indicator,0.0,0.0,300,10.0,False
mu:0,mu,8.0,under_1,peak_weekly_cases,3.8533333333333335,1.5918222222222222,300,10.0,False
mu:1,mu,8.666666666666666,11_to_14,cumulative_cases,6.46,7.1950666666666665,300,10.0,False
mu:1,mu,8.666666666666666,11_to_14,final_week_cases,0.9966666666666667,0.8966555555555555,300,10.0,False
mu:1,mu,8.666666666666666,11_to_14,outbreak_indicator,0.0,0.0,300,10.0,False
mu:1,mu,8.666666666666666,11_to_14,peak_weekly_cases,2.4466666666666668,0.8538222222222221,300,10.0,False
mu:1,mu,8.666666666666666,15_to_24,cumulative_cases,9.936666666666667,9.54598888888889,300,10.0,False
mu:1,mu,8.666666666666666,15_to_24,final_week_cases,1.5866666666666667,1.7491555555555556,300,10.0,False
mu:1,mu,8.666666666666666,15_to_24,outbreak_indicator,0.0,0.0,300,10.0,False
mu:1,mu,8.666666666666666,15_to_24,peak_weekly_cases,3.3933333333333335,1.3986222222222224,300,10.0,False
mu:1,mu,8.666666666666666,1_to_4,cumulative_cases,13.423333333333334,13.984122222222222,300,10.0,False
mu:1,mu,8.666666666666666,1_to_4,final_week_cases,1.6933333333333334,1.8659555555555554,300,10.0,False
mu:1,mu,8.666666666666666,1_to_4,outbreak_indicator,0.0,0.0,300,10.0,False
mu:1,mu,8.666666666666666,1_to_4,peak_weekly_cases,4.523333333333333,1.7694555555555553,300,10.0,False
mu:1,mu,8.666666666666666,25_to_34,cumulative_cases,14.683333333333334,17.30972222222222,300,10.0,False
mu:1,mu,8.666666666666666,25_to_34,final_week_cases,2.42,3.0836,300,10.0,False
mu:1,mu,8.666666666666666,25_to_34,outbreak_indicator,0.0,0.0,300,10.0,False
mu:1,mu,8.666666666666666,25_to_34,peak_weekly_cases,4.556666666666667,1.860122222222222,300,10.0,False
mu:1,mu,8.666666666666666,35_and_over,cumulative_cases,26.733333333333334,35.908888888888896,300,10.0,False
mu:1,mu,8.666666666666666,35_and_over,final_week_cases,4.8133333333333335,5.311822222222222,300,10.0,False
mu:1,mu,8.666666666666666,35_and_over,outbreak_indicator,0.0,0.0,300,10.0,False
mu:1,mu,8.666666666666666,35_and_over,peak_weekly_cases,7.37,3.3264333333333336,300,10.0,False
mu:1,mu,8.666666666666666,5_to_10,cumulative_cases,35.44,43.91973333333334,300,10.0,False
mu:1,mu,8.666666666666666,5_to_10,final_week_cases,5.576666666666667,6.404122222222222,300,10.0,False
mu:1,mu,8.666666666666666,5_to_10,outbreak_indicator,0.0033333333333333335,0.0033222222222222216,300,10.0,False
mu:1,mu,8.666666666666666,5_to_10,peak_weekly_cases,9.133333333333333,4.002222222222223,300,10.0,False
mu:1,mu,8.666666666666666,all ages combined,cumulative_cases,118.88666666666667,147.59382222222223,300,10.0,False
mu:1,mu,8.666666666666666,all ages combined,final_week_cases,18.75,22.0675,300,10.0,False
mu:1,mu,8.666666666666666,all ages combined,outbreak_indicator,1.0,0.0,300,10.0,False
mu:1,mu,8.666666666666666,all ages combined,peak_weekly_cases,25.886666666666667,10.987155555555555,300,10.0,False
mu:1,mu,8.666666666666666,under_1,cumulative_cases,12.21,12.339233333333333,300,10.0,False
mu:1,mu,8.666666666666666,under_1,final_week_cases,1.6633333333333333,1.6233222222222223,300,10.0,False
mu:1,mu,8.666666666666666,under_1,outbreak_indicator,0.0,0.0,300,10.0,False
mu:1,mu,8.666666666666666,under_1,peak_weekly_cases,3.966666666666667,1.5455555555555558,300,10.0,False
mu:2,mu,9.333333333333334,11_to_14,cumulative_cases,6.73,7.150433333333334,300,10.0,False
mu:2,mu,9.333333333333334,11_to_14,final_week_cases,1.0533333333333332,1.0638222222222224,300,10.0,False
mu:2,mu,9.333333333333334,11_to_14,outbreak_indicator,0.0,0.0,300,10.0,False
mu:2,mu,9.333333333333334,11_to_14,peak_weekly_cases,2.5533333333333332,0.9538222222222223,300,10.0,False
mu:2,mu,9.333333333333334,15_to_24,cumulative_cases,10.326666666666666,9.933288888888889,300,10.0,False
mu:2,mu,9.333333333333334,15_to_24,final_week_cases,1.7466666666666666,1.982488888888889,300,10.0,False
mu:2,mu,9.333333333333334,15_to_24,outbreak_indicator,0.0,0.0,300,10.0,False
mu:2,mu,9.333333333333334,15_to_24,peak_weekly_cases,3.453333333333333,1.3211555555555556,300,10.0,False
mu:2,mu,9.333333333333334,1_to_4,cumulative_cases,14.036666666666667,14.655322222222221,300,10.0,False
mu:2,mu,9.333333333333334,1_to_4,final_week_cases,1.93,2.2051,300,10.0,False
mu:2,mu,9.333333333333334,1_to_4,outbreak_indicator,0.0,0.0,300,10.0,False
mu:2,mu,9.333333333333334,1_to_4,peak_weekly_cases,4.593333333333334,1.9146222222222227,300,10.0,False
mu:2,mu,9.333333333333334,25_to_34,cumulative_cases,15.363333333333333,19.55798888888889,300,10.0,False
mu:2,mu,9.333333333333334,25_to_34,final_week_cases,2.783333333333333,3.2030555555555553,300,10.0,False
mu:2,mu,9.333333333333334,25_to_34,outbreak_indicator,0.0,0.0,300,10.0,False
mu:2,mu,9.333333333333334,25_to_34,peak_weekly_cases,4.69,2.0139,300,10.0,False
mu:2,mu,9.333333333333334,35_and_over,cumulative_cases,27.463333333333335,40.22865555555556,300,10.0,False
mu:2,mu,9.333333333333334,35_and_over,final_week_cases,4.8966666666666665,5.619322222222223,300,10.0,False
mu:2,mu,9.333333333333334,35_and_over,outbreak_indicator,0.0,0.0,300,10.0,False
mu:2,mu,9.333333333333334,35_and_over,peak_weekly_cases,7.503333333333333,3.6566555555555547,300,10.0,False
mu:2,mu,9.333333333333334,5_to_10,cumulative_cases,37.70666666666666,46.967288888888895,300,10.0,False
mu:2,mu,9.333333333333334,5_to_10,final_week_cases,6.226666666666667,6.155288888888888,300,10.0,False
mu:2,mu,9.333333333333334,5_to_10,outbreak_indicator,0.0,0.0,300,10.0,False
mu:2,mu,9.333333333333334,5_to_10,peak_weekly_cases,9.473333333333333,4.022622222222223,300,10.0,False
mu:2,mu,9.333333333333334,all ages combined,cumulative_cases,124.64,177.19706666666664,300,10.0,False
mu:2,mu,9.333333333333334,all ages combined,final_week_cases,20.493333333333332,22.883288888888885,300,10.0,False
mu:2,mu,9.333333333333334,all ages combined,outbreak_indicator,1.0,0.0,300,10.0,False
mu:2,mu,9.333333333333334,all ages combined,peak_weekly_cases,26.823333333333334,11.645455555555555,300,10.0,False
mu:2,mu,9.333333333333334,under_1,cumulative_cases,13.013333333333334,15.20648888888889,300,10.0,False
mu:2,mu,9.333333333333334,under_1,final_week_cases,1.8566666666666667,2.1094555555555554,300,10.0,False
mu:2,mu,9.333333333333334,under_1,outbreak_indicator,0.0,0.0,300,10.0,False
mu:2,mu,9.333333333333334,under_1,peak_weekly_cases,4.16,1.8077333333333339,300,10.0,False
mu:3,mu,10.0,11_to_14,cumulative_cases,7.16,8.067733333333335,300,10.0,True
mu:3,mu,10.0,11_to_14,final_week_cases,1.2666666666666666,1.4155555555555555,300,10.0,True
mu:3,mu,10.0,11_to_14,outbreak_indicator,0.0,0.0,300,10.0,True
mu:3,mu,10.0,11_to_14,peak_weekly_cases,2.6933333333333334,1.039288888888889,300,10.0,True
mu:3,mu,10.0,15_to_24,cumulative_cases,10.686666666666667,11.675155555555556,300,10.0,True
mu:3,mu,10.0,15_to_24,final_week_cases,1.9466666666666668,2.0838222222222225,300,10.0,True
mu:3,mu,10.0,15_to_24,outbreak_indicator,0.0,0.0,300,10.0,True
mu:3,mu,10.0,15_to_24,peak_weekly_cases,3.5366666666666666,1.381988888888889,300,10.0,True
mu:3,mu,10.0,1_to_4,cumulative_cases,15.04,15.765066666666668,300,10.0,True
mu:3,mu,10.0,1_to_4,final_week_cases,2.19,2.0672333333333337,300,10.0,True
mu:3,mu,10.0,1_to_4,outbreak_indicator,0.0,0.0,300,10.0,True
mu:3,mu,10.0,1_to_4,peak_weekly_cases,4.823333333333333,2.045455555555556,300,10.0,True
mu:3,mu,10.0,25_to_34,cumulative_cases,16.313333333333333,19.961822222222224,300,10.0,True
mu:3,mu,10.0,25_to_34,final_week_cases,2.9,3.296666666666667,300,10.0,True
mu:3,mu,10.0,25_to_34,outbreak_indicator,0.0,0.0,300,10.0,True
mu:3,mu,10.0,25_to_34,peak_weekly_cases,4.973333333333334,2.0059555555555555,300,10.0,True
mu:3,mu,10.0,35_and_over,cumulative_cases,28.006666666666668,40.513288888888894,300,10.0,True
mu:3,mu,10.0,35_and_over,final_week_cases,5.0,5.58,300,10.0,True
mu:3,mu,10.0,35_and_over,outbreak_indicator,0.0,0.0,300,10.0,True
mu:3,mu,10.0,35_and_over,peak_weekly_cases,7.526666666666666,3.829288888888888,300,10.0,True
mu:3,mu,10.0,5_to_10,cumulative_cases,40.22,50.791599999999995,300,10.0,True
mu:3,mu,10.0,5_to_10,final_week_cases,7.003333333333333,7.4366555555555545,300,10.0,True
mu:3,mu,10.0,5_to_10,outbreak_indicator,0.0033333333333333335,0.0033222222222222216,300,10.0,True
mu:3,mu,10.0,5_to_10,peak_weekly_cases,10.126666666666667,3.8706222222222215,300,10.0,True
mu:3,mu,10.0,all ages combined,cumulative_cases,131.17,202.62776666666667,300,10.0,True
mu:3,mu,10.0,all ages combined,final_week_cases,22.49,26.536566666666666,300,10.0,True
mu:3,mu,10.0,all ages combined,outbreak_indicator,1.0,0.0,300,10.0,True
mu:3,mu,10.0,all ages combined,peak_weekly_cases,28.093333333333334,13.657955555555558,300,10.0,True
mu:3,mu,10.0,under_1,cumulative_cases,13.743333333333334,15.637455555555556,300,10.0,True
mu:3,mu,10.0,under_1,final_week_cases,2.183333333333333,2.363055555555555,300,10.0,True
mu:3,mu,10.0,under_1,outbreak_indicator,0.0,0.0,300,10.0,True
mu:3,mu,10.0,under_1,peak_weekly_cases,4.33,1.8344333333333331,300,10.0,True
mu:4,mu,10.666666666666666,11_to_14,cumulative_cases,7.41,6.875233333333334,300,10.0,False
mu:4,mu,10.666666666666666,11_to_14,final_week_cases,1.2533333333333334,1.182488888888889,300,10.0,False
mu:4,mu,10.666666666666666,11_to_14,outbreak_indicator,0.0,0.0,300,10.0,False
mu:4,mu,10.666666666666666,11_to_14,peak_weekly_cases,2.69,1.0138999999999998,300,10.0,False
mu:4,mu,10.666666666666666,15_to_24,cumulative_cases,11.26,12.139066666666666,300,10.0,False
mu:4,mu,10.666666666666666,15_to_24,final_week_cases,1.91,1.9018999999999997,300,10.0,False
mu:4,mu,10.666666666666666,15_to_24,outbreak_indicator,0.0,0.0,300,10.0,False
mu:4,mu,10.666666666666666,15_to_24,peak_weekly_cases,3.6933333333333334,1.3059555555555555,300,10.0,False
mu:4,mu,10.666666666666666,1_to_4,cumulative_cases,15.46,15.581733333333334,300,10.0,False
mu:4,mu,10.666666666666666,1_to_4,final_week_cases,2.243333333333333,2.1774555555555555,300,10.0,False
mu:4,mu,10.666666666666666,1_to_4,outbreak_indicator,0.0,0.0,300,10.0,False
mu:4,mu,10.666666666666666,1_to_4,peak_weekly_cases,4.8133333333333335,2.2384888888888885,300,10.0,False
mu:4,mu,10.666666666666666,25_to_34,cumulative_cases,16.7,21.856666666666666,300,10.0,False
mu:4,mu,10.666666666666666,25_to_34,final_week_cases,3.0366666666666666,3.355322222222222,300,10.0,False
mu:4,mu,10.666666666666666,25_to_34,outbreak_indicator,0.0,0.0,300,10.0,False
mu:4,mu,10.666666666666666,25_to_34,peak_weekly_cases,5.023333333333333,2.1227888888888886,300,10.0,False
mu:4,mu,10.666666666666666,35_and_over,cumulative_cases,28.98,42.439600000000006,300,10.0,False
mu:4,mu,10.666666666666666,35_and_over,final_week_cases,5.41,6.0619000000000005,300,10.0,False
mu:4,mu,10.666666666666666,35_and_over,outbreak_indicator,0.0033333333333333335,0.0033222222222222216,300,10.0,False
mu:4,mu,10.666666666666666,35_and_over,peak_weekly_cases,7.836666666666667,4.416655555555556,300,10.0,False
mu:4,mu,10.666666666666666,5_to_10,cumulative_cases,42.513333333333335,50.60315555555555,300,10.0,False
mu:4,mu,10.666666666666666,5_to_10,final_week_cases,7.71,8.725900000000001,300,10.0,False
mu:4,mu,10.666666666666666,5_to_10,outbreak_indicator,0.016666666666666666,0.016388888888888894,300,10.0,False
mu:4,mu,10.666666666666666,5_to_10,peak_weekly_cases,10.763333333333334,4.467322222222222,300,10.0,False
mu:4,mu,10.666666666666666,all ages combined,cumulative_cases,136.70666666666668,204.26062222222222,300,10.0,False
mu:4,mu,10.666666666666666,all ages combined,final_week_cases,24.043333333333333,30.10145555555555,300,10.0,False
mu:4,mu,10.666666666666666,all ages combined,outbreak_indicator,1.0,0.0,300,10.0,False
mu:4,mu,10.666666666666666,all ages combined,peak_weekly_cases,29.236666666666668,14.23398888888889,300,10.0,False
mu:4,mu,10.666666666666666,under_1,cumulative_cases,14.383333333333333,13.94972222222222,300,10.0,False
mu:4,mu,10.666666666666666,under_1,final_week_cases,2.48,2.2896,300,10.0,False
mu:4,mu,10.666666666666666,under_1,outbreak_indicator,0.0,0.0,300,10.0,False
mu:4,mu,10.666666666666666,under_1,peak_weekly_cases,4.4366666666666665,1.7926555555555554,300,10.0,False
mu:5,mu,11.333333333333332,11_to_14,cumulative_cases,7.66,8.537733333333334,300,10.0,False
mu:5,mu,11.333333333333332,11_to_14,final_week_cases,1.3966666666666667,1.5726555555555555,300,10.0,False
mu:5,mu,11.333333333333332,11_to_14,outbreak_indicator,0.0,0.0,300,10.0,False
mu:5,mu,11.333333333333332,11_to_14,peak_weekly_cases,2.86,1.1470666666666665,300,10.0,False
mu:5,mu,11.333333333333332,15_to_24,cumulative_cases,11.513333333333334,11.649822222222223,300,10.0,False
mu:5,mu,11.333333333333332,15_to_24,final_week_cases,1.9566666666666668,1.8414555555555558,300,10.0,False
mu:5,mu,11.333333333333332,15_to_24,outbreak_indicator,0.0,0.0,300,10.0,False
mu:5,mu,11.333333333333332,15_to_24,peak_weekly_cases,3.75,1.1875,300,10.0,False
mu:5,mu,11.333333333333332,1_to_4,cumulative_cases,16.02,16.972933333333334,300,10.0,False
mu:5,mu,11.333333333333332,1_to_4,final_week_cases,2.32,2.2242666666666664,300,10.0,False
mu:5,mu,11.333333333333332,1_to_4,outbreak_indicator,0.0,0.0,300,10.0,False
mu:5,mu,11.333333333333332,1_to_4,peak_weekly_cases,4.933333333333334,2.0022222222222226,300,10.0,False
mu:5,mu,11.333333333333332,25_to_34,cumulative_cases,17.186666666666667,23.77848888888889,300,10.0,False
mu:5,mu,11.333333333333332,25_to_34,final_week_cases,3.276666666666667,3.9134555555555552,300,10.0,False
mu:5,mu,11.333333333333332,25_to_34,outbreak_indicator,0.0,0.0,300,10.0,False
mu:5,mu,11.333333333333332,25_to_34,peak_weekly_cases,5.223333333333334,2.2534555555555555,300,10.0,False
mu:5,mu,11.333333333333332,35_and_over,cumulative_cases,29.96,41.73173333333334,300,10.0,False
mu:5,mu,11.333333333333332,35_and_over,final_week_cases,5.8133333333333335,6.131822222222223,300,10.0,False
mu:5,mu,11.333333333333332,35_and_over,outbreak_indicator,0.0033333333333333335,0.003322222222222222,300,10.0,False
mu:5,mu,11.333333333333332,35_and_over,peak_weekly_cases,8.203333333333333,4.301988888888889,300,10.0,False
mu:5,mu,11.333333333333332,5_to_10,cumulative_cases,45.163333333333334,62.20332222222222,300,10.0,False
mu:5,mu,11.333333333333332,5_to_10,final_week_cases,8.74,10.672400000000001,300,10.0,False
mu:5,mu,11.333333333333332,5_to_10,outbreak_indicator,0.06666666666666667,0.06222222222222224,300,10.0,False
mu:5,mu,11.333333333333332,5_to_10,peak_weekly_cases,11.453333333333333,5.834488888888888,300,10.0,False
mu:5,mu,11.333333333333332,all ages combined,cumulative_cases,142.43333333333334,224.03888888888886,300,10.0,False
mu:5,mu,11.333333333333332,all ages combined,final_week_cases,26.106666666666666,35.195288888888896,300,10.0,False
mu:5,mu,11.333333333333332,all ages combined,outbreak_indicator,1.0,0.0,300,10.0,False
mu:5,mu,11.333333333333332,all ages combined,peak_weekly_cases,30.65,17.1675,300,10.0,False
mu:5,mu,11.333333333333332,under_1,cumulative_cases,14.93,15.511766666666668,300,10.0,False
mu:5,mu,11.333333333333332,under_1,final_week_cases,2.6033333333333335,2.739322222222222,300,10.0,False
mu:5,mu,11.333333333333332,under_1,outbreak_indicator,0.0,0.0,300,10.0,False
mu:5,mu,11.333333333333332,under_1,peak_weekly_cases,4.693333333333333,2.0126222222222223,300,10.0,False
mu:6,mu,12.0,11_to_14,cumulative_cases,8.05,8.7875,300,10.0,False
mu:6,mu,12.0,11_to_14,final_week_cases,1.5666666666666667,1.458888888888889,300,10.0,False
mu:6,mu,12.0,11_to_14,outbreak_indicator,0.0,0.0,300,10.0,False
mu:6,mu,12.0,11_to_14,peak_weekly_cases,2.8233333333333333,0.8721222222222221,300,10.0,False
mu:6,mu,12.0,15_to_24,cumulative_cases,12.11,12.837900000000001,300,10.0,False
mu:6,mu,12.0,15_to_24,final_week_cases,2.25,2.2608333333333333,300,10.0,False
mu:6,mu,12.0,15_to_24,outbreak_indicator,0.0,0.0,300,10.0,False
mu:6,mu,12.0,15_to_24,peak_weekly_cases,4.01,1.5032333333333334,300,10.0,False
mu:6,mu,12.0,1_to_4,cumulative_cases,16.883333333333333,19.003055555555555,300,10.0,False
mu:6,mu,12.0,1_to_4,final_week_cases,2.7266666666666666,2.798622222222222,300,10.0,False
mu:6,mu,12.0,1_to_4,outbreak_indicator,0.0,0.0,300,10.0,False
mu:6,mu,12.0,1_to_4,peak_weekly_cases,5.07,1.9917666666666667,300,10.0,False
mu:6,mu,12.0,25_to_34,cumulative_cases,18.213333333333335,23.47448888888889,300,10.0,False
mu:6,mu,12.0,25_to_34,final_week_cases,3.4966666666666666,4.116655555555556,300,10.0,False
mu:6,mu,12.0,25_to_34,outbreak_indicator,0.0,0.0,300,10.0,False
mu:6,mu,12.0,25_to_34,peak_weekly_cases,5.516666666666667,2.383055555555556,300,10.0,False
mu:6,mu,12.0,35_and_over,cumulative_cases,30.133333333333333,36.86888888888889,300,10.0,False
mu:6,mu,12.0,35_and_over,final_week_cases,5.833333333333333,6.985555555555557,300,10.0,False
mu:6,mu,12.0,35_and_over,outbreak_indicator,0.006666666666666667,0.00662222222222222,300,10.0,False
mu:6,mu,12.0,35_and_over,peak_weekly_cases,8.356666666666667,4.049455555555555,300,10.0,False
mu:6,mu,12.0,5_to_10,cumulative_cases,46.82666666666667,66.28328888888888,300,10.0,False
mu:6,mu,12.0,5_to_10,final_week_cases,9.126666666666667,10.357288888888888,300,10.0,False
mu:6,mu,12.0,5_to_10,outbreak_indicator,0.056666666666666664,0.05345555555555556,300,10.0,False
mu:6,mu,12.0,5_to_10,peak_weekly_cases,11.693333333333333,5.559288888888889,300,10.0,False
mu:6,mu,12.0,all ages combined,cumulative_cases,148.17333333333335,246.5366222222222,300,10.0,False
mu:6,mu,12.0,all ages combined,final_week_cases,27.873333333333335,34.750622222222226,300,10.0,False
mu:6,mu,12.0,all ages combined,outbreak_indicator,1.0,0.0,300,10.0,False
mu:6,mu,12.0,all ages combined,peak_weekly_cases,31.98,18.586266666666667,300,10.0,False
mu:6,mu,12.0,under_1,cumulative_cases,15.956666666666667,17.76812222222222,300,10.0,False
mu:6,mu,12.0,under_1,final_week_cases,2.8733333333333335,3.7439555555555564,300,10.0,False
mu:6,mu,12.0,under_1,outbreak_indicator,0.0,0.0,300,10.0,False
mu:6,mu,12.0,under_1,peak_weekly_cases,5.05,2.4008333333333334,300,10.0,False
noise_scale:0,noise_scale,0.024,11_to_14,cumulative_cases,7.13,7.6464333333333325,300,0.03,False
noise_scale:0,noise_scale,0.024,11_to_14,final_week_cases,1.1833333333333333,1.2430555555555554,300,0.03,False
noise_scale:0,noise_scale,0.024,11_to_14,outbreak_indicator,0.0,0.0,300,0.03,False
noise_scale:0,noise_scale,0.024,11_to_14,peak_weekly_cases,2.6966666666666668,1.0579888888888889,300,0.03,False
noise_scale:0,noise_scale,0.024,15_to_24,cumulative_cases,10.65,11.680833333333334,300,0.03,False
noise_scale:0,noise_scale,0.024,15_to_24,final_week_cases,1.8433333333333333,2.238788888888889,300,0.03,False
noise_scale:0,noise_scale,0.024,15_to_24,outbreak_indicator,0.0,0.0,300,0.03,False
noise_scale:0,noise_scale,0.024,15_to_24,peak_weekly_cases,3.5433333333333334,1.3881222222222225,300,0.03,False
noise_scale:0,noise_scale,0.024,1_to_4,cumulative_cases,14.906666666666666,15.65128888888889,300,0.03,False
noise_scale:0,noise_scale,0.024,1_to_4,final_week_cases,2.1033333333333335,2.299322222222222,300,0.03,False
noise_scale:0,noise_scale,0.024,1_to_4,outbreak_indicator,0.0,0.0,300,0.03,False
noise_scale:0,noise_scale,0.024,1_to_4,peak_weekly_cases,4.783333333333333,1.9297222222222226,300,0.03,False
noise_scale:0,noise_scale,0.024,25_to_34,cumulative_cases,16.07,17.7851,300,0.03,False
noise_scale:0,noise_scale,0.024,25_to_34,final_week_cases,2.8566666666666665,3.129455555555556,300,0.03,False
noise_scale:0,noise_scale,0.024,25_to_34,outbreak_indicator,0.0,0.0,300,0.03,False
noise_scale:0,noise_scale,0.024,25_to_34,peak_weekly_cases,4.98,1.7862666666666667,300,0.03,False
noise_scale:0,noise_scale,0.024,35_and_over,cumulative_cases,28.293333333333333,42.10062222222223,300,0.03,False
noise_scale:0,noise_scale,0.024,35_and_over,final_week_cases,5.163333333333333,6.556655555555556,300,0.03,False
noise_scale:0,noise_scale,0.024,35_and_over,outbreak_indicator,0.0,0.0,300,0.03,False
noise_scale:0,noise_scale,0.024,35_and_over,peak_weekly_cases,7.6,3.8333333333333335,300,0.03,False
noise_scale:0,noise_scale,0.024,5_to_10,cumulative_cases,39.96,44.2184,300,0.03,False
noise_scale:0,noise_scale,0.024,5_to_10,final_week_cases,6.923333333333333,7.977455555555555,300,0.03,False
noise_scale:0,noise_scale,0.024,5_to_10,outbreak_indicator,0.0033333333333333335,0.0033222222222222216,300,0.03,False
noise_scale:0,noise_scale,0.024,5_to_10,peak_weekly_cases,10.133333333333333,3.7088888888888882,300,0.03,False
noise_scale:0,noise_scale,0.024,all ages combined,cumulative_cases,130.58666666666667,189.28248888888888,300,0.03,False
noise_scale:0,noise_scale,0.024,all ages combined,final_week_cases,22.2,27.473333333333333,300,0.03,False
noise_scale:0,noise_scale,0.024,all ages combined,outbreak_indicator,1.0,0.0,300,0.03,False
noise_scale:0,noise_scale,0.024,all ages combined,peak_weekly_cases,28.0,12.846666666666666,300,0.03,False
noise_scale:0,noise_scale,0.024,under_1,cumulative_cases,13.576666666666666,13.450788888888889,300,0.03,False
noise_scale:0,noise_scale,0.024,under_1,final_week_cases,2.1266666666666665,1.897288888888889,300,0.03,False
noise_scale:0,noise_scale,0.024,under_1,outbreak_indicator,0.0,0.0,300,0.03,False
noise_scale:0,noise_scale,0.024,under_1,peak_weekly_cases,4.256666666666667,1.7041222222222225,300,0.03,False
noise_scale:1,noise_scale,0.026,11_to_14,cumulative_cases,7.223333333333334,7.840122222222223,300,0.03,False
noise_scale:1,noise_scale,0.026,11_to_14,final_week_cases,1.23,1.2837666666666667,300,0.03,False
noise_scale:1,noise_scale,0.026,11_to_14,outbreak_indicator,0.0,0.0,300,0.03,False
noise_scale:1,noise_scale,0.026,11_to_14,peak_weekly_cases,2.7266666666666666,1.0386222222222221,300,0.03,False
noise_scale:1,noise_scale,0.026,15_to_24,cumulative_cases,10.65,11.700833333333334,300,0.03,False
noise_scale:1,noise_scale,0.026,15_to_24,final_week_cases,1.8866666666666667,2.253822222222222,300,0.03,False
noise_scale:1,noise_scale,0.026,15_to_24,outbreak_indicator,0.0,0.0,300,0.03,False
noise_scale:1,noise_scale,0.026,15_to_24,peak_weekly_cases,3.5233333333333334,1.416122222222222,300,0.03,False
noise_scale:1,noise_scale,0.026,1_to_4,cumulative_cases,14.976666666666667,16.03612222222222,300,0.03,False
noise_scale:1,noise_scale,0.026,1_to_4,final_week_cases,2.0933333333333333,2.2179555555555557,300,0.03,False
noise_scale:1,noise_scale,0.026,1_to_4,outbreak_indicator,0.0,0.0,300,0.03,False
noise_scale:1,noise_scale,0.026,1_to_4,peak_weekly_cases,4.786666666666667,2.0144888888888888,300,0.03,False
noise_scale:1,noise_scale,0.026,25_to_34,cumulative_cases,16.166666666666668,19.145555555555553,300,0.03,False
noise_scale:1,noise_scale,0.026,25_to_34,final_week_cases,2.8333333333333335,3.058888888888889,300,0.03,False
noise_scale:1,noise_scale,0.026,25_to_34,outbreak_indicator,0.0,0.0,300,0.03,False
noise_scale:1,noise_scale,0.026,25_to_34,peak_weekly_cases,4.976666666666667,1.9227888888888887,300,0.03,False
noise_scale:1,noise_scale,0.026,35_and_over,cumulative_cases,28.14,42.70706666666667,300,0.03,False
noise_scale:1,noise_scale,0.026,35_and_over,final_week_cases,5.116666666666666,6.256388888888889,300,0.03,False
noise_scale:1,noise_scale,0.026,35_and_over,outbreak_indicator,0.0,0.0,300,0.03,False
noise_scale:1,noise_scale,0.026,35_and_over,peak_weekly_cases,7.553333333333334,3.78048888888889,300,0.03,False
noise_scale:1,noise_scale,0.026,5_to_10,cumulative_cases,40.02,46.479600000000005,300,0.03,False
noise_scale:1,noise_scale,0.026,5_to_10,final_week_cases,6.886666666666667,7.9938222222222235,300,0.03,False
noise_scale:1,noise_scale,0.026,5_to_10,outbreak_indicator,0.006666666666666667,0.006622222222222221,300,0.03,False
noise_scale:1,noise_scale,0.026,5_to_10,peak_weekly_cases,10.113333333333333,3.9004888888888885,300,0.03,False
noise_scale:1,noise_scale,0.026,all ages combined,cumulative_cases,130.79,192.71923333333334,300,0.03,False
noise_scale:1,noise_scale,0.026,all ages combined,final_week_cases,22.183333333333334,27.436388888888892,300,0.03,False
noise_scale:1,noise_scale,0.026,all ages combined,outbreak_indicator,1.0,0.0,300,0.03,False
noise_scale:1,noise_scale,0.026,all ages combined,peak_weekly_cases,28.026666666666667,13.085955555555557,300,0.03,False
noise_scale:1,noise_scale,0.026,under_1,cumulative_cases,13.613333333333333,14.097155555555554,300,0.03,False
noise_scale:1,noise_scale,0.026,under_1,final_week_cases,2.1366666666666667,2.0313222222222227,300,0.03,False
noise_scale:1,noise_scale,0.026,under_1,outbreak_indicator,0.0,0.0,300,0.03,False
noise_scale:1,noise_scale,0.026,under_1,peak_weekly_cases,4.27,1.6971000000000003,300,0.03,False
noise_scale:2,noise_scale,0.028,11_to_14,cumulative_cases,7.2,8.253333333333334,300,0.03,False
noise_scale:2,noise_scale,0.028,11_to_14,final_week_cases,1.2466666666666666,1.4391555555555555,300,0.03,False
noise_scale:2,noise_scale,0.028,11_to_14,outbreak_indicator,0.0,0.0,300,0.03,False
noise_scale:2,noise_scale,0.028,11_to_14,peak_weekly_cases,2.7133333333333334,1.0644888888888888,300,0.03,False
noise_scale:2,noise_scale,0.028,15_to_24,cumulative_cases,10.776666666666667,11.340122222222222,300,0.03,False
noise_scale:2,noise_scale,0.028,15_to_24,final_week_cases,1.93,2.1050999999999997,300,0.03,False
noise_scale:2,noise_scale,0.028,15_to_24,outbreak_indicator,0.0,0.0,300,0.03,False
noise_scale:2,noise_scale,0.028,15_to_24,peak_weekly_cases,3.5566666666666666,1.3001222222222224,300,0.03,False
noise_scale:2,noise_scale,0.028,1_to_4,cumulative_cases,15.083333333333334,15.93638888888889,300,0.03,False
noise_scale:2,noise_scale,0.028,1_to_4,final_week_cases,2.1733333333333333,2.203288888888889,300,0.03,False
noise_scale:2,noise_scale,0.028,1_to_4,outbreak_indicator,0.0,0.0,300,0.03,False
noise_scale:2,noise_scale,0.028,1_to_4,peak_weekly_cases,4.826666666666667,2.0299555555555555,300,0.03,False
noise_scale:2,noise_scale,0.028,25_to_34,cumulative_cases,16.243333333333332,18.83078888888889,300,0.03,False
noise_scale:2,noise_scale,0.028,25_to_34,final_week_cases,2.816666666666667,3.009722222222222,300,0.03,False
noise_scale:2,noise_scale,0.028,25_to_34,outbreak_indicator,0.0,0.0,300,0.03,False
noise_scale:2,noise_scale,0.028,25_to_34,peak_weekly_cases,4.976666666666667,1.9361222222222219,300,0.03,False
noise_scale:2,noise_scale,0.028,35_and_over,cumulative_cases,28.01,41.48323333333334,300,0.03,False
noise_scale:2,noise_scale,0.028,35_and_over,final_week_cases,5.113333333333333,5.647155555555555,300,0.03,False
noise_scale:2,noise_scale,0.028,35_and_over,outbreak_indicator,0.0,0.0,300,0.03,False
noise_scale:2,noise_scale,0.028,35_and_over,peak_weekly_cases,7.5,3.6233333333333335,300,0.03,False
noise_scale:2,noise_scale,0.028,5_to_10,cumulative_cases,40.17333333333333,49.28995555555555,300,0.03,False
noise_scale:2,noise_scale,0.028,5_to_10,final_week_cases,6.983333333333333,7.663055555555555,300,0.03,False
noise_scale:2,noise_scale,0.028,5_to_10,outbreak_indicator,0.0033333333333333335,0.0033222222222222216,300,0.03,False
noise_scale:2,noise_scale,0.028,5_to_10,peak_weekly_cases,10.113333333333333,3.8538222222222216,300,0.03,False
noise_scale:2,noise_scale,0.028,all ages combined,cumulative_cases,131.15333333333334,195.6364888888889,300,0.03,False
noise_scale:2,noise_scale,0.028,all ages combined,final_week_cases,22.406666666666666,27.214622222222218,300,0.03,False
noise_scale:2,noise_scale,0.028,all ages combined,outbreak_indicator,1.0,0.0,300,0.03,False
noise_scale:2,noise_scale,0.028,all ages combined,peak_weekly_cases,28.063333333333333,13.332655555555556,300,0.03,False
noise_scale:2,noise_scale,0.028,under_1,cumulative_cases,13.666666666666666,14.84888888888889,300,0.03,False
noise_scale:2,noise_scale,0.028,under_1,final_week_cases,2.1433333333333335,2.1561222222222227,300,0.03,False
noise_scale:2,noise_scale,0.028,under_1,outbreak_indicator,0.0,0.0,300,0.03,False
noise_scale:2,noise_scale,0.028,under_1,peak_weekly_cases,4.28,1.7349333333333334,300,0.03,False
noise_scale:3,noise_scale,0.03,11_to_14,cumulative_cases,7.16,8.067733333333335,300,0.03,True
noise_scale:3,noise_scale,0.03,11_to_14,final_week_cases,1.2666666666666666,1.4155555555555555,300,0.03,True
noise_scale:3,noise_scale,0.03,11_to_14,outbreak_indicator,0.0,0.0,300,0.03,True
noise_scale:3,noise_scale,0.03,11_to_14,peak_weekly_cases,2.6933333333333334,1.039288888888889,300,0.03,True
noise_scale:3,noise_scale,0.03,15_to_24,cumulative_cases,10.686666666666667,11.675155555555556,300,0.03,True
noise_scale:3,noise_scale,0.03,15_to_24,final_week_cases,1.9466666666666668,2.0838222222222225,300,0.03,True
noise_scale:3,noise_scale,0.03,15_to_24,outbreak_indicator,0.0,0.0,300,0.03,True
noise_scale:3,noise_scale,0.03,15_to_24,peak_weekly_cases,3.5366666666666666,1.381988888888889,300,0.03,True
noise_scale:3,noise_scale,0.03,1_to_4,cumulative_cases,15.04,15.765066666666668,300,0.03,True
noise_scale:3,noise_scale,0.03,1_to_4,final_week_cases,2.19,2.0672333333333337,300,0.03,True
noise_scale:3,noise_scale,0.03,1_to_4,outbreak_indicator,0.0,0.0,300,0.03,True
noise_scale:3,noise_scale,0.03,1_to_4,peak_weekly_cases,4.823333333333333,2.045455555555556,300,0.03,True
noise_scale:3,noise_scale,0.03,25_to_34,cumulative_cases,16.313333333333333,19.961822222222224,300,0.03,True
noise_scale:3,noise_scale,0.03,25_to_34,final_week_cases,2.9,3.296666666666667,300,0.03,True
noise_scale:3,noise_scale,0.03,25_to_34,outbreak_indicator,0.0,0.0,300,0.03,True
noise_scale:3,noise_scale,0.03,25_to_34,peak_weekly_cases,4.973333333333334,2.0059555555555555,300,0.03,True
noise_scale:3,noise_scale,0.03,35_and_over,cumulative_cases,28.006666666666668,40.513288888888894,300,0.03,True
noise_scale:3,noise_scale,0.03,35_and_over,final_week_cases,5.0,5.58,300,0.03,True
noise_scale:3,noise_scale,0.03,35_and_over,outbreak_indicator,0.0,0.0,300,0.03,True
noise_scale:3,noise_scale,0.03,35_and_over,peak_weekly_cases,7.526666666666666,3.829288888888888,300,0.03,True
noise_scale:3,noise_scale,0.03,5_to_10,cumulative_cases,40.22,50.791599999999995,300,0.03,True
noise_scale:3,noise_scale,0.03,5_to_10,final_week_cases,7.003333333333333,7.4366555555555545,300,0.03,True
noise_scale:3,noise_scale,0.03,5_to_10,outbreak_indicator,0.0033333333333333335,0.0033222222222222216,300,0.03,True
noise_scale:3,noise_scale,0.03,5_to_10,peak_weekly_cases,10.126666666666667,3.8706222222222215,300,0.03,True
noise_scale:3,noise_scale,0.03,all ages combined,cumulative_cases,131.17,202.62776666666667,300,0.03,True
noise_scale:3,noise_scale,0.03,all ages combined,final_week_cases,22.49,26.536566666666666,300,0.03,True
noise_scale:3,noise_scale,0.03,all ages combined,outbreak_indicator,1.0,0.0,300,0.03,True
noise_scale:3,noise_scale,0.03,all ages combined,peak_weekly_cases,28.093333333333334,13.657955555555558,300,0.03,True
noise_scale:3,noise_scale,0.03,under_1,cumulative_cases,13.743333333333334,15.637455555555556,300,0.03,True
noise_scale:3,noise_scale,0.03,under_1,final_week_cases,2.183333333333333,2.363055555555555,300,0.03,True
noise_scale:3,noise_scale,0.03,under_1,outbreak_indicator,0.0,0.0,300,0.03,True
noise_scale:3,noise_scale,0.03,under_1,peak_weekly_cases,4.33,1.8344333333333331,300,0.03,True
noise_scale:4,noise_scale,0.032,11_to_14,cumulative_cases,7.276666666666666,8.16678888888889,300,0.03,False
noise_scale:4,noise_scale,0.032,11_to_14,final_week_cases,1.35,1.4875,300,0.03,False
noise_scale:4,noise_scale,0.032,11_to_14,outbreak_indicator,0.0,0.0,300,0.03,False
noise_scale:4,noise_scale,0.032,11_to_14,peak_weekly_cases,2.72,1.0215999999999998,300,0.03,False
noise_scale:4,noise_scale,0.032,15_to_24,cumulative_cases,10.693333333333333,11.09928888888889,300,0.03,False
noise_scale:4,noise_scale,0.032,15_to_24,final_week_cases,1.9366666666666668,2.085988888888889,300,0.03,False
noise_scale:4,noise_scale,0.032,15_to_24,outbreak_indicator,0.0,0.0,300,0.03,False
noise_scale:4,noise_scale,0.032,15_to_24,peak_weekly_cases,3.56,1.3797333333333335,300,0.03,False
noise_scale:4,noise_scale,0.032,1_to_4,cumulative_cases,14.963333333333333,16.061988888888887,300,0.03,False
noise_scale:4,noise_scale,0.032,1_to_4,final_week_cases,2.1333333333333333,2.1888888888888887,300,0.03,False
noise_scale:4,noise_scale,0.032,1_to_4,outbreak_indicator,0.0,0.0,300,0.03,False
noise_scale:4,noise_scale,0.032,1_to_4,peak_weekly_cases,4.793333333333333,2.030622222222222,300,0.03,False
noise_scale:4,noise_scale,0.032,25_to_34,cumulative_cases,16.246666666666666,20.479155555555554,300,0.03,False
noise_scale:4,noise_scale,0.032,25_to_34,final_week_cases,2.8333333333333335,3.098888888888889,300,0.03,False
noise_scale:4,noise_scale,0.032,25_to_34,outbreak_indicator,0.0,0.0,300,0.03,False
noise_scale:4,noise_scale,0.032,25_to_34,peak_weekly_cases,4.946666666666666,2.023822222222222,300,0.03,False
noise_scale:4,noise_scale,0.032,35_and_over,cumulative_cases,27.936666666666667,43.42598888888889,300,0.03,False
noise_scale:4,noise_scale,0.032,35_and_over,final_week_cases,4.97,5.402433333333334,300,0.03,False
noise_scale:4,noise_scale,0.032,35_and_over,outbreak_indicator,0.0,0.0,300,0.03,False
noise_scale:4,noise_scale,0.032,35_and_over,peak_weekly_cases,7.47,3.8224333333333336,300,0.03,False
noise_scale:4,noise_scale,0.032,5_to_10,cumulative_cases,40.22666666666667,53.02862222222222,300,0.03,False
noise_scale:4,noise_scale,0.032,5_to_10,final_week_cases,6.95,8.1675,300,0.03,False
noise_scale:4,noise_scale,0.032,5_to_10,outbreak_indicator,0.013333333333333334,0.013155555555555561,300,0.03,False
noise_scale:4,noise_scale,0.032,5_to_10,peak_weekly_cases,10.206666666666667,4.343955555555555,300,0.03,False
noise_scale:4,noise_scale,0.032,all ages combined,cumulative_cases,131.02,201.49293333333335,300,0.03,False
noise_scale:4,noise_scale,0.032,all ages combined,final_week_cases,22.35333333333333,25.941822222222225,300,0.03,False
noise_scale:4,noise_scale,0.032,all ages combined,outbreak_indicator,1.0,0.0,300,0.03,False
noise_scale:4,noise_scale,0.032,all ages combined,peak_weekly_cases,28.05,13.2875,300,0.03,False
noise_scale:4,noise_scale,0.032,under_1,cumulative_cases,13.676666666666666,15.432122222222224,300,0.03,False
noise_scale:4,noise_scale,0.032,under_1,final_week_cases,2.18,2.3142666666666667,300,0.03,False
noise_scale:4,noise_scale,0.032,under_1,outbreak_indicator,0.0,0.0,300,0.03,False
noise_scale:4,noise_scale,0.032,under_1,peak_weekly_cases,4.3,1.7566666666666666,300,0.03,False
noise_scale:5,noise_scale,0.034,11_to_14,cumulative_cases,7.31,8.080566666666668,300,0.03,False
noise_scale:5,noise_scale,0.034,11_to_14,final_week_cases,1.37,1.5197666666666667,300,0.03,False
noise_scale:5,noise_scale,0.034,11_to_14,outbreak_indicator,0.0,0.0,300,0.03,False
noise_scale:5,noise_scale,0.034,11_to_14,peak_weekly_cases,2.7133333333333334,1.0444888888888888,300,0.03,False
noise_scale:5,noise_scale,0.034,15_to_24,cumulative_cases,10.74,11.0524,300,0.03,False
noise_scale:5,noise_scale,0.034,15_to_24,final_week_cases,1.9633333333333334,2.0819888888888887,300,0.03,False
noise_scale:5,noise_scale,0.034,15_to_24,outbreak_indicator,0.0,0.0,300,0.03,False
noise_scale:5,noise_scale,0.034,15_to_24,peak_weekly_cases,3.57,1.3451,300,0.03,False
noise_scale:5,noise_scale,0.034,1_to_4,cumulative_cases,15.096666666666666,15.433988888888889,300,0.03,False
noise_scale:5,noise_scale,0.034,1_to_4,final_week_cases,2.21,2.2258999999999998,300,0.03,False
noise_scale:5,noise_scale,0.034,1_to_4,outbreak_indicator,0.0,0.0,300,0.03,False
noise_scale:5,noise_scale,0.034,1_to_4,peak_weekly_cases,4.816666666666666,2.0030555555555556,300,0.03,False
noise_scale:5,noise_scale,0.034,25_to_34,cumulative_cases,16.21,20.3659,300,0.03,False
noise_scale:5,noise_scale,0.034,25_to_34,final_week_cases,2.796666666666667,3.0019888888888886,300,0.03,False
noise_scale:5,noise_scale,0.034,25_to_34,outbreak_indicator,0.0,0.0,300,0.03,False
noise_scale:5,noise_scale,0.034,25_to_34,peak_weekly_cases,4.943333333333333,2.006788888888889,300,0.03,False
noise_scale:5,noise_scale,0.034,35_and_over,cumulative_cases,27.986666666666668,43.17982222222222,300,0.03,False
noise_scale:5,noise_scale,0.034,35_and_over,final_week_cases,4.98,5.392933333333333,300,0.03,False
noise_scale:5,noise_scale,0.034,35_and_over,outbreak_indicator,0.0,0.0,300,0.03,False
noise_scale:5,noise_scale,0.034,35_and_over,peak_weekly_cases,7.523333333333333,3.809455555555555,300,0.03,False
noise_scale:5,noise_scale,0.034,5_to_10,cumulative_cases,40.2,55.8,300,0.03,False
noise_scale:5,noise_scale,0.034,5_to_10,final_week_cases,6.906666666666666,8.131288888888887,300,0.03,False
noise_scale:5,noise_scale,0.034,5_to_10,outbreak_indicator,0.01,0.0099,300,0.03,False
noise_scale:5,noise_scale,0.034,5_to_10,peak_weekly_cases,10.153333333333334,4.316488888888889,300,0.03,False
noise_scale:5,noise_scale,0.034,all ages combined,cumulative_cases,131.22333333333333,206.8801222222222,300,0.03,False
noise_scale:5,noise_scale,0.034,all ages combined,final_week_cases,22.406666666666666,26.801288888888884,300,0.03,False
noise_scale:5,noise_scale,0.034,all ages combined,outbreak_indicator,1.0,0.0,300,0.03,False
noise_scale:5,noise_scale,0.034,all ages combined,peak_weekly_cases,28.173333333333332,13.356622222222223,300,0.03,False
noise_scale:5,noise_scale,0.034,under_1,cumulative_cases,13.68,15.284266666666669,300,0.03,False
noise_scale:5,noise_scale,0.034,under_1,final_week_cases,2.18,2.280933333333333,300,0.03,False
noise_scale:5,noise_scale,0.034,under_1,outbreak_indicator,0.0,0.0,300,0.03,False
noise_scale:5,noise_scale,0.034,under_1,peak_weekly_cases,4.296666666666667,1.721988888888889,300,0.03,False
noise_scale:6,noise_scale,0.036,11_to_14,cumulative_cases,7.22,7.251599999999999,300,0.03,False
noise_scale:6,noise_scale,0.036,11_to_14,final_week_cases,1.2833333333333334,1.3430555555555557,300,0.03,False
noise_scale:6,noise_scale,0.036,11_to_14,outbreak_indicator,0.0,0.0,300,0.03,False
noise_scale:6,noise_scale,0.036,11_to_14,peak_weekly_cases,2.7,0.9833333333333333,300,0.03,False
noise_scale:6,noise_scale,0.036,15_to_24,cumulative_cases,10.833333333333334,11.345555555555555,300,0.03,False
noise_scale:6,noise_scale,0.036,15_to_24,final_week_cases,2.013333333333333,2.1131555555555552,300,0.03,False
noise_scale:6,noise_scale,0.036,15_to_24,outbreak_indicator,0.0,0.0,300,0.03,False
noise_scale:6,noise_scale,0.036,15_to_24,peak_weekly_cases,3.5933333333333333,1.3479555555555556,300,0.03,False
noise_scale:6,noise_scale,0.036,1_to_4,cumulative_cases,15.026666666666667,15.865955555555557,300,0.03,False
noise_scale:6,noise_scale,0.036,1_to_4,final_week_cases,2.203333333333333,2.0886555555555555,300,0.03,False
noise_scale:6,noise_scale,0.036,1_to_4,outbreak_indicator,0.0,0.0,300,0.03,False
noise_scale:6,noise_scale,0.036,1_to_4,peak_weekly_cases,4.79,2.0392333333333332,300,0.03,False
noise_scale:6,noise_scale,0.036,25_to_34,cumulative_cases,16.303333333333335,21.404655555555554,300,0.03,False
noise_scale:6,noise_scale,0.036,25_to_34,final_week_cases,2.7466666666666666,2.975822222222223,300,0.03,False
noise_scale:6,noise_scale,0.036,25_to_34,outbreak_indicator,0.0,0.0,300,0.03,False
noise_scale:6,noise_scale,0.036,25_to_34,peak_weekly_cases,4.923333333333333,2.030788888888889,300,0.03,False
noise_scale:6,noise_scale,0.036,35_and_over,cumulative_cases,28.046666666666667,46.12448888888889,300,0.03,False
noise_scale:6,noise_scale,0.036,35_and_over,final_week_cases,5.1,5.683333333333334,300,0.03,False
noise_scale:6,noise_scale,0.036,35_and_over,outbreak_indicator,0.0,0.0,300,0.03,False
noise_scale:6,noise_scale,0.036,35_and_over,peak_weekly_cases,7.586666666666667,4.02248888888889,300,0.03,False
noise_scale:6,noise_scale,0.036,5_to_10,cumulative_cases,40.086666666666666,58.239155555555556,300,0.03,False
noise_scale:6,noise_scale,0.036,5_to_10,final_week_cases,6.923333333333333,8.504122222222222,300,0.03,False
noise_scale:6,noise_scale,0.036,5_to_10,outbreak_indicator,0.01,0.0099,300,0.03,False
noise_scale:6,noise_scale,0.036,5_to_10,peak_weekly_cases,10.16,4.5010666666666665,300,0.03,False
noise_scale:6,noise_scale,0.036,all ages combined,cumulative_cases,131.25666666666666,213.1641222222222,300,0.03,False
noise_scale:6,noise_scale,0.036,all ages combined,final_week_cases,22.456666666666667,28.201455555555555,300,0.03,False
noise_scale:6,noise_scale,0.036,all ages combined,outbreak_indicator,1.0,0.0,300,0.03,False
noise_scale:6,noise_scale,0.036,all ages combined,peak_weekly_cases,28.166666666666668,13.838888888888887,300,0.03,False
noise_scale:6,noise_scale,0.036,under_1,cumulative_cases,13.74,15.965733333333331,300,0.03,False
noise_scale:6,noise_scale,0.036,under_1,final_week_cases,2.1866666666666665,2.3318222222222222,300,0.03,False
noise_scale:6,noise_scale,0.036,under_1,outbreak_indicator,0.0,0.0,300,0.03,False
noise_scale:6,noise_scale,0.036,under_1,peak_weekly_cases,4.316666666666666,1.7363888888888892,300,0.03,False
nu:0,nu,0.0024000000000000002,11_to_14,cumulative_cases,7.153333333333333,7.989822222222222,300,0.003,False
nu:0,nu,0.0024000000000000002,11_to_14,final_week_cases,1.2766666666666666,1.433455555555556,300,0.003,False
nu:0,nu,0.0024000000000000002,11_to_14,outbreak_indicator,0.0,0.0,300,0.003,False
nu:0,nu,0.0024000000000000002,11_to_14,peak_weekly_cases,2.683333333333333,1.0363888888888888,300,0.003,False
nu:0,nu,0.0024000000000000002,15_to_24,cumulative_cases,10.726666666666667,11.591955555555558,300,0.003,False
nu:0,nu,0.0024000000000000002,15_to_24,final_week_cases,1.92,2.1136,300,0.003,False
nu:0,nu,0.0024000000000000002,15_to_24,outbreak_indicator,0.0,0.0,300,0.003,False
nu:0,nu,0.0024000000000000002,15_to_24,peak_weekly_cases,3.56,1.3863999999999999,300,0.003,False
nu:0,nu,0.0024000000000000002,1_to_4,cumulative_cases,15.113333333333333,15.680488888888892,300,0.003,False
nu:0,nu,0.0024000000000000002,1_to_4,final_week_cases,2.203333333333333,2.1553222222222224,300,0.003,False
nu:0,nu,0.0024000000000000002,1_to_4,outbreak_indicator,0.0,0.0,300,0.003,False
nu:0,nu,0.0024000000000000002,1_to_4,peak_weekly_cases,4.83,2.047766666666667,300,0.003,False
nu:0,nu,0.0024000000000000002,25_to_34,cumulative_cases,16.4,19.966666666666665,300,0.003,False
nu:0,nu,0.0024000000000000002,25_to_34,final_week_cases,2.9466666666666668,3.3371555555555554,300,0.003,False
nu:0,nu,0.0024000000000000002,25_to_34,outbreak_indicator,0.0,0.0,300,0.003,False
nu:0,nu,0.0024000000000000002,25_to_34,peak_weekly_cases,5.003333333333333,1.9966555555555552,300,0.003,False
nu:0,nu,0.0024000000000000002,35_and_over,cumulative_cases,28.0,40.78666666666667,300,0.003,False
nu:0,nu,0.0024000000000000002,35_and_over,final_week_cases,5.036666666666667,5.588655555555556,300,0.003,False
nu:0,nu,0.0024000000000000002,35_and_over,outbreak_indicator,0.0,0.0,300,0.003,False
nu:0,nu,0.0024000000000000002,35_and_over,peak_weekly_cases,7.52,3.9096,300,0.003,False
nu:0,nu,0.0024000000000000002,5_to_10,cumulative_cases,40.32,51.1776,300,0.003,False
nu:0,nu,0.0024000000000000002,5_to_10,final_week_cases,7.033333333333333,7.472222222222221,300,0.003,False
nu:0,nu,0.0024000000000000002,5_to_10,outbreak_indicator,0.0033333333333333335,0.0033222222222222216,300,0.003,False
nu:0,nu,0.0024000000000000002,5_to_10,peak_weekly_cases,10.13,3.8197666666666668,300,0.003,False
nu:0,nu,0.0024000000000000002,all ages combined,cumulative_cases,131.43333333333334,201.27888888888887,300,0.003,False
nu:0,nu,0.0024000000000000002,all ages combined,final_week_cases,22.566666666666666,28.03888888888889,300,0.003,False
nu:0,nu,0.0024000000000000002,all ages combined,outbreak_indicator,1.0,0.0,300,0.003,False
nu:0,nu,0.0024000000000000002,all ages combined,peak_weekly_cases,28.16,14.1344,300,0.003,False
nu:0,nu,0.0024000000000000002,under_1,cumulative_cases,13.72,15.374933333333331,300,0.003,False
nu:0,nu,0.0024000000000000002,under_1,final_week_cases,2.15,2.2608333333333333,300,0.003,False
nu:0,nu,0.0024000000000000002,under_1,outbreak_indicator,0.0,0.0,300,0.003,False
nu:0,nu,0.0024000000000000002,under_1,peak_weekly_cases,4.326666666666667,1.7732888888888885,300,0.003,False
nu:1,nu,0.0026000000000000003,11_to_14,cumulative_cases,7.16,8.0944,300,0.003,False
nu:1,nu,0.0026000000000000003,11_to_14,final_week_cases,1.27,1.4104333333333334,300,0.003,False
nu:1,nu,0.0026000000000000003,11_to_14,outbreak_indicator,0.0,0.0,300,0.003,False
nu:1,nu,0.0026000000000000003,11_to_14,peak_weekly_cases,2.6866666666666665,1.048488888888889,300,0.003,False
nu:1,nu,0.0026000000000000003,15_to_24,cumulative_cases,10.72,11.781600000000001,300,0.003,False
nu:1,nu,0.0026000000000000003,15_to_24,final_week_cases,1.9233333333333333,2.1174555555555554,300,0.003,False
nu:1,nu,0.0026000000000000003,15_to_24,outbreak_indicator,0.0,0.0,300,0.003,False
nu:1,nu,0.0026000000000000003,15_to_24,peak_weekly_cases,3.5533333333333332,1.400488888888889,300,0.003,False
nu:1,nu,0.0026000000000000003,1_to_4,cumulative_cases,15.063333333333333,15.312655555555557,300,0.003,False
nu:1,nu,0.0026000000000000003,1_to_4,final_week_cases,2.1733333333333333,2.0766222222222224,300,0.003,False
nu:1,nu,0.0026000000000000003,1_to_4,outbreak_indicator,0.0,0.0,300,0.003,False
nu:1,nu,0.0026000000000000003,1_to_4,peak_weekly_cases,4.82,2.0409333333333333,300,0.003,False
nu:1,nu,0.0026000000000000003,25_to_34,cumulative_cases,16.34,20.284399999999998,300,0.003,False
nu:1,nu,0.0026000000000000003,25_to_34,final_week_cases,2.9033333333333333,3.3273222222222225,300,0.003,False
nu:1,nu,0.0026000000000000003,25_to_34,outbreak_indicator,0.0,0.0,300,0.003,False
nu:1,nu,0.0026000000000000003,25_to_34,peak_weekly_cases,4.98,1.9862666666666662,300,0.003,False
nu:1,nu,0.0026000000000000003,35_and_over,cumulative_cases,28.0,40.82666666666667,300,0.003,False
nu:1,nu,0.0026000000000000003,35_and_over,final_week_cases,5.036666666666667,5.595322222222222,300,0.003,False
nu:1,nu,0.0026000000000000003,35_and_over,outbreak_indicator,0.0,0.0,300,0.003,False
nu:1,nu,0.0026000000000000003,35_and_over,peak_weekly_cases,7.526666666666666,3.829288888888888,300,0.003,False
nu:1,nu,0.0026000000000000003,5_to_10,cumulative_cases,40.336666666666666,50.396655555555554,300,0.003,False
nu:1,nu,0.0026000000000000003,5_to_10,final_week_cases,7.053333333333334,7.470488888888888,300,0.003,False
nu:1,nu,0.0026000000000000003,5_to_10,outbreak_indicator,0.0033333333333333335,0.0033222222222222216,300,0.003,False
nu:1,nu,0.0026000000000000003,5_to_10,peak_weekly_cases,10.143333333333333,3.856122222222222,300,0.003,False
nu:1,nu,0.0026000000000000003,all ages combined,cumulative_cases,131.34666666666666,202.39982222222224,300,0.003,False
nu:1,nu,0.0026000000000000003,all ages combined,final_week_cases,22.53,26.8091,300,0.003,False
nu:1,nu,0.0026000000000000003,all ages combined,outbreak_indicator,1.0,0.0,300,0.003,False
nu:1,nu,0.0026000000000000003,all ages combined,peak_weekly_cases,28.123333333333335,13.521455555555557,300,0.003,False
nu:1,nu,0.0026000000000000003,under_1,cumulative_cases,13.726666666666667,15.498622222222224,300,0.003,False
nu:1,nu,0.0026000000000000003,under_1,final_week_cases,2.17,2.374433333333334,300,0.003,False
nu:1,nu,0.0026000000000000003,under_1,outbreak_indicator,0.0,0.0,300,0.003,False
nu:1,nu,0.0026000000000000003,under_1,peak_weekly_cases,4.34,1.8177333333333334,300,0.003,False
nu:2,nu,0.0028,11_to_14,cumulative_cases,7.173333333333333,8.089955555555555,300,0.003,False
nu:2,nu,0.0028,11_to_14,final_week_cases,1.2666666666666666,1.402222222222222,300,0.003,False
nu:2,nu,0.0028,11_to_14,outbreak_indicator,0.0,0.0,300,0.003,False
nu:2,nu,0.0028,11_to_14,peak_weekly_cases,2.6966666666666668,1.0379888888888888,300,0.003,False
nu:2,nu,0.0028,15_to_24,cumulative_cases,10.693333333333333,11.81928888888889,300,0.003,False
nu:2,nu,0.0028,15_to_24,final_week_cases,1.95,2.1341666666666668,300,0.003,False
nu:2,nu,0.0028,15_to_24,outbreak_indicator,0.0,0.0,300,0.003,False
nu:2,nu,0.0028,15_to_24,peak_weekly_cases,3.5433333333333334,1.4014555555555555,300,0.003,False
nu:2,nu,0.0028,1_to_4,cumulative_cases,15.056666666666667,15.680122222222224,300,0.003,False
nu:2,nu,0.0028,1_to_4,final_week_cases,2.1933333333333334,2.069288888888889,300,0.003,False
nu:2,nu,0.0028,1_to_4,outbreak_indicator,0.0,0.0,300,0.003,False
nu:2,nu,0.0028,1_to_4,peak_weekly_cases,4.823333333333333,2.045455555555556,300,0.003,False
nu:2,nu,0.0028,25_to_34,cumulative_cases,16.32,19.98426666666667,300,0.003,False
nu:2,nu,0.0028,25_to_34,final_week_cases,2.89,3.271233333333333,300,0.003,False
nu:2,nu,0.0028,25_to_34,outbreak_indicator,0.0,0.0,300,0.003,False
nu:2,nu,0.0028,25_to_34,peak_weekly_cases,4.963333333333333,2.001988888888889,300,0.003,False
nu:2,nu,0.0028,35_and_over,cumulative_cases,27.976666666666667,40.542788888888886,300,0.003,False
nu:2,nu,0.0028,35_and_over,final_week_cases,4.993333333333333,5.5799555555555544,300,0.003,False
nu:2,nu,0.0028,35_and_over,outbreak_indicator,0.0,0.0,300,0.003,False
nu:2,nu,0.0028,35_and_over,peak_weekly_cases,7.523333333333333,3.829455555555555,300,0.003,False
nu:2,nu,0.0028,5_to_10,cumulative_cases,40.24,50.70906666666667,300,0.003,False
nu:2,nu,0.0028,5_to_10,final_week_cases,7.013333333333334,7.493155555555556,300,0.003,False
nu:2,nu,0.0028,5_to_10,outbreak_indicator,0.0033333333333333335,0.0033222222222222216,300,0.003,False
nu:2,nu,0.0028,5_to_10,peak_weekly_cases,10.133333333333333,3.8822222222222216,300,0.003,False
nu:2,nu,0.0028,all ages combined,cumulative_cases,131.18666666666667,202.68515555555555,300,0.003,False
nu:2,nu,0.0028,all ages combined,final_week_cases,22.483333333333334,26.67638888888889,300,0.003,False
nu:2,nu,0.0028,all ages combined,outbreak_indicator,1.0,0.0,300,0.003,False
nu:2,nu,0.0028,all ages combined,peak_weekly_cases,28.1,13.683333333333334,300,0.003,False
nu:2,nu,0.0028,under_1,cumulative_cases,13.726666666666667,15.59862222222222,300,0.003,False
nu:2,nu,0.0028,under_1,final_week_cases,2.1766666666666667,2.378788888888889,300,0.003,False
nu:2,nu,0.0028,under_1,outbreak_indicator,0.0,0.0,300,0.003,False
nu:2,nu,0.0028,under_1,peak_weekly_cases,4.33,1.8344333333333331,300,0.003,False
nu:3,nu,0.003,11_to_14,cumulative_cases,7.16,8.067733333333335,300,0.003,True
nu:3,nu,0.003,11_to_14,final_week_cases,1.2666666666666666,1.4155555555555555,300,0.003,True
nu:3,nu,0.003,11_to_14,outbreak_indicator,0.0,0.0,300,0.003,True
nu:3,nu,0.003,11_to_14,peak_weekly_cases,2.6933333333333334,1.039288888888889,300,0.003,True
nu:3,nu,0.003,15_to_24,cumulative_cases,10.686666666666667,11.675155555555556,300,0.003,True
nu:3,nu,0.003,15_to_24,final_week_cases,1.9466666666666668,2.0838222222222225,300,0.003,True
nu:3,nu,0.003,15_to_24,outbreak_indicator,0.0,0.0,300,0.003,True
nu:3,nu,0.003,15_to_24,peak_weekly_cases,3.5366666666666666,1.381988888888889,300,0.003,True
nu:3,nu,0.003,1_to_4,cumulative_cases,15.04,15.765066666666668,300,0.003,True
nu:3,nu,0.003,1_to_4,final_week_cases,2.19,2.0672333333333337,300,0.003,True
nu:3,nu,0.003,1_to_4,outbreak_indicator,0.0,0.0,300,0.003,True
nu:3,nu,0.003,1_to_4,peak_weekly_cases,4.823333333333333,2.045455555555556,300,0.003,True
nu:3,nu,0.003,25_to_34,cumulative_cases,16.313333333333333,19.961822222222224,300,0.003,True
nu:3,nu,0.003,25_to_34,final_week_cases,2.9,3.296666666666667,300,0.003,True
nu:3,nu,0.003,25_to_34,outbreak_indicator,0.0,0.0,300,0.003,True
nu:3,nu,0.003,25_to_34,peak_weekly_cases,4.973333333333334,2.0059555555555555,300,0.003,True
nu:3,nu,0.003,35_and_over,cumulative_cases,28.006666666666668,40.513288888888894,300,0.003,True
nu:3,nu,0.003,35_and_over,final_week_cases,5.0,5.58,300,0.003,True
nu:3,nu,0.003,35_and_over,outbreak_indicator,0.0,0.0,300,0.003,True
nu:3,nu,0.003,35_and_over,peak_weekly_cases,7.526666666666666,3.829288888888888,300,0.003,True
nu:3,nu,0.003,5_to_10,cumulative_cases,40.22,50.791599999999995,300,0.003,True
nu:3,nu,0.003,5_to_10,final_week_cases,7.003333333333333,7.4366555555555545,300,0.003,True
nu:3,nu,0.003,5_to_10,outbreak_indicator,0.0033333333333333335,0.0033222222222222216,300,0.003,True
nu:3,nu,0.003,5_to_10,peak_weekly_cases,10.126666666666667,3.8706222222222215,300,0.003,True
nu:3,nu,0.003,all ages combined,cumulative_cases,131.17,202.62776666666667,300,0.003,True
nu:3,nu,0.003,all ages combined,final_week_cases,22.49,26.536566666666666,300,0.003,True
nu:3,nu,0.003,all ages combined,outbreak_indicator,1.0,0.0,300,0.003,True
nu:3,nu,0.003,all ages combined,peak_weekly_cases,28.093333333333334,13.657955555555558,300,0.003,True
nu:3,nu,0.003,under_1,cumulative_cases,13.743333333333334,15.637455555555556,300,0.003,True
nu:3,nu,0.003,under_1,final_week_cases,2.183333333333333,2.363055555555555,300,0.003,True
nu:3,nu,0.003,under_1,outbreak_indicator,0.0,0.0,300,0.003,True
nu:3,nu,0.003,under_1,peak_weekly_cases,4.33,1.8344333333333331,300,0.003,True
nu:4,nu,0.0032,11_to_14,cumulative_cases,7.153333333333333,8.15648888888889,300,0.003,False
nu:4,nu,0.0032,11_to_14,final_week_cases,1.2466666666666666,1.3391555555555557,300,0.003,False
nu:4,nu,0.0032,11_to_14,outbreak_indicator,0.0,0.0,300,0.003,False
nu:4,nu,0.0032,11_to_14,peak_weekly_cases,2.683333333333333,1.0363888888888888,300,0.003,False
nu:4,nu,0.0032,15_to_24,cumulative_cases,10.69,11.620566666666667,300,0.003,False
nu:4,nu,0.0032,15_to_24,final_week_cases,1.95,2.0941666666666667,300,0.003,False
nu:4,nu,0.0032,15_to_24,outbreak_indicator,0.0,0.0,300,0.003,False
nu:4,nu,0.0032,15_to_24,peak_weekly_cases,3.5433333333333334,1.3747888888888888,300,0.003,False
nu:4,nu,0.0032,1_to_4,cumulative_cases,15.036666666666667,15.695322222222222,300,0.003,False
nu:4,nu,0.0032,1_to_4,final_week_cases,2.1633333333333336,2.056655555555556,300,0.003,False
nu:4,nu,0.0032,1_to_4,outbreak_indicator,0.0,0.0,300,0.003,False
nu:4,nu,0.0032,1_to_4,peak_weekly_cases,4.816666666666666,2.056388888888889,300,0.003,False
nu:4,nu,0.0032,25_to_34,cumulative_cases,16.24,19.982400000000002,300,0.003,False
nu:4,nu,0.0032,25_to_34,final_week_cases,2.87,3.2731,300,0.003,False
nu:4,nu,0.0032,25_to_34,outbreak_indicator,0.0,0.0,300,0.003,False
nu:4,nu,0.0032,25_to_34,peak_weekly_cases,4.953333333333333,1.964488888888889,300,0.003,False
nu:4,nu,0.0032,35_and_over,cumulative_cases,28.003333333333334,40.66332222222222,300,0.003,False
nu:4,nu,0.0032,35_and_over,final_week_cases,5.053333333333334,5.757155555555555,300,0.003,False
nu:4,nu,0.0032,35_and_over,outbreak_indicator,0.0,0.0,300,0.003,False
nu:4,nu,0.0032,35_and_over,peak_weekly_cases,7.526666666666666,3.8359555555555547,300,0.003,False
nu:4,nu,0.0032,5_to_10,cumulative_cases,40.163333333333334,50.65665555555555,300,0.003,False
nu:4,nu,0.0032,5_to_10,final_week_cases,6.986666666666666,7.439822222222222,300,0.003,False
nu:4,nu,0.0032,5_to_10,outbreak_indicator,0.0033333333333333335,0.0033222222222222216,300,0.003,False
nu:4,nu,0.0032,5_to_10,peak_weekly_cases,10.11,3.871233333333333,300,0.003,False
nu:4,nu,0.0032,all ages combined,cumulative_cases,131.01666666666668,205.0363888888889,300,0.003,False
nu:4,nu,0.0032,all ages combined,final_week_cases,22.46,26.361733333333333,300,0.003,False
nu:4,nu,0.0032,all ages combined,outbreak_indicator,1.0,0.0,300,0.003,False
nu:4,nu,0.0032,all ages combined,peak_weekly_cases,28.036666666666665,13.695322222222224,300,0.003,False
nu:4,nu,0.0032,under_1,cumulative_cases,13.73,15.597100000000001,300,0.003,False
nu:4,nu,0.0032,under_1,final_week_cases,2.19,2.4005666666666663,300,0.003,False
nu:4,nu,0.0032,under_1,outbreak_indicator,0.0,0.0,300,0.003,False
nu:4,nu,0.0032,under_1,peak_weekly_cases,4.326666666666667,1.8466222222222222,300,0.003,False
nu:5,nu,0.0034000000000000002,11_to_14,cumulative_cases,7.156666666666666,8.132122222222222,300,0.003,False
nu:5,nu,0.0034000000000000002,11_to_14,final_week_cases,1.2466666666666666,1.3391555555555557,300,0.003,False
nu:5,nu,0.0034000000000000002,11_to_14,outbreak_indicator,0.0,0.0,300,0.003,False
nu:5,nu,0.0034000000000000002,11_to_14,peak_weekly_cases,2.683333333333333,1.0363888888888888,300,0.003,False
nu:5,nu,0.0034000000000000002,15_to_24,cumulative_cases,10.67,11.5811,300,0.003,False
nu:5,nu,0.0034000000000000002,15_to_24,final_week_cases,1.95,2.0941666666666667,300,0.003,False
nu:5,nu,0.0034000000000000002,15_to_24,outbreak_indicator,0.0,0.0,300,0.003,False
nu:5,nu,0.0034000000000000002,15_to_24,peak_weekly_cases,3.5433333333333334,1.3747888888888888,300,0.003,False
nu:5,nu,0.0034000000000000002,1_to_4,cumulative_cases,15.046666666666667,15.697822222222221,300,0.003,False
nu:5,nu,0.0034000000000000002,1_to_4,final_week_cases,2.1533333333333333,2.0564888888888886,300,0.003,False
nu:5,nu,0.0034000000000000002,1_to_4,outbreak_indicator,0.0,0.0,300,0.003,False
nu:5,nu,0.0034000000000000002,1_to_4,peak_weekly_cases,4.8133333333333335,2.058488888888889,300,0.003,False
nu:5,nu,0.0034000000000000002,25_to_34,cumulative_cases,16.26,20.0324,300,0.003,False
nu:5,nu,0.0034000000000000002,25_to_34,final_week_cases,2.8533333333333335,3.178488888888889,300,0.003,False
nu:5,nu,0.0034000000000000002,25_to_34,outbreak_indicator,0.0,0.0,300,0.003,False
nu:5,nu,0.0034000000000000002,25_to_34,peak_weekly_cases,4.956666666666667,1.9747888888888891,300,0.003,False
nu:5,nu,0.0034000000000000002,35_and_over,cumulative_cases,28.013333333333332,41.04648888888889,300,0.003,False
nu:5,nu,0.0034000000000000002,35_and_over,final_week_cases,5.056666666666667,5.973455555555557,300,0.003,False
nu:5,nu,0.0034000000000000002,35_and_over,outbreak_indicator,0.0,0.0,300,0.003,False
nu:5,nu,0.0034000000000000002,35_and_over,peak_weekly_cases,7.54,3.9284,300,0.003,False
nu:5,nu,0.0034000000000000002,5_to_10,cumulative_cases,40.11,51.09123333333333,300,0.003,False
nu:5,nu,0.0034000000000000002,5_to_10,final_week_cases,6.976666666666667,7.449455555555554,300,0.003,False
nu:5,nu,0.0034000000000000002,5_to_10,outbreak_indicator,0.0033333333333333335,0.0033222222222222216,300,0.003,False
nu:5,nu,0.0034000000000000002,5_to_10,peak_weekly_cases,10.103333333333333,3.872655555555556,300,0.003,False
nu:5,nu,0.0034000000000000002,all ages combined,cumulative_cases,130.97666666666666,207.1027888888889,300,0.003,False
nu:5,nu,0.0034000000000000002,all ages combined,final_week_cases,22.423333333333332,26.817455555555554,300,0.003,False
nu:5,nu,0.0034000000000000002,all ages combined,outbreak_indicator,1.0,0.0,300,0.003,False
nu:5,nu,0.0034000000000000002,all ages combined,peak_weekly_cases,28.023333333333333,13.736122222222221,300,0.003,False
nu:5,nu,0.0034000000000000002,under_1,cumulative_cases,13.72,15.601599999999998,300,0.003,False
nu:5,nu,0.0034000000000000002,under_1,final_week_cases,2.1866666666666665,2.3651555555555555,300,0.003,False
nu:5,nu,0.0034000000000000002,under_1,outbreak_indicator,0.0,0.0,300,0.003,False
nu:5,nu,0.0034000000000000002,under_1,peak_weekly_cases,4.323333333333333,1.8254555555555556,300,0.003,False
nu:6,nu,0.0036,11_to_14,cumulative_cases,7.153333333333333,8.069822222222223,300,0.003,False
nu:6,nu,0.0036,11_to_14,final_week_cases,1.2566666666666666,1.3774555555555557,300,0.003,False
nu:6,nu,0.0036,11_to_14,outbreak_indicator,0.0,0.0,300,0.003,False
nu:6,nu,0.0036,11_to_14,peak_weekly_cases,2.69,1.0339,300,0.003,False
nu:6,nu,0.0036,15_to_24,cumulative_cases,10.703333333333333,11.288655555555556,300,0.003,False
nu:6,nu,0.0036,15_to_24,final_week_cases,1.94,2.0830666666666664,300,0.003,False
nu:6,nu,0.0036,15_to_24,outbreak_indicator,0.0,0.0,300,0.003,False
nu:6,nu,0.0036,15_to_24,peak_weekly_cases,3.5533333333333332,1.373822222222222,300,0.003,False
nu:6,nu,0.0036,1_to_4,cumulative_cases,15.03,15.595766666666664,300,0.003,False
nu:6,nu,0.0036,1_to_4,final_week_cases,2.15,2.0341666666666667,300,0.003,False
nu:6,nu,0.0036,1_to_4,outbreak_indicator,0.0,0.0,300,0.003,False
nu:6,nu,0.0036,1_to_4,peak_weekly_cases,4.82,2.0742666666666665,300,0.003,False
nu:6,nu,0.0036,25_to_34,cumulative_cases,16.166666666666668,20.232222222222223,300,0.003,False
nu:6,nu,0.0036,25_to_34,final_week_cases,2.8266666666666667,3.023288888888889,300,0.003,False
nu:6,nu,0.0036,25_to_34,outbreak_indicator,0.0,0.0,300,0.003,False
nu:6,nu,0.0036,25_to_34,peak_weekly_cases,4.94,1.9364000000000003,300,0.003,False
nu:6,nu,0.0036,35_and_over,cumulative_cases,28.033333333333335,41.058888888888895,300,0.003,False
nu:6,nu,0.0036,35_and_over,final_week_cases,5.073333333333333,5.927955555555556,300,0.003,False
nu:6,nu,0.0036,35_and_over,outbreak_indicator,0.0,0.0,300,0.003,False
nu:6,nu,0.0036,35_and_over,peak_weekly_cases,7.55,3.9408333333333334,300,0.003,False
nu:6,nu,0.0036,5_to_10,cumulative_cases,40.03666666666667,51.73532222222223,300,0.003,False
nu:6,nu,0.0036,5_to_10,final_week_cases,6.94,7.569733333333334,300,0.003,False
nu:6,nu,0.0036,5_to_10,outbreak_indicator,0.0033333333333333335,0.0033222222222222216,300,0.003,False
nu:6,nu,0.0036,5_to_10,peak_weekly_cases,10.093333333333334,3.891288888888889,300,0.003,False
nu:6,nu,0.0036,all ages combined,cumulative_cases,130.85333333333332,204.75182222222222,300,0.003,False
nu:6,nu,0.0036,all ages combined,final_week_cases,22.4,26.6,300,0.003,False
nu:6,nu,0.0036,all ages combined,outbreak_indicator,1.0,0.0,300,0.003,False
nu:6,nu,0.0036,all ages combined,peak_weekly_cases,27.993333333333332,13.54662222222222,300,0.003,False
nu:6,nu,0.0036,under_1,cumulative_cases,13.73,15.66376666666667,300,0.003,False
nu:6,nu,0.0036,under_1,final_week_cases,2.2133333333333334,2.394488888888889,300,0.003,False
nu:6,nu,0.0036,under_1,outbreak_indicator,0.0,0.0,300,0.003,False
nu:6,nu,0.0036,under_1,peak_weekly_cases,4.326666666666667,1.833288888888889,300,0.003,False
phi:0,phi,0.096,11_to_14,cumulative_cases,7.6466666666666665,8.308488888888888,300,0.12,False
phi:0,phi,0.096,11_to_14,final_week_cases,1.49,1.8165666666666667,300,0.12,False
phi:0,phi,0.096,11_to_14,outbreak_indicator,0.0,0.0,300,0.12,False
phi:0,phi,0.096,11_to_14,peak_weekly_cases,2.83,1.0611000000000002,300,0.12,False
phi:0,phi,0.096,15_to_24,cumulative_cases,11.49,12.449900000000001,300,0.12,False
phi:0,phi,0.096,15_to_24,final_week_cases,1.9966666666666666,1.9633222222222222,300,0.12,False
phi:0,phi,0.096,15_to_24,outbreak_indicator,0.0,0.0,300,0.12,False
phi:0,phi,0.096,15_to_24,peak_weekly_cases,3.7133333333333334,1.244488888888889,300,0.12,False
phi:0,phi,0.096,1_to_4,cumulative_cases,15.603333333333333,16.019322222222225,300,0.12,False
phi:0,phi,0.096,1_to_4,final_week_cases,2.3466666666666667,2.206488888888889,300,0.12,False
phi:0,phi,0.096,1_to_4,outbreak_indicator,0.0,0.0,300,0.12,False
phi:0,phi,0.096,1_to_4,peak_weekly_cases,4.87,2.2464333333333335,300,0.12,False
phi:0,phi,0.096,25_to_34,cumulative_cases,16.8,21.993333333333332,300,0.12,False
phi:0,phi,0.096,25_to_34,final_week_cases,3.026666666666667,3.2726222222222225,300,0.12,False
phi:0,phi,0.096,25_to_34,outbreak_indicator,0.0,0.0,300,0.12,False
phi:0,phi,0.096,25_to_34,peak_weekly_cases,5.043333333333333,1.9881222222222223,300,0.12,False
phi:0,phi,0.096,35_and_over,cumulative_cases,29.53,47.3091,300,0.12,False
phi:0,phi,0.096,35_and_over,final_week_cases,5.6033333333333335,5.959322222222222,300,0.12,False
phi:0,phi,0.096,35_and_over,outbreak_indicator,0.0,0.0,300,0.12,False
phi:0,phi,0.096,35_and_over,peak_weekly_cases,7.95,4.260833333333333,300,0.12,False
phi:0,phi,0.096,5_to_10,cumulative_cases,43.22,51.931599999999996,300,0.12,False
phi:0,phi,0.096,5_to_10,final_week_cases,8.123333333333333,9.521455555555557,300,0.12,False
phi:0,phi,0.096,5_to_10,outbreak_indicator,0.02,0.019599999999999996,300,0.12,False
phi:0,phi,0.096,5_to_10,peak_weekly_cases,11.016666666666667,4.749722222222222,300,0.12,False
phi:0,phi,0.096,all ages combined,cumulative_cases,138.86,211.73373333333333,300,0.12,False
phi:0,phi,0.096,all ages combined,final_week_cases,25.14666666666667,31.47848888888889,300,0.12,False
phi:0,phi,0.096,all ages combined,outbreak_indicator,1.0,0.0,300,0.12,False
phi:0,phi,0.096,all ages combined,peak_weekly_cases,29.776666666666667,15.16678888888889,300,0.12,False
phi:0,phi,0.096,under_1,cumulative_cases,14.57,15.545100000000001,300,0.12,False
phi:0,phi,0.096,under_1,final_week_cases,2.56,2.2864,300,0.12,False
phi:0,phi,0.096,under_1,outbreak_indicator,0.0,0.0,300,0.12,False
phi:0,phi,0.096,under_1,peak_weekly_cases,4.53,1.9224333333333334,300,0.12,False
phi:1,phi,0.104,11_to_14,cumulative_cases,7.3933333333333335,7.318622222222222,300,0.12,False
phi:1,phi,0.104,11_to_14,final_week_cases,1.27,1.2504333333333333,300,0.12,False
phi:1,phi,0.104,11_to_14,outbreak_indicator,0.0,0.0,300,0.12,False
phi:1,phi,0.104,11_to_14,peak_weekly_cases,2.716666666666667,0.9963888888888888,300,0.12,False
phi:1,phi,0.104,15_to_24,cumulative_cases,11.173333333333334,12.129955555555554,300,0.12,False
phi:1,phi,0.104,15_to_24,final_week_cases,2.03,2.0424333333333333,300,0.12,False
phi:1,phi,0.104,15_to_24,outbreak_indicator,0.0,0.0,300,0.12,False
phi:1,phi,0.104,15_to_24,peak_weekly_cases,3.6333333333333333,1.3788888888888888,300,0.12,False
phi:1,phi,0.104,1_to_4,cumulative_cases,15.513333333333334,16.58982222222222,300,0.12,False
phi:1,phi,0.104,1_to_4,final_week_cases,2.3566666666666665,2.2227888888888887,300,0.12,False
phi:1,phi,0.104,1_to_4,outbreak_indicator,0.0,0.0,300,0.12,False
phi:1,phi,0.104,1_to_4,peak_weekly_cases,4.866666666666666,2.1288888888888886,300,0.12,False
phi:1,phi,0.104,25_to_34,cumulative_cases,16.64666666666667,21.255155555555557,300,0.12,False
phi:1,phi,0.104,25_to_34,final_week_cases,3.0,3.46,300,0.12,False
phi:1,phi,0.104,25_to_34,outbreak_indicator,0.0,0.0,300,0.12,False
phi:1,phi,0.104,25_to_34,peak_weekly_cases,5.033333333333333,2.0122222222222224,300,0.12,False
phi:1,phi,0.104,35_and_over,cumulative_cases,28.89666666666667,46.27932222222222,300,0.12,False
phi:1,phi,0.104,35_and_over,final_week_cases,5.283333333333333,6.009722222222223,300,0.12,False
phi:1,phi,0.104,35_and_over,outbreak_indicator,0.0,0.0,300,0.12,False
phi:1,phi,0.104,35_and_over,peak_weekly_cases,7.733333333333333,4.648888888888889,300,0.12,False
phi:1,phi,0.104,5_to_10,cumulative_cases,42.1,50.40333333333333,300,0.12,False
phi:1,phi,0.104,5_to_10,final_week_cases,7.763333333333334,8.83398888888889,300,0.12,False
phi:1,phi,0.104,5_to_10,outbreak_indicator,0.006666666666666667,0.006622222222222221,300,0.12,False
phi:1,phi,0.104,5_to_10,peak_weekly_cases,10.703333333333333,4.321988888888889,300,0.12,False
phi:1,phi,0.104,all ages combined,cumulative_cases,135.96666666666667,205.63222222222223,300,0.12,False
phi:1,phi,0.104,all ages combined,final_week_cases,24.016666666666666,26.983055555555552,300,0.12,False
phi:1,phi,0.104,all ages combined,outbreak_indicator,1.0,0.0,300,0.12,False
phi:1,phi,0.104,all ages combined,peak_weekly_cases,29.046666666666667,14.411155555555554,300,0.12,False
phi:1,phi,0.104,under_1,cumulative_cases,14.243333333333334,16.310788888888894,300,0.12,False
phi:1,phi,0.104,under_1,final_week_cases,2.3133333333333335,2.2551555555555556,300,0.12,False
phi:1,phi,0.104,under_1,outbreak_indicator,0.0,0.0,300,0.12,False
phi:1,phi,0.104,under_1,peak_weekly_cases,4.443333333333333,1.8267888888888892,300,0.12,False
phi:2,phi,0.112,11_to_14,cumulative_cases,7.303333333333334,7.711322222222222,300,0.12,False
phi:2,phi,0.112,11_to_14,final_week_cases,1.3466666666666667,1.3531555555555554,300,0.12,False
phi:2,phi,0.112,11_to_14,outbreak_indicator,0.0,0.0,300,0.12,False
phi:2,phi,0.112,11_to_14,peak_weekly_cases,2.73,0.9704333333333335,300,0.12,False
phi:2,phi,0.112,15_to_24,cumulative_cases,11.08,11.5936,300,0.12,False
phi:2,phi,0.112,15_to_24,final_week_cases,1.95,1.9208333333333334,300,0.12,False
phi:2,phi,0.112,15_to_24,outbreak_indicator,0.0,0.0,300,0.12,False
phi:2,phi,0.112,15_to_24,peak_weekly_cases,3.6433333333333335,1.2894555555555556,300,0.12,False
phi:2,phi,0.112,1_to_4,cumulative_cases,15.246666666666666,15.97248888888889,300,0.12,False
phi:2,phi,0.112,1_to_4,final_week_cases,2.243333333333333,2.1174555555555554,300,0.12,False
phi:2,phi,0.112,1_to_4,outbreak_indicator,0.0,0.0,300,0.12,False
phi:2,phi,0.112,1_to_4,peak_weekly_cases,4.8566666666666665,2.062788888888889,300,0.12,False
phi:2,phi,0.112,25_to_34,cumulative_cases,16.506666666666668,20.883288888888888,300,0.12,False
phi:2,phi,0.112,25_to_34,final_week_cases,2.933333333333333,3.328888888888889,300,0.12,False
phi:2,phi,0.112,25_to_34,outbreak_indicator,0.0,0.0,300,0.12,False
phi:2,phi,0.112,25_to_34,peak_weekly_cases,5.0,2.1066666666666665,300,0.12,False
phi:2,phi,0.112,35_and_over,cumulative_cases,28.433333333333334,43.65888888888889,300,0.12,False
phi:2,phi,0.112,35_and_over,final_week_cases,5.05,5.980833333333333,300,0.12,False
phi:2,phi,0.112,35_and_over,outbreak_indicator,0.0,0.0,300,0.12,False
phi:2,phi,0.112,35_and_over,peak_weekly_cases,7.6466666666666665,4.255155555555556,300,0.12,False
phi:2,phi,0.112,5_to_10,cumulative_cases,41.24333333333333,53.097455555555555,300,0.12,False
phi:2,phi,0.112,5_to_10,final_week_cases,7.3933333333333335,9.405288888888888,300,0.12,False
phi:2,phi,0.112,5_to_10,outbreak_indicator,0.013333333333333334,0.01315555555555556,300,0.12,False
phi:2,phi,0.112,5_to_10,peak_weekly_cases,10.413333333333334,4.4558222222222215,300,0.12,False
phi:2,phi,0.112,all ages combined,cumulative_cases,133.62333333333333,205.28145555555557,300,0.12,False
phi:2,phi,0.112,all ages combined,final_week_cases,23.14666666666667,27.21848888888889,300,0.12,False
phi:2,phi,0.112,all ages combined,outbreak_indicator,1.0,0.0,300,0.12,False
phi:2,phi,0.112,all ages combined,peak_weekly_cases,28.63,13.639766666666668,300,0.12,False
phi:2,phi,0.112,under_1,cumulative_cases,13.81,14.940566666666667,300,0.12,False
phi:2,phi,0.112,under_1,final_week_cases,2.23,2.290433333333333,300,0.12,False
phi:2,phi,0.112,under_1,outbreak_indicator,0.0,0.0,300,0.12,False
phi:2,phi,0.112,under_1,peak_weekly_cases,4.316666666666666,1.7963888888888888,300,0.12,False
phi:3,phi,0.12,11_to_14,cumulative_cases,7.16,8.067733333333335,300,0.12,True
phi:3,phi,0.12,11_to_14,final_week_cases,1.2666666666666666,1.4155555555555555,300,0.12,True
phi:3,phi,0.12,11_to_14,outbreak_indicator,0.0,0.0,300,0.12,True
phi:3,phi,0.12,11_to_14,peak_weekly_cases,2.6933333333333334,1.039288888888889,300,0.12,True
phi:3,phi,0.12,15_to_24,cumulative_cases,10.686666666666667,11.675155555555556,300,0.12,True
phi:3,phi,0.12,15_to_24,final_week_cases,1.9466666666666668,2.0838222222222225,300,0.12,True
phi:3,phi,0.12,15_to_24,outbreak_indicator,0.0,0.0,300,0.12,True
phi:3,phi,0.12,15_to_24,peak_weekly_cases,3.5366666666666666,1.381988888888889,300,0.12,True
phi:3,phi,0.12,1_to_4,cumulative_cases,15.04,15.765066666666668,300,0.12,True
phi:3,phi,0.12,1_to_4,final_week_cases,2.19,2.0672333333333337,300,0.12,True
phi:3,phi,0.12,1_to_4,outbreak_indicator,0.0,0.0,300,0.12,True
phi:3,phi,0.12,1_to_4,peak_weekly_cases,4.823333333333333,2.045455555555556,300,0.12,True
phi:3,phi,0.12,25_to_34,cumulative_cases,16.313333333333333,19.961822222222224,300,0.12,True
phi:3,phi,0.12,25_to_34,final_week_cases,2.9,3.296666666666667,300,0.12,True
phi:3,phi,0.12,25_to_34,outbreak_indicator,0.0,0.0,300,0.12,True
phi:3,phi,0.12,25_to_34,peak_weekly_cases,4.973333333333334,2.0059555555555555,300,0.12,True
phi:3,phi,0.12,35_and_over,cumulative_cases,28.006666666666668,40.513288888888894,300,0.12,True
phi:3,phi,0.12,35_and_over,final_week_cases,5.0,5.58,300,0.12,True
phi:3,phi,0.12,35_and_over,outbreak_indicator,0.0,0.0,300,0.12,True
phi:3,phi,0.12,35_and_over,peak_weekly_cases,7.526666666666666,3.829288888888888,300,0.12,True
phi:3,phi,0.12,5_to_10,cumulative_cases,40.22,50.791599999999995,300,0.12,True
phi:3,phi,0.12,5_to_10,final_week_cases,7.003333333333333,7.4366555555555545,300,0.12,True
phi:3,phi,0.12,5_to_10,outbreak_indicator,0.0033333333333333335,0.0033222222222222216,300,0.12,True
phi:3,phi,0.12,5_to_10,peak_weekly_cases,10.126666666666667,3.8706222222222215,300,0.12,True
phi:3,phi,0.12,all ages combined,cumulative_cases,131.17,202.62776666666667,300,0.12,True
phi:3,phi,0.12,all ages combined,final_week_cases,22.49,26.536566666666666,300,0.12,True
phi:3,phi,0.12,all ages combined,outbreak_indicator,1.0,0.0,300,0.12,True
phi:3,phi,0.12,all ages combined,peak_weekly_cases,28.093333333333334,13.657955555555558,300,0.12,True
phi:3,phi,0.12,under_1,cumulative_cases,13.743333333333334,15.637455555555556,300,0.12,True
phi:3,phi,0.12,under_1,final_week_cases,2.183333333333333,2.363055555555555,300,0.12,True
phi:3,phi,0.12,under_1,outbreak_indicator,0.0,0.0,300,0.12,True
phi:3,phi,0.12,under_1,peak_weekly_cases,4.33,1.8344333333333331,300,0.12,True
phi:4,phi,0.128,11_to_14,cumulative_cases,7.046666666666667,7.691155555555555,300,0.12,False
phi:4,phi,0.128,11_to_14,final_week_cases,1.1766666666666667,1.2054555555555555,300,0.12,False
phi:4,phi,0.128,11_to_14,outbreak_indicator,0.0,0.0,300,0.12,False
phi:4,phi,0.128,11_to_14,peak_weekly_cases,2.6933333333333334,0.9526222222222221,300,0.12,False
phi:4,phi,0.128,15_to_24,cumulative_cases,10.763333333333334,11.500655555555555,300,0.12,False
phi:4,phi,0.128,15_to_24,final_week_cases,1.9133333333333333,2.179155555555556,300,0.12,False
phi:4,phi,0.128,15_to_24,outbreak_indicator,0.0,0.0,300,0.12,False
phi:4,phi,0.128,15_to_24,peak_weekly_cases,3.59,1.2819000000000003,300,0.12,False
phi:4,phi,0.128,1_to_4,cumulative_cases,14.73,14.630433333333336,300,0.12,False
phi:4,phi,0.128,1_to_4,final_week_cases,2.08,2.406933333333333,300,0.12,False
phi:4,phi,0.128,1_to_4,outbreak_indicator,0.0,0.0,300,0.12,False
phi:4,phi,0.128,1_to_4,peak_weekly_cases,4.74,1.9857333333333334,300,0.12,False
phi:4,phi,0.128,25_to_34,cumulative_cases,16.02,19.899600000000003,300,0.12,False
phi:4,phi,0.128,25_to_34,final_week_cases,2.81,2.8272333333333335,300,0.12,False
phi:4,phi,0.128,25_to_34,outbreak_indicator,0.0,0.0,300,0.12,False
phi:4,phi,0.128,25_to_34,peak_weekly_cases,4.846666666666667,1.9298222222222223,300,0.12,False
phi:4,phi,0.128,35_and_over,cumulative_cases,27.666666666666668,41.61555555555556,300,0.12,False
phi:4,phi,0.128,35_and_over,final_week_cases,4.993333333333333,6.173288888888889,300,0.12,False
phi:4,phi,0.128,35_and_over,outbreak_indicator,0.0,0.0,300,0.12,False
phi:4,phi,0.128,35_and_over,peak_weekly_cases,7.546666666666667,3.8344888888888877,300,0.12,False
phi:4,phi,0.128,5_to_10,cumulative_cases,39.29,54.772566666666656,300,0.12,False
phi:4,phi,0.128,5_to_10,final_week_cases,6.733333333333333,8.315555555555555,300,0.12,False
phi:4,phi,0.128,5_to_10,outbreak_indicator,0.013333333333333334,0.01315555555555556,300,0.12,False
phi:4,phi,0.128,5_to_10,peak_weekly_cases,9.99,4.443233333333334,300,0.12,False
phi:4,phi,0.128,all ages combined,cumulative_cases,128.97333333333333,198.26595555555554,300,0.12,False
phi:4,phi,0.128,all ages combined,final_week_cases,21.776666666666667,26.740122222222222,300,0.12,False
phi:4,phi,0.128,all ages combined,outbreak_indicator,1.0,0.0,300,0.12,False
phi:4,phi,0.128,all ages combined,peak_weekly_cases,27.64666666666667,13.095155555555555,300,0.12,False
phi:4,phi,0.128,under_1,cumulative_cases,13.456666666666667,15.541455555555554,300,0.12,False
phi:4,phi,0.128,under_1,final_week_cases,2.07,1.9317666666666666,300,0.12,False
phi:4,phi,0.128,under_1,outbreak_indicator,0.0,0.0,300,0.12,False
phi:4,phi,0.128,under_1,peak_weekly_cases,4.156666666666666,1.7121222222222225,300,0.12,False
phi:5,phi,0.136,11_to_14,cumulative_cases,6.943333333333333,7.260122222222223,300,0.12,False
phi:5,phi,0.136,11_to_14,final_week_cases,1.1066666666666667,1.1486222222222224,300,0.12,False
phi:5,phi,0.136,11_to_14,outbreak_indicator,0.0,0.0,300,0.12,False
phi:5,phi,0.136,11_to_14,peak_weekly_cases,2.6666666666666665,0.9822222222222223,300,0.12,False
phi:5,phi,0.136,15_to_24,cumulative_cases,10.533333333333333,10.715555555555554,300,0.12,False
phi:5,phi,0.136,15_to_24,final_week_cases,1.8133333333333332,1.9851555555555553,300,0.12,False
phi:5,phi,0.136,15_to_24,outbreak_indicator,0.0,0.0,300,0.12,False
phi:5,phi,0.136,15_to_24,peak_weekly_cases,3.51,1.2832333333333332,300,0.12,False
phi:5,phi,0.136,1_to_4,cumulative_cases,14.456666666666667,13.961455555555554,300,0.12,False
phi:5,phi,0.136,1_to_4,final_week_cases,1.9533333333333334,2.2644888888888888,300,0.12,False
phi:5,phi,0.136,1_to_4,outbreak_indicator,0.0,0.0,300,0.12,False
phi:5,phi,0.136,1_to_4,peak_weekly_cases,4.683333333333334,1.9830555555555553,300,0.12,False
phi:5,phi,0.136,25_to_34,cumulative_cases,15.556666666666667,19.38678888888889,300,0.12,False
phi:5,phi,0.136,25_to_34,final_week_cases,2.683333333333333,2.849722222222222,300,0.12,False
phi:5,phi,0.136,25_to_34,outbreak_indicator,0.0,0.0,300,0.12,False
phi:5,phi,0.136,25_to_34,peak_weekly_cases,4.73,2.0037666666666665,300,0.12,False
phi:5,phi,0.136,35_and_over,cumulative_cases,27.606666666666666,39.418622222222226,300,0.12,False
phi:5,phi,0.136,35_and_over,final_week_cases,4.946666666666666,6.197155555555556,300,0.12,False
phi:5,phi,0.136,35_and_over,outbreak_indicator,0.0,0.0,300,0.12,False
phi:5,phi,0.136,35_and_over,peak_weekly_cases,7.543333333333333,3.681455555555555,300,0.12,False
phi:5,phi,0.136,5_to_10,cumulative_cases,38.14,53.42040000000001,300,0.12,False
phi:5,phi,0.136,5_to_10,final_week_cases,6.3133333333333335,8.00848888888889,300,0.12,False
phi:5,phi,0.136,5_to_10,outbreak_indicator,0.0033333333333333335,0.003322222222222222,300,0.12,False
phi:5,phi,0.136,5_to_10,peak_weekly_cases,9.7,4.3566666666666665,300,0.12,False
phi:5,phi,0.136,all ages combined,cumulative_cases,126.55333333333333,183.10715555555555,300,0.12,False
phi:5,phi,0.136,all ages combined,final_week_cases,20.88,23.472266666666666,300,0.12,False
phi:5,phi,0.136,all ages combined,outbreak_indicator,1.0,0.0,300,0.12,False
phi:5,phi,0.136,all ages combined,peak_weekly_cases,27.246666666666666,11.47248888888889,300,0.12,False
phi:5,phi,0.136,under_1,cumulative_cases,13.316666666666666,15.943055555555556,300,0.12,False
phi:5,phi,0.136,under_1,final_week_cases,2.0633333333333335,2.159322222222222,300,0.12,False
phi:5,phi,0.136,under_1,outbreak_indicator,0.0,0.0,300,0.12,False
phi:5,phi,0.136,under_1,peak_weekly_cases,4.15,1.6341666666666668,300,0.12,False
phi:6,phi,0.144,11_to_14,cumulative_cases,6.733333333333333,7.368888888888889,300,0.12,False
phi:6,phi,0.144,11_to_14,final_week_cases,1.0266666666666666,0.9526222222222223,300,0.12,False
phi:6,phi,0.144,11_to_14,outbreak_indicator,0.0,0.0,300,0.12,False
phi:6,phi,0.144,11_to_14,peak_weekly_cases,2.566666666666667,0.9855555555555556,300,0.12,False
phi:6,phi,0.144,15_to_24,cumulative_cases,10.23,11.003766666666667,300,0.12,False
phi:6,phi,0.144,15_to_24,final_week_cases,1.69,1.7739000000000003,300,0.12,False
phi:6,phi,0.144,15_to_24,outbreak_indicator,0.0,0.0,300,0.12,False
phi:6,phi,0.144,15_to_24,peak_weekly_cases,3.43,1.2517666666666665,300,0.12,False
phi:6,phi,0.144,1_to_4,cumulative_cases,14.12,14.7856,300,0.12,False
phi:6,phi,0.144,1_to_4,final_week_cases,1.8766666666666667,2.248122222222222,300,0.12,False
phi:6,phi,0.144,1_to_4,outbreak_indicator,0.0,0.0,300,0.12,False
phi:6,phi,0.144,1_to_4,peak_weekly_cases,4.63,2.0064333333333337,300,0.12,False
phi:6,phi,0.144,25_to_34,cumulative_cases,15.443333333333333,20.160122222222224,300,0.12,False
phi:6,phi,0.144,25_to_34,final_week_cases,2.683333333333333,2.909722222222222,300,0.12,False
phi:6,phi,0.144,25_to_34,outbreak_indicator,0.0,0.0,300,0.12,False
phi:6,phi,0.144,25_to_34,peak_weekly_cases,4.736666666666666,2.1006555555555555,300,0.12,False
phi:6,phi,0.144,35_and_over,cumulative_cases,27.533333333333335,37.52222222222222,300,0.12,False
phi:6,phi,0.144,35_and_over,final_week_cases,4.99,5.689900000000001,300,0.12,False
phi:6,phi,0.144,35_and_over,outbreak_indicator,0.0,0.0,300,0.12,False
phi:6,phi,0.144,35_and_over,peak_weekly_cases,7.503333333333333,3.4566555555555554,300,0.12,False
phi:6,phi,0.144,5_to_10,cumulative_cases,37.71333333333333,49.0244888888889,300,0.12,False
phi:6,phi,0.144,5_to_10,final_week_cases,6.166666666666667,6.85888888888889,300,0.12,False
phi:6,phi,0.144,5_to_10,outbreak_indicator,0.0,0.0,300,0.12,False
phi:6,phi,0.144,5_to_10,peak_weekly_cases,9.556666666666667,3.933455555555555,300,0.12,False
phi:6,phi,0.144,all ages combined,cumulative_cases,124.72333333333333,168.47345555555555,300,0.12,False
phi:6,phi,0.144,all ages combined,final_week_cases,20.343333333333334,22.245455555555555,300,0.12,False
phi:6,phi,0.144,all ages combined,outbreak_indicator,1.0,0.0,300,0.12,False
phi:6,phi,0.144,all ages combined,peak_weekly_cases,26.82,10.354266666666668,300,0.12,False
phi:6,phi,0.144,under_1,cumulative_cases,12.95,14.614166666666666,300,0.12,False
phi:6,phi,0.144,under_1,final_week_cases,1.91,2.0018999999999996,300,0.12,False
phi:6,phi,0.144,under_1,outbreak_indicator,0.0,0.0,300,0.12,False
phi:6,phi,0.144,under_1,peak_weekly_cases,4.076666666666667,1.710788888888889,300,0.12,False
psi:0,psi,0.26666666666666666,11_to_14,cumulative_cases,7.39,7.851233333333333,300,0.3333333333333333,False
psi:0,psi,0.26666666666666666,11_to_14,final_week_cases,1.3533333333333333,1.4418222222222223,300,0.3333333333333333,False
psi:0,psi,0.26666666666666666,11_to_14,outbreak_indicator,0.0,0.0,300,0.3333333333333333,False
psi:0,psi,0.26666666666666666,11_to_14,peak_weekly_cases,2.703333333333333,0.8753222222222223,300,0.3333333333333333,False
psi:0,psi,0.26666666666666666,15_to_24,cumulative_cases,10.99,10.3299,300,0.3333333333333333,False
psi:0,psi,0.26666666666666666,15_to_24,final_week_cases,2.0533333333333332,2.1438222222222225,300,0.3333333333333333,False
psi:0,psi,0.26666666666666666,15_to_24,outbreak_indicator,0.0,0.0,300,0.3333333333333333,False
psi:0,psi,0.26666666666666666,15_to_24,peak_weekly_cases,3.763333333333333,1.2939888888888886,300,0.3333333333333333,False
psi:0,psi,0.26666666666666666,1_to_4,cumulative_cases,15.073333333333334,17.201288888888886,300,0.3333333333333333,False
psi:0,psi,0.26666666666666666,1_to_4,final_week_cases,2.21,2.1725666666666665,300,0.3333333333333333,False
psi:0,psi,0.26666666666666666,1_to_4,outbreak_indicator,0.0,0.0,300,0.3333333333333333,False
psi:0,psi,0.26666666666666666,1_to_4,peak_weekly_cases,4.763333333333334,2.5806555555555555,300,0.3333333333333333,False
psi:0,psi,0.26666666666666666,25_to_34,cumulative_cases,16.48,20.609599999999997,300,0.3333333333333333,False
psi:0,psi,0.26666666666666666,25_to_34,final_week_cases,3.1266666666666665,3.0306222222222226,300,0.3333333333333333,False
psi:0,psi,0.26666666666666666,25_to_34,outbreak_indicator,0.0,0.0,300,0.3333333333333333,False
psi:0,psi,0.26666666666666666,25_to_34,peak_weekly_cases,4.99,2.056566666666667,300,0.3333333333333333,False
psi:0,psi,0.26666666666666666,35_and_over,cumulative_cases,28.33,43.7211,300,0.3333333333333333,False
psi:0,psi,0.26666666666666666,35_and_over,final_week_cases,5.573333333333333,5.237955555555555,300,0.3333333333333333,False
psi:0,psi,0.26666666666666666,35_and_over,outbreak_indicator,0.0033333333333333335,0.0033222222222222216,300,0.3333333333333333,False
psi:0,psi,0.26666666666666666,35_and_over,peak_weekly_cases,7.82,4.754266666666666,300,0.3333333333333333,False
psi:0,psi,0.26666666666666666,5_to_10,cumulative_cases,41.16,52.64106666666667,300,0.3333333333333333,False
psi:0,psi,0.26666666666666666,5_to_10,final_week_cases,7.733333333333333,10.12888888888889,300,0.3333333333333333,False
psi:0,psi,0.26666666666666666,5_to_10,outbreak_indicator,0.016666666666666666,0.016388888888888894,300,0.3333333333333333,False
psi:0,psi,0.26666666666666666,5_to_10,peak_weekly_cases,10.62,4.2089333333333325,300,0.3333333333333333,False
psi:0,psi,0.26666666666666666,all ages combined,cumulative_cases,133.71333333333334,204.79782222222224,300,0.3333333333333333,False
psi:0,psi,0.26666666666666666,all ages combined,final_week_cases,24.566666666666666,31.24555555555556,300,0.3333333333333333,False
psi:0,psi,0.26666666666666666,all ages combined,outbreak_indicator,1.0,0.0,300,0.3333333333333333,False
psi:0,psi,0.26666666666666666,all ages combined,peak_weekly_cases,29.143333333333334,14.409455555555553,300,0.3333333333333333,False
psi:0,psi,0.26666666666666666,under_1,cumulative_cases,14.29,15.625900000000001,300,0.3333333333333333,False
psi:0,psi,0.26666666666666666,under_1,final_week_cases,2.5166666666666666,2.3697222222222223,300,0.3333333333333333,False
psi:0,psi,0.26666666666666666,under_1,outbreak_indicator,0.0,0.0,300,0.3333333333333333,False
psi:0,psi,0.26666666666666666,under_1,peak_weekly_cases,4.493333333333333,1.7566222222222223,300,0.3333333333333333,False
psi:1,psi,0.28888888888888886,11_to_14,cumulative_cases,7.413333333333333,6.815822222222223,300,0.3333333333333333,False
psi:1,psi,0.28888888888888886,11_to_14,final_week_cases,1.3366666666666667,1.3033222222222223,300,0.3333333333333333,False
psi:1,psi,0.28888888888888886,11_to_14,outbreak_indicator,0.0,0.0,300,0.3333333333333333,False
psi:1,psi,0.28888888888888886,11_to_14,peak_weekly_cases,2.71,0.8992333333333332,300,0.3333333333333333,False
psi:1,psi,0.28888888888888886,15_to_24,cumulative_cases,10.836666666666666,11.349988888888888,300,0.3333333333333333,False
psi:1,psi,0.28888888888888886,15_to_24,final_week_cases,1.96,1.7850666666666666,300,0.3333333333333333,False
psi:1,psi,0.28888888888888886,15_to_24,outbreak_indicator,0.0,0.0,300,0.3333333333333333,False
psi:1,psi,0.28888888888888886,15_to_24,peak_weekly_cases,3.64,1.4370666666666667,300,0.3333333333333333,False
psi:1,psi,0.28888888888888886,1_to_4,cumulative_cases,15.093333333333334,16.997955555555553,300,0.3333333333333333,False
psi:1,psi,0.28888888888888886,1_to_4,final_week_cases,2.22,2.4316,300,0.3333333333333333,False
psi:1,psi,0.28888888888888886,1_to_4,outbreak_indicator,0.0,0.0,300,0.3333333333333333,False
psi:1,psi,0.28888888888888886,1_to_4,peak_weekly_cases,4.833333333333333,2.445555555555556,300,0.3333333333333333,False
psi:1,psi,0.28888888888888886,25_to_34,cumulative_cases,16.376666666666665,19.34145555555556,300,0.3333333333333333,False
psi:1,psi,0.28888888888888886,25_to_34,final_week_cases,3.15,3.4208333333333334,300,0.3333333333333333,False
psi:1,psi,0.28888888888888886,25_to_34,outbreak_indicator,0.0,0.0,300,0.3333333333333333,False
psi:1,psi,0.28888888888888886,25_to_34,peak_weekly_cases,5.033333333333333,1.9588888888888891,300,0.3333333333333333,False
psi:1,psi,0.28888888888888886,35_and_over,cumulative_cases,28.12,40.9256,300,0.3333333333333333,False
psi:1,psi,0.28888888888888886,35_and_over,final_week_cases,5.223333333333334,5.713455555555556,300,0.3333333333333333,False
psi:1,psi,0.28888888888888886,35_and_over,outbreak_indicator,0.0,0.0,300,0.3333333333333333,False
psi:1,psi,0.28888888888888886,35_and_over,peak_weekly_cases,7.73,4.303766666666667,300,0.3333333333333333,False
psi:1,psi,0.28888888888888886,5_to_10,cumulative_cases,40.8,49.02666666666667,300,0.3333333333333333,False
psi:1,psi,0.28888888888888886,5_to_10,final_week_cases,7.39,8.8779,300,0.3333333333333333,False
psi:1,psi,0.28888888888888886,5_to_10,outbreak_indicator,0.01,0.0099,300,0.3333333333333333,False
psi:1,psi,0.28888888888888886,5_to_10,peak_weekly_cases,10.38,4.608933333333334,300,0.3333333333333333,False
psi:1,psi,0.28888888888888886,all ages combined,cumulative_cases,132.74333333333334,192.69745555555556,300,0.3333333333333333,False
psi:1,psi,0.28888888888888886,all ages combined,final_week_cases,23.733333333333334,28.30222222222222,300,0.3333333333333333,False
psi:1,psi,0.28888888888888886,all ages combined,outbreak_indicator,1.0,0.0,300,0.3333333333333333,False
psi:1,psi,0.28888888888888886,all ages combined,peak_weekly_cases,28.613333333333333,13.957155555555556,300,0.3333333333333333,False
psi:1,psi,0.28888888888888886,under_1,cumulative_cases,14.103333333333333,15.82598888888889,300,0.3333333333333333,False
psi:1,psi,0.28888888888888886,under_1,final_week_cases,2.453333333333333,2.3811555555555555,300,0.3333333333333333,False
psi:1,psi,0.28888888888888886,under_1,outbreak_indicator,0.0,0.0,300,0.3333333333333333,False
psi:1,psi,0.28888888888888886,under_1,peak_weekly_cases,4.3933333333333335,1.7719555555555557,300,0.3333333333333333,False
psi:2,psi,0.3111111111111111,11_to_14,cumulative_cases,7.336666666666667,7.06998888888889,300,0.3333333333333333,False
psi:2,psi,0.3111111111111111,11_to_14,final_week_cases,1.33,1.3144333333333336,300,0.3333333333333333,False
psi:2,psi,0.3111111111111111,11_to_14,outbreak_indicator,0.0,0.0,300,0.3333333333333333,False
psi:2,psi,0.3111111111111111,11_to_14,peak_weekly_cases,2.7266666666666666,0.8519555555555555,300,0.3333333333333333,False
psi:2,psi,0.3111111111111111,15_to_24,cumulative_cases,10.73,11.043766666666667,300,0.3333333333333333,False
psi:2,psi,0.3111111111111111,15_to_24,final_week_cases,1.9366666666666668,1.8526555555555555,300,0.3333333333333333,False
psi:2,psi,0.3111111111111111,15_to_24,outbreak_indicator,0.0,0.0,300,0.3333333333333333,False
psi:2,psi,0.3111111111111111,15_to_24,peak_weekly_cases,3.5733333333333333,1.271288888888889,300,0.3333333333333333,False
psi:2,psi,0.3111111111111111,1_to_4,cumulative_cases,15.123333333333333,17.06812222222222,300,0.3333333333333333,False
psi:2,psi,0.3111111111111111,1_to_4,final_week_cases,2.263333333333333,2.2073222222222224,300,0.3333333333333333,False
psi:2,psi,0.3111111111111111,1_to_4,outbreak_indicator,0.0,0.0,300,0.3333333333333333,False
psi:2,psi,0.3111111111111111,1_to_4,peak_weekly_cases,4.826666666666667,2.363288888888889,300,0.3333333333333333,False
psi:2,psi,0.3111111111111111,25_to_34,cumulative_cases,16.236666666666668,18.13398888888889,300,0.3333333333333333,False
psi:2,psi,0.3111111111111111,25_to_34,final_week_cases,2.9233333333333333,3.450788888888888,300,0.3333333333333333,False
psi:2,psi,0.3111111111111111,25_to_34,outbreak_indicator,0.0,0.0,300,0.3333333333333333,False
psi:2,psi,0.3111111111111111,25_to_34,peak_weekly_cases,4.976666666666667,2.0227888888888885,300,0.3333333333333333,False
psi:2,psi,0.3111111111111111,35_and_over,cumulative_cases,28.263333333333332,42.313988888888886,300,0.3333333333333333,False
psi:2,psi,0.3111111111111111,35_and_over,final_week_cases,5.083333333333333,5.79638888888889,300,0.3333333333333333,False
psi:2,psi,0.3111111111111111,35_and_over,outbreak_indicator,0.0,0.0,300,0.3333333333333333,False
psi:2,psi,0.3111111111111111,35_and_over,peak_weekly_cases,7.6466666666666665,4.108488888888889,300,0.3333333333333333,False
psi:2,psi,0.3111111111111111,5_to_10,cumulative_cases,40.69,52.20056666666666,300,0.3333333333333333,False
psi:2,psi,0.3111111111111111,5_to_10,final_week_cases,7.19,8.613900000000001,300,0.3333333333333333,False
psi:2,psi,0.3111111111111111,5_to_10,outbreak_indicator,0.006666666666666667,0.00662222222222222,300,0.3333333333333333,False
psi:2,psi,0.3111111111111111,5_to_10,peak_weekly_cases,10.326666666666666,4.433288888888888,300,0.3333333333333333,False
psi:2,psi,0.3111111111111111,all ages combined,cumulative_cases,132.3,204.60333333333332,300,0.3333333333333333,False
psi:2,psi,0.3111111111111111,all ages combined,final_week_cases,23.036666666666665,26.581988888888887,300,0.3333333333333333,False
psi:2,psi,0.3111111111111111,all ages combined,outbreak_indicator,1.0,0.0,300,0.3333333333333333,False
psi:2,psi,0.3111111111111111,all ages combined,peak_weekly_cases,28.366666666666667,13.758888888888887,300,0.3333333333333333,False
psi:2,psi,0.3111111111111111,under_1,cumulative_cases,13.92,15.2336,300,0.3333333333333333,False
psi:2,psi,0.3111111111111111,under_1,final_week_cases,2.31,2.5538999999999996,300,0.3333333333333333,False
psi:2,psi,0.3111111111111111,under_1,outbreak_indicator,0.0,0.0,300,0.3333333333333333,False
psi:2,psi,0.3111111111111111,under_1,peak_weekly_cases,4.39,1.811233333333333,300,0.3333333333333333,False
psi:3,psi,0.3333333333333333,11_to_14,cumulative_cases,7.16,8.067733333333335,300,0.3333333333333333,True
psi:3,psi,0.3333333333333333,11_to_14,final_week_cases,1.2666666666666666,1.4155555555555555,300,0.3333333333333333,True
psi:3,psi,0.3333333333333333,11_to_14,outbreak_indicator,0.0,0.0,300,0.3333333333333333,True
psi:3,psi,0.3333333333333333,11_to_14,peak_weekly_cases,2.6933333333333334,1.039288888888889,300,0.3333333333333333,True
psi:3,psi,0.3333333333333333,15_to_24,cumulative_cases,10.686666666666667,11.675155555555556,300,0.3333333333333333,True
psi:3,psi,0.3333333333333333,15_to_24,final_week_cases,1.9466666666666668,2.0838222222222225,300,0.3333333333333333,True
psi:3,psi,0.3333333333333333,15_to_24,outbreak_indicator,0.0,0.0,300,0.3333333333333333,True
psi:3,psi,0.3333333333333333,15_to_24,peak_weekly_cases,3.5366666666666666,1.381988888888889,300,0.3333333333333333,True
psi:3,psi,0.3333333333333333,1_to_4,cumulative_cases,15.04,15.765066666666668,300,0.3333333333333333,True
psi:3,psi,0.3333333333333333,1_to_4,final_week_cases,2.19,2.0672333333333337,300,0.3333333333333333,True
psi:3,psi,0.3333333333333333,1_to_4,outbreak_indicator,0.0,0.0,300,0.3333333333333333,True
psi:3,psi,0.3333333333333333,1_to_4,peak_weekly_cases,4.823333333333333,2.045455555555556,300,0.3333333333333333,True
psi:3,psi,0.3333333333333333,25_to_34,cumulative_cases,16.313333333333333,19.961822222222224,300,0.3333333333333333,True
psi:3,psi,0.3333333333333333,25_to_34,final_week_cases,2.9,3.296666666666667,300,0.3333333333333333,True
psi:3,psi,0.3333333333333333,25_to_34,outbreak_indicator,0.0,0.0,300,0.3333333333333333,True
psi:3,psi,0.3333333333333333,25_to_34,peak_weekly_cases,4.973333333333334,2.0059555555555555,300,0.3333333333333333,True
psi:3,psi,0.3333333333333333,35_and_over,cumulative_cases,28.006666666666668,40.513288888888894,300,0.3333333333333333,True
psi:3,psi,0.3333333333333333,35_and_over,final_week_cases,5.0,5.58,300,0.3333333333333333,True
psi:3,psi,0.3333333333333333,35_and_over,outbreak_indicator,0.0,0.0,300,0.3333333333333333,True
psi:3,psi,0.3333333333333333,35_and_over,peak_weekly_cases,7.526666666666666,3.829288888888888,300,0.3333333333333333,True
psi:3,psi,0.3333333333333333,5_to_10,cumulative_cases,40.22,50.791599999999995,300,0.3333333333333333,True
psi:3,psi,0.3333333333333333,5_to_10,final_week_cases,7.003333333333333,7.4366555555555545,300,0.3333333333333333,True
psi:3,psi,0.3333333333333333,5_to_10,outbreak_indicator,0.0033333333333333335,0.0033222222222222216,300,0.3333333333333333,True
psi:3,psi,0.3333333333333333,5_to_10,peak_weekly_cases,10.126666666666667,3.8706222222222215,300,0.3333333333333333,True
psi:3,psi,0.3333333333333333,all ages combined,cumulative_cases,131.17,202.62776666666667,300,0.3333333333333333,True
psi:3,psi,0.3333333333333333,all ages combined,final_week_cases,22.49,26.536566666666666,300,0.3333333333333333,True
psi:3,psi,0.3333333333333333,all ages combined,outbreak_indicator,1.0,0.0,300,0.3333333333333333,True
psi:3,psi,0.3333333333333333,all ages combined,peak_weekly_cases,28.093333333333334,13.657955555555558,300,0.3333333333333333,True
psi:3,psi,0.3333333333333333,under_1,cumulative_cases,13.743333333333334,15.637455555555556,300,0.3333333333333333,True
psi:3,psi,0.3333333333333333,under_1,final_week_cases,2.183333333333333,2.363055555555555,300,0.3333333333333333,True
psi:3,psi,0.3333333333333333,under_1,outbreak_indicator,0.0,0.0,300,0.3333333333333333,True
psi:3,psi,0.3333333333333333,under_1,peak_weekly_cases,4.33,1.8344333333333331,300,0.3333333333333333,True
psi:4,psi,0.3555555555555555,11_to_14,cumulative_cases,7.046666666666667,7.251155555555554,300,0.3333333333333333,False
psi:4,psi,0.3555555555555555,11_to_14,final_week_cases,1.13,1.2397666666666667,300,0.3333333333333333,False
psi:4,psi,0.3555555555555555,11_to_14,outbreak_indicator,0.0,0.0,300,0.3333333333333333,False
psi:4,psi,0.3555555555555555,11_to_14,peak_weekly_cases,2.683333333333333,0.9030555555555554,300,0.3333333333333333,False
psi:4,psi,0.3555555555555555,15_to_24,cumulative_cases,10.71,11.312566666666669,300,0.3333333333333333,False
psi:4,psi,0.3555555555555555,15_to_24,final_week_cases,1.82,2.0942666666666665,300,0.3333333333333333,False
psi:4,psi,0.3555555555555555,15_to_24,outbreak_indicator,0.0,0.0,300,0.3333333333333333,False
psi:4,psi,0.3555555555555555,15_to_24,peak_weekly_cases,3.5966666666666667,1.347322222222222,300,0.3333333333333333,False
psi:4,psi,0.3555555555555555,1_to_4,cumulative_cases,14.566666666666666,15.198888888888886,300,0.3333333333333333,False
psi:4,psi,0.3555555555555555,1_to_4,final_week_cases,2.026666666666667,2.3659555555555554,300,0.3333333333333333,False
psi:4,psi,0.3555555555555555,1_to_4,outbreak_indicator,0.0,0.0,300,0.3333333333333333,False
psi:4,psi,0.3555555555555555,1_to_4,peak_weekly_cases,4.71,2.0459,300,0.3333333333333333,False
psi:4,psi,0.3555555555555555,25_to_34,cumulative_cases,16.173333333333332,20.25662222222222,300,0.3333333333333333,False
psi:4,psi,0.3555555555555555,25_to_34,final_week_cases,2.8466666666666667,2.969822222222222,300,0.3333333333333333,False
psi:4,psi,0.3555555555555555,25_to_34,outbreak_indicator,0.0,0.0,300,0.3333333333333333,False
psi:4,psi,0.3555555555555555,25_to_34,peak_weekly_cases,4.93,2.1117666666666666,300,0.3333333333333333,False
psi:4,psi,0.3555555555555555,35_and_over,cumulative_cases,28.036666666666665,39.76198888888889,300,0.3333333333333333,False
psi:4,psi,0.3555555555555555,35_and_over,final_week_cases,5.083333333333333,6.289722222222221,300,0.3333333333333333,False
psi:4,psi,0.3555555555555555,35_and_over,outbreak_indicator,0.0,0.0,300,0.3333333333333333,False
psi:4,psi,0.3555555555555555,35_and_over,peak_weekly_cases,7.636666666666667,3.617988888888889,300,0.3333333333333333,False
psi:4,psi,0.3555555555555555,5_to_10,cumulative_cases,39.586666666666666,50.65582222222222,300,0.3333333333333333,False
psi:4,psi,0.3555555555555555,5_to_10,final_week_cases,6.73,7.5571,300,0.3333333333333333,False
psi:4,psi,0.3555555555555555,5_to_10,outbreak_indicator,0.0,0.0,300,0.3333333333333333,False
psi:4,psi,0.3555555555555555,5_to_10,peak_weekly_cases,10.0,3.8733333333333335,300,0.3333333333333333,False
psi:4,psi,0.3555555555555555,all ages combined,cumulative_cases,129.79,192.49256666666665,300,0.3333333333333333,False
psi:4,psi,0.3555555555555555,all ages combined,final_week_cases,21.726666666666667,29.231955555555555,300,0.3333333333333333,False
psi:4,psi,0.3555555555555555,all ages combined,outbreak_indicator,1.0,0.0,300,0.3333333333333333,False
psi:4,psi,0.3555555555555555,all ages combined,peak_weekly_cases,27.733333333333334,11.948888888888888,300,0.3333333333333333,False
psi:4,psi,0.3555555555555555,under_1,cumulative_cases,13.67,17.301099999999998,300,0.3333333333333333,False
psi:4,psi,0.3555555555555555,under_1,final_week_cases,2.09,2.008566666666667,300,0.3333333333333333,False
psi:4,psi,0.3555555555555555,under_1,outbreak_indicator,0.0,0.0,300,0.3333333333333333,False
psi:4,psi,0.3555555555555555,under_1,peak_weekly_cases,4.26,1.9057333333333335,300,0.3333333333333333,False
psi:5,psi,0.37777777777777777,11_to_14,cumulative_cases,6.8966666666666665,6.825988888888888,300,0.3333333333333333,False
psi:5,psi,0.37777777777777777,11_to_14,final_week_cases,1.0933333333333333,1.1246222222222222,300,0.3333333333333333,False
psi:5,psi,0.37777777777777777,11_to_14,outbreak_indicator,0.0,0.0,300,0.3333333333333333,False
psi:5,psi,0.37777777777777777,11_to_14,peak_weekly_cases,2.6133333333333333,0.8771555555555555,300,0.3333333333333333,False
psi:5,psi,0.37777777777777777,15_to_24,cumulative_cases,10.726666666666667,11.891955555555557,300,0.3333333333333333,False
psi:5,psi,0.37777777777777777,15_to_24,final_week_cases,1.9133333333333333,2.352488888888889,300,0.3333333333333333,False
psi:5,psi,0.37777777777777777,15_to_24,outbreak_indicator,0.0,0.0,300,0.3333333333333333,False
psi:5,psi,0.37777777777777777,15_to_24,peak_weekly_cases,3.6366666666666667,1.551322222222222,300,0.3333333333333333,False
psi:5,psi,0.37777777777777777,1_to_4,cumulative_cases,14.493333333333334,14.463288888888888,300,0.3333333333333333,False
psi:5,psi,0.37777777777777777,1_to_4,final_week_cases,2.0366666666666666,2.335322222222222,300,0.3333333333333333,False
psi:5,psi,0.37777777777777777,1_to_4,outbreak_indicator,0.0,0.0,300,0.3333333333333333,False
psi:5,psi,0.37777777777777777,1_to_4,peak_weekly_cases,4.746666666666667,2.0091555555555556,300,0.3333333333333333,False
psi:5,psi,0.37777777777777777,25_to_34,cumulative_cases,16.066666666666666,19.515555555555554,300,0.3333333333333333,False
psi:5,psi,0.37777777777777777,25_to_34,final_week_cases,2.73,2.803766666666667,300,0.3333333333333333,False
psi:5,psi,0.37777777777777777,25_to_34,outbreak_indicator,0.0,0.0,300,0.3333333333333333,False
psi:5,psi,0.37777777777777777,25_to_34,peak_weekly_cases,4.91,2.015233333333333,300,0.3333333333333333,False
psi:5,psi,0.37777777777777777,35_and_over,cumulative_cases,28.063333333333333,42.10598888888888,300,0.3333333333333333,False
psi:5,psi,0.37777777777777777,35_and_over,final_week_cases,4.963333333333333,6.235322222222223,300,0.3333333333333333,False
psi:5,psi,0.37777777777777777,35_and_over,outbreak_indicator,0.0,0.0,300,0.3333333333333333,False
psi:5,psi,0.37777777777777777,35_and_over,peak_weekly_cases,7.63,3.7531000000000003,300,0.3333333333333333,False
psi:5,psi,0.37777777777777777,5_to_10,cumulative_cases,39.266666666666666,50.388888888888886,300,0.3333333333333333,False
psi:5,psi,0.37777777777777777,5_to_10,final_week_cases,6.51,6.956566666666667,300,0.3333333333333333,False
psi:5,psi,0.37777777777777777,5_to_10,outbreak_indicator,0.006666666666666667,0.006622222222222221,300,0.3333333333333333,False
psi:5,psi,0.37777777777777777,5_to_10,peak_weekly_cases,9.793333333333333,4.277288888888888,300,0.3333333333333333,False
psi:5,psi,0.37777777777777777,all ages combined,cumulative_cases,129.04666666666665,196.69115555555558,300,0.3333333333333333,False
psi:5,psi,0.37777777777777777,all ages combined,final_week_cases,21.3,25.956666666666663,300,0.3333333333333333,False
psi:5,psi,0.37777777777777777,all ages combined,outbreak_indicator,1.0,0.0,300,0.3333333333333333,False
psi:5,psi,0.37777777777777777,all ages combined,peak_weekly_cases,27.543333333333333,11.981455555555556,300,0.3333333333333333,False
psi:5,psi,0.37777777777777777,under_1,cumulative_cases,13.533333333333333,16.322222222222223,300,0.3333333333333333,False
psi:5,psi,0.37777777777777777,under_1,final_week_cases,2.0533333333333332,2.1571555555555557,300,0.3333333333333333,False
psi:5,psi,0.37777777777777777,under_1,outbreak_indicator,0.0,0.0,300,0.3333333333333333,False
psi:5,psi,0.37777777777777777,under_1,peak_weekly_cases,4.176666666666667,1.8187888888888888,300,0.3333333333333333,False
psi:6,psi,0.39999999999999997,11_to_14,cumulative_cases,6.793333333333333,7.430622222222222,300,0.3333333333333333,False
psi:6,psi,0.39999999999999997,11_to_14,final_week_cases,1.1166666666666667,1.2163888888888887,300,0.3333333333333333,False
psi:6,psi,0.39999999999999997,11_to_14,outbreak_indicator,0.0,0.0,300,0.3333333333333333,False
psi:6,psi,0.39999999999999997,11_to_14,peak_weekly_cases,2.546666666666667,0.8278222222222222,300,0.3333333333333333,False
psi:6,psi,0.39999999999999997,15_to_24,cumulative_cases,10.676666666666666,11.505455555555557,300,0.3333333333333333,False
psi:6,psi,0.39999999999999997,15_to_24,final_week_cases,1.8533333333333333,2.058488888888889,300,0.3333333333333333,False
psi:6,psi,0.39999999999999997,15_to_24,outbreak_indicator,0.0,0.0,300,0.3333333333333333,False
psi:6,psi,0.39999999999999997,15_to_24,peak_weekly_cases,3.61,1.6179,300,0.3333333333333333,False
psi:6,psi,0.39999999999999997,1_to_4,cumulative_cases,14.49,15.269899999999998,300,0.3333333333333333,False
psi:6,psi,0.39999999999999997,1_to_4,final_week_cases,1.99,2.263233333333333,300,0.3333333333333333,False
psi:6,psi,0.39999999999999997,1_to_4,outbreak_indicator,0.0,0.0,300,0.3333333333333333,False
psi:6,psi,0.39999999999999997,1_to_4,peak_weekly_cases,4.77,2.070433333333334,300,0.3333333333333333,False
psi:6,psi,0.39999999999999997,25_to_34,cumulative_cases,15.826666666666666,19.19662222222222,300,0.3333333333333333,False
psi:6,psi,0.39999999999999997,25_to_34,final_week_cases,2.6633333333333336,2.8166555555555557,300,0.3333333333333333,False
psi:6,psi,0.39999999999999997,25_to_34,outbreak_indicator,0.0,0.0,300,0.3333333333333333,False
psi:6,psi,0.39999999999999997,25_to_34,peak_weekly_cases,4.863333333333333,1.9713222222222226,300,0.3333333333333333,False
psi:6,psi,0.39999999999999997,35_and_over,cumulative_cases,27.973333333333333,40.885955555555554,300,0.3333333333333333,False
psi:6,psi,0.39999999999999997,35_and_over,final_week_cases,4.99,6.669900000000001,300,0.3333333333333333,False
psi:6,psi,0.39999999999999997,35_and_over,outbreak_indicator,0.0,0.0,300,0.3333333333333333,False
psi:6,psi,0.39999999999999997,35_and_over,peak_weekly_cases,7.656666666666666,3.6521222222222227,300,0.3333333333333333,False
psi:6,psi,0.39999999999999997,5_to_10,cumulative_cases,38.943333333333335,48.94678888888889,300,0.3333333333333333,False
psi:6,psi,0.39999999999999997,5_to_10,final_week_cases,6.343333333333334,6.252122222222222,300,0.3333333333333333,False
psi:6,psi,0.39999999999999997,5_to_10,outbreak_indicator,0.01,0.0099,300,0.3333333333333333,False
psi:6,psi,0.39999999999999997,5_to_10,peak_weekly_cases,9.786666666666667,4.487822222222222,300,0.3333333333333333,False
psi:6,psi,0.39999999999999997,all ages combined,cumulative_cases,128.15,185.1475,300,0.3333333333333333,False
psi:6,psi,0.39999999999999997,all ages combined,final_week_cases,20.946666666666665,24.870488888888893,300,0.3333333333333333,False
psi:6,psi,0.39999999999999997,all ages combined,outbreak_indicator,1.0,0.0,300,0.3333333333333333,False
psi:6,psi,0.39999999999999997,all ages combined,peak_weekly_cases,27.44333333333333,11.653455555555556,300,0.3333333333333333,False
psi:6,psi,0.39999999999999997,under_1,cumulative_cases,13.446666666666667,14.673822222222224,300,0.3333333333333333,False
psi:6,psi,0.39999999999999997,under_1,final_week_cases,1.99,2.1832333333333334,300,0.3333333333333333,False
psi:6,psi,0.39999999999999997,under_1,outbreak_indicator,0.0,0.0,300,0.3333333333333333,False
psi:6,psi,0.39999999999999997,under_1,peak_weekly_cases,4.16,1.7677333333333336,300,0.3333333333333333,False
reporting_rate:0,reporting_rate,0.8,11_to_14,cumulative_cases,5.673333333333333,5.206622222222222,300,1.0,False
reporting_rate:0,reporting_rate,0.8,11_to_14,final_week_cases,0.9033333333333333,0.833988888888889,300,1.0,False
reporting_rate:0,reporting_rate,0.8,11_to_14,outbreak_indicator,0.0,0.0,300,1.0,False
reporting_rate:0,reporting_rate,0.8,11_to_14,peak_weekly_cases,2.243333333333333,0.7507888888888888,300,1.0,False
reporting_rate:0,reporting_rate,0.8,15_to_24,cumulative_cases,8.346666666666666,9.159822222222223,300,1.0,False
reporting_rate:0,reporting_rate,0.8,15_to_24,final_week_cases,1.45,1.6408333333333334,300,1.0,False
reporting_rate:0,reporting_rate,0.8,15_to_24,outbreak_indicator,0.0,0.0,300,1.0,False
reporting_rate:0,reporting_rate,0.8,15_to_24,peak_weekly_cases,3.006666666666667,1.2466222222222223,300,1.0,False
reporting_rate:0,reporting_rate,0.8,1_to_4,cumulative_cases,11.786666666666667,15.774488888888888,300,1.0,False
reporting_rate:0,reporting_rate,0.8,1_to_4,final_week_cases,1.6133333333333333,1.7104888888888887,300,1.0,False
reporting_rate:0,reporting_rate,0.8,1_to_4,outbreak_indicator,0.0,0.0,300,1.0,False
reporting_rate:0,reporting_rate,0.8,1_to_4,peak_weekly_cases,3.953333333333333,1.6444888888888889,300,1.0,False
reporting_rate:0,reporting_rate,0.8,25_to_34,cumulative_cases,13.13,13.086433333333334,300,1.0,False
reporting_rate:0,reporting_rate,0.8,25_to_34,final_week_cases,2.2,2.22,300,1.0,False
reporting_rate:0,reporting_rate,0.8,25_to_34,outbreak_indicator,0.0,0.0,300,1.0,False
reporting_rate:0,reporting_rate,0.8,25_to_34,peak_weekly_cases,4.183333333333334,1.5897222222222223,300,1.0,False
reporting_rate:0,reporting_rate,0.8,35_and_over,cumulative_cases,22.04,28.831733333333336,300,1.0,False
reporting_rate:0,reporting_rate,0.8,35_and_over,final_week_cases,3.8133333333333335,3.491822222222222,300,1.0,False
reporting_rate:0,reporting_rate,0.8,35_and_over,outbreak_indicator,0.0,0.0,300,1.0,False
reporting_rate:0,reporting_rate,0.8,35_and_over,peak_weekly_cases,6.27,2.483766666666667,300,1.0,False
reporting_rate:0,reporting_rate,0.8,5_to_10,cumulative_cases,31.786666666666665,40.87448888888889,300,1.0,False
reporting_rate:0,reporting_rate,0.8,5_to_10,final_week_cases,5.433333333333334,6.438888888888888,300,1.0,False
reporting_rate:0,reporting_rate,0.8,5_to_10,outbreak_indicator,0.0,0.0,300,1.0,False
reporting_rate:0,reporting_rate,0.8,5_to_10,peak_weekly_cases,8.44,3.7464000000000004,300,1.0,False
reporting_rate:0,reporting_rate,0.8,all ages combined,cumulative_cases,103.64333333333333,140.81612222222222,300,1.0,False
reporting_rate:0,reporting_rate,0.8,all ages combined,final_week_cases,17.036666666666665,20.85532222222222,300,1.0,False
reporting_rate:0,reporting_rate,0.8,all ages combined,outbreak_indicator,0.9933333333333333,0.0066222222222222194,300,1.0,False
reporting_rate:0,reporting_rate,0.8,all ages combined,peak_weekly_cases,22.8,10.1,300,1.0,False
reporting_rate:0,reporting_rate,0.8,under_1,cumulative_cases,10.88,11.998933333333333,300,1.0,False
reporting_rate:0,reporting_rate,0.8,under_1,final_week_cases,1.6233333333333333,1.6081222222222225,300,1.0,False
reporting_rate:0,reporting_rate,0.8,under_1,outbreak_indicator,0.0,0.0,300,1.0,False
reporting_rate:0,reporting_rate,0.8,under_1,peak_weekly_cases,3.6533333333333333,1.346488888888889,300,1.0,False
reporting_rate:1,reporting_rate,0.8333333333333334,11_to_14,cumulative_cases,5.9,5.763333333333334,300,1.0,False
reporting_rate:1,reporting_rate,0.8333333333333334,11_to_14,final_week_cases,0.8933333333333333,0.7686222222222221,300,1.0,False
reporting_rate:1,reporting_rate,0.8333333333333334,11_to_14,outbreak_indicator,0.0,0.0,300,1.0,False
reporting_rate:1,reporting_rate,0.8333333333333334,11_to_14,peak_weekly_cases,2.3033333333333332,0.7313222222222222,300,1.0,False
reporting_rate:1,reporting_rate,0.8333333333333334,15_to_24,cumulative_cases,8.68,9.284266666666667,300,1.0,False
reporting_rate:1,reporting_rate,0.8333333333333334,15_to_24,final_week_cases,1.5333333333333334,1.6622222222222223,300,1.0,False
reporting_rate:1,reporting_rate,0.8333333333333334,15_to_24,outbreak_indicator,0.0,0.0,300,1.0,False
reporting_rate:1,reporting_rate,0.8333333333333334,15_to_24,peak_weekly_cases,3.05,1.1541666666666666,300,1.0,False
reporting_rate:1,reporting_rate,0.8333333333333334,1_to_4,cumulative_cases,12.183333333333334,13.99638888888889,300,1.0,False
reporting_rate:1,reporting_rate,0.8333333333333334,1_to_4,final_week_cases,1.6166666666666667,1.836388888888889,300,1.0,False
reporting_rate:1,reporting_rate,0.8333333333333334,1_to_4,outbreak_indicator,0.0,0.0,300,1.0,False
reporting_rate:1,reporting_rate,0.8333333333333334,1_to_4,peak_weekly_cases,4.06,1.7430666666666665,300,1.0,False
reporting_rate:1,reporting_rate,0.8333333333333334,25_to_34,cumulative_cases,13.583333333333334,13.803055555555554,300,1.0,False
reporting_rate:1,reporting_rate,0.8333333333333334,25_to_34,final_week_cases,2.38,2.2289333333333334,300,1.0,False
reporting_rate:1,reporting_rate,0.8333333333333334,25_to_34,outbreak_indicator,0.0,0.0,300,1.0,False
reporting_rate:1,reporting_rate,0.8333333333333334,25_to_34,peak_weekly_cases,4.27,1.5437666666666667,300,1.0,False
reporting_rate:1,reporting_rate,0.8333333333333334,35_and_over,cumulative_cases,22.96,29.711733333333335,300,1.0,False
reporting_rate:1,reporting_rate,0.8333333333333334,35_and_over,final_week_cases,3.93,3.8717666666666664,300,1.0,False
reporting_rate:1,reporting_rate,0.8333333333333334,35_and_over,outbreak_indicator,0.0,0.0,300,1.0,False
reporting_rate:1,reporting_rate,0.8333333333333334,35_and_over,peak_weekly_cases,6.55,2.7275,300,1.0,False
reporting_rate:1,reporting_rate,0.8333333333333334,5_to_10,cumulative_cases,33.196666666666665,43.59798888888889,300,1.0,False
reporting_rate:1,reporting_rate,0.8333333333333334,5_to_10,final_week_cases,5.78,6.644933333333333,300,1.0,False
reporting_rate:1,reporting_rate,0.8333333333333334,5_to_10,outbreak_indicator,0.0,0.0,300,1.0,False
reporting_rate:1,reporting_rate,0.8333333333333334,5_to_10,peak_weekly_cases,8.733333333333333,3.9888888888888885,300,1.0,False
reporting_rate:1,reporting_rate,0.8333333333333334,all ages combined,cumulative_cases,107.83,136.57443333333333,300,1.0,False
reporting_rate:1,reporting_rate,0.8333333333333334,all ages combined,final_week_cases,17.766666666666666,21.218888888888888,300,1.0,False
reporting_rate:1,reporting_rate,0.8333333333333334,all ages combined,outbreak_indicator,1.0,0.0,300,1.0,False
reporting_rate:1,reporting_rate,0.8333333333333334,all ages combined,peak_weekly_cases,23.55666666666667,10.526788888888888,300,1.0,False
reporting_rate:1,reporting_rate,0.8333333333333334,under_1,cumulative_cases,11.326666666666666,11.439955555555557,300,1.0,False
reporting_rate:1,reporting_rate,0.8333333333333334,under_1,final_week_cases,1.6333333333333333,1.5655555555555554,300,1.0,False
reporting_rate:1,reporting_rate,0.8333333333333334,under_1,outbreak_indicator,0.0,0.0,300,1.0,False
reporting_rate:1,reporting_rate,0.8333333333333334,under_1,peak_weekly_cases,3.75,1.4941666666666666,300,1.0,False
reporting_rate:2,reporting_rate,0.8666666666666667,11_to_14,cumulative_cases,6.29,5.8259,300,1.0,False
reporting_rate:2,reporting_rate,0.8666666666666667,11_to_14,final_week_cases,0.9333333333333333,0.8755555555555554,300,1.0,False
reporting_rate:2,reporting_rate,0.8666666666666667,11_to_14,outbreak_indicator,0.0,0.0,300,1.0,False
reporting_rate:2,reporting_rate,0.8666666666666667,11_to_14,peak_weekly_cases,2.4066666666666667,0.7812888888888888,300,1.0,False
reporting_rate:2,reporting_rate,0.8666666666666667,15_to_24,cumulative_cases,9.08,9.180266666666666,300,1.0,False
reporting_rate:2,reporting_rate,0.8666666666666667,15_to_24,final_week_cases,1.5566666666666666,1.653455555555556,300,1.0,False
reporting_rate:2,reporting_rate,0.8666666666666667,15_to_24,outbreak_indicator,0.0,0.0,300,1.0,False
reporting_rate:2,reporting_rate,0.8666666666666667,15_to_24,peak_weekly_cases,3.1766666666666667,1.212122222222222,300,1.0,False
reporting_rate:2,reporting_rate,0.8666666666666667,1_to_4,cumulative_cases,12.606666666666667,14.305288888888887,300,1.0,False
reporting_rate:2,reporting_rate,0.8666666666666667,1_to_4,final_week_cases,1.6733333333333333,1.846622222222222,300,1.0,False
reporting_rate:2,reporting_rate,0.8666666666666667,1_to_4,outbreak_indicator,0.0,0.0,300,1.0,False
reporting_rate:2,reporting_rate,0.8666666666666667,1_to_4,peak_weekly_cases,4.1433333333333335,1.862788888888889,300,1.0,False
reporting_rate:2,reporting_rate,0.8666666666666667,25_to_34,cumulative_cases,13.96,15.385066666666669,300,1.0,False
reporting_rate:2,reporting_rate,0.8666666666666667,25_to_34,final_week_cases,2.53,2.6024333333333334,300,1.0,False
reporting_rate:2,reporting_rate,0.8666666666666667,25_to_34,outbreak_indicator,0.0,0.0,300,1.0,False
reporting_rate:2,reporting_rate,0.8666666666666667,25_to_34,peak_weekly_cases,4.49,1.8299,300,1.0,False
reporting_rate:2,reporting_rate,0.8666666666666667,35_and_over,cumulative_cases,23.68,33.4576,300,1.0,False
reporting_rate:2,reporting_rate,0.8666666666666667,35_and_over,final_week_cases,4.213333333333333,4.381155555555555,300,1.0,False
reporting_rate:2,reporting_rate,0.8666666666666667,35_and_over,outbreak_indicator,0.0,0.0,300,1.0,False
reporting_rate:2,reporting_rate,0.8666666666666667,35_and_over,peak_weekly_cases,6.6466666666666665,2.9618222222222226,300,1.0,False
reporting_rate:2,reporting_rate,0.8666666666666667,5_to_10,cumulative_cases,34.54333333333334,42.71478888888889,300,1.0,False
reporting_rate:2,reporting_rate,0.8666666666666667,5_to_10,final_week_cases,5.956666666666667,6.888122222222222,300,1.0,False
reporting_rate:2,reporting_rate,0.8666666666666667,5_to_10,outbreak_indicator,0.0033333333333333335,0.003322222222222221,300,1.0,False
reporting_rate:2,reporting_rate,0.8666666666666667,5_to_10,peak_weekly_cases,9.03,4.062433333333334,300,1.0,False
reporting_rate:2,reporting_rate,0.8666666666666667,all ages combined,cumulative_cases,111.86333333333333,137.48465555555555,300,1.0,False
reporting_rate:2,reporting_rate,0.8666666666666667,all ages combined,final_week_cases,18.673333333333332,20.139955555555552,300,1.0,False
reporting_rate:2,reporting_rate,0.8666666666666667,all ages combined,outbreak_indicator,1.0,0.0,300,1.0,False
reporting_rate:2,reporting_rate,0.8666666666666667,all ages combined,peak_weekly_cases,24.476666666666667,10.556122222222221,300,1.0,False
reporting_rate:2,reporting_rate,0.8666666666666667,under_1,cumulative_cases,11.703333333333333,11.76198888888889,300,1.0,False
reporting_rate:2,reporting_rate,0.8666666666666667,under_1,final_week_cases,1.81,1.8139000000000003,300,1.0,False
reporting_rate:2,reporting_rate,0.8666666666666667,under_1,outbreak_indicator,0.0,0.0,300,1.0,False
reporting_rate:2,reporting_rate,0.8666666666666667,under_1,peak_weekly_cases,3.776666666666667,1.3201222222222222,300,1.0,False
reporting_rate:3,reporting_rate,0.9,11_to_14,cumulative_cases,6.633333333333334,5.778888888888888,300,1.0,False
reporting_rate:3,reporting_rate,0.9,11_to_14,final_week_cases,0.97,0.8757666666666667,300,1.0,False
reporting_rate:3,reporting_rate,0.9,11_to_14,outbreak_indicator,0.0,0.0,300,1.0,False
reporting_rate:3,reporting_rate,0.9,11_to_14,peak_weekly_cases,2.4433333333333334,0.7534555555555555,300,1.0,False
reporting_rate:3,reporting_rate,0.9,15_to_24,cumulative_cases,9.556666666666667,9.280122222222223,300,1.0,False
reporting_rate:3,reporting_rate,0.9,15_to_24,final_week_cases,1.6566666666666667,1.7787888888888888,300,1.0,False
reporting_rate:3,reporting_rate,0.9,15_to_24,outbreak_indicator,0.0,0.0,300,1.0,False
reporting_rate:3,reporting_rate,0.9,15_to_24,peak_weekly_cases,3.3466666666666667,1.3398222222222225,300,1.0,False
reporting_rate:3,reporting_rate,0.9,1_to_4,cumulative_cases,13.04,15.125066666666665,300,1.0,False
reporting_rate:3,reporting_rate,0.9,1_to_4,final_week_cases,1.8,1.986666666666667,300,1.0,False
reporting_rate:3,reporting_rate,0.9,1_to_4,outbreak_indicator,0.0,0.0,300,1.0,False
reporting_rate:3,reporting_rate,0.9,1_to_4,peak_weekly_cases,4.226666666666667,1.8352888888888885,300,1.0,False
reporting_rate:3,reporting_rate,0.9,25_to_34,cumulative_cases,14.376666666666667,15.601455555555555,300,1.0,False
reporting_rate:3,reporting_rate,0.9,25_to_34,final_week_cases,2.486666666666667,2.6698222222222223,300,1.0,False
reporting_rate:3,reporting_rate,0.9,25_to_34,outbreak_indicator,0.0,0.0,300,1.0,False
reporting_rate:3,reporting_rate,0.9,25_to_34,peak_weekly_cases,4.483333333333333,1.656388888888889,300,1.0,False
reporting_rate:3,reporting_rate,0.9,35_and_over,cumulative_cases,24.813333333333333,32.62515555555556,300,1.0,False
reporting_rate:3,reporting_rate,0.9,35_and_over,final_week_cases,4.63,5.079766666666667,300,1.0,False
reporting_rate:3,reporting_rate,0.9,35_and_over,outbreak_indicator,0.0,0.0,300,1.0,False
reporting_rate:3,reporting_rate,0.9,35_and_over,peak_weekly_cases,6.946666666666666,3.257155555555556,300,1.0,False
reporting_rate:3,reporting_rate,0.9,5_to_10,cumulative_cases,36.093333333333334,43.944622222222215,300,1.0,False
reporting_rate:3,reporting_rate,0.9,5_to_10,final_week_cases,6.196666666666666,7.197988888888888,300,1.0,False
reporting_rate:3,reporting_rate,0.9,5_to_10,outbreak_indicator,0.006666666666666667,0.0066222222222222194,300,1.0,False
reporting_rate:3,reporting_rate,0.9,5_to_10,peak_weekly_cases,9.29,4.112566666666667,300,1.0,False
reporting_rate:3,reporting_rate,0.9,all ages combined,cumulative_cases,116.81,169.65390000000002,300,1.0,False
reporting_rate:3,reporting_rate,0.9,all ages combined,final_week_cases,19.72,23.641599999999997,300,1.0,False
reporting_rate:3,reporting_rate,0.9,all ages combined,outbreak_indicator,1.0,0.0,300,1.0,False
reporting_rate:3,reporting_rate,0.9,all ages combined,peak_weekly_cases,25.3,11.43,300,1.0,False
reporting_rate:3,reporting_rate,0.9,under_1,cumulative_cases,12.296666666666667,13.228655555555557,300,1.0,False
reporting_rate:3,reporting_rate,0.9,under_1,final_week_cases,1.98,2.246266666666666,300,1.0,False
reporting_rate:3,reporting_rate,0.9,under_1,outbreak_indicator,0.0,0.0,300,1.0,False
reporting_rate:3,reporting_rate,0.9,under_1,peak_weekly_cases,3.973333333333333,1.3459555555555558,300,1.0,False
reporting_rate:4,reporting_rate,0.9333333333333333,11_to_14,cumulative_cases,6.613333333333333,6.337155555555555,300,1.0,False
reporting_rate:4,reporting_rate,0.9333333333333333,11_to_14,final_week_cases,0.9933333333333333,0.953288888888889,300,1.0,False
reporting_rate:4,reporting_rate,0.9333333333333333,11_to_14,outbreak_indicator,0.0,0.0,300,1.0,False
reporting_rate:4,reporting_rate,0.9333333333333333,11_to_14,peak_weekly_cases,2.546666666666667,0.8478222222222223,300,1.0,False
reporting_rate:4,reporting_rate,0.9333333333333333,15_to_24,cumulative_cases,9.736666666666666,9.107322222222223,300,1.0,False
reporting_rate:4,reporting_rate,0.9333333333333333,15_to_24,final_week_cases,1.79,1.9525666666666666,300,1.0,False
reporting_rate:4,reporting_rate,0.9333333333333333,15_to_24,outbreak_indicator,0.0,0.0,300,1.0,False
reporting_rate:4,reporting_rate,0.9333333333333333,15_to_24,peak_weekly_cases,3.3433333333333333,1.2454555555555555,300,1.0,False
reporting_rate:4,reporting_rate,0.9333333333333333,1_to_4,cumulative_cases,13.683333333333334,14.983055555555557,300,1.0,False
reporting_rate:4,reporting_rate,0.9333333333333333,1_to_4,final_week_cases,1.9366666666666668,2.2859888888888893,300,1.0,False
reporting_rate:4,reporting_rate,0.9333333333333333,1_to_4,outbreak_indicator,0.0,0.0,300,1.0,False
reporting_rate:4,reporting_rate,0.9333333333333333,1_to_4,peak_weekly_cases,4.43,2.0051,300,1.0,False
reporting_rate:4,reporting_rate,0.9333333333333333,25_to_34,cumulative_cases,14.986666666666666,17.31982222222222,300,1.0,False
reporting_rate:4,reporting_rate,0.9333333333333333,25_to_34,final_week_cases,2.6266666666666665,2.640622222222222,300,1.0,False
reporting_rate:4,reporting_rate,0.9333333333333333,25_to_34,outbreak_indicator,0.0,0.0,300,1.0,False
reporting_rate:4,reporting_rate,0.9333333333333333,25_to_34,peak_weekly_cases,4.566666666666666,1.9322222222222225,300,1.0,False
reporting_rate:4,reporting_rate,0.9333333333333333,35_and_over,cumulative_cases,26.006666666666668,33.01995555555556,300,1.0,False
reporting_rate:4,reporting_rate,0.9333333333333333,35_and_over,final_week_cases,4.86,5.847066666666667,300,1.0,False
reporting_rate:4,reporting_rate,0.9333333333333333,35_and_over,outbreak_indicator,0.0,0.0,300,1.0,False
reporting_rate:4,reporting_rate,0.9333333333333333,35_and_over,peak_weekly_cases,7.336666666666667,3.2566555555555556,300,1.0,False
reporting_rate:4,reporting_rate,0.9333333333333333,5_to_10,cumulative_cases,37.16,51.4344,300,1.0,False
reporting_rate:4,reporting_rate,0.9333333333333333,5_to_10,final_week_cases,6.3966666666666665,7.425988888888889,300,1.0,False
reporting_rate:4,reporting_rate,0.9333333333333333,5_to_10,outbreak_indicator,0.0033333333333333335,0.0033222222222222216,300,1.0,False
reporting_rate:4,reporting_rate,0.9333333333333333,5_to_10,peak_weekly_cases,9.456666666666667,4.468122222222222,300,1.0,False
reporting_rate:4,reporting_rate,0.9333333333333333,all ages combined,cumulative_cases,121.01333333333334,172.1064888888889,300,1.0,False
reporting_rate:4,reporting_rate,0.9333333333333333,all ages combined,final_week_cases,20.55666666666667,24.78678888888889,300,1.0,False
reporting_rate:4,reporting_rate,0.9333333333333333,all ages combined,outbreak_indicator,1.0,0.0,300,1.0,False
reporting_rate:4,reporting_rate,0.9333333333333333,all ages combined,peak_weekly_cases,26.226666666666667,11.101955555555557,300,1.0,False
reporting_rate:4,reporting_rate,0.9333333333333333,under_1,cumulative_cases,12.826666666666666,13.476622222222222,300,1.0,False
reporting_rate:4,reporting_rate,0.9333333333333333,under_1,final_week_cases,1.9533333333333334,2.0378222222222226,300,1.0,False
reporting_rate:4,reporting_rate,0.9333333333333333,under_1,outbreak_indicator,0.0,0.0,300,1.0,False
reporting_rate:4,reporting_rate,0.9333333333333333,under_1,peak_weekly_cases,4.083333333333333,1.4230555555555555,300,1.0,False
reporting_rate:5,reporting_rate,0.9666666666666667,11_to_14,cumulative_cases,6.8933333333333335,6.868622222222222,300,1.0,False
reporting_rate:5,reporting_rate,0.9666666666666667,11_to_14,final_week_cases,1.09,1.1752333333333336,300,1.0,False
reporting_rate:5,reporting_rate,0.9666666666666667,11_to_14,outbreak_indicator,0.0,0.0,300,1.0,False
reporting_rate:5,reporting_rate,0.9666666666666667,11_to_14,peak_weekly_cases,2.6066666666666665,0.8986222222222223,300,1.0,False
reporting_rate:5,reporting_rate,0.9666666666666667,15_to_24,cumulative_cases,10.283333333333333,10.17638888888889,300,1.0,False
reporting_rate:5,reporting_rate,0.9666666666666667,15_to_24,final_week_cases,1.9066666666666667,1.9446222222222225,300,1.0,False
reporting_rate:5,reporting_rate,0.9666666666666667,15_to_24,outbreak_indicator,0.0,0.0,300,1.0,False
reporting_rate:5,reporting_rate,0.9666666666666667,15_to_24,peak_weekly_cases,3.4266666666666667,1.2846222222222223,300,1.0,False
reporting_rate:5,reporting_rate,0.9666666666666667,1_to_4,cumulative_cases,14.25,15.074166666666667,300,1.0,False
reporting_rate:5,reporting_rate,0.9666666666666667,1_to_4,final_week_cases,1.9566666666666668,2.114788888888889,300,1.0,False
reporting_rate:5,reporting_rate,0.9666666666666667,1_to_4,outbreak_indicator,0.0,0.0,300,1.0,False
reporting_rate:5,reporting_rate,0.9666666666666667,1_to_4,peak_weekly_cases,4.623333333333333,2.188122222222222,300,1.0,False
reporting_rate:5,reporting_rate,0.9666666666666667,25_to_34,cumulative_cases,15.483333333333333,17.763055555555553,300,1.0,False
reporting_rate:5,reporting_rate,0.9666666666666667,25_to_34,final_week_cases,2.71,2.8725666666666663,300,1.0,False
reporting_rate:5,reporting_rate,0.9666666666666667,25_to_34,outbreak_indicator,0.0,0.0,300,1.0,False
reporting_rate:5,reporting_rate,0.9666666666666667,25_to_34,peak_weekly_cases,4.71,2.0792333333333333,300,1.0,False
reporting_rate:5,reporting_rate,0.9666666666666667,35_and_over,cumulative_cases,27.186666666666667,37.46515555555555,300,1.0,False
reporting_rate:5,reporting_rate,0.9666666666666667,35_and_over,final_week_cases,5.083333333333333,6.4030555555555555,300,1.0,False
reporting_rate:5,reporting_rate,0.9666666666666667,35_and_over,outbreak_indicator,0.0,0.0,300,1.0,False
reporting_rate:5,reporting_rate,0.9666666666666667,35_and_over,peak_weekly_cases,7.56,3.6464000000000003,300,1.0,False
reporting_rate:5,reporting_rate,0.9666666666666667,5_to_10,cumulative_cases,38.76,55.482400000000005,300,1.0,False
reporting_rate:5,reporting_rate,0.9666666666666667,5_to_10,final_week_cases,6.67,8.0411,300,1.0,False
reporting_rate:5,reporting_rate,0.9666666666666667,5_to_10,outbreak_indicator,0.0,0.0,300,1.0,False
reporting_rate:5,reporting_rate,0.9666666666666667,5_to_10,peak_weekly_cases,9.863333333333333,4.471322222222222,300,1.0,False
reporting_rate:5,reporting_rate,0.9666666666666667,all ages combined,cumulative_cases,126.34666666666666,185.1064888888889,300,1.0,False
reporting_rate:5,reporting_rate,0.9666666666666667,all ages combined,final_week_cases,21.506666666666668,27.26328888888889,300,1.0,False
reporting_rate:5,reporting_rate,0.9666666666666667,all ages combined,outbreak_indicator,1.0,0.0,300,1.0,False
reporting_rate:5,reporting_rate,0.9666666666666667,all ages combined,peak_weekly_cases,27.286666666666665,13.491155555555556,300,1.0,False
reporting_rate:5,reporting_rate,0.9666666666666667,under_1,cumulative_cases,13.49,15.356566666666664,300,1.0,False
reporting_rate:5,reporting_rate,0.9666666666666667,under_1,final_week_cases,2.09,2.1619,300,1.0,False
reporting_rate:5,reporting_rate,0.9666666666666667,under_1,outbreak_indicator,0.0,0.0,300,1.0,False
reporting_rate:5,reporting_rate,0.9666666666666667,under_1,peak_weekly_cases,4.203333333333333,1.6153222222222223,300,1.0,False
reporting_rate:6,reporting_rate,1.0,11_to_14,cumulative_cases,7.16,8.067733333333335,300,1.0,True
reporting_rate:6,reporting_rate,1.0,11_to_14,final_week_cases,1.2666666666666666,1.4155555555555555,300,1.0,True
reporting_rate:6,reporting_rate,1.0,11_to_14,outbreak_indicator,0.0,0.0,300,1.0,True
reporting_rate:6,reporting_rate,1.0,11_to_14,peak_weekly_cases,2.6933333333333334,1.039288888888889,300,1.0,True
reporting_rate:6,reporting_rate,1.0,15_to_24,cumulative_cases,10.686666666666667,11.675155555555556,300,1.0,True
reporting_rate:6,reporting_rate,1.0,15_to_24,final_week_cases,1.9466666666666668,2.0838222222222225,300,1.0,True
reporting_rate:6,reporting_rate,1.0,15_to_24,outbreak_indicator,0.0,0.0,300,1.0,True
reporting_rate:6,reporting_rate,1.0,15_to_24,peak_weekly_cases,3.5366666666666666,1.381988888888889,300,1.0,True
reporting_rate:6,reporting_rate,1.0,1_to_4,cumulative_cases,15.04,15.765066666666668,300,1.0,True
reporting_rate:6,reporting_rate,1.0,1_to_4,final_week_cases,2.19,2.0672333333333337,300,1.0,True
reporting_rate:6,reporting_rate,1.0,1_to_4,outbreak_indicator,0.0,0.0,300,1.0,True
reporting_rate:6,reporting_rate,1.0,1_to_4,peak_weekly_cases,4.823333333333333,2.045455555555556,300,1.0,True
reporting_rate:6,reporting_rate,1.0,25_to_34,cumulative_cases,16.313333333333333,19.961822222222224,300,1.0,True
reporting_rate:6,reporting_rate,1.0,25_to_34,final_week_cases,2.9,3.296666666666667,300,1.0,True
reporting_rate:6,reporting_rate,1.0,25_to_34,outbreak_indicator,0.0,0.0,300,1.0,True
reporting_rate:6,reporting_rate,1.0,25_to_34,peak_weekly_cases,4.973333333333334,2.0059555555555555,300,1.0,True
reporting_rate:6,reporting_rate,1.0,35_and_over,cumulative_cases,28.006666666666668,40.513288888888894,300,1.0,True
reporting_rate:6,reporting_rate,1.0,35_and_over,final_week_cases,5.0,5.58,300,1.0,True
reporting_rate:6,reporting_rate,1.0,35_and_over,outbreak_indicator,0.0,0.0,300,1.0,True
reporting_rate:6,reporting_rate,1.0,35_and_over,peak_weekly_cases,7.526666666666666,3.829288888888888,300,1.0,True
reporting_rate:6,reporting_rate,1.0,5_to_10,cumulative_cases,40.22,50.791599999999995,300,1.0,True
reporting_rate:6,reporting_rate,1.0,5_to_10,final_week_cases,7.003333333333333,7.4366555555555545,300,1.0,True
reporting_rate:6,reporting_rate,1.0,5_to_10,outbreak_indicator,0.0033333333333333335,0.0033222222222222216,300,1.0,True
reporting_rate:6,reporting_rate,1.0,5_to_10,peak_weekly_cases,10.126666666666667,3.8706222222222215,300,1.0,True
reporting_rate:6,reporting_rate,1.0,all ages combined,cumulative_cases,131.17,202.62776666666667,300,1.0,True
reporting_rate:6,reporting_rate,1.0,all ages combined,final_week_cases,22.49,26.536566666666666,300,1.0,True
reporting_rate:6,reporting_rate,1.0,all ages combined,outbreak_indicator,1.0,0.0,300,1.0,True
reporting_rate:6,reporting_rate,1.0,all ages combined,peak_weekly_cases,28.093333333333334,13.657955555555558,300,1.0,True
reporting_rate:6,reporting_rate,1.0,under_1,cumulative_cases,13.743333333333334,15.637455555555556,300,1.0,True
reporting_rate:6,reporting_rate,1.0,under_1,final_week_cases,2.183333333333333,2.363055555555555,300,1.0,True
reporting_rate:6,reporting_rate,1.0,under_1,outbreak_indicator,0.0,0.0,300,1.0,True
reporting_rate:6,reporting_rate,1.0,under_1,peak_weekly_cases,4.33,1.8344333333333331,300,1.0,True
seasonal_amplitude:0,seasonal_amplitude,0.48,11_to_14,cumulative_cases,6.753333333333333,6.432488888888888,300,0.6,False
seasonal_amplitude:0,seasonal_amplitude,0.48,11_to_14,final_week_cases,1.0733333333333333,1.1012888888888888,300,0.6,False
seasonal_amplitude:0,seasonal_amplitude,0.48,11_to_14,outbreak_indicator,0.0,0.0,300,0.6,False
seasonal_amplitude:0,seasonal_amplitude,0.48,11_to_14,peak_weekly_cases,2.6,0.88,300,0.6,False
seasonal_amplitude:0,seasonal_amplitude,0.48,15_to_24,cumulative_cases,10.356666666666667,9.709455555555556,300,0.6,False
seasonal_amplitude:0,seasonal_amplitude,0.48,15_to_24,final_week_cases,1.82,1.9542666666666666,300,0.6,False
seasonal_amplitude:0,seasonal_amplitude,0.48,15_to_24,outbreak_indicator,0.0,0.0,300,0.6,False
seasonal_amplitude:0,seasonal_amplitude,0.48,15_to_24,peak_weekly_cases,3.473333333333333,1.3159555555555555,300,0.6,False
seasonal_amplitude:0,seasonal_amplitude,0.48,1_to_4,cumulative_cases,14.096666666666666,15.213988888888888,300,0.6,False
seasonal_amplitude:0,seasonal_amplitude,0.48,1_to_4,final_week_cases,1.94,2.243066666666667,300,0.6,False
seasonal_amplitude:0,seasonal_amplitude,0.48,1_to_4,outbreak_indicator,0.0,0.0,300,0.6,False
seasonal_amplitude:0,seasonal_amplitude,0.48,1_to_4,peak_weekly_cases,4.616666666666666,1.9630555555555553,300,0.6,False
seasonal_amplitude:0,seasonal_amplitude,0.48,25_to_34,cumulative_cases,15.516666666666667,18.289722222222224,300,0.6,False
seasonal_amplitude:0,seasonal_amplitude,0.48,25_to_34,final_week_cases,2.756666666666667,2.837455555555555,300,0.6,False
seasonal_amplitude:0,seasonal_amplitude,0.48,25_to_34,outbreak_indicator,0.0,0.0,300,0.6,False
seasonal_amplitude:0,seasonal_amplitude,0.48,25_to_34,peak_weekly_cases,4.696666666666666,1.9046555555555558,300,0.6,False
seasonal_amplitude:0,seasonal_amplitude,0.48,35_and_over,cumulative_cases,27.643333333333334,41.24278888888889,300,0.6,False
seasonal_amplitude:0,seasonal_amplitude,0.48,35_and_over,final_week_cases,4.983333333333333,6.256388888888888,300,0.6,False
seasonal_amplitude:0,seasonal_amplitude,0.48,35_and_over,outbreak_indicator,0.0,0.0,300,0.6,False
seasonal_amplitude:0,seasonal_amplitude,0.48,35_and_over,peak_weekly_cases,7.576666666666667,3.7174555555555555,300,0.6,False
seasonal_amplitude:0,seasonal_amplitude,0.48,5_to_10,cumulative_cases,38.026666666666664,49.552622222222226,300,0.6,False
seasonal_amplitude:0,seasonal_amplitude,0.48,5_to_10,final_week_cases,6.3133333333333335,7.241822222222222,300,0.6,False
seasonal_amplitude:0,seasonal_amplitude,0.48,5_to_10,outbreak_indicator,0.0,0.0,300,0.6,False
seasonal_amplitude:0,seasonal_amplitude,0.48,5_to_10,peak_weekly_cases,9.6,4.226666666666667,300,0.6,False
seasonal_amplitude:0,seasonal_amplitude,0.48,all ages combined,cumulative_cases,125.53333333333333,179.69555555555553,300,0.6,False
seasonal_amplitude:0,seasonal_amplitude,0.48,all ages combined,final_week_cases,20.81,24.687233333333328,300,0.6,False
seasonal_amplitude:0,seasonal_amplitude,0.48,all ages combined,outbreak_indicator,1.0,0.0,300,0.6,False
seasonal_amplitude:0,seasonal_amplitude,0.48,all ages combined,peak_weekly_cases,27.023333333333333,11.849455555555556,300,0.6,False
seasonal_amplitude:0,seasonal_amplitude,0.48,under_1,cumulative_cases,13.14,15.11373333333333,300,0.6,False
seasonal_amplitude:0,seasonal_amplitude,0.48,under_1,final_week_cases,1.9233333333333333,2.2507888888888887,300,0.6,False
seasonal_amplitude:0,seasonal_amplitude,0.48,under_1,outbreak_indicator,0.0,0.0,300,0.6,False
seasonal_amplitude:0,seasonal_amplitude,0.48,under_1,peak_weekly_cases,4.193333333333333,1.782622222222222,300,0.6,False
seasonal_amplitude:1,seasonal_amplitude,0.52,11_to_14,cumulative_cases,6.91,6.588566666666666,300,0.6,False
seasonal_amplitude:1,seasonal_amplitude,0.52,11_to_14,final_week_cases,1.07,1.1384333333333332,300,0.6,False
seasonal_amplitude:1,seasonal_amplitude,0.52,11_to_14,outbreak_indicator,0.0,0.0,300,0.6,False
seasonal_amplitude:1,seasonal_amplitude,0.52,11_to_14,peak_weekly_cases,2.6566666666666667,0.9321222222222222,300,0.6,False
seasonal_amplitude:1,seasonal_amplitude,0.52,15_to_24,cumulative_cases,10.6,10.946666666666667,300,0.6,False
seasonal_amplitude:1,seasonal_amplitude,0.52,15_to_24,final_week_cases,1.89,2.0312333333333337,300,0.6,False
seasonal_amplitude:1,seasonal_amplitude,0.52,15_to_24,outbreak_indicator,0.0,0.0,300,0.6,False
seasonal_amplitude:1,seasonal_amplitude,0.52,15_to_24,peak_weekly_cases,3.506666666666667,1.323288888888889,300,0.6,False
seasonal_amplitude:1,seasonal_amplitude,0.52,1_to_4,cumulative_cases,14.466666666666667,14.848888888888887,300,0.6,False
seasonal_amplitude:1,seasonal_amplitude,0.52,1_to_4,final_week_cases,1.97,2.4424333333333332,300,0.6,False
seasonal_amplitude:1,seasonal_amplitude,0.52,1_to_4,outbreak_indicator,0.0,0.0,300,0.6,False
seasonal_amplitude:1,seasonal_amplitude,0.52,1_to_4,peak_weekly_cases,4.733333333333333,2.1022222222222227,300,0.6,False
seasonal_amplitude:1,seasonal_amplitude,0.52,25_to_34,cumulative_cases,15.733333333333333,19.455555555555552,300,0.6,False
seasonal_amplitude:1,seasonal_amplitude,0.52,25_to_34,final_week_cases,2.736666666666667,2.760655555555555,300,0.6,False
seasonal_amplitude:1,seasonal_amplitude,0.52,25_to_34,outbreak_indicator,0.0,0.0,300,0.6,False
seasonal_amplitude:1,seasonal_amplitude,0.52,25_to_34,peak_weekly_cases,4.766666666666667,2.1055555555555556,300,0.6,False
seasonal_amplitude:1,seasonal_amplitude,0.52,35_and_over,cumulative_cases,27.886666666666667,40.253822222222226,300,0.6,False
seasonal_amplitude:1,seasonal_amplitude,0.52,35_and_over,final_week_cases,5.1066666666666665,6.488622222222222,300,0.6,False
seasonal_amplitude:1,seasonal_amplitude,0.52,35_and_over,outbreak_indicator,0.0,0.0,300,0.6,False
seasonal_amplitude:1,seasonal_amplitude,0.52,35_and_over,peak_weekly_cases,7.6866666666666665,3.5084888888888894,300,0.6,False
seasonal_amplitude:1,seasonal_amplitude,0.52,5_to_10,cumulative_cases,38.46333333333333,50.46198888888889,300,0.6,False
seasonal_amplitude:1,seasonal_amplitude,0.52,5_to_10,final_week_cases,6.523333333333333,7.696122222222222,300,0.6,False
seasonal_amplitude:1,seasonal_amplitude,0.52,5_to_10,outbreak_indicator,0.0033333333333333335,0.0033222222222222225,300,0.6,False
seasonal_amplitude:1,seasonal_amplitude,0.52,5_to_10,peak_weekly_cases,9.756666666666666,4.270788888888889,300,0.6,False
seasonal_amplitude:1,seasonal_amplitude,0.52,all ages combined,cumulative_cases,127.48666666666666,176.88315555555553,300,0.6,False
seasonal_amplitude:1,seasonal_amplitude,0.52,all ages combined,final_week_cases,21.343333333333334,25.63878888888889,300,0.6,False
seasonal_amplitude:1,seasonal_amplitude,0.52,all ages combined,outbreak_indicator,1.0,0.0,300,0.6,False
seasonal_amplitude:1,seasonal_amplitude,0.52,all ages combined,peak_weekly_cases,27.516666666666666,12.423055555555555,300,0.6,False
seasonal_amplitude:1,seasonal_amplitude,0.52,under_1,cumulative_cases,13.426666666666666,15.497955555555558,300,0.6,False
seasonal_amplitude:1,seasonal_amplitude,0.52,under_1,final_week_cases,2.046666666666667,2.0378222222222218,300,0.6,False
seasonal_amplitude:1,seasonal_amplitude,0.52,under_1,outbreak_indicator,0.0,0.0,300,0.6,False
seasonal_amplitude:1,seasonal_amplitude,0.52,under_1,peak_weekly_cases,4.203333333333333,1.7286555555555552,300,0.6,False
seasonal_amplitude:2,seasonal_amplitude,0.5599999999999999,11_to_14,cumulative_cases,7.05,7.660833333333334,300,0.6,False
seasonal_amplitude:2,seasonal_amplitude,0.5599999999999999,11_to_14,final_week_cases,1.1566666666666667,1.3054555555555556,300,0.6,False
seasonal_amplitude:2,seasonal_amplitude,0.5599999999999999,11_to_14,outbreak_indicator,0.0,0.0,300,0.6,False
seasonal_amplitude:2,seasonal_amplitude,0.5599999999999999,11_to_14,peak_weekly_cases,2.6933333333333334,0.9592888888888887,300,0.6,False
seasonal_amplitude:2,seasonal_amplitude,0.5599999999999999,15_to_24,cumulative_cases,10.753333333333334,10.739155555555556,300,0.6,False
seasonal_amplitude:2,seasonal_amplitude,0.5599999999999999,15_to_24,final_week_cases,1.8933333333333333,2.148622222222222,300,0.6,False
seasonal_amplitude:2,seasonal_amplitude,0.5599999999999999,15_to_24,outbreak_indicator,0.0,0.0,300,0.6,False
seasonal_amplitude:2,seasonal_amplitude,0.5599999999999999,15_to_24,peak_weekly_cases,3.5833333333333335,1.2563888888888892,300,0.6,False
seasonal_amplitude:2,seasonal_amplitude,0.5599999999999999,1_to_4,cumulative_cases,14.646666666666667,14.328488888888888,300,0.6,False
seasonal_amplitude:2,seasonal_amplitude,0.5599999999999999,1_to_4,final_week_cases,2.0866666666666664,2.2591555555555556,300,0.6,False
seasonal_amplitude:2,seasonal_amplitude,0.5599999999999999,1_to_4,outbreak_indicator,0.0,0.0,300,0.6,False
seasonal_amplitude:2,seasonal_amplitude,0.5599999999999999,1_to_4,peak_weekly_cases,4.73,1.9171000000000005,300,0.6,False
seasonal_amplitude:2,seasonal_amplitude,0.5599999999999999,25_to_34,cumulative_cases,16.13,20.7131,300,0.6,False
seasonal_amplitude:2,seasonal_amplitude,0.5599999999999999,25_to_34,final_week_cases,2.8766666666666665,2.8747888888888893,300,0.6,False
seasonal_amplitude:2,seasonal_amplitude,0.5599999999999999,25_to_34,outbreak_indicator,0.0,0.0,300,0.6,False
seasonal_amplitude:2,seasonal_amplitude,0.5599999999999999,25_to_34,peak_weekly_cases,4.92,2.0602666666666662,300,0.6,False
seasonal_amplitude:2,seasonal_amplitude,0.5599999999999999,35_and_over,cumulative_cases,27.89666666666667,43.772655555555566,300,0.6,False
seasonal_amplitude:2,seasonal_amplitude,0.5599999999999999,35_and_over,final_week_cases,5.083333333333333,6.596388888888888,300,0.6,False
seasonal_amplitude:2,seasonal_amplitude,0.5599999999999999,35_and_over,outbreak_indicator,0.0,0.0,300,0.6,False
seasonal_amplitude:2,seasonal_amplitude,0.5599999999999999,35_and_over,peak_weekly_cases,7.58,3.9435999999999996,300,0.6,False
seasonal_amplitude:2,seasonal_amplitude,0.5599999999999999,5_to_10,cumulative_cases,39.37,50.5131,300,0.6,False
seasonal_amplitude:2,seasonal_amplitude,0.5599999999999999,5_to_10,final_week_cases,6.826666666666667,8.049955555555556,300,0.6,False
seasonal_amplitude:2,seasonal_amplitude,0.5599999999999999,5_to_10,outbreak_indicator,0.0033333333333333335,0.0033222222222222216,300,0.6,False
seasonal_amplitude:2,seasonal_amplitude,0.5599999999999999,5_to_10,peak_weekly_cases,9.98,3.826266666666667,300,0.6,False
seasonal_amplitude:2,seasonal_amplitude,0.5599999999999999,all ages combined,cumulative_cases,129.48333333333332,198.1363888888889,300,0.6,False
seasonal_amplitude:2,seasonal_amplitude,0.5599999999999999,all ages combined,final_week_cases,22.046666666666667,28.364488888888893,300,0.6,False
seasonal_amplitude:2,seasonal_amplitude,0.5599999999999999,all ages combined,outbreak_indicator,1.0,0.0,300,0.6,False
seasonal_amplitude:2,seasonal_amplitude,0.5599999999999999,all ages combined,peak_weekly_cases,27.713333333333335,12.624488888888889,300,0.6,False
seasonal_amplitude:2,seasonal_amplitude,0.5599999999999999,under_1,cumulative_cases,13.636666666666667,15.504655555555555,300,0.6,False
seasonal_amplitude:2,seasonal_amplitude,0.5599999999999999,under_1,final_week_cases,2.1233333333333335,2.0214555555555553,300,0.6,False
seasonal_amplitude:2,seasonal_amplitude,0.5599999999999999,under_1,outbreak_indicator,0.0,0.0,300,0.6,False
seasonal_amplitude:2,seasonal_amplitude,0.5599999999999999,under_1,peak_weekly_cases,4.263333333333334,1.6606555555555556,300,0.6,False
seasonal_amplitude:3,seasonal_amplitude,0.6,11_to_14,cumulative_cases,7.16,8.067733333333335,300,0.6,True
seasonal_amplitude:3,seasonal_amplitude,0.6,11_to_14,final_week_cases,1.2666666666666666,1.4155555555555555,300,0.6,True
seasonal_amplitude:3,seasonal_amplitude,0.6,11_to_14,outbreak_indicator,0.0,0.0,300,0.6,True
seasonal_amplitude:3,seasonal_amplitude,0.6,11_to_14,peak_weekly_cases,2.6933333333333334,1.039288888888889,300,0.6,True
seasonal_amplitude:3,seasonal_amplitude,0.6,15_to_24,cumulative_cases,10.686666666666667,11.675155555555556,300,0.6,True
seasonal_amplitude:3,seasonal_amplitude,0.6,15_to_24,final_week_cases,1.9466666666666668,2.0838222222222225,300,0.6,True
seasonal_amplitude:3,seasonal_amplitude,0.6,15_to_24,outbreak_indicator,0.0,0.0,300,0.6,True
seasonal_amplitude:3,seasonal_amplitude,0.6,15_to_24,peak_weekly_cases,3.5366666666666666,1.381988888888889,300,0.6,True
seasonal_amplitude:3,seasonal_amplitude,0.6,1_to_4,cumulative_cases,15.04,15.765066666666668,300,0.6,True
seasonal_amplitude:3,seasonal_amplitude,0.6,1_to_4,final_week_cases,2.19,2.0672333333333337,300,0.6,True
seasonal_amplitude:3,seasonal_amplitude,0.6,1_to_4,outbreak_indicator,0.0,0.0,300,0.6,True
seasonal_amplitude:3,seasonal_amplitude,0.6,1_to_4,peak_weekly_cases,4.823333333333333,2.045455555555556,300,0.6,True
seasonal_amplitude:3,seasonal_amplitude,0.6,25_to_34,cumulative_cases,16.313333333333333,19.961822222222224,300,0.6,True
seasonal_amplitude:3,seasonal_amplitude,0.6,25_to_34,final_week_cases,2.9,3.296666666666667,300,0.6,True
seasonal_amplitude:3,seasonal_amplitude,0.6,25_to_34,outbreak_indicator,0.0,0.0,300,0.6,True
seasonal_amplitude:3,seasonal_amplitude,0.6,25_to_34,peak_weekly_cases,4.973333333333334,2.0059555555555555,300,0.6,True
seasonal_amplitude:3,seasonal_amplitude,0.6,35_and_over,cumulative_cases,28.006666666666668,40.513288888888894,300,0.6,True
seasonal_amplitude:3,seasonal_amplitude,0.6,35_and_over,final_week_cases,5.0,5.58,300,0.6,True
seasonal_amplitude:3,seasonal_amplitude,0.6,35_and_over,outbreak_indicator,0.0,0.0,300,0.6,True
seasonal_amplitude:3,seasonal_amplitude,0.6,35_and_over,peak_weekly_cases,7.526666666666666,3.829288888888888,300,0.6,True
seasonal_amplitude:3,seasonal_amplitude,0.6,5_to_10,cumulative_cases,40.22,50.791599999999995,300,0.6,True
seasonal_amplitude:3,seasonal_amplitude,0.6,5_to_10,final_week_cases,7.003333333333333,7.4366555555555545,300,0.6,True
seasonal_amplitude:3,seasonal_amplitude,0.6,5_to_10,outbreak_indicator,0.0033333333333333335,0.0033222222222222216,300,0.6,True
seasonal_amplitude:3,seasonal_amplitude,0.6,5_to_10,peak_weekly_cases,10.126666666666667,3.8706222222222215,300,0.6,True
seasonal_amplitude:3,seasonal_amplitude,0.6,all ages combined,cumulative_cases,131.17,202.62776666666667,300,0.6,True
seasonal_amplitude:3,seasonal_amplitude,0.6,all ages combined,final_week_cases,22.49,26.536566666666666,300,0.6,True
seasonal_amplitude:3,seasonal_amplitude,0.6,all ages combined,outbreak_indicator,1.0,0.0,300,0.6,True
seasonal_amplitude:3,seasonal_amplitude,0.6,all ages combined,peak_weekly_cases,28.093333333333334,13.657955555555558,300,0.6,True
seasonal_amplitude:3,seasonal_amplitude,0.6,under_1,cumulative_cases,13.743333333333334,15.637455555555556,300,0.6,True
seasonal_amplitude:3,seasonal_amplitude,0.6,under_1,final_week_cases,2.183333333333333,2.363055555555555,300,0.6,True
seasonal_amplitude:3,seasonal_amplitude,0.6,under_1,outbreak_indicator,0.0,0.0,300,0.6,True
seasonal_amplitude:3,seasonal_amplitude,0.6,under_1,peak_weekly_cases,4.33,1.8344333333333331,300,0.6,True
seasonal_amplitude:4,seasonal_amplitude,0.64,11_to_14,cumulative_cases,7.303333333333334,7.804655555555555,300,0.6,False
seasonal_amplitude:4,seasonal_amplitude,0.64,11_to_14,final_week_cases,1.32,1.3309333333333333,300,0.6,False
seasonal_amplitude:4,seasonal_amplitude,0.64,11_to_14,outbreak_indicator,0.0,0.0,300,0.6,False
seasonal_amplitude:4,seasonal_amplitude,0.64,11_to_14,peak_weekly_cases,2.7133333333333334,0.984488888888889,300,0.6,False
seasonal_amplitude:4,seasonal_amplitude,0.64,15_to_24,cumulative_cases,10.96,11.985066666666665,300,0.6,False
seasonal_amplitude:4,seasonal_amplitude,0.64,15_to_24,final_week_cases,1.9233333333333333,1.9841222222222223,300,0.6,False
seasonal_amplitude:4,seasonal_amplitude,0.64,15_to_24,outbreak_indicator,0.0,0.0,300,0.6,False
seasonal_amplitude:4,seasonal_amplitude,0.64,15_to_24,peak_weekly_cases,3.62,1.3422666666666665,300,0.6,False
seasonal_amplitude:4,seasonal_amplitude,0.64,1_to_4,cumulative_cases,15.27,15.763766666666667,300,0.6,False
seasonal_amplitude:4,seasonal_amplitude,0.64,1_to_4,final_week_cases,2.1933333333333334,2.089288888888889,300,0.6,False
seasonal_amplitude:4,seasonal_amplitude,0.64,1_to_4,outbreak_indicator,0.0,0.0,300,0.6,False
seasonal_amplitude:4,seasonal_amplitude,0.64,1_to_4,peak_weekly_cases,4.826666666666667,2.0699555555555555,300,0.6,False
seasonal_amplitude:4,seasonal_amplitude,0.64,25_to_34,cumulative_cases,16.42,20.7236,300,0.6,False
seasonal_amplitude:4,seasonal_amplitude,0.64,25_to_34,final_week_cases,2.9466666666666668,3.5238222222222224,300,0.6,False
seasonal_amplitude:4,seasonal_amplitude,0.64,25_to_34,outbreak_indicator,0.0,0.0,300,0.6,False
seasonal_amplitude:4,seasonal_amplitude,0.64,25_to_34,peak_weekly_cases,5.006666666666667,2.086622222222222,300,0.6,False
seasonal_amplitude:4,seasonal_amplitude,0.64,35_and_over,cumulative_cases,28.256666666666668,42.750788888888884,300,0.6,False
seasonal_amplitude:4,seasonal_amplitude,0.64,35_and_over,final_week_cases,4.973333333333334,5.8792888888888895,300,0.6,False
seasonal_amplitude:4,seasonal_amplitude,0.64,35_and_over,outbreak_indicator,0.0,0.0,300,0.6,False
seasonal_amplitude:4,seasonal_amplitude,0.64,35_and_over,peak_weekly_cases,7.586666666666667,4.302488888888888,300,0.6,False
seasonal_amplitude:4,seasonal_amplitude,0.64,5_to_10,cumulative_cases,40.89,51.5179,300,0.6,False
seasonal_amplitude:4,seasonal_amplitude,0.64,5_to_10,final_week_cases,7.163333333333333,8.696655555555557,300,0.6,False
seasonal_amplitude:4,seasonal_amplitude,0.64,5_to_10,outbreak_indicator,0.01,0.0099,300,0.6,False
seasonal_amplitude:4,seasonal_amplitude,0.64,5_to_10,peak_weekly_cases,10.333333333333334,4.142222222222221,300,0.6,False
seasonal_amplitude:4,seasonal_amplitude,0.64,all ages combined,cumulative_cases,132.75333333333333,199.4058222222222,300,0.6,False
seasonal_amplitude:4,seasonal_amplitude,0.64,all ages combined,final_week_cases,22.75,28.654166666666665,300,0.6,False
seasonal_amplitude:4,seasonal_amplitude,0.64,all ages combined,outbreak_indicator,1.0,0.0,300,0.6,False
seasonal_amplitude:4,seasonal_amplitude,0.64,all ages combined,peak_weekly_cases,28.476666666666667,14.28278888888889,300,0.6,False
seasonal_amplitude:4,seasonal_amplitude,0.64,under_1,cumulative_cases,13.653333333333334,14.213155555555556,300,0.6,False
seasonal_amplitude:4,seasonal_amplitude,0.64,under_1,final_week_cases,2.23,2.370433333333333,300,0.6,False
seasonal_amplitude:4,seasonal_amplitude,0.64,under_1,outbreak_indicator,0.0,0.0,300,0.6,False
seasonal_amplitude:4,seasonal_amplitude,0.64,under_1,peak_weekly_cases,4.31,1.7072333333333336,300,0.6,False
seasonal_amplitude:5,seasonal_amplitude,0.6799999999999999,11_to_14,cumulative_cases,7.403333333333333,7.413988888888889,300,0.6,False
seasonal_amplitude:5,seasonal_amplitude,0.6799999999999999,11_to_14,final_week_cases,1.3033333333333332,1.2179888888888888,300,0.6,False
seasonal_amplitude:5,seasonal_amplitude,0.6799999999999999,11_to_14,outbreak_indicator,0.0,0.0,300,0.6,False
seasonal_amplitude:5,seasonal_amplitude,0.6799999999999999,11_to_14,peak_weekly_cases,2.69,1.0005666666666668,300,0.6,False
seasonal_amplitude:5,seasonal_amplitude,0.6799999999999999,15_to_24,cumulative_cases,11.063333333333333,12.179322222222224,300,0.6,False
seasonal_amplitude:5,seasonal_amplitude,0.6799999999999999,15_to_24,final_week_cases,1.9233333333333333,1.9041222222222223,300,0.6,False
seasonal_amplitude:5,seasonal_amplitude,0.6799999999999999,15_to_24,outbreak_indicator,0.0,0.0,300,0.6,False
seasonal_amplitude:5,seasonal_amplitude,0.6799999999999999,15_to_24,peak_weekly_cases,3.6333333333333333,1.2388888888888887,300,0.6,False
seasonal_amplitude:5,seasonal_amplitude,0.6799999999999999,1_to_4,cumulative_cases,15.273333333333333,16.17862222222222,300,0.6,False
seasonal_amplitude:5,seasonal_amplitude,0.6799999999999999,1_to_4,final_week_cases,2.2333333333333334,2.1255555555555556,300,0.6,False
seasonal_amplitude:5,seasonal_amplitude,0.6799999999999999,1_to_4,outbreak_indicator,0.0,0.0,300,0.6,False
seasonal_amplitude:5,seasonal_amplitude,0.6799999999999999,1_to_4,peak_weekly_cases,4.816666666666666,2.2563888888888886,300,0.6,False
seasonal_amplitude:5,seasonal_amplitude,0.6799999999999999,25_to_34,cumulative_cases,16.656666666666666,21.465455555555558,300,0.6,False
seasonal_amplitude:5,seasonal_amplitude,0.6799999999999999,25_to_34,final_week_cases,2.9133333333333336,3.392488888888889,300,0.6,False
seasonal_amplitude:5,seasonal_amplitude,0.6799999999999999,25_to_34,outbreak_indicator,0.0,0.0,300,0.6,False
seasonal_amplitude:5,seasonal_amplitude,0.6799999999999999,25_to_34,peak_weekly_cases,5.02,2.1596,300,0.6,False
seasonal_amplitude:5,seasonal_amplitude,0.6799999999999999,35_and_over,cumulative_cases,28.543333333333333,44.83478888888889,300,0.6,False
seasonal_amplitude:5,seasonal_amplitude,0.6799999999999999,35_and_over,final_week_cases,5.196666666666666,6.204655555555555,300,0.6,False
seasonal_amplitude:5,seasonal_amplitude,0.6799999999999999,35_and_over,outbreak_indicator,0.0,0.0,300,0.6,False
seasonal_amplitude:5,seasonal_amplitude,0.6799999999999999,35_and_over,peak_weekly_cases,7.68,4.344266666666667,300,0.6,False
seasonal_amplitude:5,seasonal_amplitude,0.6799999999999999,5_to_10,cumulative_cases,41.50333333333333,49.91665555555555,300,0.6,False
seasonal_amplitude:5,seasonal_amplitude,0.6799999999999999,5_to_10,final_week_cases,7.3933333333333335,9.131955555555557,300,0.6,False
seasonal_amplitude:5,seasonal_amplitude,0.6799999999999999,5_to_10,outbreak_indicator,0.01,0.0099,300,0.6,False
seasonal_amplitude:5,seasonal_amplitude,0.6799999999999999,5_to_10,peak_weekly_cases,10.506666666666666,4.336622222222222,300,0.6,False
seasonal_amplitude:5,seasonal_amplitude,0.6799999999999999,all ages combined,cumulative_cases,134.28666666666666,199.55782222222223,300,0.6,False
seasonal_amplitude:5,seasonal_amplitude,0.6799999999999999,all ages combined,final_week_cases,23.206666666666667,27.79062222222223,300,0.6,False
seasonal_amplitude:5,seasonal_amplitude,0.6799999999999999,all ages combined,outbreak_indicator,1.0,0.0,300,0.6,False
seasonal_amplitude:5,seasonal_amplitude,0.6799999999999999,all ages combined,peak_weekly_cases,28.65,13.6675,300,0.6,False
seasonal_amplitude:5,seasonal_amplitude,0.6799999999999999,under_1,cumulative_cases,13.843333333333334,14.165455555555557,300,0.6,False
seasonal_amplitude:5,seasonal_amplitude,0.6799999999999999,under_1,final_week_cases,2.243333333333333,2.450788888888889,300,0.6,False
seasonal_amplitude:5,seasonal_amplitude,0.6799999999999999,under_1,outbreak_indicator,0.0,0.0,300,0.6,False
seasonal_amplitude:5,seasonal_amplitude,0.6799999999999999,under_1,peak_weekly_cases,4.386666666666667,1.7971555555555554,300,0.6,False
seasonal_amplitude:6,seasonal_amplitude,0.72,11_to_14,cumulative_cases,7.453333333333333,8.201155555555555,300,0.6,False
seasonal_amplitude:6,seasonal_amplitude,0.72,11_to_14,final_week_cases,1.31,1.1739,300,0.6,False
seasonal_amplitude:6,seasonal_amplitude,0.72,11_to_14,outbreak_indicator,0.0,0.0,300,0.6,False
seasonal_amplitude:6,seasonal_amplitude,0.72,11_to_14,peak_weekly_cases,2.6866666666666665,1.1218222222222223,300,0.6,False
seasonal_amplitude:6,seasonal_amplitude,0.72,15_to_24,cumulative_cases,11.143333333333333,11.896122222222221,300,0.6,False
seasonal_amplitude:6,seasonal_amplitude,0.72,15_to_24,final_week_cases,1.8933333333333333,2.041955555555555,300,0.6,False
seasonal_amplitude:6,seasonal_amplitude,0.72,15_to_24,outbreak_indicator,0.0,0.0,300,0.6,False
seasonal_amplitude:6,seasonal_amplitude,0.72,15_to_24,peak_weekly_cases,3.6933333333333334,1.3259555555555556,300,0.6,False
seasonal_amplitude:6,seasonal_amplitude,0.72,1_to_4,cumulative_cases,15.43,15.13176666666667,300,0.6,False
seasonal_amplitude:6,seasonal_amplitude,0.72,1_to_4,final_week_cases,2.2133333333333334,2.2411555555555553,300,0.6,False
seasonal_amplitude:6,seasonal_amplitude,0.72,1_to_4,outbreak_indicator,0.0,0.0,300,0.6,False
seasonal_amplitude:6,seasonal_amplitude,0.72,1_to_4,peak_weekly_cases,4.8566666666666665,2.2761222222222224,300,0.6,False
seasonal_amplitude:6,seasonal_amplitude,0.72,25_to_34,cumulative_cases,16.486666666666668,22.083155555555557,300,0.6,False
seasonal_amplitude:6,seasonal_amplitude,0.72,25_to_34,final_week_cases,2.9266666666666667,3.374622222222222,300,0.6,False
seasonal_amplitude:6,seasonal_amplitude,0.72,25_to_34,outbreak_indicator,0.0,0.0,300,0.6,False
seasonal_amplitude:6,seasonal_amplitude,0.72,25_to_34,peak_weekly_cases,5.0,2.0866666666666664,300,0.6,False
seasonal_amplitude:6,seasonal_amplitude,0.72,35_and_over,cumulative_cases,28.94333333333333,41.993455555555556,300,0.6,False
seasonal_amplitude:6,seasonal_amplitude,0.72,35_and_over,final_week_cases,5.416666666666667,6.469722222222223,300,0.6,False
seasonal_amplitude:6,seasonal_amplitude,0.72,35_and_over,outbreak_indicator,0.0,0.0,300,0.6,False
seasonal_amplitude:6,seasonal_amplitude,0.72,35_and_over,peak_weekly_cases,7.87,4.406433333333334,300,0.6,False
seasonal_amplitude:6,seasonal_amplitude,0.72,5_to_10,cumulative_cases,42.25333333333333,49.4024888888889,300,0.6,False
seasonal_amplitude:6,seasonal_amplitude,0.72,5_to_10,final_week_cases,7.59,8.468566666666668,300,0.6,False
seasonal_amplitude:6,seasonal_amplitude,0.72,5_to_10,outbreak_indicator,0.01,0.0099,300,0.6,False
seasonal_amplitude:6,seasonal_amplitude,0.72,5_to_10,peak_weekly_cases,10.683333333333334,4.456388888888888,300,0.6,False
seasonal_amplitude:6,seasonal_amplitude,0.72,all ages combined,cumulative_cases,135.93,206.0451,300,0.6,False
seasonal_amplitude:6,seasonal_amplitude,0.72,all ages combined,final_week_cases,23.73,30.243766666666662,300,0.6,False
seasonal_amplitude:6,seasonal_amplitude,0.72,all ages combined,outbreak_indicator,1.0,0.0,300,0.6,False
seasonal_amplitude:6,seasonal_amplitude,0.72,all ages combined,peak_weekly_cases,29.12,14.358933333333335,300,0.6,False
seasonal_amplitude:6,seasonal_amplitude,0.72,under_1,cumulative_cases,14.22,14.258266666666666,300,0.6,False
seasonal_amplitude:6,seasonal_amplitude,0.72,under_1,final_week_cases,2.38,2.422266666666667,300,0.6,False
seasonal_amplitude:6,seasonal_amplitude,0.72,under_1,outbreak_indicator,0.0,0.0,300,0.6,False
seasonal_amplitude:6,seasonal_amplitude,0.72,under_1,peak_weekly_cases,4.453333333333333,1.7411555555555556,300,0.6,False
seasonal_peak_week:0,seasonal_peak_week,10.747186192422555,11_to_14,cumulative_cases,6.44,6.733066666666667,300,13.433982740528194,False
seasonal_peak_week:0,seasonal_peak_week,10.747186192422555,11_to_14,final_week_cases,0.9333333333333333,0.8555555555555554,300,13.433982740528194,False
seasonal_peak_week:0,seasonal_peak_week,10.747186192422555,11_to_14,outbreak_indicator,0.0,0.0,300,13.433982740528194,False
seasonal_peak_week:0,seasonal_peak_week,10.747186192422555,11_to_14,peak_weekly_cases,2.4466666666666668,0.8204888888888888,300,13.433982740528194,False
seasonal_peak_week:0,seasonal_peak_week,10.747186192422555,15_to_24,cumulative_cases,10.07,9.425099999999999,300,13.433982740528194,False
seasonal_peak_week:0,seasonal_peak_week,10.747186192422555,15_to_24,final_week_cases,1.66,1.9043999999999999,300,13.433982740528194,False
seasonal_peak_week:0,seasonal_peak_week,10.747186192422555,15_to_24,outbreak_indicator,0.0,0.0,300,13.433982740528194,False
seasonal_peak_week:0,seasonal_peak_week,10.747186192422555,15_to_24,peak_weekly_cases,3.45,1.3808333333333336,300,13.433982740528194,False
seasonal_peak_week:0,seasonal_peak_week,10.747186192422555,1_to_4,cumulative_cases,13.58,13.9436,300,13.433982740528194,False
seasonal_peak_week:0,seasonal_peak_week,10.747186192422555,1_to_4,final_week_cases,1.76,1.9357333333333335,300,13.433982740528194,False
seasonal_peak_week:0,seasonal_peak_week,10.747186192422555,1_to_4,outbreak_indicator,0.0,0.0,300,13.433982740528194,False
seasonal_peak_week:0,seasonal_peak_week,10.747186192422555,1_to_4,peak_weekly_cases,4.533333333333333,1.7422222222222226,300,13.433982740528194,False
seasonal_peak_week:0,seasonal_peak_week,10.747186192422555,25_to_34,cumulative_cases,15.056666666666667,18.160122222222224,300,13.433982740528194,False
seasonal_peak_week:0,seasonal_peak_week,10.747186192422555,25_to_34,final_week_cases,2.5833333333333335,3.0697222222222216,300,13.433982740528194,False
seasonal_peak_week:0,seasonal_peak_week,10.747186192422555,25_to_34,outbreak_indicator,0.0,0.0,300,13.433982740528194,False
seasonal_peak_week:0,seasonal_peak_week,10.747186192422555,25_to_34,peak_weekly_cases,4.553333333333334,1.8604888888888889,300,13.433982740528194,False
seasonal_peak_week:0,seasonal_peak_week,10.747186192422555,35_and_over,cumulative_cases,27.02,38.3996,300,13.433982740528194,False
seasonal_peak_week:0,seasonal_peak_week,10.747186192422555,35_and_over,final_week_cases,4.783333333333333,5.123055555555555,300,13.433982740528194,False
seasonal_peak_week:0,seasonal_peak_week,10.747186192422555,35_and_over,outbreak_indicator,0.0033333333333333335,0.003322222222222222,300,13.433982740528194,False
seasonal_peak_week:0,seasonal_peak_week,10.747186192422555,35_and_over,peak_weekly_cases,7.44,3.6730666666666667,300,13.433982740528194,False
seasonal_peak_week:0,seasonal_peak_week,10.747186192422555,5_to_10,cumulative_cases,35.70666666666666,41.61395555555555,300,13.433982740528194,False
seasonal_peak_week:0,seasonal_peak_week,10.747186192422555,5_to_10,final_week_cases,5.46,6.4417333333333335,300,13.433982740528194,False
seasonal_peak_week:0,seasonal_peak_week,10.747186192422555,5_to_10,outbreak_indicator,0.0,0.0,300,13.433982740528194,False
seasonal_peak_week:0,seasonal_peak_week,10.747186192422555,5_to_10,peak_weekly_cases,9.193333333333333,3.9359555555555557,300,13.433982740528194,False
seasonal_peak_week:0,seasonal_peak_week,10.747186192422555,all ages combined,cumulative_cases,120.40333333333334,156.08065555555558,300,13.433982740528194,False
seasonal_peak_week:0,seasonal_peak_week,10.747186192422555,all ages combined,final_week_cases,18.87,22.639766666666667,300,13.433982740528194,False
seasonal_peak_week:0,seasonal_peak_week,10.747186192422555,all ages combined,outbreak_indicator,1.0,0.0,300,13.433982740528194,False
seasonal_peak_week:0,seasonal_peak_week,10.747186192422555,all ages combined,peak_weekly_cases,26.27,11.570433333333334,300,13.433982740528194,False
seasonal_peak_week:0,seasonal_peak_week,10.747186192422555,under_1,cumulative_cases,12.53,13.275766666666668,300,13.433982740528194,False
seasonal_peak_week:0,seasonal_peak_week,10.747186192422555,under_1,final_week_cases,1.69,1.7805666666666669,300,13.433982740528194,False
seasonal_peak_week:0,seasonal_peak_week,10.747186192422555,under_1,outbreak_indicator,0.0,0.0,300,13.433982740528194,False
seasonal_peak_week:0,seasonal_peak_week,10.747186192422555,under_1,peak_weekly_cases,4.03,1.5890999999999997,300,13.433982740528194,False
seasonal_peak_week:1,seasonal_peak_week,11.642785041791102,11_to_14,cumulative_cases,6.753333333333333,6.805822222222223,300,13.433982740528194,False
seasonal_peak_week:1,seasonal_peak_week,11.642785041791102,11_to_14,final_week_cases,1.1033333333333333,1.0126555555555554,300,13.433982740528194,False
seasonal_peak_week:1,seasonal_peak_week,11.642785041791102,11_to_14,outbreak_indicator,0.0,0.0,300,13.433982740528194,False
seasonal_peak_week:1,seasonal_peak_week,11.642785041791102,11_to_14,peak_weekly_cases,2.55,0.8741666666666666,300,13.433982740528194,False
seasonal_peak_week:1,seasonal_peak_week,11.642785041791102,15_to_24,cumulative_cases,10.29,10.552566666666667,300,13.433982740528194,False
seasonal_peak_week:1,seasonal_peak_week,11.642785041791102,15_to_24,final_week_cases,1.7333333333333334,1.9822222222222226,300,13.433982740528194,False
seasonal_peak_week:1,seasonal_peak_week,11.642785041791102,15_to_24,outbreak_indicator,0.0,0.0,300,13.433982740528194,False
seasonal_peak_week:1,seasonal_peak_week,11.642785041791102,15_to_24,peak_weekly_cases,3.44,1.3330666666666666,300,13.433982740528194,False
seasonal_peak_week:1,seasonal_peak_week,11.642785041791102,1_to_4,cumulative_cases,13.93,14.685100000000002,300,13.433982740528194,False
seasonal_peak_week:1,seasonal_peak_week,11.642785041791102,1_to_4,final_week_cases,1.8366666666666667,2.0499888888888886,300,13.433982740528194,False
seasonal_peak_week:1,seasonal_peak_week,11.642785041791102,1_to_4,outbreak_indicator,0.0,0.0,300,13.433982740528194,False
seasonal_peak_week:1,seasonal_peak_week,11.642785041791102,1_to_4,peak_weekly_cases,4.573333333333333,1.9712888888888889,300,13.433982740528194,False
seasonal_peak_week:1,seasonal_peak_week,11.642785041791102,25_to_34,cumulative_cases,15.32,19.970933333333335,300,13.433982740528194,False
seasonal_peak_week:1,seasonal_peak_week,11.642785041791102,25_to_34,final_week_cases,2.69,2.9805666666666664,300,13.433982740528194,False
seasonal_peak_week:1,seasonal_peak_week,11.642785041791102,25_to_34,outbreak_indicator,0.0,0.0,300,13.433982740528194,False
seasonal_peak_week:1,seasonal_peak_week,11.642785041791102,25_to_34,peak_weekly_cases,4.63,2.0397666666666665,300,13.433982740528194,False
seasonal_peak_week:1,seasonal_peak_week,11.642785041791102,35_and_over,cumulative_cases,27.363333333333333,40.11132222222221,300,13.433982740528194,False
seasonal_peak_week:1,seasonal_peak_week,11.642785041791102,35_and_over,final_week_cases,4.9366666666666665,5.665988888888889,300,13.433982740528194,False
seasonal_peak_week:1,seasonal_peak_week,11.642785041791102,35_and_over,outbreak_indicator,0.0,0.0,300,13.433982740528194,False
seasonal_peak_week:1,seasonal_peak_week,11.642785041791102,35_and_over,peak_weekly_cases,7.503333333333333,3.6033222222222223,300,13.433982740528194,False
seasonal_peak_week:1,seasonal_peak_week,11.642785041791102,5_to_10,cumulative_cases,37.27333333333333,45.251955555555554,300,13.433982740528194,False
seasonal_peak_week:1,seasonal_peak_week,11.642785041791102,5_to_10,final_week_cases,6.1,5.923333333333333,300,13.433982740528194,False
seasonal_peak_week:1,seasonal_peak_week,11.642785041791102,5_to_10,outbreak_indicator,0.0,0.0,300,13.433982740528194,False
seasonal_peak_week:1,seasonal_peak_week,11.642785041791102,5_to_10,peak_weekly_cases,9.416666666666666,3.8963888888888882,300,13.433982740528194,False
seasonal_peak_week:1,seasonal_peak_week,11.642785041791102,all ages combined,cumulative_cases,123.9,178.03666666666666,300,13.433982740528194,False
seasonal_peak_week:1,seasonal_peak_week,11.642785041791102,all ages combined,final_week_cases,20.28,22.434933333333333,300,13.433982740528194,False
seasonal_peak_week:1,seasonal_peak_week,11.642785041791102,all ages combined,outbreak_indicator,1.0,0.0,300,13.433982740528194,False
seasonal_peak_week:1,seasonal_peak_week,11.642785041791102,all ages combined,peak_weekly_cases,26.683333333333334,11.489722222222222,300,13.433982740528194,False
seasonal_peak_week:1,seasonal_peak_week,11.642785041791102,under_1,cumulative_cases,12.97,14.755766666666664,300,13.433982740528194,False
seasonal_peak_week:1,seasonal_peak_week,11.642785041791102,under_1,final_week_cases,1.88,2.1322666666666668,300,13.433982740528194,False
seasonal_peak_week:1,seasonal_peak_week,11.642785041791102,under_1,outbreak_indicator,0.0,0.0,300,13.433982740528194,False
seasonal_peak_week:1,seasonal_peak_week,11.642785041791102,under_1,peak_weekly_cases,4.1433333333333335,1.7694555555555558,300,13.433982740528194,False
seasonal_peak_week:2,seasonal_peak_week,12.538383891159649,11_to_14,cumulative_cases,6.98,6.626266666666667,300,13.433982740528194,False
seasonal_peak_week:2,seasonal_peak_week,12.538383891159649,11_to_14,final_week_cases,1.0533333333333332,1.1038222222222223,300,13.433982740528194,False
seasonal_peak_week:2,seasonal_peak_week,12.538383891159649,11_to_14,outbreak_indicator,0.0,0.0,300,13.433982740528194,False
seasonal_peak_week:2,seasonal_peak_week,12.538383891159649,11_to_14,peak_weekly_cases,2.6866666666666665,0.9484888888888889,300,13.433982740528194,False
seasonal_peak_week:2,seasonal_peak_week,12.538383891159649,15_to_24,cumulative_cases,10.56,10.813066666666668,300,13.433982740528194,False
seasonal_peak_week:2,seasonal_peak_week,12.538383891159649,15_to_24,final_week_cases,1.81,2.0072333333333336,300,13.433982740528194,False
seasonal_peak_week:2,seasonal_peak_week,12.538383891159649,15_to_24,outbreak_indicator,0.0,0.0,300,13.433982740528194,False
seasonal_peak_week:2,seasonal_peak_week,12.538383891159649,15_to_24,peak_weekly_cases,3.493333333333333,1.263288888888889,300,13.433982740528194,False
seasonal_peak_week:2,seasonal_peak_week,12.538383891159649,1_to_4,cumulative_cases,14.46,15.208400000000001,300,13.433982740528194,False
seasonal_peak_week:2,seasonal_peak_week,12.538383891159649,1_to_4,final_week_cases,1.9766666666666666,2.5027888888888885,300,13.433982740528194,False
seasonal_peak_week:2,seasonal_peak_week,12.538383891159649,1_to_4,outbreak_indicator,0.0,0.0,300,13.433982740528194,False
seasonal_peak_week:2,seasonal_peak_week,12.538383891159649,1_to_4,peak_weekly_cases,4.706666666666667,2.060622222222222,300,13.433982740528194,False
seasonal_peak_week:2,seasonal_peak_week,12.538383891159649,25_to_34,cumulative_cases,15.813333333333333,19.171822222222225,300,13.433982740528194,False
seasonal_peak_week:2,seasonal_peak_week,12.538383891159649,25_to_34,final_week_cases,2.756666666666667,2.7641222222222224,300,13.433982740528194,False
seasonal_peak_week:2,seasonal_peak_week,12.538383891159649,25_to_34,outbreak_indicator,0.0,0.0,300,13.433982740528194,False
seasonal_peak_week:2,seasonal_peak_week,12.538383891159649,25_to_34,peak_weekly_cases,4.81,2.1072333333333333,300,13.433982740528194,False
seasonal_peak_week:2,seasonal_peak_week,12.538383891159649,35_and_over,cumulative_cases,27.71,41.3459,300,13.433982740528194,False
seasonal_peak_week:2,seasonal_peak_week,12.538383891159649,35_and_over,final_week_cases,4.986666666666666,6.533155555555555,300,13.433982740528194,False
seasonal_peak_week:2,seasonal_peak_week,12.538383891159649,35_and_over,outbreak_indicator,0.0,0.0,300,13.433982740528194,False
seasonal_peak_week:2,seasonal_peak_week,12.538383891159649,35_and_over,peak_weekly_cases,7.63,3.606433333333333,300,13.433982740528194,False
seasonal_peak_week:2,seasonal_peak_week,12.538383891159649,5_to_10,cumulative_cases,38.59,51.77523333333333,300,13.433982740528194,False
seasonal_peak_week:2,seasonal_peak_week,12.538383891159649,5_to_10,final_week_cases,6.556666666666667,7.826788888888888,300,13.433982740528194,False
seasonal_peak_week:2,seasonal_peak_week,12.538383891159649,5_to_10,outbreak_indicator,0.0033333333333333335,0.0033222222222222225,300,13.433982740528194,False
seasonal_peak_week:2,seasonal_peak_week,12.538383891159649,5_to_10,peak_weekly_cases,9.783333333333333,4.349722222222223,300,13.433982740528194,False
seasonal_peak_week:2,seasonal_peak_week,12.538383891159649,all ages combined,cumulative_cases,127.56666666666666,182.04555555555555,300,13.433982740528194,False
seasonal_peak_week:2,seasonal_peak_week,12.538383891159649,all ages combined,final_week_cases,21.173333333333332,25.523288888888892,300,13.433982740528194,False
seasonal_peak_week:2,seasonal_peak_week,12.538383891159649,all ages combined,outbreak_indicator,1.0,0.0,300,13.433982740528194,False
seasonal_peak_week:2,seasonal_peak_week,12.538383891159649,all ages combined,peak_weekly_cases,27.483333333333334,12.383055555555556,300,13.433982740528194,False
seasonal_peak_week:2,seasonal_peak_week,12.538383891159649,under_1,cumulative_cases,13.453333333333333,15.354488888888888,300,13.433982740528194,False
seasonal_peak_week:2,seasonal_peak_week,12.538383891159649,under_1,final_week_cases,2.033333333333333,2.0855555555555556,300,13.433982740528194,False
seasonal_peak_week:2,seasonal_peak_week,12.538383891159649,under_1,outbreak_indicator,0.0,0.0,300,13.433982740528194,False
seasonal_peak_week:2,seasonal_peak_week,12.538383891159649,under_1,peak_weekly_cases,4.223333333333334,1.7934555555555554,300,13.433982740528194,False
seasonal_peak_week:3,seasonal_peak_week,13.433982740528194,11_to_14,cumulative_cases,7.16,8.067733333333335,300,13.433982740528194,True
seasonal_peak_week:3,seasonal_peak_week,13.433982740528194,11_to_14,final_week_cases,1.2666666666666666,1.4155555555555555,300,13.433982740528194,True
seasonal_peak_week:3,seasonal_peak_week,13.433982740528194,11_to_14,outbreak_indicator,0.0,0.0,300,13.433982740528194,True
seasonal_peak_week:3,seasonal_peak_week,13.433982740528194,11_to_14,peak_weekly_cases,2.6933333333333334,1.039288888888889,300,13.433982740528194,True
seasonal_peak_week:3,seasonal_peak_week,13.433982740528194,15_to_24,cumulative_cases,10.686666666666667,11.675155555555556,300,13.433982740528194,True
seasonal_peak_week:3,seasonal_peak_week,13.433982740528194,15_to_24,final_week_cases,1.9466666666666668,2.0838222222222225,300,13.433982740528194,True
seasonal_peak_week:3,seasonal_peak_week,13.433982740528194,15_to_24,outbreak_indicator,0.0,0.0,300,13.433982740528194,True
seasonal_peak_week:3,seasonal_peak_week,13.433982740528194,15_to_24,peak_weekly_cases,3.5366666666666666,1.381988888888889,300,13.433982740528194,True
seasonal_peak_week:3,seasonal_peak_week,13.433982740528194,1_to_4,cumulative_cases,15.04,15.765066666666668,300,13.433982740528194,True
seasonal_peak_week:3,seasonal_peak_week,13.433982740528194,1_to_4,final_week_cases,2.19,2.0672333333333337,300,13.433982740528194,True
seasonal_peak_week:3,seasonal_peak_week,13.433982740528194,1_to_4,outbreak_indicator,0.0,0.0,300,13.433982740528194,True
seasonal_peak_week:3,seasonal_peak_week,13.433982740528194,1_to_4,peak_weekly_cases,4.823333333333333,2.045455555555556,300,13.433982740528194,True
seasonal_peak_week:3,seasonal_peak_week,13.433982740528194,25_to_34,cumulative_cases,16.313333333333333,19.961822222222224,300,13.433982740528194,True
seasonal_peak_week:3,seasonal_peak_week,13.433982740528194,25_to_34,final_week_cases,2.9,3.296666666666667,300,13.433982740528194,True
seasonal_peak_week:3,seasonal_peak_week,13.433982740528194,25_to_34,outbreak_indicator,0.0,0.0,300,13.433982740528194,True
seasonal_peak_week:3,seasonal_peak_week,13.433982740528194,25_to_34,peak_weekly_cases,4.973333333333334,2.0059555555555555,300,13.433982740528194,True
seasonal_peak_week:3,seasonal_peak_week,13.433982740528194,35_and_over,cumulative_cases,28.006666666666668,40.513288888888894,300,13.433982740528194,True
seasonal_peak_week:3,seasonal_peak_week,13.433982740528194,35_and_over,final_week_cases,5.0,5.58,300,13.433982740528194,True
seasonal_peak_week:3,seasonal_peak_week,13.433982740528194,35_and_over,outbreak_indicator,0.0,0.0,300,13.433982740528194,True
seasonal_peak_week:3,seasonal_peak_week,13.433982740528194,35_and_over,peak_weekly_cases,7.526666666666666,3.829288888888888,300,13.433982740528194,True
seasonal_peak_week:3,seasonal_peak_week,13.433982740528194,5_to_10,cumulative_cases,40.22,50.791599999999995,300,13.433982740528194,True
seasonal_peak_week:3,seasonal_peak_week,13.433982740528194,5_to_10,final_week_cases,7.003333333333333,7.4366555555555545,300,13.433982740528194,True
seasonal_peak_week:3,seasonal_peak_week,13.433982740528194,5_to_10,outbreak_indicator,0.0033333333333333335,0.0033222222222222216,300,13.433982740528194,True
seasonal_peak_week:3,seasonal_peak_week,13.433982740528194,5_to_10,peak_weekly_cases,10.126666666666667,3.8706222222222215,300,13.433982740528194,True
seasonal_peak_week:3,seasonal_peak_week,13.433982740528194,all ages combined,cumulative_cases,131.17,202.62776666666667,300,13.433982740528194,True
seasonal_peak_week:3,seasonal_peak_week,13.433982740528194,all ages combined,final_week_cases,22.49,26.536566666666666,300,13.433982740528194,True
seasonal_peak_week:3,seasonal_peak_week,13.433982740528194,all ages combined,outbreak_indicator,1.0,0.0,300,13.433982740528194,True
seasonal_peak_week:3,seasonal_peak_week,13.433982740528194,all ages combined,peak_weekly_cases,28.093333333333334,13.657955555555558,300,13.433982740528194,True
seasonal_peak_week:3,seasonal_peak_week,13.433982740528194,under_1,cumulative_cases,13.743333333333334,15.637455555555556,300,13.433982740528194,True
seasonal_peak_week:3,seasonal_peak_week,13.433982740528194,under_1,final_week_cases,2.183333333333333,2.363055555555555,300,13.433982740528194,True
seasonal_peak_week:3,seasonal_peak_week,13.433982740528194,under_1,outbreak_indicator,0.0,0.0,300,13.433982740528194,True
seasonal_peak_week:3,seasonal_peak_week,13.433982740528194,under_1,peak_weekly_cases,4.33,1.8344333333333331,300,13.433982740528194,True
seasonal_peak_week:4,seasonal_peak_week,14.32958158989674,11_to_14,cumulative_cases,7.316666666666666,7.243055555555556,300,13.433982740528194,False
seasonal_peak_week:4,seasonal_peak_week,14.32958158989674,11_to_14,final_week_cases,1.33,1.3344333333333334,300,13.433982740528194,False
seasonal_peak_week:4,seasonal_peak_week,14.32958158989674,11_to_14,outbreak_indicator,0.0,0.0,300,13.433982740528194,False
seasonal_peak_week:4,seasonal_peak_week,14.32958158989674,11_to_14,peak_weekly_cases,2.7,0.9766666666666667,300,13.433982740528194,False
seasonal_peak_week:4,seasonal_peak_week,14.32958158989674,15_to_24,cumulative_cases,11.106666666666667,11.861955555555557,300,13.433982740528194,False
seasonal_peak_week:4,seasonal_peak_week,14.32958158989674,15_to_24,final_week_cases,1.9566666666666668,1.8214555555555558,300,13.433982740528194,False
seasonal_peak_week:4,seasonal_peak_week,14.32958158989674,15_to_24,outbreak_indicator,0.0,0.0,300,13.433982740528194,False
seasonal_peak_week:4,seasonal_peak_week,14.32958158989674,15_to_24,peak_weekly_cases,3.6533333333333333,1.2598222222222224,300,13.433982740528194,False
seasonal_peak_week:4,seasonal_peak_week,14.32958158989674,1_to_4,cumulative_cases,15.336666666666666,16.136655555555556,300,13.433982740528194,False
seasonal_peak_week:4,seasonal_peak_week,14.32958158989674,1_to_4,final_week_cases,2.236666666666667,2.1206555555555555,300,13.433982740528194,False
seasonal_peak_week:4,seasonal_peak_week,14.32958158989674,1_to_4,outbreak_indicator,0.0,0.0,300,13.433982740528194,False
seasonal_peak_week:4,seasonal_peak_week,14.32958158989674,1_to_4,peak_weekly_cases,4.823333333333333,2.2387888888888883,300,13.433982740528194,False
seasonal_peak_week:4,seasonal_peak_week,14.32958158989674,25_to_34,cumulative_cases,16.546666666666667,21.301155555555553,300,13.433982740528194,False
seasonal_peak_week:4,seasonal_peak_week,14.32958158989674,25_to_34,final_week_cases,2.91,3.4219,300,13.433982740528194,False
seasonal_peak_week:4,seasonal_peak_week,14.32958158989674,25_to_34,outbreak_indicator,0.0,0.0,300,13.433982740528194,False
seasonal_peak_week:4,seasonal_peak_week,14.32958158989674,25_to_34,peak_weekly_cases,4.993333333333333,2.073288888888889,300,13.433982740528194,False
seasonal_peak_week:4,seasonal_peak_week,14.32958158989674,35_and_over,cumulative_cases,28.666666666666668,45.382222222222225,300,13.433982740528194,False
seasonal_peak_week:4,seasonal_peak_week,14.32958158989674,35_and_over,final_week_cases,5.256666666666667,6.450788888888889,300,13.433982740528194,False
seasonal_peak_week:4,seasonal_peak_week,14.32958158989674,35_and_over,outbreak_indicator,0.0,0.0,300,13.433982740528194,False
seasonal_peak_week:4,seasonal_peak_week,14.32958158989674,35_and_over,peak_weekly_cases,7.713333333333333,4.357822222222222,300,13.433982740528194,False
seasonal_peak_week:4,seasonal_peak_week,14.32958158989674,5_to_10,cumulative_cases,41.36333333333334,51.32465555555556,300,13.433982740528194,False
seasonal_peak_week:4,seasonal_peak_week,14.32958158989674,5_to_10,final_week_cases,7.363333333333333,9.311322222222222,300,13.433982740528194,False
seasonal_peak_week:4,seasonal_peak_week,14.32958158989674,5_to_10,outbreak_indicator,0.006666666666666667,0.00662222222222222,300,13.433982740528194,False
seasonal_peak_week:4,seasonal_peak_week,14.32958158989674,5_to_10,peak_weekly_cases,10.493333333333334,4.336622222222222,300,13.433982740528194,False
seasonal_peak_week:4,seasonal_peak_week,14.32958158989674,all ages combined,cumulative_cases,134.16333333333333,204.8433222222222,300,13.433982740528194,False
seasonal_peak_week:4,seasonal_peak_week,14.32958158989674,all ages combined,final_week_cases,23.33,28.53443333333334,300,13.433982740528194,False
seasonal_peak_week:4,seasonal_peak_week,14.32958158989674,all ages combined,outbreak_indicator,1.0,0.0,300,13.433982740528194,False
seasonal_peak_week:4,seasonal_peak_week,14.32958158989674,all ages combined,peak_weekly_cases,28.726666666666667,14.35862222222222,300,13.433982740528194,False
seasonal_peak_week:4,seasonal_peak_week,14.32958158989674,under_1,cumulative_cases,13.826666666666666,14.796622222222222,300,13.433982740528194,False
seasonal_peak_week:4,seasonal_peak_week,14.32958158989674,under_1,final_week_cases,2.276666666666667,2.406788888888889,300,13.433982740528194,False
seasonal_peak_week:4,seasonal_peak_week,14.32958158989674,under_1,outbreak_indicator,0.0,0.0,300,13.433982740528194,False
seasonal_peak_week:4,seasonal_peak_week,14.32958158989674,under_1,peak_weekly_cases,4.363333333333333,1.804655555555556,300,13.433982740528194,False
seasonal_peak_week:5,seasonal_peak_week,15.225180439265287,11_to_14,cumulative_cases,7.516666666666667,7.609722222222222,300,13.433982740528194,False
seasonal_peak_week:5,seasonal_peak_week,15.225180439265287,11_to_14,final_week_cases,1.2633333333333334,1.287322222222222,300,13.433982740528194,False
seasonal_peak_week:5,seasonal_peak_week,15.225180439265287,11_to_14,outbreak_indicator,0.0,0.0,300,13.433982740528194,False
seasonal_peak_week:5,seasonal_peak_week,15.225180439265287,11_to_14,peak_weekly_cases,2.71,1.0592333333333332,300,13.433982740528194,False
seasonal_peak_week:5,seasonal_peak_week,15.225180439265287,15_to_24,cumulative_cases,11.183333333333334,11.73638888888889,300,13.433982740528194,False
seasonal_peak_week:5,seasonal_peak_week,15.225180439265287,15_to_24,final_week_cases,1.93,1.9650999999999998,300,13.433982740528194,False
seasonal_peak_week:5,seasonal_peak_week,15.225180439265287,15_to_24,outbreak_indicator,0.0,0.0,300,13.433982740528194,False
seasonal_peak_week:5,seasonal_peak_week,15.225180439265287,15_to_24,peak_weekly_cases,3.6866666666666665,1.3084888888888888,300,13.433982740528194,False
seasonal_peak_week:5,seasonal_peak_week,15.225180439265287,1_to_4,cumulative_cases,15.516666666666667,15.003055555555557,300,13.433982740528194,False
seasonal_peak_week:5,seasonal_peak_week,15.225180439265287,1_to_4,final_week_cases,2.3266666666666667,2.2932888888888887,300,13.433982740528194,False
seasonal_peak_week:5,seasonal_peak_week,15.225180439265287,1_to_4,outbreak_indicator,0.0,0.0,300,13.433982740528194,False
seasonal_peak_week:5,seasonal_peak_week,15.225180439265287,1_to_4,peak_weekly_cases,4.833333333333333,2.2655555555555558,300,13.433982740528194,False
seasonal_peak_week:5,seasonal_peak_week,15.225180439265287,25_to_34,cumulative_cases,16.76,23.00906666666667,300,13.433982740528194,False
seasonal_peak_week:5,seasonal_peak_week,15.225180439265287,25_to_34,final_week_cases,3.013333333333333,3.4798222222222224,300,13.433982740528194,False
seasonal_peak_week:5,seasonal_peak_week,15.225180439265287,25_to_34,outbreak_indicator,0.0,0.0,300,13.433982740528194,False
seasonal_peak_week:5,seasonal_peak_week,15.225180439265287,25_to_34,peak_weekly_cases,5.033333333333333,2.1655555555555557,300,13.433982740528194,False
seasonal_peak_week:5,seasonal_peak_week,15.225180439265287,35_and_over,cumulative_cases,28.92,42.52693333333333,300,13.433982740528194,False
seasonal_peak_week:5,seasonal_peak_week,15.225180439265287,35_and_over,final_week_cases,5.453333333333333,5.9478222222222215,300,13.433982740528194,False
seasonal_peak_week:5,seasonal_peak_week,15.225180439265287,35_and_over,outbreak_indicator,0.0,0.0,300,13.433982740528194,False
seasonal_peak_week:5,seasonal_peak_week,15.225180439265287,35_and_over,peak_weekly_cases,7.823333333333333,4.4321222222222225,300,13.433982740528194,False
seasonal_peak_week:5,seasonal_peak_week,15.225180439265287,5_to_10,cumulative_cases,42.29333333333334,47.94062222222222,300,13.433982740528194,False
seasonal_peak_week:5,seasonal_peak_week,15.225180439265287,5_to_10,final_week_cases,7.656666666666666,8.378788888888888,300,13.433982740528194,False
seasonal_peak_week:5,seasonal_peak_week,15.225180439265287,5_to_10,outbreak_indicator,0.013333333333333334,0.01315555555555556,300,13.433982740528194,False
seasonal_peak_week:5,seasonal_peak_week,15.225180439265287,5_to_10,peak_weekly_cases,10.716666666666667,4.396388888888889,300,13.433982740528194,False
seasonal_peak_week:5,seasonal_peak_week,15.225180439265287,all ages combined,cumulative_cases,136.54,196.44840000000002,300,13.433982740528194,False
seasonal_peak_week:5,seasonal_peak_week,15.225180439265287,all ages combined,final_week_cases,24.163333333333334,29.316655555555553,300,13.433982740528194,False
seasonal_peak_week:5,seasonal_peak_week,15.225180439265287,all ages combined,outbreak_indicator,1.0,0.0,300,13.433982740528194,False
seasonal_peak_week:5,seasonal_peak_week,15.225180439265287,all ages combined,peak_weekly_cases,29.283333333333335,13.416388888888887,300,13.433982740528194,False
seasonal_peak_week:5,seasonal_peak_week,15.225180439265287,under_1,cumulative_cases,14.35,14.474166666666667,300,13.433982740528194,False
seasonal_peak_week:5,seasonal_peak_week,15.225180439265287,under_1,final_week_cases,2.52,2.3429333333333338,300,13.433982740528194,False
seasonal_peak_week:5,seasonal_peak_week,15.225180439265287,under_1,outbreak_indicator,0.0,0.0,300,13.433982740528194,False
seasonal_peak_week:5,seasonal_peak_week,15.225180439265287,under_1,peak_weekly_cases,4.446666666666666,1.7404888888888892,300,13.433982740528194,False
seasonal_peak_week:6,seasonal_peak_week,16.120779288633834,11_to_14,cumulative_cases,7.34,7.191066666666667,300,13.433982740528194,False
seasonal_peak_week:6,seasonal_peak_week,16.120779288633834,11_to_14,final_week_cases,1.3166666666666667,1.5097222222222224,300,13.433982740528194,False
seasonal_peak_week:6,seasonal_peak_week,16.120779288633834,11_to_14,outbreak_indicator,0.0,0.0,300,13.433982740528194,False
seasonal_peak_week:6,seasonal_peak_week,16.120779288633834,11_to_14,peak_weekly_cases,2.73,1.0637666666666667,300,13.433982740528194,False
seasonal_peak_week:6,seasonal_peak_week,16.120779288633834,15_to_24,cumulative_cases,11.663333333333334,12.463322222222223,300,13.433982740528194,False
seasonal_peak_week:6,seasonal_peak_week,16.120779288633834,15_to_24,final_week_cases,2.07,2.0117666666666665,300,13.433982740528194,False
seasonal_peak_week:6,seasonal_peak_week,16.120779288633834,15_to_24,outbreak_indicator,0.0,0.0,300,13.433982740528194,False
seasonal_peak_week:6,seasonal_peak_week,16.120779288633834,15_to_24,peak_weekly_cases,3.8,1.2333333333333334,300,13.433982740528194,False
seasonal_peak_week:6,seasonal_peak_week,16.120779288633834,1_to_4,cumulative_cases,15.576666666666666,15.830788888888891,300,13.433982740528194,False
seasonal_peak_week:6,seasonal_peak_week,16.120779288633834,1_to_4,final_week_cases,2.263333333333333,2.2673222222222225,300,13.433982740528194,False
seasonal_peak_week:6,seasonal_peak_week,16.120779288633834,1_to_4,outbreak_indicator,0.0,0.0,300,13.433982740528194,False
seasonal_peak_week:6,seasonal_peak_week,16.120779288633834,1_to_4,peak_weekly_cases,4.85,2.274166666666667,300,13.433982740528194,False
seasonal_peak_week:6,seasonal_peak_week,16.120779288633834,25_to_34,cumulative_cases,16.91,23.5819,300,13.433982740528194,False
seasonal_peak_week:6,seasonal_peak_week,16.120779288633834,25_to_34,final_week_cases,3.1866666666666665,3.585155555555555,300,13.433982740528194,False
seasonal_peak_week:6,seasonal_peak_week,16.120779288633834,25_to_34,outbreak_indicator,0.0,0.0,300,13.433982740528194,False
seasonal_peak_week:6,seasonal_peak_week,16.120779288633834,25_to_34,peak_weekly_cases,5.05,2.3275,300,13.433982740528194,False
seasonal_peak_week:6,seasonal_peak_week,16.120779288633834,35_and_over,cumulative_cases,29.39666666666667,45.04598888888889,300,13.433982740528194,False
seasonal_peak_week:6,seasonal_peak_week,16.120779288633834,35_and_over,final_week_cases,5.656666666666666,5.652122222222222,300,13.433982740528194,False
seasonal_peak_week:6,seasonal_peak_week,16.120779288633834,35_and_over,outbreak_indicator,0.0,0.0,300,13.433982740528194,False
seasonal_peak_week:6,seasonal_peak_week,16.120779288633834,35_and_over,peak_weekly_cases,7.93,4.3517666666666655,300,13.433982740528194,False
seasonal_peak_week:6,seasonal_peak_week,16.120779288633834,5_to_10,cumulative_cases,43.6,53.53333333333333,300,13.433982740528194,False
seasonal_peak_week:6,seasonal_peak_week,16.120779288633834,5_to_10,final_week_cases,8.233333333333333,9.438888888888888,300,13.433982740528194,False
seasonal_peak_week:6,seasonal_peak_week,16.120779288633834,5_to_10,outbreak_indicator,0.02,0.019599999999999992,300,13.433982740528194,False
seasonal_peak_week:6,seasonal_peak_week,16.120779288633834,5_to_10,peak_weekly_cases,11.02,5.0662666666666665,300,13.433982740528194,False
seasonal_peak_week:6,seasonal_peak_week,16.120779288633834,all ages combined,cumulative_cases,138.93333333333334,214.58888888888887,300,13.433982740528194,False
seasonal_peak_week:6,seasonal_peak_week,16.120779288633834,all ages combined,final_week_cases,25.23,33.170433333333335,300,13.433982740528194,False
seasonal_peak_week:6,seasonal_peak_week,16.120779288633834,all ages combined,outbreak_indicator,1.0,0.0,300,13.433982740528194,False
seasonal_peak_week:6,seasonal_peak_week,16.120779288633834,all ages combined,peak_weekly_cases,29.75,15.380833333333333,300,13.433982740528194,False
seasonal_peak_week:6,seasonal_peak_week,16.120779288633834,under_1,cumulative_cases,14.446666666666667,14.920488888888888,300,13.433982740528194,False
seasonal_peak_week:6,seasonal_peak_week,16.120779288633834,under_1,final_week_cases,2.5033333333333334,2.343322222222222,300,13.433982740528194,False
seasonal_peak_week:6,seasonal_peak_week,16.120779288633834,under_1,outbreak_indicator,0.0,0.0,300,13.433982740528194,False
seasonal_peak_week:6,seasonal_peak_week,16.120779288633834,under_1,peak_weekly_cases,4.453333333333333,1.854488888888889,300,13.433982740528194,False
seasonal_period_weeks:0,seasonal_period_weeks,50.0,11_to_14,cumulative_cases,6.293333333333333,7.040622222222223,300,52.18,False
seasonal_period_weeks:0,seasonal_period_weeks,50.0,11_to_14,final_week_cases,0.88,0.8589333333333335,300,52.18,False
seasonal_period_weeks:0,seasonal_period_weeks,50.0,11_to_14,outbreak_indicator,0.0,0.0,300,52.18,False
seasonal_period_weeks:0,seasonal_period_weeks,50.0,11_to_14,peak_weekly_cases,2.41,0.8485666666666667,300,52.18,False
seasonal_period_weeks:0,seasonal_period_weeks,50.0,15_to_24,cumulative_cases,9.513333333333334,10.789822222222222,300,52.18,False
seasonal_period_weeks:0,seasonal_period_weeks,50.0,15_to_24,final_week_cases,1.4633333333333334,1.7153222222222224,300,52.18,False
seasonal_period_weeks:0,seasonal_period_weeks,50.0,15_to_24,outbreak_indicator,0.0,0.0,300,52.18,False
seasonal_period_weeks:0,seasonal_period_weeks,50.0,15_to_24,peak_weekly_cases,3.2733333333333334,1.1919555555555552,300,52.18,False
seasonal_period_weeks:0,seasonal_period_weeks,50.0,1_to_4,cumulative_cases,12.893333333333333,13.695288888888888,300,52.18,False
seasonal_period_weeks:0,seasonal_period_weeks,50.0,1_to_4,final_week_cases,1.4733333333333334,1.5226222222222223,300,52.18,False
seasonal_period_weeks:0,seasonal_period_weeks,50.0,1_to_4,outbreak_indicator,0.0,0.0,300,52.18,False
seasonal_period_weeks:0,seasonal_period_weeks,50.0,1_to_4,peak_weekly_cases,4.403333333333333,2.0473222222222223,300,52.18,False
seasonal_period_weeks:0,seasonal_period_weeks,50.0,25_to_34,cumulative_cases,13.833333333333334,16.305555555555557,300,52.18,False
seasonal_period_weeks:0,seasonal_period_weeks,50.0,25_to_34,final_week_cases,2.1333333333333333,2.4222222222222225,300,52.18,False
seasonal_period_weeks:0,seasonal_period_weeks,50.0,25_to_34,outbreak_indicator,0.0,0.0,300,52.18,False
seasonal_period_weeks:0,seasonal_period_weeks,50.0,25_to_34,peak_weekly_cases,4.333333333333333,1.682222222222222,300,52.18,False
seasonal_period_weeks:0,seasonal_period_weeks,50.0,35_and_over,cumulative_cases,24.84,30.561066666666665,300,52.18,False
seasonal_period_weeks:0,seasonal_period_weeks,50.0,35_and_over,final_week_cases,4.08,4.480266666666666,300,52.18,False
seasonal_period_weeks:0,seasonal_period_weeks,50.0,35_and_over,outbreak_indicator,0.0,0.0,300,52.18,False
seasonal_period_weeks:0,seasonal_period_weeks,50.0,35_and_over,peak_weekly_cases,6.87,3.0531,300,52.18,False
seasonal_period_weeks:0,seasonal_period_weeks,50.0,5_to_10,cumulative_cases,32.196666666666665,38.09132222222222,300,52.18,False
seasonal_period_weeks:0,seasonal_period_weeks,50.0,5_to_10,final_week_cases,4.35,4.380833333333333,300,52.18,False
seasonal_period_weeks:0,seasonal_period_weeks,50.0,5_to_10,outbreak_indicator,0.0033333333333333335,0.0033222222222222216,300,52.18,False
seasonal_period_weeks:0,seasonal_period_weeks,50.0,5_to_10,peak_weekly_cases,8.526666666666667,3.622622222222222,300,52.18,False
seasonal_period_weeks:0,seasonal_period_weeks,50.0,all ages combined,cumulative_cases,111.01666666666667,123.46305555555557,300,52.18,False
seasonal_period_weeks:0,seasonal_period_weeks,50.0,all ages combined,final_week_cases,15.823333333333334,17.29878888888889,300,52.18,False
seasonal_period_weeks:0,seasonal_period_weeks,50.0,all ages combined,outbreak_indicator,1.0,0.0,300,52.18,False
seasonal_period_weeks:0,seasonal_period_weeks,50.0,all ages combined,peak_weekly_cases,24.606666666666666,10.891955555555555,300,52.18,False
seasonal_period_weeks:0,seasonal_period_weeks,50.0,under_1,cumulative_cases,11.446666666666667,12.607155555555556,300,52.18,False
seasonal_period_weeks:0,seasonal_period_weeks,50.0,under_1,final_week_cases,1.4433333333333334,1.4334555555555557,300,52.18,False
seasonal_period_weeks:0,seasonal_period_weeks,50.0,under_1,outbreak_indicator,0.0,0.0,300,52.18,False
seasonal_period_weeks:0,seasonal_period_weeks,50.0,under_1,peak_weekly_cases,3.7866666666666666,1.554488888888889,300,52.18,False
seasonal_period_weeks:1,seasonal_period_weeks,50.666666666666664,11_to_14,cumulative_cases,6.55,7.360833333333333,300,52.18,False
seasonal_period_weeks:1,seasonal_period_weeks,50.666666666666664,11_to_14,final_week_cases,1.0566666666666666,0.9867888888888888,300,52.18,False
seasonal_period_weeks:1,seasonal_period_weeks,50.666666666666664,11_to_14,outbreak_indicator,0.0,0.0,300,52.18,False
seasonal_period_weeks:1,seasonal_period_weeks,50.666666666666664,11_to_14,peak_weekly_cases,2.47,0.8424333333333335,300,52.18,False
seasonal_period_weeks:1,seasonal_period_weeks,50.666666666666664,15_to_24,cumulative_cases,9.696666666666667,9.477988888888888,300,52.18,False
seasonal_period_weeks:1,seasonal_period_weeks,50.666666666666664,15_to_24,final_week_cases,1.4533333333333334,1.3878222222222223,300,52.18,False
seasonal_period_weeks:1,seasonal_period_weeks,50.666666666666664,15_to_24,outbreak_indicator,0.0,0.0,300,52.18,False
seasonal_period_weeks:1,seasonal_period_weeks,50.666666666666664,15_to_24,peak_weekly_cases,3.263333333333333,1.3873222222222223,300,52.18,False
seasonal_period_weeks:1,seasonal_period_weeks,50.666666666666664,1_to_4,cumulative_cases,13.336666666666666,14.243322222222226,300,52.18,False
seasonal_period_weeks:1,seasonal_period_weeks,50.666666666666664,1_to_4,final_week_cases,1.5966666666666667,1.893988888888889,300,52.18,False
seasonal_period_weeks:1,seasonal_period_weeks,50.666666666666664,1_to_4,outbreak_indicator,0.0,0.0,300,52.18,False
seasonal_period_weeks:1,seasonal_period_weeks,50.666666666666664,1_to_4,peak_weekly_cases,4.493333333333333,1.883288888888889,300,52.18,False
seasonal_period_weeks:1,seasonal_period_weeks,50.666666666666664,25_to_34,cumulative_cases,14.53,17.11576666666667,300,52.18,False
seasonal_period_weeks:1,seasonal_period_weeks,50.666666666666664,25_to_34,final_week_cases,2.3866666666666667,2.6838222222222217,300,52.18,False
seasonal_period_weeks:1,seasonal_period_weeks,50.666666666666664,25_to_34,outbreak_indicator,0.0,0.0,300,52.18,False
seasonal_period_weeks:1,seasonal_period_weeks,50.666666666666664,25_to_34,peak_weekly_cases,4.49,1.7899,300,52.18,False
seasonal_period_weeks:1,seasonal_period_weeks,50.666666666666664,35_and_over,cumulative_cases,26.066666666666666,36.535555555555554,300,52.18,False
seasonal_period_weeks:1,seasonal_period_weeks,50.666666666666664,35_and_over,final_week_cases,4.423333333333333,4.584122222222223,300,52.18,False
seasonal_period_weeks:1,seasonal_period_weeks,50.666666666666664,35_and_over,outbreak_indicator,0.0,0.0,300,52.18,False
seasonal_period_weeks:1,seasonal_period_weeks,50.666666666666664,35_and_over,peak_weekly_cases,7.163333333333333,3.169988888888889,300,52.18,False
seasonal_period_weeks:1,seasonal_period_weeks,50.666666666666664,5_to_10,cumulative_cases,34.81,42.4939,300,52.18,False
seasonal_period_weeks:1,seasonal_period_weeks,50.666666666666664,5_to_10,final_week_cases,5.23,5.5571,300,52.18,False
seasonal_period_weeks:1,seasonal_period_weeks,50.666666666666664,5_to_10,outbreak_indicator,0.0,0.0,300,52.18,False
seasonal_period_weeks:1,seasonal_period_weeks,50.666666666666664,5_to_10,peak_weekly_cases,8.99,3.796566666666666,300,52.18,False
seasonal_period_weeks:1,seasonal_period_weeks,50.666666666666664,all ages combined,cumulative_cases,116.96,142.15173333333334,300,52.18,False
seasonal_period_weeks:1,seasonal_period_weeks,50.666666666666664,all ages combined,final_week_cases,17.69333333333333,18.185955555555555,300,52.18,False
seasonal_period_weeks:1,seasonal_period_weeks,50.666666666666664,all ages combined,outbreak_indicator,1.0,0.0,300,52.18,False
seasonal_period_weeks:1,seasonal_period_weeks,50.666666666666664,all ages combined,peak_weekly_cases,25.606666666666666,11.438622222222222,300,52.18,False
seasonal_period_weeks:1,seasonal_period_weeks,50.666666666666664,under_1,cumulative_cases,11.97,12.435766666666668,300,52.18,False
seasonal_period_weeks:1,seasonal_period_weeks,50.666666666666664,under_1,final_week_cases,1.5466666666666666,1.807822222222222,300,52.18,False
seasonal_period_weeks:1,seasonal_period_weeks,50.666666666666664,under_1,outbreak_indicator,0.0,0.0,300,52.18,False
seasonal_period_weeks:1,seasonal_period_weeks,50.666666666666664,under_1,peak_weekly_cases,3.9833333333333334,1.5230555555555554,300,52.18,False
seasonal_period_weeks:2,seasonal_period_weeks,51.333333333333336,11_to_14,cumulative_cases,6.746666666666667,6.849155555555556,300,52.18,False
seasonal_period_weeks:2,seasonal_period_weeks,51.333333333333336,11_to_14,final_week_cases,1.0966666666666667,1.033988888888889,300,52.18,False
seasonal_period_weeks:2,seasonal_period_weeks,51.333333333333336,11_to_14,outbreak_indicator,0.0,0.0,300,52.18,False
seasonal_period_weeks:2,seasonal_period_weeks,51.333333333333336,11_to_14,peak_weekly_cases,2.5366666666666666,0.8886555555555556,300,52.18,False
seasonal_period_weeks:2,seasonal_period_weeks,51.333333333333336,15_to_24,cumulative_cases,10.343333333333334,10.625455555555556,300,52.18,False
seasonal_period_weeks:2,seasonal_period_weeks,51.333333333333336,15_to_24,final_week_cases,1.7566666666666666,1.9641222222222219,300,52.18,False
seasonal_period_weeks:2,seasonal_period_weeks,51.333333333333336,15_to_24,outbreak_indicator,0.0,0.0,300,52.18,False
seasonal_period_weeks:2,seasonal_period_weeks,51.333333333333336,15_to_24,peak_weekly_cases,3.4433333333333334,1.326788888888889,300,52.18,False
seasonal_period_weeks:2,seasonal_period_weeks,51.333333333333336,1_to_4,cumulative_cases,13.9,14.596666666666666,300,52.18,False
seasonal_period_weeks:2,seasonal_period_weeks,51.333333333333336,1_to_4,final_week_cases,1.8433333333333333,2.098788888888889,300,52.18,False
seasonal_period_weeks:2,seasonal_period_weeks,51.333333333333336,1_to_4,outbreak_indicator,0.0,0.0,300,52.18,False
seasonal_period_weeks:2,seasonal_period_weeks,51.333333333333336,1_to_4,peak_weekly_cases,4.556666666666667,1.933455555555556,300,52.18,False
seasonal_period_weeks:2,seasonal_period_weeks,51.333333333333336,25_to_34,cumulative_cases,15.32,19.06426666666667,300,52.18,False
seasonal_period_weeks:2,seasonal_period_weeks,51.333333333333336,25_to_34,final_week_cases,2.6633333333333336,2.7766555555555557,300,52.18,False
seasonal_period_weeks:2,seasonal_period_weeks,51.333333333333336,25_to_34,outbreak_indicator,0.0,0.0,300,52.18,False
seasonal_period_weeks:2,seasonal_period_weeks,51.333333333333336,25_to_34,peak_weekly_cases,4.633333333333334,1.9522222222222225,300,52.18,False
seasonal_period_weeks:2,seasonal_period_weeks,51.333333333333336,35_and_over,cumulative_cases,27.31,41.3539,300,52.18,False
seasonal_period_weeks:2,seasonal_period_weeks,51.333333333333336,35_and_over,final_week_cases,4.973333333333334,5.745955555555556,300,52.18,False
seasonal_period_weeks:2,seasonal_period_weeks,51.333333333333336,35_and_over,outbreak_indicator,0.0,0.0,300,52.18,False
seasonal_period_weeks:2,seasonal_period_weeks,51.333333333333336,35_and_over,peak_weekly_cases,7.493333333333333,3.6366222222222224,300,52.18,False
seasonal_period_weeks:2,seasonal_period_weeks,51.333333333333336,5_to_10,cumulative_cases,37.18666666666667,45.37182222222222,300,52.18,False
seasonal_period_weeks:2,seasonal_period_weeks,51.333333333333336,5_to_10,final_week_cases,6.026666666666666,5.772622222222223,300,52.18,False
seasonal_period_weeks:2,seasonal_period_weeks,51.333333333333336,5_to_10,outbreak_indicator,0.0,0.0,300,52.18,False
seasonal_period_weeks:2,seasonal_period_weeks,51.333333333333336,5_to_10,peak_weekly_cases,9.4,3.9266666666666667,300,52.18,False
seasonal_period_weeks:2,seasonal_period_weeks,51.333333333333336,all ages combined,cumulative_cases,123.80666666666667,180.3292888888889,300,52.18,False
seasonal_period_weeks:2,seasonal_period_weeks,51.333333333333336,all ages combined,final_week_cases,20.25,22.280833333333334,300,52.18,False
seasonal_period_weeks:2,seasonal_period_weeks,51.333333333333336,all ages combined,outbreak_indicator,1.0,0.0,300,52.18,False
seasonal_period_weeks:2,seasonal_period_weeks,51.333333333333336,all ages combined,peak_weekly_cases,26.643333333333334,11.589455555555555,300,52.18,False
seasonal_period_weeks:2,seasonal_period_weeks,51.333333333333336,under_1,cumulative_cases,13.0,14.88,300,52.18,False
seasonal_period_weeks:2,seasonal_period_weeks,51.333333333333336,under_1,final_week_cases,1.89,2.144566666666667,300,52.18,False
seasonal_period_weeks:2,seasonal_period_weeks,51.333333333333336,under_1,outbreak_indicator,0.0,0.0,300,52.18,False
seasonal_period_weeks:2,seasonal_period_weeks,51.333333333333336,under_1,peak_weekly_cases,4.136666666666667,1.7779888888888893,300,52.18,False
seasonal_period_weeks:3,seasonal_period_weeks,52.0,11_to_14,cumulative_cases,7.083333333333333,7.709722222222222,300,52.18,False
seasonal_period_weeks:3,seasonal_period_weeks,52.0,11_to_14,final_week_cases,1.18,1.280933333333333,300,52.18,False
seasonal_period_weeks:3,seasonal_period_weeks,52.0,11_to_14,outbreak_indicator,0.0,0.0,300,52.18,False
seasonal_period_weeks:3,seasonal_period_weeks,52.0,11_to_14,peak_weekly_cases,2.683333333333333,0.9497222222222221,300,52.18,False
seasonal_period_weeks:3,seasonal_period_weeks,52.0,15_to_24,cumulative_cases,10.743333333333334,11.710788888888889,300,52.18,False
seasonal_period_weeks:3,seasonal_period_weeks,52.0,15_to_24,final_week_cases,1.8933333333333333,2.188622222222222,300,52.18,False
seasonal_period_weeks:3,seasonal_period_weeks,52.0,15_to_24,outbreak_indicator,0.0,0.0,300,52.18,False
seasonal_period_weeks:3,seasonal_period_weeks,52.0,15_to_24,peak_weekly_cases,3.58,1.310266666666667,300,52.18,False
seasonal_period_weeks:3,seasonal_period_weeks,52.0,1_to_4,cumulative_cases,14.76,14.715733333333331,300,52.18,False
seasonal_period_weeks:3,seasonal_period_weeks,52.0,1_to_4,final_week_cases,2.1,2.276666666666667,300,52.18,False
seasonal_period_weeks:3,seasonal_period_weeks,52.0,1_to_4,outbreak_indicator,0.0,0.0,300,52.18,False
seasonal_period_weeks:3,seasonal_period_weeks,52.0,1_to_4,peak_weekly_cases,4.753333333333333,1.9791555555555556,300,52.18,False
seasonal_period_weeks:3,seasonal_period_weeks,52.0,25_to_34,cumulative_cases,16.183333333333334,21.32972222222222,300,52.18,False
seasonal_period_weeks:3,seasonal_period_weeks,52.0,25_to_34,final_week_cases,2.9166666666666665,2.796388888888889,300,52.18,False
seasonal_period_weeks:3,seasonal_period_weeks,52.0,25_to_34,outbreak_indicator,0.0,0.0,300,52.18,False
seasonal_period_weeks:3,seasonal_period_weeks,52.0,25_to_34,peak_weekly_cases,4.8566666666666665,1.9361222222222223,300,52.18,False
seasonal_period_weeks:3,seasonal_period_weeks,52.0,35_and_over,cumulative_cases,27.836666666666666,42.04998888888888,300,52.18,False
seasonal_period_weeks:3,seasonal_period_weeks,52.0,35_and_over,final_week_cases,5.06,6.389733333333334,300,52.18,False
seasonal_period_weeks:3,seasonal_period_weeks,52.0,35_and_over,outbreak_indicator,0.0,0.0,300,52.18,False
seasonal_period_weeks:3,seasonal_period_weeks,52.0,35_and_over,peak_weekly_cases,7.57,3.925099999999999,300,52.18,False
seasonal_period_weeks:3,seasonal_period_weeks,52.0,5_to_10,cumulative_cases,39.53666666666667,51.86198888888889,300,52.18,False
seasonal_period_weeks:3,seasonal_period_weeks,52.0,5_to_10,final_week_cases,6.796666666666667,7.848655555555554,300,52.18,False
seasonal_period_weeks:3,seasonal_period_weeks,52.0,5_to_10,outbreak_indicator,0.006666666666666667,0.006622222222222221,300,52.18,False
seasonal_period_weeks:3,seasonal_period_weeks,52.0,5_to_10,peak_weekly_cases,10.036666666666667,4.035322222222223,300,52.18,False
seasonal_period_weeks:3,seasonal_period_weeks,52.0,all ages combined,cumulative_cases,129.66666666666666,195.11555555555557,300,52.18,False
seasonal_period_weeks:3,seasonal_period_weeks,52.0,all ages combined,final_week_cases,22.05666666666667,27.220122222222223,300,52.18,False
seasonal_period_weeks:3,seasonal_period_weeks,52.0,all ages combined,outbreak_indicator,1.0,0.0,300,52.18,False
seasonal_period_weeks:3,seasonal_period_weeks,52.0,all ages combined,peak_weekly_cases,27.803333333333335,12.444655555555556,300,52.18,False
seasonal_period_weeks:3,seasonal_period_weeks,52.0,under_1,cumulative_cases,13.523333333333333,15.322788888888887,300,52.18,False
seasonal_period_weeks:3,seasonal_period_weeks,52.0,under_1,final_week_cases,2.11,2.0312333333333332,300,52.18,False
seasonal_period_weeks:3,seasonal_period_weeks,52.0,under_1,outbreak_indicator,0.0,0.0,300,52.18,False
seasonal_period_weeks:3,seasonal_period_weeks,52.0,under_1,peak_weekly_cases,4.216666666666667,1.6630555555555555,300,52.18,False
seasonal_period_weeks:4,seasonal_period_weeks,52.18,11_to_14,cumulative_cases,7.16,8.067733333333335,300,52.18,True
seasonal_period_weeks:4,seasonal_period_weeks,52.18,11_to_14,final_week_cases,1.2666666666666666,1.4155555555555555,300,52.18,True
seasonal_period_weeks:4,seasonal_period_weeks,52.18,11_to_14,outbreak_indicator,0.0,0.0,300,52.18,True
seasonal_period_weeks:4,seasonal_period_weeks,52.18,11_to_14,peak_weekly_cases,2.6933333333333334,1.039288888888889,300,52.18,True
seasonal_period_weeks:4,seasonal_period_weeks,52.18,15_to_24,cumulative_cases,10.686666666666667,11.675155555555556,300,52.18,True
seasonal_period_weeks:4,seasonal_period_weeks,52.18,15_to_24,final_week_cases,1.9466666666666668,2.0838222222222225,300,52.18,True
seasonal_period_weeks:4,seasonal_period_weeks,52.18,15_to_24,outbreak_indicator,0.0,0.0,300,52.18,True
seasonal_period_weeks:4,seasonal_period_weeks,52.18,15_to_24,peak_weekly_cases,3.5366666666666666,1.381988888888889,300,52.18,True
seasonal_period_weeks:4,seasonal_period_weeks,52.18,1_to_4,cumulative_cases,15.04,15.765066666666668,300,52.18,True
seasonal_period_weeks:4,seasonal_period_weeks,52.18,1_to_4,final_week_cases,2.19,2.0672333333333337,300,52.18,True
seasonal_period_weeks:4,seasonal_period_weeks,52.18,1_to_4,outbreak_indicator,0.0,0.0,300,52.18,True
seasonal_period_weeks:4,seasonal_period_weeks,52.18,1_to_4,peak_weekly_cases,4.823333333333333,2.045455555555556,300,52.18,True
seasonal_period_weeks:4,seasonal_period_weeks,52.18,25_to_34,cumulative_cases,16.313333333333333,19.961822222222224,300,52.18,True
seasonal_period_weeks:4,seasonal_period_weeks,52.18,25_to_34,final_week_cases,2.9,3.296666666666667,300,52.18,True
seasonal_period_weeks:4,seasonal_period_weeks,52.18,25_to_34,outbreak_indicator,0.0,0.0,300,52.18,True
seasonal_period_weeks:4,seasonal_period_weeks,52.18,25_to_34,peak_weekly_cases,4.973333333333334,2.0059555555555555,300,52.18,True
seasonal_period_weeks:4,seasonal_period_weeks,52.18,35_and_over,cumulative_cases,28.006666666666668,40.513288888888894,300,52.18,True
seasonal_period_weeks:4,seasonal_period_weeks,52.18,35_and_over,final_week_cases,5.0,5.58,300,52.18,True
seasonal_period_weeks:4,seasonal_period_weeks,52.18,35_and_over,outbreak_indicator,0.0,0.0,300,52.18,True
seasonal_period_weeks:4,seasonal_period_weeks,52.18,35_and_over,peak_weekly_cases,7.526666666666666,3.829288888888888,300,52.18,True
seasonal_period_weeks:4,seasonal_period_weeks,52.18,5_to_10,cumulative_cases,40.22,50.791599999999995,300,52.18,True
seasonal_period_weeks:4,seasonal_period_weeks,52.18,5_to_10,final_week_cases,7.003333333333333,7.4366555555555545,300,52.18,True
seasonal_period_weeks:4,seasonal_period_weeks,52.18,5_to_10,outbreak_indicator,0.0033333333333333335,0.0033222222222222216,300,52.18,True
seasonal_period_weeks:4,seasonal_period_weeks,52.18,5_to_10,peak_weekly_cases,10.126666666666667,3.8706222222222215,300,52.18,True
seasonal_period_weeks:4,seasonal_period_weeks,52.18,all ages combined,cumulative_cases,131.17,202.62776666666667,300,52.18,True
seasonal_period_weeks:4,seasonal_period_weeks,52.18,all ages combined,final_week_cases,22.49,26.536566666666666,300,52.18,True
seasonal_period_weeks:4,seasonal_period_weeks,52.18,all ages combined,outbreak_indicator,1.0,0.0,300,52.18,True
seasonal_period_weeks:4,seasonal_period_weeks,52.18,all ages combined,peak_weekly_cases,28.093333333333334,13.657955555555558,300,52.18,True
seasonal_period_weeks:4,seasonal_period_weeks,52.18,under_1,cumulative_cases,13.743333333333334,15.637455555555556,300,52.18,True
seasonal_period_weeks:4,seasonal_period_weeks,52.18,under_1,final_week_cases,2.183333333333333,2.363055555555555,300,52.18,True
seasonal_period_weeks:4,seasonal_period_weeks,52.18,under_1,outbreak_indicator,0.0,0.0,300,52.18,True
seasonal_period_weeks:4,seasonal_period_weeks,52.18,under_1,peak_weekly_cases,4.33,1.8344333333333331,300,52.18,True
seasonal_period_weeks:5,seasonal_period_weeks,52.666666666666664,11_to_14,cumulative_cases,7.3966666666666665,7.292655555555555,300,52.18,False
seasonal_period_weeks:5,seasonal_period_weeks,52.666666666666664,11_to_14,final_week_cases,1.31,1.2539,300,52.18,False
seasonal_period_weeks:5,seasonal_period_weeks,52.666666666666664,11_to_14,outbreak_indicator,0.0,0.0,300,52.18,False
seasonal_period_weeks:5,seasonal_period_weeks,52.666666666666664,11_to_14,peak_weekly_cases,2.7,0.9766666666666667,300,52.18,False
seasonal_period_weeks:5,seasonal_period_weeks,52.666666666666664,15_to_24,cumulative_cases,11.113333333333333,12.340488888888888,300,52.18,False
seasonal_period_weeks:5,seasonal_period_weeks,52.666666666666664,15_to_24,final_week_cases,1.9133333333333333,1.8258222222222227,300,52.18,False
seasonal_period_weeks:5,seasonal_period_weeks,52.666666666666664,15_to_24,outbreak_indicator,0.0,0.0,300,52.18,False
seasonal_period_weeks:5,seasonal_period_weeks,52.666666666666664,15_to_24,peak_weekly_cases,3.64,1.2970666666666666,300,52.18,False
seasonal_period_weeks:5,seasonal_period_weeks,52.666666666666664,1_to_4,cumulative_cases,15.386666666666667,16.05048888888889,300,52.18,False
seasonal_period_weeks:5,seasonal_period_weeks,52.666666666666664,1_to_4,final_week_cases,2.24,2.0157333333333334,300,52.18,False
seasonal_period_weeks:5,seasonal_period_weeks,52.666666666666664,1_to_4,outbreak_indicator,0.0,0.0,300,52.18,False
seasonal_period_weeks:5,seasonal_period_weeks,52.666666666666664,1_to_4,peak_weekly_cases,4.83,2.2011,300,52.18,False
seasonal_period_weeks:5,seasonal_period_weeks,52.666666666666664,25_to_34,cumulative_cases,16.66,21.37773333333333,300,52.18,False
seasonal_period_weeks:5,seasonal_period_weeks,52.666666666666664,25_to_34,final_week_cases,2.9633333333333334,3.4953222222222227,300,52.18,False
seasonal_period_weeks:5,seasonal_period_weeks,52.666666666666664,25_to_34,outbreak_indicator,0.0,0.0,300,52.18,False
seasonal_period_weeks:5,seasonal_period_weeks,52.666666666666664,25_to_34,peak_weekly_cases,5.02,2.0929333333333333,300,52.18,False
seasonal_period_weeks:5,seasonal_period_weeks,52.666666666666664,35_and_over,cumulative_cases,28.613333333333333,44.20382222222222,300,52.18,False
seasonal_period_weeks:5,seasonal_period_weeks,52.666666666666664,35_and_over,final_week_cases,5.253333333333333,6.1624888888888885,300,52.18,False
seasonal_period_weeks:5,seasonal_period_weeks,52.666666666666664,35_and_over,outbreak_indicator,0.0,0.0,300,52.18,False
seasonal_period_weeks:5,seasonal_period_weeks,52.666666666666664,35_and_over,peak_weekly_cases,7.6866666666666665,4.355155555555555,300,52.18,False
seasonal_period_weeks:5,seasonal_period_weeks,52.666666666666664,5_to_10,cumulative_cases,41.42,50.0836,300,52.18,False
seasonal_period_weeks:5,seasonal_period_weeks,52.666666666666664,5_to_10,final_week_cases,7.48,9.482933333333333,300,52.18,False
seasonal_period_weeks:5,seasonal_period_weeks,52.666666666666664,5_to_10,outbreak_indicator,0.01,0.0099,300,52.18,False
seasonal_period_weeks:5,seasonal_period_weeks,52.666666666666664,5_to_10,peak_weekly_cases,10.543333333333333,4.374788888888889,300,52.18,False
seasonal_period_weeks:5,seasonal_period_weeks,52.666666666666664,all ages combined,cumulative_cases,134.55666666666667,203.74012222222223,300,52.18,False
seasonal_period_weeks:5,seasonal_period_weeks,52.666666666666664,all ages combined,final_week_cases,23.503333333333334,28.556655555555555,300,52.18,False
seasonal_period_weeks:5,seasonal_period_weeks,52.666666666666664,all ages combined,outbreak_indicator,1.0,0.0,300,52.18,False
seasonal_period_weeks:5,seasonal_period_weeks,52.666666666666664,all ages combined,peak_weekly_cases,28.776666666666667,14.420122222222222,300,52.18,False
seasonal_period_weeks:5,seasonal_period_weeks,52.666666666666664,under_1,cumulative_cases,13.966666666666667,14.378888888888888,300,52.18,False
seasonal_period_weeks:5,seasonal_period_weeks,52.666666666666664,under_1,final_week_cases,2.3433333333333333,2.552122222222222,300,52.18,False
seasonal_period_weeks:5,seasonal_period_weeks,52.666666666666664,under_1,outbreak_indicator,0.0,0.0,300,52.18,False
seasonal_period_weeks:5,seasonal_period_weeks,52.666666666666664,under_1,peak_weekly_cases,4.413333333333333,1.7958222222222222,300,52.18,False
seasonal_period_weeks:6,seasonal_period_weeks,53.333333333333336,11_to_14,cumulative_cases,7.483333333333333,7.429722222222222,300,52.18,False
seasonal_period_weeks:6,seasonal_period_weeks,53.333333333333336,11_to_14,final_week_cases,1.3533333333333333,1.4351555555555555,300,52.18,False
seasonal_period_weeks:6,seasonal_period_weeks,53.333333333333336,11_to_14,outbreak_indicator,0.0,0.0,300,52.18,False
seasonal_period_weeks:6,seasonal_period_weeks,53.333333333333336,11_to_14,peak_weekly_cases,2.7266666666666666,1.0119555555555555,300,52.18,False
seasonal_period_weeks:6,seasonal_period_weeks,53.333333333333336,15_to_24,cumulative_cases,11.493333333333334,12.036622222222222,300,52.18,False
seasonal_period_weeks:6,seasonal_period_weeks,53.333333333333336,15_to_24,final_week_cases,2.0,2.006666666666667,300,52.18,False
seasonal_period_weeks:6,seasonal_period_weeks,53.333333333333336,15_to_24,outbreak_indicator,0.0,0.0,300,52.18,False
seasonal_period_weeks:6,seasonal_period_weeks,53.333333333333336,15_to_24,peak_weekly_cases,3.7533333333333334,1.1791555555555555,300,52.18,False
seasonal_period_weeks:6,seasonal_period_weeks,53.333333333333336,1_to_4,cumulative_cases,15.523333333333333,14.929455555555556,300,52.18,False
seasonal_period_weeks:6,seasonal_period_weeks,53.333333333333336,1_to_4,final_week_cases,2.2666666666666666,2.3355555555555556,300,52.18,False
seasonal_period_weeks:6,seasonal_period_weeks,53.333333333333336,1_to_4,outbreak_indicator,0.0,0.0,300,52.18,False
seasonal_period_weeks:6,seasonal_period_weeks,53.333333333333336,1_to_4,peak_weekly_cases,4.8533333333333335,2.211822222222222,300,52.18,False
seasonal_period_weeks:6,seasonal_period_weeks,53.333333333333336,25_to_34,cumulative_cases,16.846666666666668,22.523155555555554,300,52.18,False
seasonal_period_weeks:6,seasonal_period_weeks,53.333333333333336,25_to_34,final_week_cases,3.14,3.753733333333333,300,52.18,False
seasonal_period_weeks:6,seasonal_period_weeks,53.333333333333336,25_to_34,outbreak_indicator,0.0,0.0,300,52.18,False
seasonal_period_weeks:6,seasonal_period_weeks,53.333333333333336,25_to_34,peak_weekly_cases,5.053333333333334,2.2771555555555554,300,52.18,False
seasonal_period_weeks:6,seasonal_period_weeks,53.333333333333336,35_and_over,cumulative_cases,29.393333333333334,45.70528888888889,300,52.18,False
seasonal_period_weeks:6,seasonal_period_weeks,53.333333333333336,35_and_over,final_week_cases,5.613333333333333,5.617155555555555,300,52.18,False
seasonal_period_weeks:6,seasonal_period_weeks,53.333333333333336,35_and_over,outbreak_indicator,0.0,0.0,300,52.18,False
seasonal_period_weeks:6,seasonal_period_weeks,53.333333333333336,35_and_over,peak_weekly_cases,7.943333333333333,4.406788888888888,300,52.18,False
seasonal_period_weeks:6,seasonal_period_weeks,53.333333333333336,5_to_10,cumulative_cases,43.2,53.02666666666667,300,52.18,False
seasonal_period_weeks:6,seasonal_period_weeks,53.333333333333336,5_to_10,final_week_cases,8.1,9.523333333333333,300,52.18,False
seasonal_period_weeks:6,seasonal_period_weeks,53.333333333333336,5_to_10,outbreak_indicator,0.02,0.019599999999999992,300,52.18,False
seasonal_period_weeks:6,seasonal_period_weeks,53.333333333333336,5_to_10,peak_weekly_cases,10.93,4.9651,300,52.18,False
seasonal_period_weeks:6,seasonal_period_weeks,53.333333333333336,all ages combined,cumulative_cases,138.41,211.97523333333334,300,52.18,False
seasonal_period_weeks:6,seasonal_period_weeks,53.333333333333336,all ages combined,final_week_cases,24.99,33.603233333333336,300,52.18,False
seasonal_period_weeks:6,seasonal_period_weeks,53.333333333333336,all ages combined,outbreak_indicator,1.0,0.0,300,52.18,False
seasonal_period_weeks:6,seasonal_period_weeks,53.333333333333336,all ages combined,peak_weekly_cases,29.616666666666667,14.99638888888889,300,52.18,False
seasonal_period_weeks:6,seasonal_period_weeks,53.333333333333336,under_1,cumulative_cases,14.47,15.155766666666668,300,52.18,False
seasonal_period_weeks:6,seasonal_period_weeks,53.333333333333336,under_1,final_week_cases,2.5166666666666666,2.3297222222222227,300,52.18,False
seasonal_period_weeks:6,seasonal_period_weeks,53.333333333333336,under_1,outbreak_indicator,0.0,0.0,300,52.18,False
seasonal_period_weeks:6,seasonal_period_weeks,53.333333333333336,under_1,peak_weekly_cases,4.46,1.8550666666666666,300,52.18,False
seasonal_period_weeks:7,seasonal_period_weeks,54.0,11_to_14,cumulative_cases,7.54,7.8084,300,52.18,False
seasonal_period_weeks:7,seasonal_period_weeks,54.0,11_to_14,final_week_cases,1.41,1.6418999999999997,300,52.18,False
seasonal_period_weeks:7,seasonal_period_weeks,54.0,11_to_14,outbreak_indicator,0.0,0.0,300,52.18,False
seasonal_period_weeks:7,seasonal_period_weeks,54.0,11_to_14,peak_weekly_cases,2.8233333333333333,1.1121222222222222,300,52.18,False
seasonal_period_weeks:7,seasonal_period_weeks,54.0,15_to_24,cumulative_cases,11.633333333333333,11.725555555555554,300,52.18,False
seasonal_period_weeks:7,seasonal_period_weeks,54.0,15_to_24,final_week_cases,2.0233333333333334,1.8227888888888886,300,52.18,False
seasonal_period_weeks:7,seasonal_period_weeks,54.0,15_to_24,outbreak_indicator,0.0,0.0,300,52.18,False
seasonal_period_weeks:7,seasonal_period_weeks,54.0,15_to_24,peak_weekly_cases,3.756666666666667,1.2241222222222221,300,52.18,False
seasonal_period_weeks:7,seasonal_period_weeks,54.0,1_to_4,cumulative_cases,15.73,14.803766666666665,300,52.18,False
seasonal_period_weeks:7,seasonal_period_weeks,54.0,1_to_4,final_week_cases,2.3066666666666666,1.9392888888888888,300,52.18,False
seasonal_period_weeks:7,seasonal_period_weeks,54.0,1_to_4,outbreak_indicator,0.0,0.0,300,52.18,False
seasonal_period_weeks:7,seasonal_period_weeks,54.0,1_to_4,peak_weekly_cases,4.826666666666667,2.0632888888888887,300,52.18,False
seasonal_period_weeks:7,seasonal_period_weeks,54.0,25_to_34,cumulative_cases,17.14,24.293733333333332,300,52.18,False
seasonal_period_weeks:7,seasonal_period_weeks,54.0,25_to_34,final_week_cases,3.1733333333333333,3.703288888888889,300,52.18,False
seasonal_period_weeks:7,seasonal_period_weeks,54.0,25_to_34,outbreak_indicator,0.0,0.0,300,52.18,False
seasonal_period_weeks:7,seasonal_period_weeks,54.0,25_to_34,peak_weekly_cases,5.126666666666667,2.1572888888888886,300,52.18,False
seasonal_period_weeks:7,seasonal_period_weeks,54.0,35_and_over,cumulative_cases,29.61,43.94456666666667,300,52.18,False
seasonal_period_weeks:7,seasonal_period_weeks,54.0,35_and_over,final_week_cases,5.86,5.6004,300,52.18,False
seasonal_period_weeks:7,seasonal_period_weeks,54.0,35_and_over,outbreak_indicator,0.0033333333333333335,0.003322222222222222,300,52.18,False
seasonal_period_weeks:7,seasonal_period_weeks,54.0,35_and_over,peak_weekly_cases,8.066666666666666,4.4222222222222225,300,52.18,False
seasonal_period_weeks:7,seasonal_period_weeks,54.0,5_to_10,cumulative_cases,44.38333333333333,55.676388888888894,300,52.18,False
seasonal_period_weeks:7,seasonal_period_weeks,54.0,5_to_10,final_week_cases,8.58,11.0036,300,52.18,False
seasonal_period_weeks:7,seasonal_period_weeks,54.0,5_to_10,outbreak_indicator,0.043333333333333335,0.04145555555555556,300,52.18,False
seasonal_period_weeks:7,seasonal_period_weeks,54.0,5_to_10,peak_weekly_cases,11.316666666666666,5.249722222222222,300,52.18,False
seasonal_period_weeks:7,seasonal_period_weeks,54.0,all ages combined,cumulative_cases,141.06,223.10306666666665,300,52.18,False
seasonal_period_weeks:7,seasonal_period_weeks,54.0,all ages combined,final_week_cases,26.053333333333335,38.04382222222222,300,52.18,False
seasonal_period_weeks:7,seasonal_period_weeks,54.0,all ages combined,outbreak_indicator,1.0,0.0,300,52.18,False
seasonal_period_weeks:7,seasonal_period_weeks,54.0,all ages combined,peak_weekly_cases,30.416666666666668,17.689722222222223,300,52.18,False
seasonal_period_weeks:7,seasonal_period_weeks,54.0,under_1,cumulative_cases,15.023333333333333,15.202788888888888,300,52.18,False
seasonal_period_weeks:7,seasonal_period_weeks,54.0,under_1,final_week_cases,2.7,2.756666666666667,300,52.18,False
seasonal_period_weeks:7,seasonal_period_weeks,54.0,under_1,outbreak_indicator,0.0,0.0,300,52.18,False
seasonal_period_weeks:7,seasonal_period_weeks,54.0,under_1,peak_weekly_cases,4.653333333333333,2.099822222222222,300,52.18,False
seed_infections_per_week:0,seed_infections_per_week,4.175599416388989,11_to_14,cumulative_cases,6.863333333333333,5.724655555555555,300,5.219499270486237,False
seed_infections_per_week:0,seed_infections_per_week,4.175599416388989,11_to_14,final_week_cases,1.19,1.1072333333333333,300,5.219499270486237,False
seed_infections_per_week:0,seed_infections_per_week,4.175599416388989,11_to_14,outbreak_indicator,0.0,0.0,300,5.219499270486237,False
seed_infections_per_week:0,seed_infections_per_week,4.175599416388989,11_to_14,peak_weekly_cases,2.6466666666666665,0.841822222222222,300,5.219499270486237,False
seed_infections_per_week:0,seed_infections_per_week,4.175599416388989,15_to_24,cumulative_cases,10.09,11.488566666666667,300,5.219499270486237,False
seed_infections_per_week:0,seed_infections_per_week,4.175599416388989,15_to_24,final_week_cases,1.8566666666666667,1.7161222222222223,300,5.219499270486237,False
seed_infections_per_week:0,seed_infections_per_week,4.175599416388989,15_to_24,outbreak_indicator,0.0,0.0,300,5.219499270486237,False
seed_infections_per_week:0,seed_infections_per_week,4.175599416388989,15_to_24,peak_weekly_cases,3.3966666666666665,1.3526555555555555,300,5.219499270486237,False
seed_infections_per_week:0,seed_infections_per_week,4.175599416388989,1_to_4,cumulative_cases,14.273333333333333,15.618622222222221,300,5.219499270486237,False
seed_infections_per_week:0,seed_infections_per_week,4.175599416388989,1_to_4,final_week_cases,1.9033333333333333,1.8339888888888891,300,5.219499270486237,False
seed_infections_per_week:0,seed_infections_per_week,4.175599416388989,1_to_4,outbreak_indicator,0.0,0.0,300,5.219499270486237,False
seed_infections_per_week:0,seed_infections_per_week,4.175599416388989,1_to_4,peak_weekly_cases,4.506666666666667,2.0432888888888887,300,5.219499270486237,False
seed_infections_per_week:0,seed_infections_per_week,4.175599416388989,25_to_34,cumulative_cases,14.953333333333333,14.664488888888888,300,5.219499270486237,False
seed_infections_per_week:0,seed_infections_per_week,4.175599416388989,25_to_34,final_week_cases,2.5933333333333333,2.541288888888889,300,5.219499270486237,False
seed_infections_per_week:0,seed_infections_per_week,4.175599416388989,25_to_34,outbreak_indicator,0.0,0.0,300,5.219499270486237,False
seed_infections_per_week:0,seed_infections_per_week,4.175599416388989,25_to_34,peak_weekly_cases,4.593333333333334,1.7146222222222223,300,5.219499270486237,False
seed_infections_per_week:0,seed_infections_per_week,4.175599416388989,35_and_over,cumulative_cases,25.553333333333335,28.52048888888889,300,5.219499270486237,False
seed_infections_per_week:0,seed_infections_per_week,4.175599416388989,35_and_over,final_week_cases,4.493333333333333,4.403288888888889,300,5.219499270486237,False
seed_infections_per_week:0,seed_infections_per_week,4.175599416388989,35_and_over,outbreak_indicator,0.0,0.0,300,5.219499270486237,False
seed_infections_per_week:0,seed_infections_per_week,4.175599416388989,35_and_over,peak_weekly_cases,6.996666666666667,2.843322222222222,300,5.219499270486237,False
seed_infections_per_week:0,seed_infections_per_week,4.175599416388989,5_to_10,cumulative_cases,39.14666666666667,47.898488888888885,300,5.219499270486237,False
seed_infections_per_week:0,seed_infections_per_week,4.175599416388989,5_to_10,final_week_cases,6.513333333333334,7.356488888888889,300,5.219499270486237,False
seed_infections_per_week:0,seed_infections_per_week,4.175599416388989,5_to_10,outbreak_indicator,0.006666666666666667,0.0066222222222222194,300,5.219499270486237,False
seed_infections_per_week:0,seed_infections_per_week,4.175599416388989,5_to_10,peak_weekly_cases,9.943333333333333,4.300122222222221,300,5.219499270486237,False
seed_infections_per_week:0,seed_infections_per_week,4.175599416388989,all ages combined,cumulative_cases,124.40666666666667,154.2212888888889,300,5.219499270486237,False
seed_infections_per_week:0,seed_infections_per_week,4.175599416388989,all ages combined,final_week_cases,20.733333333333334,20.702222222222222,300,5.219499270486237,False
seed_infections_per_week:0,seed_infections_per_week,4.175599416388989,all ages combined,outbreak_indicator,1.0,0.0,300,5.219499270486237,False
seed_infections_per_week:0,seed_infections_per_week,4.175599416388989,all ages combined,peak_weekly_cases,26.68,13.070933333333333,300,5.219499270486237,False
seed_infections_per_week:0,seed_infections_per_week,4.175599416388989,under_1,cumulative_cases,13.526666666666667,15.142622222222222,300,5.219499270486237,False
seed_infections_per_week:0,seed_infections_per_week,4.175599416388989,under_1,final_week_cases,2.183333333333333,2.463055555555556,300,5.219499270486237,False
seed_infections_per_week:0,seed_infections_per_week,4.175599416388989,under_1,outbreak_indicator,0.0,0.0,300,5.219499270486237,False
seed_infections_per_week:0,seed_infections_per_week,4.175599416388989,under_1,peak_weekly_cases,4.303333333333334,1.6446555555555558,300,5.219499270486237,False
seed_infections_per_week:1,seed_infections_per_week,4.523566034421405,11_to_14,cumulative_cases,7.06,6.683066666666666,300,5.219499270486237,False
seed_infections_per_week:1,seed_infections_per_week,4.523566034421405,11_to_14,final_week_cases,1.11,0.8645666666666667,300,5.219499270486237,False
seed_infections_per_week:1,seed_infections_per_week,4.523566034421405,11_to_14,outbreak_indicator,0.0,0.0,300,5.219499270486237,False
seed_infections_per_week:1,seed_infections_per_week,4.523566034421405,11_to_14,peak_weekly_cases,2.66,0.8977333333333333,300,5.219499270486237,False
seed_infections_per_week:1,seed_infections_per_week,4.523566034421405,15_to_24,cumulative_cases,10.356666666666667,10.349455555555556,300,5.219499270486237,False
seed_infections_per_week:1,seed_infections_per_week,4.523566034421405,15_to_24,final_week_cases,1.7,1.63,300,5.219499270486237,False
seed_infections_per_week:1,seed_infections_per_week,4.523566034421405,15_to_24,outbreak_indicator,0.0,0.0,300,5.219499270486237,False
seed_infections_per_week:1,seed_infections_per_week,4.523566034421405,15_to_24,peak_weekly_cases,3.48,1.1496,300,5.219499270486237,False
seed_infections_per_week:1,seed_infections_per_week,4.523566034421405,1_to_4,cumulative_cases,14.316666666666666,14.63638888888889,300,5.219499270486237,False
seed_infections_per_week:1,seed_infections_per_week,4.523566034421405,1_to_4,final_week_cases,1.92,1.7402666666666664,300,5.219499270486237,False
seed_infections_per_week:1,seed_infections_per_week,4.523566034421405,1_to_4,outbreak_indicator,0.0,0.0,300,5.219499270486237,False
seed_infections_per_week:1,seed_infections_per_week,4.523566034421405,1_to_4,peak_weekly_cases,4.576666666666667,1.770788888888889,300,5.219499270486237,False
seed_infections_per_week:1,seed_infections_per_week,4.523566034421405,25_to_34,cumulative_cases,15.413333333333334,15.749155555555554,300,5.219499270486237,False
seed_infections_per_week:1,seed_infections_per_week,4.523566034421405,25_to_34,final_week_cases,2.466666666666667,2.3622222222222224,300,5.219499270486237,False
seed_infections_per_week:1,seed_infections_per_week,4.523566034421405,25_to_34,outbreak_indicator,0.0,0.0,300,5.219499270486237,False
seed_infections_per_week:1,seed_infections_per_week,4.523566034421405,25_to_34,peak_weekly_cases,4.806666666666667,1.8092888888888887,300,5.219499270486237,False
seed_infections_per_week:1,seed_infections_per_week,4.523566034421405,35_and_over,cumulative_cases,25.703333333333333,31.18198888888889,300,5.219499270486237,False
seed_infections_per_week:1,seed_infections_per_week,4.523566034421405,35_and_over,final_week_cases,4.316666666666666,3.829722222222222,300,5.219499270486237,False
seed_infections_per_week:1,seed_infections_per_week,4.523566034421405,35_and_over,outbreak_indicator,0.0,0.0,300,5.219499270486237,False
seed_infections_per_week:1,seed_infections_per_week,4.523566034421405,35_and_over,peak_weekly_cases,7.1,3.216666666666667,300,5.219499270486237,False
seed_infections_per_week:1,seed_infections_per_week,4.523566034421405,5_to_10,cumulative_cases,39.47,52.862433333333335,300,5.219499270486237,False
seed_infections_per_week:1,seed_infections_per_week,4.523566034421405,5_to_10,final_week_cases,6.656666666666666,8.945455555555554,300,5.219499270486237,False
seed_infections_per_week:1,seed_infections_per_week,4.523566034421405,5_to_10,outbreak_indicator,0.01,0.009899999999999999,300,5.219499270486237,False
seed_infections_per_week:1,seed_infections_per_week,4.523566034421405,5_to_10,peak_weekly_cases,10.013333333333334,4.413155555555556,300,5.219499270486237,False
seed_infections_per_week:1,seed_infections_per_week,4.523566034421405,all ages combined,cumulative_cases,125.89666666666666,160.69265555555555,300,5.219499270486237,False
seed_infections_per_week:1,seed_infections_per_week,4.523566034421405,all ages combined,final_week_cases,20.196666666666665,22.61132222222222,300,5.219499270486237,False
seed_infections_per_week:1,seed_infections_per_week,4.523566034421405,all ages combined,outbreak_indicator,1.0,0.0,300,5.219499270486237,False
seed_infections_per_week:1,seed_infections_per_week,4.523566034421405,all ages combined,peak_weekly_cases,27.05,12.160833333333333,300,5.219499270486237,False
seed_infections_per_week:1,seed_infections_per_week,4.523566034421405,under_1,cumulative_cases,13.576666666666666,14.304122222222222,300,5.219499270486237,False
seed_infections_per_week:1,seed_infections_per_week,4.523566034421405,under_1,final_week_cases,2.026666666666667,2.0659555555555555,300,5.219499270486237,False
seed_infections_per_week:1,seed_infections_per_week,4.523566034421405,under_1,outbreak_indicator,0.0,0.0,300,5.219499270486237,False
seed_infections_per_week:1,seed_infections_per_week,4.523566034421405,under_1,peak_weekly_cases,4.236666666666666,1.6006555555555557,300,5.219499270486237,False
seed_infections_per_week:2,seed_infections_per_week,4.871532652453821,11_to_14,cumulative_cases,6.536666666666667,7.381988888888889,300,5.219499270486237,False
seed_infections_per_week:2,seed_infections_per_week,4.871532652453821,11_to_14,final_week_cases,1.12,1.1855999999999998,300,5.219499270486237,False
seed_infections_per_week:2,seed_infections_per_week,4.871532652453821,11_to_14,outbreak_indicator,0.0,0.0,300,5.219499270486237,False
seed_infections_per_week:2,seed_infections_per_week,4.871532652453821,11_to_14,peak_weekly_cases,2.486666666666667,1.0564888888888886,300,5.219499270486237,False
seed_infections_per_week:2,seed_infections_per_week,4.871532652453821,15_to_24,cumulative_cases,10.35,12.120833333333334,300,5.219499270486237,False
seed_infections_per_week:2,seed_infections_per_week,4.871532652453821,15_to_24,final_week_cases,1.7566666666666666,1.8841222222222223,300,5.219499270486237,False
seed_infections_per_week:2,seed_infections_per_week,4.871532652453821,15_to_24,outbreak_indicator,0.0,0.0,300,5.219499270486237,False
seed_infections_per_week:2,seed_infections_per_week,4.871532652453821,15_to_24,peak_weekly_cases,3.54,1.4750666666666667,300,5.219499270486237,False
seed_infections_per_week:2,seed_infections_per_week,4.871532652453821,1_to_4,cumulative_cases,14.993333333333334,17.099955555555557,300,5.219499270486237,False
seed_infections_per_week:2,seed_infections_per_week,4.871532652453821,1_to_4,final_week_cases,2.0566666666666666,2.1534555555555555,300,5.219499270486237,False
seed_infections_per_week:2,seed_infections_per_week,4.871532652453821,1_to_4,outbreak_indicator,0.0,0.0,300,5.219499270486237,False
seed_infections_per_week:2,seed_infections_per_week,4.871532652453821,1_to_4,peak_weekly_cases,4.736666666666666,2.053988888888889,300,5.219499270486237,False
seed_infections_per_week:2,seed_infections_per_week,4.871532652453821,25_to_34,cumulative_cases,16.163333333333334,17.956655555555553,300,5.219499270486237,False
seed_infections_per_week:2,seed_infections_per_week,4.871532652453821,25_to_34,final_week_cases,2.6533333333333333,2.706488888888889,300,5.219499270486237,False
seed_infections_per_week:2,seed_infections_per_week,4.871532652453821,25_to_34,outbreak_indicator,0.0,0.0,300,5.219499270486237,False
seed_infections_per_week:2,seed_infections_per_week,4.871532652453821,25_to_34,peak_weekly_cases,4.946666666666666,1.9838222222222217,300,5.219499270486237,False
seed_infections_per_week:2,seed_infections_per_week,4.871532652453821,35_and_over,cumulative_cases,27.346666666666668,38.54648888888889,300,5.219499270486237,False
seed_infections_per_week:2,seed_infections_per_week,4.871532652453821,35_and_over,final_week_cases,5.11,5.837899999999999,300,5.219499270486237,False
seed_infections_per_week:2,seed_infections_per_week,4.871532652453821,35_and_over,outbreak_indicator,0.0,0.0,300,5.219499270486237,False
seed_infections_per_week:2,seed_infections_per_week,4.871532652453821,35_and_over,peak_weekly_cases,7.49,3.4832333333333336,300,5.219499270486237,False
seed_infections_per_week:2,seed_infections_per_week,4.871532652453821,5_to_10,cumulative_cases,39.67,50.92776666666667,300,5.219499270486237,False
seed_infections_per_week:2,seed_infections_per_week,4.871532652453821,5_to_10,final_week_cases,6.793333333333333,8.123955555555556,300,5.219499270486237,False
seed_infections_per_week:2,seed_infections_per_week,4.871532652453821,5_to_10,outbreak_indicator,0.01,0.0099,300,5.219499270486237,False
seed_infections_per_week:2,seed_infections_per_week,4.871532652453821,5_to_10,peak_weekly_cases,10.09,4.335233333333333,300,5.219499270486237,False
seed_infections_per_week:2,seed_infections_per_week,4.871532652453821,all ages combined,cumulative_cases,128.95666666666668,188.01478888888892,300,5.219499270486237,False
seed_infections_per_week:2,seed_infections_per_week,4.871532652453821,all ages combined,final_week_cases,21.713333333333335,26.331155555555558,300,5.219499270486237,False
seed_infections_per_week:2,seed_infections_per_week,4.871532652453821,all ages combined,outbreak_indicator,1.0,0.0,300,5.219499270486237,False
seed_infections_per_week:2,seed_infections_per_week,4.871532652453821,all ages combined,peak_weekly_cases,27.593333333333334,13.327955555555556,300,5.219499270486237,False
seed_infections_per_week:2,seed_infections_per_week,4.871532652453821,under_1,cumulative_cases,13.896666666666667,12.745988888888888,300,5.219499270486237,False
seed_infections_per_week:2,seed_infections_per_week,4.871532652453821,under_1,final_week_cases,2.223333333333333,2.306788888888889,300,5.219499270486237,False
seed_infections_per_week:2,seed_infections_per_week,4.871532652453821,under_1,outbreak_indicator,0.0,0.0,300,5.219499270486237,False
seed_infections_per_week:2,seed_infections_per_week,4.871532652453821,under_1,peak_weekly_cases,4.44,1.5797333333333332,300,5.219499270486237,False
seed_infections_per_week:3,seed_infections_per_week,5.219499270486237,11_to_14,cumulative_cases,7.16,8.067733333333335,300,5.219499270486237,True
seed_infections_per_week:3,seed_infections_per_week,5.219499270486237,11_to_14,final_week_cases,1.2666666666666666,1.4155555555555555,300,5.219499270486237,True
seed_infections_per_week:3,seed_infections_per_week,5.219499270486237,11_to_14,outbreak_indicator,0.0,0.0,300,5.219499270486237,True
seed_infections_per_week:3,seed_infections_per_week,5.219499270486237,11_to_14,peak_weekly_cases,2.6933333333333334,1.039288888888889,300,5.219499270486237,True
seed_infections_per_week:3,seed_infections_per_week,5.219499270486237,15_to_24,cumulative_cases,10.686666666666667,11.675155555555556,300,5.219499270486237,True
seed_infections_per_week:3,seed_infections_per_week,5.219499270486237,15_to_24,final_week_cases,1.9466666666666668,2.0838222222222225,300,5.219499270486237,True
seed_infections_per_week:3,seed_infections_per_week,5.219499270486237,15_to_24,outbreak_indicator,0.0,0.0,300,5.219499270486237,True
seed_infections_per_week:3,seed_infections_per_week,5.219499270486237,15_to_24,peak_weekly_cases,3.5366666666666666,1.381988888888889,300,5.219499270486237,True
seed_infections_per_week:3,seed_infections_per_week,5.219499270486237,1_to_4,cumulative_cases,15.04,15.765066666666668,300,5.219499270486237,True
seed_infections_per_week:3,seed_infections_per_week,5.219499270486237,1_to_4,final_week_cases,2.19,2.0672333333333337,300,5.219499270486237,True
seed_infections_per_week:3,seed_infections_per_week,5.219499270486237,1_to_4,outbreak_indicator,0.0,0.0,300,5.219499270486237,True
seed_infections_per_week:3,seed_infections_per_week,5.219499270486237,1_to_4,peak_weekly_cases,4.823333333333333,2.045455555555556,300,5.219499270486237,True
seed_infections_per_week:3,seed_infections_per_week,5.219499270486237,25_to_34,cumulative_cases,16.313333333333333,19.961822222222224,300,5.219499270486237,True
seed_infections_per_week:3,seed_infections_per_week,5.219499270486237,25_to_34,final_week_cases,2.9,3.296666666666667,300,5.219499270486237,True
seed_infections_per_week:3,seed_infections_per_week,5.219499270486237,25_to_34,outbreak_indicator,0.0,0.0,300,5.219499270486237,True
seed_infections_per_week:3,seed_infections_per_week,5.219499270486237,25_to_34,peak_weekly_cases,4.973333333333334,2.0059555555555555,300,5.219499270486237,True
seed_infections_per_week:3,seed_infections_per_week,5.219499270486237,35_and_over,cumulative_cases,28.006666666666668,40.513288888888894,300,5.219499270486237,True
seed_infections_per_week:3,seed_infections_per_week,5.219499270486237,35_and_over,final_week_cases,5.0,5.58,300,5.219499270486237,True
seed_infections_per_week:3,seed_infections_per_week,5.219499270486237,35_and_over,outbreak_indicator,0.0,0.0,300,5.219499270486237,True
seed_infections_per_week:3,seed_infections_per_week,5.219499270486237,35_and_over,peak_weekly_cases,7.526666666666666,3.829288888888888,300,5.219499270486237,True
seed_infections_per_week:3,seed_infections_per_week,5.219499270486237,5_to_10,cumulative_cases,40.22,50.791599999999995,300,5.219499270486237,True
seed_infections_per_week:3,seed_infections_per_week,5.219499270486237,5_to_10,final_week_cases,7.003333333333333,7.4366555555555545,300,5.219499270486237,True
seed_infections_per_week:3,seed_infections_per_week,5.219499270486237,5_to_10,outbreak_indicator,0.0033333333333333335,0.0033222222222222216,300,5.219499270486237,True
seed_infections_per_week:3,seed_infections_per_week,5.219499270486237,5_to_10,peak_weekly_cases,10.126666666666667,3.8706222222222215,300,5.219499270486237,True
seed_infections_per_week:3,seed_infections_per_week,5.219499270486237,all ages combined,cumulative_cases,131.17,202.62776666666667,300,5.219499270486237,True
seed_infections_per_week:3,seed_infections_per_week,5.219499270486237,all ages combined,final_week_cases,22.49,26.536566666666666,300,5.219499270486237,True
seed_infections_per_week:3,seed_infections_per_week,5.219499270486237,all ages combined,outbreak_indicator,1.0,0.0,300,5.219499270486237,True
seed_infections_per_week:3,seed_infections_per_week,5.219499270486237,all ages combined,peak_weekly_cases,28.093333333333334,13.657955555555558,300,5.219499270486237,True
seed_infections_per_week:3,seed_infections_per_week,5.219499270486237,under_1,cumulative_cases,13.743333333333334,15.637455555555556,300,5.219499270486237,True
seed_infections_per_week:3,seed_infections_per_week,5.219499270486237,under_1,final_week_cases,2.183333333333333,2.363055555555555,300,5.219499270486237,True
seed_infections_per_week:3,seed_infections_per_week,5.219499270486237,under_1,outbreak_indicator,0.0,0.0,300,5.219499270486237,True
seed_infections_per_week:3,seed_infections_per_week,5.219499270486237,under_1,peak_weekly_cases,4.33,1.8344333333333331,300,5.219499270486237,True
seed_infections_per_week:4,seed_infections_per_week,5.567465888518653,11_to_14,cumulative_cases,7.256666666666667,6.8841222222222225,300,5.219499270486237,False
seed_infections_per_week:4,seed_infections_per_week,5.567465888518653,11_to_14,final_week_cases,1.2333333333333334,1.192222222222222,300,5.219499270486237,False
seed_infections_per_week:4,seed_infections_per_week,5.567465888518653,11_to_14,outbreak_indicator,0.0,0.0,300,5.219499270486237,False
seed_infections_per_week:4,seed_infections_per_week,5.567465888518653,11_to_14,peak_weekly_cases,2.7266666666666666,0.9786222222222222,300,5.219499270486237,False
seed_infections_per_week:4,seed_infections_per_week,5.567465888518653,15_to_24,cumulative_cases,10.796666666666667,10.275322222222222,300,5.219499270486237,False
seed_infections_per_week:4,seed_infections_per_week,5.567465888518653,15_to_24,final_week_cases,1.9433333333333334,1.9134555555555555,300,5.219499270486237,False
seed_infections_per_week:4,seed_infections_per_week,5.567465888518653,15_to_24,outbreak_indicator,0.0,0.0,300,5.219499270486237,False
seed_infections_per_week:4,seed_infections_per_week,5.567465888518653,15_to_24,peak_weekly_cases,3.66,1.2977333333333334,300,5.219499270486237,False
seed_infections_per_week:4,seed_infections_per_week,5.567465888518653,1_to_4,cumulative_cases,14.933333333333334,14.715555555555557,300,5.219499270486237,False
seed_infections_per_week:4,seed_infections_per_week,5.567465888518653,1_to_4,final_week_cases,2.08,2.2202666666666664,300,5.219499270486237,False
seed_infections_per_week:4,seed_infections_per_week,5.567465888518653,1_to_4,outbreak_indicator,0.0,0.0,300,5.219499270486237,False
seed_infections_per_week:4,seed_infections_per_week,5.567465888518653,1_to_4,peak_weekly_cases,4.66,1.7510666666666668,300,5.219499270486237,False
seed_infections_per_week:4,seed_infections_per_week,5.567465888518653,25_to_34,cumulative_cases,16.266666666666666,17.795555555555552,300,5.219499270486237,False
seed_infections_per_week:4,seed_infections_per_week,5.567465888518653,25_to_34,final_week_cases,2.67,2.7011000000000003,300,5.219499270486237,False
seed_infections_per_week:4,seed_infections_per_week,5.567465888518653,25_to_34,outbreak_indicator,0.0,0.0,300,5.219499270486237,False
seed_infections_per_week:4,seed_infections_per_week,5.567465888518653,25_to_34,peak_weekly_cases,4.916666666666667,1.909722222222222,300,5.219499270486237,False
seed_infections_per_week:4,seed_infections_per_week,5.567465888518653,35_and_over,cumulative_cases,28.30666666666667,38.04595555555556,300,5.219499270486237,False
seed_infections_per_week:4,seed_infections_per_week,5.567465888518653,35_and_over,final_week_cases,5.126666666666667,6.123955555555556,300,5.219499270486237,False
seed_infections_per_week:4,seed_infections_per_week,5.567465888518653,35_and_over,outbreak_indicator,0.0,0.0,300,5.219499270486237,False
seed_infections_per_week:4,seed_infections_per_week,5.567465888518653,35_and_over,peak_weekly_cases,7.743333333333333,3.424122222222222,300,5.219499270486237,False
seed_infections_per_week:4,seed_infections_per_week,5.567465888518653,5_to_10,cumulative_cases,40.50333333333333,54.523322222222234,300,5.219499270486237,False
seed_infections_per_week:4,seed_infections_per_week,5.567465888518653,5_to_10,final_week_cases,6.873333333333333,9.243955555555555,300,5.219499270486237,False
seed_infections_per_week:4,seed_infections_per_week,5.567465888518653,5_to_10,outbreak_indicator,0.016666666666666666,0.01638888888888889,300,5.219499270486237,False
seed_infections_per_week:4,seed_infections_per_week,5.567465888518653,5_to_10,peak_weekly_cases,10.33,4.374433333333333,300,5.219499270486237,False
seed_infections_per_week:4,seed_infections_per_week,5.567465888518653,all ages combined,cumulative_cases,131.26,184.71906666666666,300,5.219499270486237,False
seed_infections_per_week:4,seed_infections_per_week,5.567465888518653,all ages combined,final_week_cases,21.926666666666666,29.554622222222225,300,5.219499270486237,False
seed_infections_per_week:4,seed_infections_per_week,5.567465888518653,all ages combined,outbreak_indicator,1.0,0.0,300,5.219499270486237,False
seed_infections_per_week:4,seed_infections_per_week,5.567465888518653,all ages combined,peak_weekly_cases,28.37,12.879766666666667,300,5.219499270486237,False
seed_infections_per_week:4,seed_infections_per_week,5.567465888518653,under_1,cumulative_cases,13.196666666666667,14.891322222222222,300,5.219499270486237,False
seed_infections_per_week:4,seed_infections_per_week,5.567465888518653,under_1,final_week_cases,2.0,1.9866666666666666,300,5.219499270486237,False
seed_infections_per_week:4,seed_infections_per_week,5.567465888518653,under_1,outbreak_indicator,0.0,0.0,300,5.219499270486237,False
seed_infections_per_week:4,seed_infections_per_week,5.567465888518653,under_1,peak_weekly_cases,4.26,1.4790666666666668,300,5.219499270486237,False
seed_infections_per_week:5,seed_infections_per_week,5.915432506551069,11_to_14,cumulative_cases,6.993333333333333,7.019955555555556,300,5.219499270486237,False
seed_infections_per_week:5,seed_infections_per_week,5.915432506551069,11_to_14,final_week_cases,1.2433333333333334,1.2174555555555555,300,5.219499270486237,False
seed_infections_per_week:5,seed_infections_per_week,5.915432506551069,11_to_14,outbreak_indicator,0.0,0.0,300,5.219499270486237,False
seed_infections_per_week:5,seed_infections_per_week,5.915432506551069,11_to_14,peak_weekly_cases,2.7,1.01,300,5.219499270486237,False
seed_infections_per_week:5,seed_infections_per_week,5.915432506551069,15_to_24,cumulative_cases,11.083333333333334,11.943055555555553,300,5.219499270486237,False
seed_infections_per_week:5,seed_infections_per_week,5.915432506551069,15_to_24,final_week_cases,1.96,1.905066666666667,300,5.219499270486237,False
seed_infections_per_week:5,seed_infections_per_week,5.915432506551069,15_to_24,outbreak_indicator,0.0,0.0,300,5.219499270486237,False
seed_infections_per_week:5,seed_infections_per_week,5.915432506551069,15_to_24,peak_weekly_cases,3.68,1.4109333333333332,300,5.219499270486237,False
seed_infections_per_week:5,seed_infections_per_week,5.915432506551069,1_to_4,cumulative_cases,14.716666666666667,16.263055555555553,300,5.219499270486237,False
seed_infections_per_week:5,seed_infections_per_week,5.915432506551069,1_to_4,final_week_cases,1.89,1.8179000000000003,300,5.219499270486237,False
seed_infections_per_week:5,seed_infections_per_week,5.915432506551069,1_to_4,outbreak_indicator,0.0,0.0,300,5.219499270486237,False
seed_infections_per_week:5,seed_infections_per_week,5.915432506551069,1_to_4,peak_weekly_cases,4.62,1.8622666666666665,300,5.219499270486237,False
seed_infections_per_week:5,seed_infections_per_week,5.915432506551069,25_to_34,cumulative_cases,16.583333333333332,16.55638888888889,300,5.219499270486237,False
seed_infections_per_week:5,seed_infections_per_week,5.915432506551069,25_to_34,final_week_cases,2.9,2.8566666666666665,300,5.219499270486237,False
seed_infections_per_week:5,seed_infections_per_week,5.915432506551069,25_to_34,outbreak_indicator,0.0,0.0,300,5.219499270486237,False
seed_infections_per_week:5,seed_infections_per_week,5.915432506551069,25_to_34,peak_weekly_cases,4.983333333333333,1.869722222222222,300,5.219499270486237,False
seed_infections_per_week:5,seed_infections_per_week,5.915432506551069,35_and_over,cumulative_cases,29.683333333333334,35.456388888888895,300,5.219499270486237,False
seed_infections_per_week:5,seed_infections_per_week,5.915432506551069,35_and_over,final_week_cases,5.596666666666667,5.733988888888889,300,5.219499270486237,False
seed_infections_per_week:5,seed_infections_per_week,5.915432506551069,35_and_over,outbreak_indicator,0.0,0.0,300,5.219499270486237,False
seed_infections_per_week:5,seed_infections_per_week,5.915432506551069,35_and_over,peak_weekly_cases,8.006666666666666,3.233288888888889,300,5.219499270486237,False
seed_infections_per_week:5,seed_infections_per_week,5.915432506551069,5_to_10,cumulative_cases,39.87,54.6531,300,5.219499270486237,False
seed_infections_per_week:5,seed_infections_per_week,5.915432506551069,5_to_10,final_week_cases,6.943333333333333,8.580122222222222,300,5.219499270486237,False
seed_infections_per_week:5,seed_infections_per_week,5.915432506551069,5_to_10,outbreak_indicator,0.016666666666666666,0.01638888888888889,300,5.219499270486237,False
seed_infections_per_week:5,seed_infections_per_week,5.915432506551069,5_to_10,peak_weekly_cases,10.143333333333333,4.902788888888889,300,5.219499270486237,False
seed_infections_per_week:5,seed_infections_per_week,5.915432506551069,all ages combined,cumulative_cases,132.46666666666667,194.24222222222224,300,5.219499270486237,False
seed_infections_per_week:5,seed_infections_per_week,5.915432506551069,all ages combined,final_week_cases,22.67,28.221100000000007,300,5.219499270486237,False
seed_infections_per_week:5,seed_infections_per_week,5.915432506551069,all ages combined,outbreak_indicator,1.0,0.0,300,5.219499270486237,False
seed_infections_per_week:5,seed_infections_per_week,5.915432506551069,all ages combined,peak_weekly_cases,28.18,12.880933333333333,300,5.219499270486237,False
seed_infections_per_week:5,seed_infections_per_week,5.915432506551069,under_1,cumulative_cases,13.536666666666667,16.13532222222222,300,5.219499270486237,False
seed_infections_per_week:5,seed_infections_per_week,5.915432506551069,under_1,final_week_cases,2.1366666666666667,2.077988888888889,300,5.219499270486237,False
seed_infections_per_week:5,seed_infections_per_week,5.915432506551069,under_1,outbreak_indicator,0.0,0.0,300,5.219499270486237,False
seed_infections_per_week:5,seed_infections_per_week,5.915432506551069,under_1,peak_weekly_cases,4.326666666666667,1.7132888888888889,300,5.219499270486237,False
seed_infections_per_week:6,seed_infections_per_week,6.263399124583485,11_to_14,cumulative_cases,7.113333333333333,8.233822222222221,300,5.219499270486237,False
seed_infections_per_week:6,seed_infections_per_week,6.263399124583485,11_to_14,final_week_cases,1.1766666666666667,1.1787888888888889,300,5.219499270486237,False
seed_infections_per_week:6,seed_infections_per_week,6.263399124583485,11_to_14,outbreak_indicator,0.0,0.0,300,5.219499270486237,False
seed_infections_per_week:6,seed_infections_per_week,6.263399124583485,11_to_14,peak_weekly_cases,2.6366666666666667,1.117988888888889,300,5.219499270486237,False
seed_infections_per_week:6,seed_infections_per_week,6.263399124583485,15_to_24,cumulative_cases,11.246666666666666,13.179155555555557,300,5.219499270486237,False
seed_infections_per_week:6,seed_infections_per_week,6.263399124583485,15_to_24,final_week_cases,1.9933333333333334,1.9132888888888893,300,5.219499270486237,False
seed_infections_per_week:6,seed_infections_per_week,6.263399124583485,15_to_24,outbreak_indicator,0.0,0.0,300,5.219499270486237,False
seed_infections_per_week:6,seed_infections_per_week,6.263399124583485,15_to_24,peak_weekly_cases,3.7266666666666666,1.3652888888888886,300,5.219499270486237,False
seed_infections_per_week:6,seed_infections_per_week,6.263399124583485,1_to_4,cumulative_cases,14.803333333333333,16.504655555555555,300,5.219499270486237,False
seed_infections_per_week:6,seed_infections_per_week,6.263399124583485,1_to_4,final_week_cases,2.04,2.151733333333333,300,5.219499270486237,False
seed_infections_per_week:6,seed_infections_per_week,6.263399124583485,1_to_4,outbreak_indicator,0.0,0.0,300,5.219499270486237,False
seed_infections_per_week:6,seed_infections_per_week,6.263399124583485,1_to_4,peak_weekly_cases,4.703333333333333,1.741988888888889,300,5.219499270486237,False
seed_infections_per_week:6,seed_infections_per_week,6.263399124583485,25_to_34,cumulative_cases,16.833333333333332,19.438888888888886,300,5.219499270486237,False
seed_infections_per_week:6,seed_infections_per_week,6.263399124583485,25_to_34,final_week_cases,2.933333333333333,3.1088888888888886,300,5.219499270486237,False
seed_infections_per_week:6,seed_infections_per_week,6.263399124583485,25_to_34,outbreak_indicator,0.0,0.0,300,5.219499270486237,False
seed_infections_per_week:6,seed_infections_per_week,6.263399124583485,25_to_34,peak_weekly_cases,5.11,2.2178999999999998,300,5.219499270486237,False
seed_infections_per_week:6,seed_infections_per_week,6.263399124583485,35_and_over,cumulative_cases,29.19,39.4539,300,5.219499270486237,False
seed_infections_per_week:6,seed_infections_per_week,6.263399124583485,35_and_over,final_week_cases,5.32,6.204266666666666,300,5.219499270486237,False
seed_infections_per_week:6,seed_infections_per_week,6.263399124583485,35_and_over,outbreak_indicator,0.0033333333333333335,0.003322222222222221,300,5.219499270486237,False
seed_infections_per_week:6,seed_infections_per_week,6.263399124583485,35_and_over,peak_weekly_cases,7.8933333333333335,3.8819555555555554,300,5.219499270486237,False
seed_infections_per_week:6,seed_infections_per_week,6.263399124583485,5_to_10,cumulative_cases,40.28333333333333,56.82305555555556,300,5.219499270486237,False
seed_infections_per_week:6,seed_infections_per_week,6.263399124583485,5_to_10,final_week_cases,6.846666666666667,7.076488888888889,300,5.219499270486237,False
seed_infections_per_week:6,seed_infections_per_week,6.263399124583485,5_to_10,outbreak_indicator,0.013333333333333334,0.013155555555555561,300,5.219499270486237,False
seed_infections_per_week:6,seed_infections_per_week,6.263399124583485,5_to_10,peak_weekly_cases,10.146666666666667,4.958488888888889,300,5.219499270486237,False
seed_infections_per_week:6,seed_infections_per_week,6.263399124583485,all ages combined,cumulative_cases,133.14666666666668,205.84515555555555,300,5.219499270486237,False
seed_infections_per_week:6,seed_infections_per_week,6.263399124583485,all ages combined,final_week_cases,22.553333333333335,27.34715555555556,300,5.219499270486237,False
seed_infections_per_week:6,seed_infections_per_week,6.263399124583485,all ages combined,outbreak_indicator,1.0,0.0,300,5.219499270486237,False
seed_infections_per_week:6,seed_infections_per_week,6.263399124583485,all ages combined,peak_weekly_cases,28.613333333333333,16.057155555555553,300,5.219499270486237,False
seed_infections_per_week:6,seed_infections_per_week,6.263399124583485,under_1,cumulative_cases,13.676666666666666,13.798788888888891,300,5.219499270486237,False
seed_infections_per_week:6,seed_infections_per_week,6.263399124583485,under_1,final_week_cases,2.243333333333333,1.6574555555555557,300,5.219499270486237,False
seed_infections_per_week:6,seed_infections_per_week,6.263399124583485,under_1,outbreak_indicator,0.0,0.0,300,5.219499270486237,False
seed_infections_per_week:6,seed_infections_per_week,6.263399124583485,under_1,peak_weekly_cases,4.27,1.5571000000000002,300,5.219499270486237,False
sh_noise_multiplier:0,sh_noise_multiplier,0.8,11_to_14,cumulative_cases,7.163333333333333,7.5499888888888895,300,1.0,False
sh_noise_multiplier:0,sh_noise_multiplier,0.8,11_to_14,final_week_cases,1.26,1.2724,300,1.0,False
sh_noise_multiplier:0,sh_noise_multiplier,0.8,11_to_14,outbreak_indicator,0.0,0.0,300,1.0,False
sh_noise_multiplier:0,sh_noise_multiplier,0.8,11_to_14,peak_weekly_cases,2.69,1.0539,300,1.0,False
sh_noise_multiplier:0,sh_noise_multiplier,0.8,15_to_24,cumulative_cases,10.76,11.529066666666667,300,1.0,False
sh_noise_multiplier:0,sh_noise_multiplier,0.8,15_to_24,final_week_cases,1.8466666666666667,2.3098222222222224,300,1.0,False
sh_noise_multiplier:0,sh_noise_multiplier,0.8,15_to_24,outbreak_indicator,0.0,0.0,300,1.0,False
sh_noise_multiplier:0,sh_noise_multiplier,0.8,15_to_24,peak_weekly_cases,3.59,1.3819,300,1.0,False
sh_noise_multiplier:0,sh_noise_multiplier,0.8,1_to_4,cumulative_cases,14.93,15.338433333333333,300,1.0,False
sh_noise_multiplier:0,sh_noise_multiplier,0.8,1_to_4,final_week_cases,2.1133333333333333,2.3871555555555557,300,1.0,False
sh_noise_multiplier:0,sh_noise_multiplier,0.8,1_to_4,outbreak_indicator,0.0,0.0,300,1.0,False
sh_noise_multiplier:0,sh_noise_multiplier,0.8,1_to_4,peak_weekly_cases,4.8133333333333335,2.0251555555555556,300,1.0,False
sh_noise_multiplier:0,sh_noise_multiplier,0.8,25_to_34,cumulative_cases,16.253333333333334,20.55582222222222,300,1.0,False
sh_noise_multiplier:0,sh_noise_multiplier,0.8,25_to_34,final_week_cases,2.95,3.4008333333333334,300,1.0,False
sh_noise_multiplier:0,sh_noise_multiplier,0.8,25_to_34,outbreak_indicator,0.0,0.0,300,1.0,False
sh_noise_multiplier:0,sh_noise_multiplier,0.8,25_to_34,peak_weekly_cases,4.976666666666667,2.156122222222222,300,1.0,False
sh_noise_multiplier:0,sh_noise_multiplier,0.8,35_and_over,cumulative_cases,28.08,42.22026666666667,300,1.0,False
sh_noise_multiplier:0,sh_noise_multiplier,0.8,35_and_over,final_week_cases,4.996666666666667,6.283322222222221,300,1.0,False
sh_noise_multiplier:0,sh_noise_multiplier,0.8,35_and_over,outbreak_indicator,0.0,0.0,300,1.0,False
sh_noise_multiplier:0,sh_noise_multiplier,0.8,35_and_over,peak_weekly_cases,7.553333333333334,3.7138222222222232,300,1.0,False
sh_noise_multiplier:0,sh_noise_multiplier,0.8,5_to_10,cumulative_cases,40.02,47.632933333333334,300,1.0,False
sh_noise_multiplier:0,sh_noise_multiplier,0.8,5_to_10,final_week_cases,6.973333333333334,7.859288888888888,300,1.0,False
sh_noise_multiplier:0,sh_noise_multiplier,0.8,5_to_10,outbreak_indicator,0.006666666666666667,0.006622222222222221,300,1.0,False
sh_noise_multiplier:0,sh_noise_multiplier,0.8,5_to_10,peak_weekly_cases,10.07,3.771766666666666,300,1.0,False
sh_noise_multiplier:0,sh_noise_multiplier,0.8,all ages combined,cumulative_cases,130.76333333333332,201.1939888888889,300,1.0,False
sh_noise_multiplier:0,sh_noise_multiplier,0.8,all ages combined,final_week_cases,22.266666666666666,28.42222222222222,300,1.0,False
sh_noise_multiplier:0,sh_noise_multiplier,0.8,all ages combined,outbreak_indicator,1.0,0.0,300,1.0,False
sh_noise_multiplier:0,sh_noise_multiplier,0.8,all ages combined,peak_weekly_cases,28.063333333333333,13.405988888888889,300,1.0,False
sh_noise_multiplier:0,sh_noise_multiplier,0.8,under_1,cumulative_cases,13.556666666666667,14.093455555555552,300,1.0,False
sh_noise_multiplier:0,sh_noise_multiplier,0.8,under_1,final_week_cases,2.1266666666666665,1.9839555555555557,300,1.0,False
sh_noise_multiplier:0,sh_noise_multiplier,0.8,under_1,outbreak_indicator,0.0,0.0,300,1.0,False
sh_noise_multiplier:0,sh_noise_multiplier,0.8,under_1,peak_weekly_cases,4.253333333333333,1.6891555555555555,300,1.0,False
sh_noise_multiplier:1,sh_noise_multiplier,0.8333333333333334,11_to_14,cumulative_cases,7.153333333333333,7.663155555555556,300,1.0,False
sh_noise_multiplier:1,sh_noise_multiplier,0.8333333333333334,11_to_14,final_week_cases,1.26,1.3124,300,1.0,False
sh_noise_multiplier:1,sh_noise_multiplier,0.8333333333333334,11_to_14,outbreak_indicator,0.0,0.0,300,1.0,False
sh_noise_multiplier:1,sh_noise_multiplier,0.8333333333333334,11_to_14,peak_weekly_cases,2.703333333333333,1.0553222222222223,300,1.0,False
sh_noise_multiplier:1,sh_noise_multiplier,0.8333333333333334,15_to_24,cumulative_cases,10.756666666666666,11.484122222222224,300,1.0,False
sh_noise_multiplier:1,sh_noise_multiplier,0.8333333333333334,15_to_24,final_week_cases,1.8233333333333333,2.225455555555556,300,1.0,False
sh_noise_multiplier:1,sh_noise_multiplier,0.8333333333333334,15_to_24,outbreak_indicator,0.0,0.0,300,1.0,False
sh_noise_multiplier:1,sh_noise_multiplier,0.8333333333333334,15_to_24,peak_weekly_cases,3.6066666666666665,1.405288888888889,300,1.0,False
sh_noise_multiplier:1,sh_noise_multiplier,0.8333333333333334,1_to_4,cumulative_cases,14.993333333333334,15.92662222222222,300,1.0,False
sh_noise_multiplier:1,sh_noise_multiplier,0.8333333333333334,1_to_4,final_week_cases,2.14,2.3404,300,1.0,False
sh_noise_multiplier:1,sh_noise_multiplier,0.8333333333333334,1_to_4,outbreak_indicator,0.0,0.0,300,1.0,False
sh_noise_multiplier:1,sh_noise_multiplier,0.8333333333333334,1_to_4,peak_weekly_cases,4.816666666666666,2.0363888888888892,300,1.0,False
sh_noise_multiplier:1,sh_noise_multiplier,0.8333333333333334,25_to_34,cumulative_cases,16.223333333333333,20.78012222222222,300,1.0,False
sh_noise_multiplier:1,sh_noise_multiplier,0.8333333333333334,25_to_34,final_week_cases,2.9266666666666667,3.2746222222222228,300,1.0,False
sh_noise_multiplier:1,sh_noise_multiplier,0.8333333333333334,25_to_34,outbreak_indicator,0.0,0.0,300,1.0,False
sh_noise_multiplier:1,sh_noise_multiplier,0.8333333333333334,25_to_34,peak_weekly_cases,4.963333333333333,2.161988888888889,300,1.0,False
sh_noise_multiplier:1,sh_noise_multiplier,0.8333333333333334,35_and_over,cumulative_cases,28.106666666666666,41.71528888888889,300,1.0,False
sh_noise_multiplier:1,sh_noise_multiplier,0.8333333333333334,35_and_over,final_week_cases,5.03,6.4291,300,1.0,False
sh_noise_multiplier:1,sh_noise_multiplier,0.8333333333333334,35_and_over,outbreak_indicator,0.0,0.0,300,1.0,False
sh_noise_multiplier:1,sh_noise_multiplier,0.8333333333333334,35_and_over,peak_weekly_cases,7.566666666666666,3.7122222222222225,300,1.0,False
sh_noise_multiplier:1,sh_noise_multiplier,0.8333333333333334,5_to_10,cumulative_cases,40.14666666666667,48.86515555555556,300,1.0,False
sh_noise_multiplier:1,sh_noise_multiplier,0.8333333333333334,5_to_10,final_week_cases,6.996666666666667,8.003322222222224,300,1.0,False
sh_noise_multiplier:1,sh_noise_multiplier,0.8333333333333334,5_to_10,outbreak_indicator,0.01,0.0099,300,1.0,False
sh_noise_multiplier:1,sh_noise_multiplier,0.8333333333333334,5_to_10,peak_weekly_cases,10.09,3.9819,300,1.0,False
sh_noise_multiplier:1,sh_noise_multiplier,0.8333333333333334,all ages combined,cumulative_cases,130.98333333333332,202.74972222222223,300,1.0,False
sh_noise_multiplier:1,sh_noise_multiplier,0.8333333333333334,all ages combined,final_week_cases,22.323333333333334,28.932122222222223,300,1.0,False
sh_noise_multiplier:1,sh_noise_multiplier,0.8333333333333334,all ages combined,outbreak_indicator,1.0,0.0,300,1.0,False
sh_noise_multiplier:1,sh_noise_multiplier,0.8333333333333334,all ages combined,peak_weekly_cases,28.096666666666668,13.647322222222222,300,1.0,False
sh_noise_multiplier:1,sh_noise_multiplier,0.8333333333333334,under_1,cumulative_cases,13.603333333333333,13.88598888888889,300,1.0,False
sh_noise_multiplier:1,sh_noise_multiplier,0.8333333333333334,under_1,final_week_cases,2.1466666666666665,1.9851555555555558,300,1.0,False
sh_noise_multiplier:1,sh_noise_multiplier,0.8333333333333334,under_1,outbreak_indicator,0.0,0.0,300,1.0,False
sh_noise_multiplier:1,sh_noise_multiplier,0.8333333333333334,under_1,peak_weekly_cases,4.26,1.6590666666666667,300,1.0,False
sh_noise_multiplier:2,sh_noise_multiplier,0.8666666666666667,11_to_14,cumulative_cases,7.136666666666667,7.497988888888888,300,1.0,False
sh_noise_multiplier:2,sh_noise_multiplier,0.8666666666666667,11_to_14,final_week_cases,1.2733333333333334,1.3452888888888885,300,1.0,False
sh_noise_multiplier:2,sh_noise_multiplier,0.8666666666666667,11_to_14,outbreak_indicator,0.0,0.0,300,1.0,False
sh_noise_multiplier:2,sh_noise_multiplier,0.8666666666666667,11_to_14,peak_weekly_cases,2.6933333333333334,1.0526222222222221,300,1.0,False
sh_noise_multiplier:2,sh_noise_multiplier,0.8666666666666667,15_to_24,cumulative_cases,10.813333333333333,11.278488888888889,300,1.0,False
sh_noise_multiplier:2,sh_noise_multiplier,0.8666666666666667,15_to_24,final_week_cases,1.8466666666666667,2.1698222222222223,300,1.0,False
sh_noise_multiplier:2,sh_noise_multiplier,0.8666666666666667,15_to_24,outbreak_indicator,0.0,0.0,300,1.0,False
sh_noise_multiplier:2,sh_noise_multiplier,0.8666666666666667,15_to_24,peak_weekly_cases,3.5966666666666667,1.4073222222222224,300,1.0,False
sh_noise_multiplier:2,sh_noise_multiplier,0.8666666666666667,1_to_4,cumulative_cases,15.04,15.918400000000002,300,1.0,False
sh_noise_multiplier:2,sh_noise_multiplier,0.8666666666666667,1_to_4,final_week_cases,2.1666666666666665,2.2255555555555553,300,1.0,False
sh_noise_multiplier:2,sh_noise_multiplier,0.8666666666666667,1_to_4,outbreak_indicator,0.0,0.0,300,1.0,False
sh_noise_multiplier:2,sh_noise_multiplier,0.8666666666666667,1_to_4,peak_weekly_cases,4.806666666666667,2.009288888888889,300,1.0,False
sh_noise_multiplier:2,sh_noise_multiplier,0.8666666666666667,25_to_34,cumulative_cases,16.27,20.150433333333332,300,1.0,False
sh_noise_multiplier:2,sh_noise_multiplier,0.8666666666666667,25_to_34,final_week_cases,2.9266666666666667,3.2546222222222227,300,1.0,False
sh_noise_multiplier:2,sh_noise_multiplier,0.8666666666666667,25_to_34,outbreak_indicator,0.0,0.0,300,1.0,False
sh_noise_multiplier:2,sh_noise_multiplier,0.8666666666666667,25_to_34,peak_weekly_cases,4.976666666666667,2.1227888888888886,300,1.0,False
sh_noise_multiplier:2,sh_noise_multiplier,0.8666666666666667,35_and_over,cumulative_cases,28.2,42.61333333333334,300,1.0,False
sh_noise_multiplier:2,sh_noise_multiplier,0.8666666666666667,35_and_over,final_week_cases,5.133333333333334,6.288888888888889,300,1.0,False
sh_noise_multiplier:2,sh_noise_multiplier,0.8666666666666667,35_and_over,outbreak_indicator,0.0,0.0,300,1.0,False
sh_noise_multiplier:2,sh_noise_multiplier,0.8666666666666667,35_and_over,peak_weekly_cases,7.5633333333333335,3.799322222222222,300,1.0,False
sh_noise_multiplier:2,sh_noise_multiplier,0.8666666666666667,5_to_10,cumulative_cases,40.093333333333334,50.06462222222222,300,1.0,False
sh_noise_multiplier:2,sh_noise_multiplier,0.8666666666666667,5_to_10,final_week_cases,6.95,8.280833333333334,300,1.0,False
sh_noise_multiplier:2,sh_noise_multiplier,0.8666666666666667,5_to_10,outbreak_indicator,0.01,0.0099,300,1.0,False
sh_noise_multiplier:2,sh_noise_multiplier,0.8666666666666667,5_to_10,peak_weekly_cases,10.09,4.095233333333333,300,1.0,False
sh_noise_multiplier:2,sh_noise_multiplier,0.8666666666666667,all ages combined,cumulative_cases,131.17666666666668,201.38545555555552,300,1.0,False
sh_noise_multiplier:2,sh_noise_multiplier,0.8666666666666667,all ages combined,final_week_cases,22.446666666666665,29.107155555555558,300,1.0,False
sh_noise_multiplier:2,sh_noise_multiplier,0.8666666666666667,all ages combined,outbreak_indicator,1.0,0.0,300,1.0,False
sh_noise_multiplier:2,sh_noise_multiplier,0.8666666666666667,all ages combined,peak_weekly_cases,28.126666666666665,13.643955555555555,300,1.0,False
sh_noise_multiplier:2,sh_noise_multiplier,0.8666666666666667,under_1,cumulative_cases,13.623333333333333,14.261455555555555,300,1.0,False
sh_noise_multiplier:2,sh_noise_multiplier,0.8666666666666667,under_1,final_week_cases,2.15,2.1141666666666667,300,1.0,False
sh_noise_multiplier:2,sh_noise_multiplier,0.8666666666666667,under_1,outbreak_indicator,0.0,0.0,300,1.0,False
sh_noise_multiplier:2,sh_noise_multiplier,0.8666666666666667,under_1,peak_weekly_cases,4.273333333333333,1.7319555555555552,300,1.0,False
sh_noise_multiplier:3,sh_noise_multiplier,0.9,11_to_14,cumulative_cases,7.116666666666666,7.569722222222223,300,1.0,False
sh_noise_multiplier:3,sh_noise_multiplier,0.9,11_to_14,final_week_cases,1.2633333333333334,1.387322222222222,300,1.0,False
sh_noise_multiplier:3,sh_noise_multiplier,0.9,11_to_14,outbreak_indicator,0.0,0.0,300,1.0,False
sh_noise_multiplier:3,sh_noise_multiplier,0.9,11_to_14,peak_weekly_cases,2.7,1.03,300,1.0,False
sh_noise_multiplier:3,sh_noise_multiplier,0.9,15_to_24,cumulative_cases,10.763333333333334,11.293988888888888,300,1.0,False
sh_noise_multiplier:3,sh_noise_multiplier,0.9,15_to_24,final_week_cases,1.8866666666666667,2.1004888888888886,300,1.0,False
sh_noise_multiplier:3,sh_noise_multiplier,0.9,15_to_24,outbreak_indicator,0.0,0.0,300,1.0,False
sh_noise_multiplier:3,sh_noise_multiplier,0.9,15_to_24,peak_weekly_cases,3.5866666666666664,1.3491555555555557,300,1.0,False
sh_noise_multiplier:3,sh_noise_multiplier,0.9,1_to_4,cumulative_cases,15.016666666666667,16.016388888888887,300,1.0,False
sh_noise_multiplier:3,sh_noise_multiplier,0.9,1_to_4,final_week_cases,2.1566666666666667,2.1921222222222227,300,1.0,False
sh_noise_multiplier:3,sh_noise_multiplier,0.9,1_to_4,outbreak_indicator,0.0,0.0,300,1.0,False
sh_noise_multiplier:3,sh_noise_multiplier,0.9,1_to_4,peak_weekly_cases,4.803333333333334,2.0313222222222227,300,1.0,False
sh_noise_multiplier:3,sh_noise_multiplier,0.9,25_to_34,cumulative_cases,16.346666666666668,19.42648888888889,300,1.0,False
sh_noise_multiplier:3,sh_noise_multiplier,0.9,25_to_34,final_week_cases,2.9,3.283333333333333,300,1.0,False
sh_noise_multiplier:3,sh_noise_multiplier,0.9,25_to_34,outbreak_indicator,0.0,0.0,300,1.0,False
sh_noise_multiplier:3,sh_noise_multiplier,0.9,25_to_34,peak_weekly_cases,4.993333333333333,2.079955555555556,300,1.0,False
sh_noise_multiplier:3,sh_noise_multiplier,0.9,35_and_over,cumulative_cases,28.19333333333333,42.095955555555555,300,1.0,False
sh_noise_multiplier:3,sh_noise_multiplier,0.9,35_and_over,final_week_cases,5.14,6.133733333333335,300,1.0,False
sh_noise_multiplier:3,sh_noise_multiplier,0.9,35_and_over,outbreak_indicator,0.0,0.0,300,1.0,False
sh_noise_multiplier:3,sh_noise_multiplier,0.9,35_and_over,peak_weekly_cases,7.58,3.7902666666666662,300,1.0,False
sh_noise_multiplier:3,sh_noise_multiplier,0.9,5_to_10,cumulative_cases,40.07333333333333,49.694622222222215,300,1.0,False
sh_noise_multiplier:3,sh_noise_multiplier,0.9,5_to_10,final_week_cases,6.976666666666667,7.856122222222222,300,1.0,False
sh_noise_multiplier:3,sh_noise_multiplier,0.9,5_to_10,outbreak_indicator,0.0033333333333333335,0.0033222222222222216,300,1.0,False
sh_noise_multiplier:3,sh_noise_multiplier,0.9,5_to_10,peak_weekly_cases,10.083333333333334,3.7163888888888885,300,1.0,False
sh_noise_multiplier:3,sh_noise_multiplier,0.9,all ages combined,cumulative_cases,131.16666666666666,204.79222222222225,300,1.0,False
sh_noise_multiplier:3,sh_noise_multiplier,0.9,all ages combined,final_week_cases,22.46,28.121733333333335,300,1.0,False
sh_noise_multiplier:3,sh_noise_multiplier,0.9,all ages combined,outbreak_indicator,1.0,0.0,300,1.0,False
sh_noise_multiplier:3,sh_noise_multiplier,0.9,all ages combined,peak_weekly_cases,28.08,13.700266666666666,300,1.0,False
sh_noise_multiplier:3,sh_noise_multiplier,0.9,under_1,cumulative_cases,13.656666666666666,15.298788888888888,300,1.0,False
sh_noise_multiplier:3,sh_noise_multiplier,0.9,under_1,final_week_cases,2.1366666666666667,2.2379888888888892,300,1.0,False
sh_noise_multiplier:3,sh_noise_multiplier,0.9,under_1,outbreak_indicator,0.0,0.0,300,1.0,False
sh_noise_multiplier:3,sh_noise_multiplier,0.9,under_1,peak_weekly_cases,4.28,1.7216,300,1.0,False
sh_noise_multiplier:4,sh_noise_multiplier,0.9333333333333333,11_to_14,cumulative_cases,7.14,7.747066666666666,300,1.0,False
sh_noise_multiplier:4,sh_noise_multiplier,0.9333333333333333,11_to_14,final_week_cases,1.2566666666666666,1.3707888888888888,300,1.0,False
sh_noise_multiplier:4,sh_noise_multiplier,0.9333333333333333,11_to_14,outbreak_indicator,0.0,0.0,300,1.0,False
sh_noise_multiplier:4,sh_noise_multiplier,0.9333333333333333,11_to_14,peak_weekly_cases,2.69,1.0339,300,1.0,False
sh_noise_multiplier:4,sh_noise_multiplier,0.9333333333333333,15_to_24,cumulative_cases,10.663333333333334,11.263322222222223,300,1.0,False
sh_noise_multiplier:4,sh_noise_multiplier,0.9333333333333333,15_to_24,final_week_cases,1.8466666666666667,2.049822222222222,300,1.0,False
sh_noise_multiplier:4,sh_noise_multiplier,0.9333333333333333,15_to_24,outbreak_indicator,0.0,0.0,300,1.0,False
sh_noise_multiplier:4,sh_noise_multiplier,0.9333333333333333,15_to_24,peak_weekly_cases,3.56,1.3997333333333335,300,1.0,False
sh_noise_multiplier:4,sh_noise_multiplier,0.9333333333333333,1_to_4,cumulative_cases,15.043333333333333,15.854788888888889,300,1.0,False
sh_noise_multiplier:4,sh_noise_multiplier,0.9333333333333333,1_to_4,final_week_cases,2.1433333333333335,2.142788888888889,300,1.0,False
sh_noise_multiplier:4,sh_noise_multiplier,0.9333333333333333,1_to_4,outbreak_indicator,0.0,0.0,300,1.0,False
sh_noise_multiplier:4,sh_noise_multiplier,0.9333333333333333,1_to_4,peak_weekly_cases,4.803333333333334,2.0513222222222227,300,1.0,False
sh_noise_multiplier:4,sh_noise_multiplier,0.9333333333333333,25_to_34,cumulative_cases,16.333333333333332,19.862222222222222,300,1.0,False
sh_noise_multiplier:4,sh_noise_multiplier,0.9333333333333333,25_to_34,final_week_cases,2.9266666666666667,3.327955555555556,300,1.0,False
sh_noise_multiplier:4,sh_noise_multiplier,0.9333333333333333,25_to_34,outbreak_indicator,0.0,0.0,300,1.0,False
sh_noise_multiplier:4,sh_noise_multiplier,0.9333333333333333,25_to_34,peak_weekly_cases,5.006666666666667,2.099955555555556,300,1.0,False
sh_noise_multiplier:4,sh_noise_multiplier,0.9333333333333333,35_and_over,cumulative_cases,28.143333333333334,42.829455555555555,300,1.0,False
sh_noise_multiplier:4,sh_noise_multiplier,0.9333333333333333,35_and_over,final_week_cases,5.136666666666667,6.251322222222223,300,1.0,False
sh_noise_multiplier:4,sh_noise_multiplier,0.9333333333333333,35_and_over,outbreak_indicator,0.0,0.0,300,1.0,False
sh_noise_multiplier:4,sh_noise_multiplier,0.9333333333333333,35_and_over,peak_weekly_cases,7.5633333333333335,3.8926555555555553,300,1.0,False
sh_noise_multiplier:4,sh_noise_multiplier,0.9333333333333333,5_to_10,cumulative_cases,40.09,50.09523333333333,300,1.0,False
sh_noise_multiplier:4,sh_noise_multiplier,0.9333333333333333,5_to_10,final_week_cases,6.98,7.5796,300,1.0,False
sh_noise_multiplier:4,sh_noise_multiplier,0.9333333333333333,5_to_10,outbreak_indicator,0.0033333333333333335,0.0033222222222222216,300,1.0,False
sh_noise_multiplier:4,sh_noise_multiplier,0.9333333333333333,5_to_10,peak_weekly_cases,10.1,3.8033333333333332,300,1.0,False
sh_noise_multiplier:4,sh_noise_multiplier,0.9333333333333333,all ages combined,cumulative_cases,131.08,207.11360000000002,300,1.0,False
sh_noise_multiplier:4,sh_noise_multiplier,0.9333333333333333,all ages combined,final_week_cases,22.44,28.073066666666673,300,1.0,False
sh_noise_multiplier:4,sh_noise_multiplier,0.9333333333333333,all ages combined,outbreak_indicator,1.0,0.0,300,1.0,False
sh_noise_multiplier:4,sh_noise_multiplier,0.9333333333333333,all ages combined,peak_weekly_cases,28.06,13.769733333333333,300,1.0,False
sh_noise_multiplier:4,sh_noise_multiplier,0.9333333333333333,under_1,cumulative_cases,13.666666666666666,15.948888888888886,300,1.0,False
sh_noise_multiplier:4,sh_noise_multiplier,0.9333333333333333,under_1,final_week_cases,2.15,2.3141666666666665,300,1.0,False
sh_noise_multiplier:4,sh_noise_multiplier,0.9333333333333333,under_1,outbreak_indicator,0.0,0.0,300,1.0,False
sh_noise_multiplier:4,sh_noise_multiplier,0.9333333333333333,under_1,peak_weekly_cases,4.283333333333333,1.7697222222222222,300,1.0,False
sh_noise_multiplier:5,sh_noise_multiplier,0.9666666666666667,11_to_14,cumulative_cases,7.13,8.046433333333335,300,1.0,False
sh_noise_multiplier:5,sh_noise_multiplier,0.9666666666666667,11_to_14,final_week_cases,1.2333333333333334,1.372222222222222,300,1.0,False
sh_noise_multiplier:5,sh_noise_multiplier,0.9666666666666667,11_to_14,outbreak_indicator,0.0,0.0,300,1.0,False
sh_noise_multiplier:5,sh_noise_multiplier,0.9666666666666667,11_to_14,peak_weekly_cases,2.683333333333333,1.049722222222222,300,1.0,False
sh_noise_multiplier:5,sh_noise_multiplier,0.9666666666666667,15_to_24,cumulative_cases,10.703333333333333,11.228655555555555,300,1.0,False
sh_noise_multiplier:5,sh_noise_multiplier,0.9666666666666667,15_to_24,final_week_cases,1.9033333333333333,2.0873222222222223,300,1.0,False
sh_noise_multiplier:5,sh_noise_multiplier,0.9666666666666667,15_to_24,outbreak_indicator,0.0,0.0,300,1.0,False
sh_noise_multiplier:5,sh_noise_multiplier,0.9666666666666667,15_to_24,peak_weekly_cases,3.5533333333333332,1.3404888888888888,300,1.0,False
sh_noise_multiplier:5,sh_noise_multiplier,0.9666666666666667,1_to_4,cumulative_cases,15.076666666666666,15.517455555555555,300,1.0,False
sh_noise_multiplier:5,sh_noise_multiplier,0.9666666666666667,1_to_4,final_week_cases,2.1866666666666665,2.151822222222222,300,1.0,False
sh_noise_multiplier:5,sh_noise_multiplier,0.9666666666666667,1_to_4,outbreak_indicator,0.0,0.0,300,1.0,False
sh_noise_multiplier:5,sh_noise_multiplier,0.9666666666666667,1_to_4,peak_weekly_cases,4.82,2.0342666666666664,300,1.0,False
sh_noise_multiplier:5,sh_noise_multiplier,0.9666666666666667,25_to_34,cumulative_cases,16.32,19.957600000000003,300,1.0,False
sh_noise_multiplier:5,sh_noise_multiplier,0.9666666666666667,25_to_34,final_week_cases,2.8933333333333335,3.201955555555555,300,1.0,False
sh_noise_multiplier:5,sh_noise_multiplier,0.9666666666666667,25_to_34,outbreak_indicator,0.0,0.0,300,1.0,False
sh_noise_multiplier:5,sh_noise_multiplier,0.9666666666666667,25_to_34,peak_weekly_cases,4.99,2.0432333333333332,300,1.0,False
sh_noise_multiplier:5,sh_noise_multiplier,0.9666666666666667,35_and_over,cumulative_cases,28.013333333333332,40.95982222222222,300,1.0,False
sh_noise_multiplier:5,sh_noise_multiplier,0.9666666666666667,35_and_over,final_week_cases,5.0633333333333335,6.012655555555555,300,1.0,False
sh_noise_multiplier:5,sh_noise_multiplier,0.9666666666666667,35_and_over,outbreak_indicator,0.0,0.0,300,1.0,False
sh_noise_multiplier:5,sh_noise_multiplier,0.9666666666666667,35_and_over,peak_weekly_cases,7.546666666666667,3.8678222222222214,300,1.0,False
sh_noise_multiplier:5,sh_noise_multiplier,0.9666666666666667,5_to_10,cumulative_cases,40.166666666666664,51.01888888888889,300,1.0,False
sh_noise_multiplier:5,sh_noise_multiplier,0.9666666666666667,5_to_10,final_week_cases,7.026666666666666,7.592622222222223,300,1.0,False
sh_noise_multiplier:5,sh_noise_multiplier,0.9666666666666667,5_to_10,outbreak_indicator,0.0033333333333333335,0.0033222222222222216,300,1.0,False
sh_noise_multiplier:5,sh_noise_multiplier,0.9666666666666667,5_to_10,peak_weekly_cases,10.133333333333333,3.855555555555555,300,1.0,False
sh_noise_multiplier:5,sh_noise_multiplier,0.9666666666666667,all ages combined,cumulative_cases,131.05,207.09416666666667,300,1.0,False
sh_noise_multiplier:5,sh_noise_multiplier,0.9666666666666667,all ages combined,final_week_cases,22.45,27.420833333333334,300,1.0,False
sh_noise_multiplier:5,sh_noise_multiplier,0.9666666666666667,all ages combined,outbreak_indicator,1.0,0.0,300,1.0,False
sh_noise_multiplier:5,sh_noise_multiplier,0.9666666666666667,all ages combined,peak_weekly_cases,28.063333333333333,13.699322222222223,300,1.0,False
sh_noise_multiplier:5,sh_noise_multiplier,0.9666666666666667,under_1,cumulative_cases,13.64,15.923733333333336,300,1.0,False
sh_noise_multiplier:5,sh_noise_multiplier,0.9666666666666667,under_1,final_week_cases,2.1433333333333335,2.269455555555556,300,1.0,False
sh_noise_multiplier:5,sh_noise_multiplier,0.9666666666666667,under_1,outbreak_indicator,0.0,0.0,300,1.0,False
sh_noise_multiplier:5,sh_noise_multiplier,0.9666666666666667,under_1,peak_weekly_cases,4.286666666666667,1.777822222222222,300,1.0,False
sh_noise_multiplier:6,sh_noise_multiplier,1.0,11_to_14,cumulative_cases,7.16,8.067733333333335,300,1.0,True
sh_noise_multiplier:6,sh_noise_multiplier,1.0,11_to_14,final_week_cases,1.2666666666666666,1.4155555555555555,300,1.0,True
sh_noise_multiplier:6,sh_noise_multiplier,1.0,11_to_14,outbreak_indicator,0.0,0.0,300,1.0,True
sh_noise_multiplier:6,sh_noise_multiplier,1.0,11_to_14,peak_weekly_cases,2.6933333333333334,1.039288888888889,300,1.0,True
sh_noise_multiplier:6,sh_noise_multiplier,1.0,15_to_24,cumulative_cases,10.686666666666667,11.675155555555556,300,1.0,True
sh_noise_multiplier:6,sh_noise_multiplier,1.0,15_to_24,final_week_cases,1.9466666666666668,2.0838222222222225,300,1.0,True
sh_noise_multiplier:6,sh_noise_multiplier,1.0,15_to_24,outbreak_indicator,0.0,0.0,300,1.0,True
sh_noise_multiplier:6,sh_noise_multiplier,1.0,15_to_24,peak_weekly_cases,3.5366666666666666,1.381988888888889,300,1.0,True
sh_noise_multiplier:6,sh_noise_multiplier,1.0,1_to_4,cumulative_cases,15.04,15.765066666666668,300,1.0,True
sh_noise_multiplier:6,sh_noise_multiplier,1.0,1_to_4,final_week_cases,2.19,2.0672333333333337,300,1.0,True
sh_noise_multiplier:6,sh_noise_multiplier,1.0,1_to_4,outbreak_indicator,0.0,0.0,300,1.0,True
sh_noise_multiplier:6,sh_noise_multiplier,1.0,1_to_4,peak_weekly_cases,4.823333333333333,2.045455555555556,300,1.0,True
sh_noise_multiplier:6,sh_noise_multiplier,1.0,25_to_34,cumulative_cases,16.313333333333333,19.961822222222224,300,1.0,True
sh_noise_multiplier:6,sh_noise_multiplier,1.0,25_to_34,final_week_cases,2.9,3.296666666666667,300,1.0,True
sh_noise_multiplier:6,sh_noise_multiplier,1.0,25_to_34,outbreak_indicator,0.0,0.0,300,1.0,True
sh_noise_multiplier:6,sh_noise_multiplier,1.0,25_to_34,peak_weekly_cases,4.973333333333334,2.0059555555555555,300,1.0,True
sh_noise_multiplier:6,sh_noise_multiplier,1.0,35_and_over,cumulative_cases,28.006666666666668,40.513288888888894,300,1.0,True
sh_noise_multiplier:6,sh_noise_multiplier,1.0,35_and_over,final_week_cases,5.0,5.58,300,1.0,True
sh_noise_multiplier:6,sh_noise_multiplier,1.0,35_and_over,outbreak_indicator,0.0,0.0,300,1.0,True
sh_noise_multiplier:6,sh_noise_multiplier,1.0,35_and_over,peak_weekly_cases,7.526666666666666,3.829288888888888,300,1.0,True
sh_noise_multiplier:6,sh_noise_multiplier,1.0,5_to_10,cumulative_cases,40.22,50.791599999999995,300,1.0,True
sh_noise_multiplier:6,sh_noise_multiplier,1.0,5_to_10,final_week_cases,7.003333333333333,7.4366555555555545,300,1.0,True
sh_noise_multiplier:6,sh_noise_multiplier,1.0,5_to_10,outbreak_indicator,0.0033333333333333335,0.0033222222222222216,300,1.0,True
sh_noise_multiplier:6,sh_noise_multiplier,1.0,5_to_10,peak_weekly_cases,10.126666666666667,3.8706222222222215,300,1.0,True
sh_noise_multiplier:6,sh_noise_multiplier,1.0,all ages combined,cumulative_cases,131.17,202.62776666666667,300,1.0,True
sh_noise_multiplier:6,sh_noise_multiplier,1.0,all ages combined,final_week_cases,22.49,26.536566666666666,300,1.0,True
sh_noise_multiplier:6,sh_noise_multiplier,1.0,all ages combined,outbreak_indicator,1.0,0.0,300,1.0,True
sh_noise_multiplier:6,sh_noise_multiplier,1.0,all ages combined,peak_weekly_cases,28.093333333333334,13.657955555555558,300,1.0,True
sh_noise_multiplier:6,sh_noise_multiplier,1.0,under_1,cumulative_cases,13.743333333333334,15.637455555555556,300,1.0,True
sh_noise_multiplier:6,sh_noise_multiplier,1.0,under_1,final_week_cases,2.183333333333333,2.363055555555555,300,1.0,True
sh_noise_multiplier:6,sh_noise_multiplier,1.0,under_1,outbreak_indicator,0.0,0.0,300,1.0,True
sh_noise_multiplier:6,sh_noise_multiplier,1.0,under_1,peak_weekly_cases,4.33,1.8344333333333331,300,1.0,True
sick_contact_multiplier:0,sick_contact_multiplier,0.5299687986149609,11_to_14,cumulative_cases,6.57,7.2650999999999994,300,0.6624609982687012,False
sick_contact_multiplier:0,sick_contact_multiplier,0.5299687986149609,11_to_14,final_week_cases,0.9566666666666667,0.8947888888888889,300,0.6624609982687012,False
sick_contact_multiplier:0,sick_contact_multiplier,0.5299687986149609,11_to_14,outbreak_indicator,0.0,0.0,300,0.6624609982687012,False
sick_contact_multiplier:0,sick_contact_multiplier,0.5299687986149609,11_to_14,peak_weekly_cases,2.4966666666666666,0.8966555555555555,300,0.6624609982687012,False
sick_contact_multiplier:0,sick_contact_multiplier,0.5299687986149609,15_to_24,cumulative_cases,10.063333333333333,9.32598888888889,300,0.6624609982687012,False
sick_contact_multiplier:0,sick_contact_multiplier,0.5299687986149609,15_to_24,final_week_cases,1.66,1.8110666666666664,300,0.6624609982687012,False
sick_contact_multiplier:0,sick_contact_multiplier,0.5299687986149609,15_to_24,outbreak_indicator,0.0,0.0,300,0.6624609982687012,False
sick_contact_multiplier:0,sick_contact_multiplier,0.5299687986149609,15_to_24,peak_weekly_cases,3.46,1.3217333333333334,300,0.6624609982687012,False
sick_contact_multiplier:0,sick_contact_multiplier,0.5299687986149609,1_to_4,cumulative_cases,13.723333333333333,15.153455555555556,300,0.6624609982687012,False
sick_contact_multiplier:0,sick_contact_multiplier,0.5299687986149609,1_to_4,final_week_cases,1.8466666666666667,1.8964888888888891,300,0.6624609982687012,False
sick_contact_multiplier:0,sick_contact_multiplier,0.5299687986149609,1_to_4,outbreak_indicator,0.0,0.0,300,0.6624609982687012,False
sick_contact_multiplier:0,sick_contact_multiplier,0.5299687986149609,1_to_4,peak_weekly_cases,4.5,1.8966666666666667,300,0.6624609982687012,False
sick_contact_multiplier:0,sick_contact_multiplier,0.5299687986149609,25_to_34,cumulative_cases,14.786666666666667,17.62782222222222,300,0.6624609982687012,False
sick_contact_multiplier:0,sick_contact_multiplier,0.5299687986149609,25_to_34,final_week_cases,2.566666666666667,2.9322222222222223,300,0.6624609982687012,False
sick_contact_multiplier:0,sick_contact_multiplier,0.5299687986149609,25_to_34,outbreak_indicator,0.0,0.0,300,0.6624609982687012,False
sick_contact_multiplier:0,sick_contact_multiplier,0.5299687986149609,25_to_34,peak_weekly_cases,4.496666666666667,1.909988888888889,300,0.6624609982687012,False
sick_contact_multiplier:0,sick_contact_multiplier,0.5299687986149609,35_and_over,cumulative_cases,27.033333333333335,34.90555555555555,300,0.6624609982687012,False
sick_contact_multiplier:0,sick_contact_multiplier,0.5299687986149609,35_and_over,final_week_cases,4.933333333333334,5.188888888888889,300,0.6624609982687012,False
sick_contact_multiplier:0,sick_contact_multiplier,0.5299687986149609,35_and_over,outbreak_indicator,0.0,0.0,300,0.6624609982687012,False
sick_contact_multiplier:0,sick_contact_multiplier,0.5299687986149609,35_and_over,peak_weekly_cases,7.403333333333333,3.353988888888889,300,0.6624609982687012,False
sick_contact_multiplier:0,sick_contact_multiplier,0.5299687986149609,5_to_10,cumulative_cases,35.85333333333333,47.718488888888885,300,0.6624609982687012,False
sick_contact_multiplier:0,sick_contact_multiplier,0.5299687986149609,5_to_10,final_week_cases,5.723333333333334,6.600122222222222,300,0.6624609982687012,False
sick_contact_multiplier:0,sick_contact_multiplier,0.5299687986149609,5_to_10,outbreak_indicator,0.0,0.0,300,0.6624609982687012,False
sick_contact_multiplier:0,sick_contact_multiplier,0.5299687986149609,5_to_10,peak_weekly_cases,9.193333333333333,3.909288888888889,300,0.6624609982687012,False
sick_contact_multiplier:0,sick_contact_multiplier,0.5299687986149609,all ages combined,cumulative_cases,120.24,152.34906666666666,300,0.6624609982687012,False
sick_contact_multiplier:0,sick_contact_multiplier,0.5299687986149609,all ages combined,final_week_cases,19.43,22.818433333333335,300,0.6624609982687012,False
sick_contact_multiplier:0,sick_contact_multiplier,0.5299687986149609,all ages combined,outbreak_indicator,1.0,0.0,300,0.6624609982687012,False
sick_contact_multiplier:0,sick_contact_multiplier,0.5299687986149609,all ages combined,peak_weekly_cases,26.186666666666667,12.051822222222222,300,0.6624609982687012,False
sick_contact_multiplier:0,sick_contact_multiplier,0.5299687986149609,under_1,cumulative_cases,12.21,14.205899999999998,300,0.6624609982687012,False
sick_contact_multiplier:0,sick_contact_multiplier,0.5299687986149609,under_1,final_week_cases,1.7433333333333334,1.937455555555556,300,0.6624609982687012,False
sick_contact_multiplier:0,sick_contact_multiplier,0.5299687986149609,under_1,outbreak_indicator,0.0,0.0,300,0.6624609982687012,False
sick_contact_multiplier:0,sick_contact_multiplier,0.5299687986149609,under_1,peak_weekly_cases,3.966666666666667,1.6855555555555555,300,0.6624609982687012,False
sick_contact_multiplier:1,sick_contact_multiplier,0.5741328651662077,11_to_14,cumulative_cases,6.803333333333334,7.1046555555555555,300,0.6624609982687012,False
sick_contact_multiplier:1,sick_contact_multiplier,0.5741328651662077,11_to_14,final_week_cases,1.04,0.9917333333333332,300,0.6624609982687012,False
sick_contact_multiplier:1,sick_contact_multiplier,0.5741328651662077,11_to_14,outbreak_indicator,0.0,0.0,300,0.6624609982687012,False
sick_contact_multiplier:1,sick_contact_multiplier,0.5741328651662077,11_to_14,peak_weekly_cases,2.5733333333333333,0.9846222222222224,300,0.6624609982687012,False
sick_contact_multiplier:1,sick_contact_multiplier,0.5741328651662077,15_to_24,cumulative_cases,10.09,10.128566666666666,300,0.6624609982687012,False
sick_contact_multiplier:1,sick_contact_multiplier,0.5741328651662077,15_to_24,final_week_cases,1.73,1.763766666666667,300,0.6624609982687012,False
sick_contact_multiplier:1,sick_contact_multiplier,0.5741328651662077,15_to_24,outbreak_indicator,0.0,0.0,300,0.6624609982687012,False
sick_contact_multiplier:1,sick_contact_multiplier,0.5741328651662077,15_to_24,peak_weekly_cases,3.36,1.1904000000000001,300,0.6624609982687012,False
sick_contact_multiplier:1,sick_contact_multiplier,0.5741328651662077,1_to_4,cumulative_cases,13.896666666666667,14.052655555555557,300,0.6624609982687012,False
sick_contact_multiplier:1,sick_contact_multiplier,0.5741328651662077,1_to_4,final_week_cases,1.8033333333333332,2.097988888888889,300,0.6624609982687012,False
sick_contact_multiplier:1,sick_contact_multiplier,0.5741328651662077,1_to_4,outbreak_indicator,0.0,0.0,300,0.6624609982687012,False
sick_contact_multiplier:1,sick_contact_multiplier,0.5741328651662077,1_to_4,peak_weekly_cases,4.62,1.9756000000000002,300,0.6624609982687012,False
sick_contact_multiplier:1,sick_contact_multiplier,0.5741328651662077,25_to_34,cumulative_cases,15.076666666666666,19.43745555555556,300,0.6624609982687012,False
sick_contact_multiplier:1,sick_contact_multiplier,0.5741328651662077,25_to_34,final_week_cases,2.6066666666666665,2.8719555555555556,300,0.6624609982687012,False
sick_contact_multiplier:1,sick_contact_multiplier,0.5741328651662077,25_to_34,outbreak_indicator,0.0,0.0,300,0.6624609982687012,False
sick_contact_multiplier:1,sick_contact_multiplier,0.5741328651662077,25_to_34,peak_weekly_cases,4.633333333333334,2.2655555555555558,300,0.6624609982687012,False
sick_contact_multiplier:1,sick_contact_multiplier,0.5741328651662077,35_and_over,cumulative_cases,27.523333333333333,36.88945555555556,300,0.6624609982687012,False
sick_contact_multiplier:1,sick_contact_multiplier,0.5741328651662077,35_and_over,final_week_cases,4.91,5.348566666666667,300,0.6624609982687012,False
sick_contact_multiplier:1,sick_contact_multiplier,0.5741328651662077,35_and_over,outbreak_indicator,0.0,0.0,300,0.6624609982687012,False
sick_contact_multiplier:1,sick_contact_multiplier,0.5741328651662077,35_and_over,peak_weekly_cases,7.516666666666667,3.3430555555555554,300,0.6624609982687012,False
sick_contact_multiplier:1,sick_contact_multiplier,0.5741328651662077,5_to_10,cumulative_cases,37.37,48.35976666666667,300,0.6624609982687012,False
sick_contact_multiplier:1,sick_contact_multiplier,0.5741328651662077,5_to_10,final_week_cases,6.216666666666667,6.616388888888888,300,0.6624609982687012,False
sick_contact_multiplier:1,sick_contact_multiplier,0.5741328651662077,5_to_10,outbreak_indicator,0.0,0.0,300,0.6624609982687012,False
sick_contact_multiplier:1,sick_contact_multiplier,0.5741328651662077,5_to_10,peak_weekly_cases,9.436666666666667,4.139322222222222,300,0.6624609982687012,False
sick_contact_multiplier:1,sick_contact_multiplier,0.5741328651662077,all ages combined,cumulative_cases,123.65666666666667,173.42545555555552,300,0.6624609982687012,False
sick_contact_multiplier:1,sick_contact_multiplier,0.5741328651662077,all ages combined,final_week_cases,20.213333333333335,22.18782222222222,300,0.6624609982687012,False
sick_contact_multiplier:1,sick_contact_multiplier,0.5741328651662077,all ages combined,outbreak_indicator,1.0,0.0,300,0.6624609982687012,False
sick_contact_multiplier:1,sick_contact_multiplier,0.5741328651662077,all ages combined,peak_weekly_cases,26.64,11.3904,300,0.6624609982687012,False
sick_contact_multiplier:1,sick_contact_multiplier,0.5741328651662077,under_1,cumulative_cases,12.896666666666667,14.972655555555557,300,0.6624609982687012,False
sick_contact_multiplier:1,sick_contact_multiplier,0.5741328651662077,under_1,final_week_cases,1.9066666666666667,2.057955555555556,300,0.6624609982687012,False
sick_contact_multiplier:1,sick_contact_multiplier,0.5741328651662077,under_1,outbreak_indicator,0.0,0.0,300,0.6624609982687012,False
sick_contact_multiplier:1,sick_contact_multiplier,0.5741328651662077,under_1,peak_weekly_cases,4.083333333333333,1.7497222222222224,300,0.6624609982687012,False
sick_contact_multiplier:2,sick_contact_multiplier,0.6182969317174545,11_to_14,cumulative_cases,6.94,7.0764000000000005,300,0.6624609982687012,False
sick_contact_multiplier:2,sick_contact_multiplier,0.6182969317174545,11_to_14,final_week_cases,1.1133333333333333,1.2338222222222222,300,0.6624609982687012,False
sick_contact_multiplier:2,sick_contact_multiplier,0.6182969317174545,11_to_14,outbreak_indicator,0.0,0.0,300,0.6624609982687012,False
sick_contact_multiplier:2,sick_contact_multiplier,0.6182969317174545,11_to_14,peak_weekly_cases,2.683333333333333,1.0297222222222222,300,0.6624609982687012,False
sick_contact_multiplier:2,sick_contact_multiplier,0.6182969317174545,15_to_24,cumulative_cases,10.586666666666666,10.72248888888889,300,0.6624609982687012,False
sick_contact_multiplier:2,sick_contact_multiplier,0.6182969317174545,15_to_24,final_week_cases,1.8266666666666667,1.9632888888888889,300,0.6624609982687012,False
sick_contact_multiplier:2,sick_contact_multiplier,0.6182969317174545,15_to_24,outbreak_indicator,0.0,0.0,300,0.6624609982687012,False
sick_contact_multiplier:2,sick_contact_multiplier,0.6182969317174545,15_to_24,peak_weekly_cases,3.513333333333333,1.2964888888888888,300,0.6624609982687012,False
sick_contact_multiplier:2,sick_contact_multiplier,0.6182969317174545,1_to_4,cumulative_cases,14.58,13.856933333333332,300,0.6624609982687012,False
sick_contact_multiplier:2,sick_contact_multiplier,0.6182969317174545,1_to_4,final_week_cases,2.026666666666667,2.259288888888889,300,0.6624609982687012,False
sick_contact_multiplier:2,sick_contact_multiplier,0.6182969317174545,1_to_4,outbreak_indicator,0.0,0.0,300,0.6624609982687012,False
sick_contact_multiplier:2,sick_contact_multiplier,0.6182969317174545,1_to_4,peak_weekly_cases,4.72,2.0149333333333335,300,0.6624609982687012,False
sick_contact_multiplier:2,sick_contact_multiplier,0.6182969317174545,25_to_34,cumulative_cases,15.696666666666667,19.204655555555558,300,0.6624609982687012,False
sick_contact_multiplier:2,sick_contact_multiplier,0.6182969317174545,25_to_34,final_week_cases,2.7066666666666666,2.8472888888888885,300,0.6624609982687012,False
sick_contact_multiplier:2,sick_contact_multiplier,0.6182969317174545,25_to_34,outbreak_indicator,0.0,0.0,300,0.6624609982687012,False
sick_contact_multiplier:2,sick_contact_multiplier,0.6182969317174545,25_to_34,peak_weekly_cases,4.79,2.1459,300,0.6624609982687012,False
sick_contact_multiplier:2,sick_contact_multiplier,0.6182969317174545,35_and_over,cumulative_cases,27.796666666666667,41.21532222222221,300,0.6624609982687012,False
sick_contact_multiplier:2,sick_contact_multiplier,0.6182969317174545,35_and_over,final_week_cases,5.093333333333334,6.471288888888889,300,0.6624609982687012,False
sick_contact_multiplier:2,sick_contact_multiplier,0.6182969317174545,35_and_over,outbreak_indicator,0.0,0.0,300,0.6624609982687012,False
sick_contact_multiplier:2,sick_contact_multiplier,0.6182969317174545,35_and_over,peak_weekly_cases,7.62,3.6155999999999993,300,0.6624609982687012,False
sick_contact_multiplier:2,sick_contact_multiplier,0.6182969317174545,5_to_10,cumulative_cases,38.39333333333333,51.95195555555556,300,0.6624609982687012,False
sick_contact_multiplier:2,sick_contact_multiplier,0.6182969317174545,5_to_10,final_week_cases,6.483333333333333,8.05638888888889,300,0.6624609982687012,False
sick_contact_multiplier:2,sick_contact_multiplier,0.6182969317174545,5_to_10,outbreak_indicator,0.0033333333333333335,0.0033222222222222225,300,0.6624609982687012,False
sick_contact_multiplier:2,sick_contact_multiplier,0.6182969317174545,5_to_10,peak_weekly_cases,9.783333333333333,4.209722222222222,300,0.6624609982687012,False
sick_contact_multiplier:2,sick_contact_multiplier,0.6182969317174545,all ages combined,cumulative_cases,127.41666666666667,188.54972222222224,300,0.6624609982687012,False
sick_contact_multiplier:2,sick_contact_multiplier,0.6182969317174545,all ages combined,final_week_cases,21.313333333333333,25.441822222222225,300,0.6624609982687012,False
sick_contact_multiplier:2,sick_contact_multiplier,0.6182969317174545,all ages combined,outbreak_indicator,1.0,0.0,300,0.6624609982687012,False
sick_contact_multiplier:2,sick_contact_multiplier,0.6182969317174545,all ages combined,peak_weekly_cases,27.383333333333333,12.28972222222222,300,0.6624609982687012,False
sick_contact_multiplier:2,sick_contact_multiplier,0.6182969317174545,under_1,cumulative_cases,13.423333333333334,15.184122222222221,300,0.6624609982687012,False
sick_contact_multiplier:2,sick_contact_multiplier,0.6182969317174545,under_1,final_week_cases,2.0633333333333335,2.0126555555555554,300,0.6624609982687012,False
sick_contact_multiplier:2,sick_contact_multiplier,0.6182969317174545,under_1,outbreak_indicator,0.0,0.0,300,0.6624609982687012,False
sick_contact_multiplier:2,sick_contact_multiplier,0.6182969317174545,under_1,peak_weekly_cases,4.203333333333333,1.661988888888889,300,0.6624609982687012,False
sick_contact_multiplier:3,sick_contact_multiplier,0.6624609982687012,11_to_14,cumulative_cases,7.16,8.067733333333335,300,0.6624609982687012,True
sick_contact_multiplier:3,sick_contact_multiplier,0.6624609982687012,11_to_14,final_week_cases,1.2666666666666666,1.4155555555555555,300,0.6624609982687012,True
sick_contact_multiplier:3,sick_contact_multiplier,0.6624609982687012,11_to_14,outbreak_indicator,0.0,0.0,300,0.6624609982687012,True
sick_contact_multiplier:3,sick_contact_multiplier,0.6624609982687012,11_to_14,peak_weekly_cases,2.6933333333333334,1.039288888888889,300,0.6624609982687012,True
sick_contact_multiplier:3,sick_contact_multiplier,0.6624609982687012,15_to_24,cumulative_cases,10.686666666666667,11.675155555555556,300,0.6624609982687012,True
sick_contact_multiplier:3,sick_contact_multiplier,0.6624609982687012,15_to_24,final_week_cases,1.9466666666666668,2.0838222222222225,300,0.6624609982687012,True
sick_contact_multiplier:3,sick_contact_multiplier,0.6624609982687012,15_to_24,outbreak_indicator,0.0,0.0,300,0.6624609982687012,True
sick_contact_multiplier:3,sick_contact_multiplier,0.6624609982687012,15_to_24,peak_weekly_cases,3.5366666666666666,1.381988888888889,300,0.6624609982687012,True
sick_contact_multiplier:3,sick_contact_multiplier,0.6624609982687012,1_to_4,cumulative_cases,15.04,15.765066666666668,300,0.6624609982687012,True
sick_contact_multiplier:3,sick_contact_multiplier,0.6624609982687012,1_to_4,final_week_cases,2.19,2.0672333333333337,300,0.6624609982687012,True
sick_contact_multiplier:3,sick_contact_multiplier,0.6624609982687012,1_to_4,outbreak_indicator,0.0,0.0,300,0.6624609982687012,True
sick_contact_multiplier:3,sick_contact_multiplier,0.6624609982687012,1_to_4,peak_weekly_cases,4.823333333333333,2.045455555555556,300,0.6624609982687012,True
sick_contact_multiplier:3,sick_contact_multiplier,0.6624609982687012,25_to_34,cumulative_cases,16.313333333333333,19.961822222222224,300,0.6624609982687012,True
sick_contact_multiplier:3,sick_contact_multiplier,0.6624609982687012,25_to_34,final_week_cases,2.9,3.296666666666667,300,0.6624609982687012,True
sick_contact_multiplier:3,sick_contact_multiplier,0.6624609982687012,25_to_34,outbreak_indicator,0.0,0.0,300,0.6624609982687012,True
sick_contact_multiplier:3,sick_contact_multiplier,0.6624609982687012,25_to_34,peak_weekly_cases,4.973333333333334,2.0059555555555555,300,0.6624609982687012,True
sick_contact_multiplier:3,sick_contact_multiplier,0.6624609982687012,35_and_over,cumulative_cases,28.006666666666668,40.513288888888894,300,0.6624609982687012,True
sick_contact_multiplier:3,sick_contact_multiplier,0.6624609982687012,35_and_over,final_week_cases,5.0,5.58,300,0.6624609982687012,True
sick_contact_multiplier:3,sick_contact_multiplier,0.6624609982687012,35_and_over,outbreak_indicator,0.0,0.0,300,0.6624609982687012,True
sick_contact_multiplier:3,sick_contact_multiplier,0.6624609982687012,35_and_over,peak_weekly_cases,7.526666666666666,3.829288888888888,300,0.6624609982687012,True
sick_contact_multiplier:3,sick_contact_multiplier,0.6624609982687012,5_to_10,cumulative_cases,40.22,50.791599999999995,300,0.6624609982687012,True
sick_contact_multiplier:3,sick_contact_multiplier,0.6624609982687012,5_to_10,final_week_cases,7.003333333333333,7.4366555555555545,300,0.6624609982687012,True
sick_contact_multiplier:3,sick_contact_multiplier,0.6624609982687012,5_to_10,outbreak_indicator,0.0033333333333333335,0.0033222222222222216,300,0.6624609982687012,True
sick_contact_multiplier:3,sick_contact_multiplier,0.6624609982687012,5_to_10,peak_weekly_cases,10.126666666666667,3.8706222222222215,300,0.6624609982687012,True
sick_contact_multiplier:3,sick_contact_multiplier,0.6624609982687012,all ages combined,cumulative_cases,131.17,202.62776666666667,300,0.6624609982687012,True
sick_contact_multiplier:3,sick_contact_multiplier,0.6624609982687012,all ages combined,final_week_cases,22.49,26.536566666666666,300,0.6624609982687012,True
sick_contact_multiplier:3,sick_contact_multiplier,0.6624609982687012,all ages combined,outbreak_indicator,1.0,0.0,300,0.6624609982687012,True
sick_contact_multiplier:3,sick_contact_multiplier,0.6624609982687012,all ages combined,peak_weekly_cases,28.093333333333334,13.657955555555558,300,0.6624609982687012,True
sick_contact_multiplier:3,sick_contact_multiplier,0.6624609982687012,under_1,cumulative_cases,13.743333333333334,15.637455555555556,300,0.6624609982687012,True
sick_contact_multiplier:3,sick_contact_multiplier,0.6624609982687012,under_1,final_week_cases,2.183333333333333,2.363055555555555,300,0.6624609982687012,True
sick_contact_multiplier:3,sick_contact_multiplier,0.6624609982687012,under_1,outbreak_indicator,0.0,0.0,300,0.6624609982687012,True
sick_contact_multiplier:3,sick_contact_multiplier,0.6624609982687012,under_1,peak_weekly_cases,4.33,1.8344333333333331,300,0.6624609982687012,True
sick_contact_multiplier:4,sick_contact_multiplier,0.7066250648199479,11_to_14,cumulative_cases,7.34,7.257733333333334,300,0.6624609982687012,False
sick_contact_multiplier:4,sick_contact_multiplier,0.7066250648199479,11_to_14,final_week_cases,1.2833333333333334,1.3030555555555556,300,0.6624609982687012,False
sick_contact_multiplier:4,sick_contact_multiplier,0.7066250648199479,11_to_14,outbreak_indicator,0.0,0.0,300,0.6624609982687012,False
sick_contact_multiplier:4,sick_contact_multiplier,0.7066250648199479,11_to_14,peak_weekly_cases,2.72,1.0082666666666666,300,0.6624609982687012,False
sick_contact_multiplier:4,sick_contact_multiplier,0.7066250648199479,15_to_24,cumulative_cases,11.14,12.033733333333332,300,0.6624609982687012,False
sick_contact_multiplier:4,sick_contact_multiplier,0.7066250648199479,15_to_24,final_week_cases,1.94,1.8497333333333337,300,0.6624609982687012,False
sick_contact_multiplier:4,sick_contact_multiplier,0.7066250648199479,15_to_24,outbreak_indicator,0.0,0.0,300,0.6624609982687012,False
sick_contact_multiplier:4,sick_contact_multiplier,0.7066250648199479,15_to_24,peak_weekly_cases,3.65,1.2008333333333334,300,0.6624609982687012,False
sick_contact_multiplier:4,sick_contact_multiplier,0.7066250648199479,1_to_4,cumulative_cases,15.356666666666667,15.242788888888887,300,0.6624609982687012,False
sick_contact_multiplier:4,sick_contact_multiplier,0.7066250648199479,1_to_4,final_week_cases,2.23,2.0504333333333333,300,0.6624609982687012,False
sick_contact_multiplier:4,sick_contact_multiplier,0.7066250648199479,1_to_4,outbreak_indicator,0.0,0.0,300,0.6624609982687012,False
sick_contact_multiplier:4,sick_contact_multiplier,0.7066250648199479,1_to_4,peak_weekly_cases,4.82,2.0742666666666665,300,0.6624609982687012,False
sick_contact_multiplier:4,sick_contact_multiplier,0.7066250648199479,25_to_34,cumulative_cases,16.756666666666668,21.657455555555554,300,0.6624609982687012,False
sick_contact_multiplier:4,sick_contact_multiplier,0.7066250648199479,25_to_34,final_week_cases,3.026666666666667,3.4792888888888887,300,0.6624609982687012,False
sick_contact_multiplier:4,sick_contact_multiplier,0.7066250648199479,25_to_34,outbreak_indicator,0.0,0.0,300,0.6624609982687012,False
sick_contact_multiplier:4,sick_contact_multiplier,0.7066250648199479,25_to_34,peak_weekly_cases,5.043333333333333,2.154788888888889,300,0.6624609982687012,False
sick_contact_multiplier:4,sick_contact_multiplier,0.7066250648199479,35_and_over,cumulative_cases,28.483333333333334,44.496388888888895,300,0.6624609982687012,False
sick_contact_multiplier:4,sick_contact_multiplier,0.7066250648199479,35_and_over,final_week_cases,5.183333333333334,6.023055555555556,300,0.6624609982687012,False
sick_contact_multiplier:4,sick_contact_multiplier,0.7066250648199479,35_and_over,outbreak_indicator,0.0,0.0,300,0.6624609982687012,False
sick_contact_multiplier:4,sick_contact_multiplier,0.7066250648199479,35_and_over,peak_weekly_cases,7.596666666666667,4.333988888888889,300,0.6624609982687012,False
sick_contact_multiplier:4,sick_contact_multiplier,0.7066250648199479,5_to_10,cumulative_cases,41.57333333333333,50.41795555555555,300,0.6624609982687012,False
sick_contact_multiplier:4,sick_contact_multiplier,0.7066250648199479,5_to_10,final_week_cases,7.543333333333333,9.194788888888889,300,0.6624609982687012,False
sick_contact_multiplier:4,sick_contact_multiplier,0.7066250648199479,5_to_10,outbreak_indicator,0.01,0.0099,300,0.6624609982687012,False
sick_contact_multiplier:4,sick_contact_multiplier,0.7066250648199479,5_to_10,peak_weekly_cases,10.55,4.3675,300,0.6624609982687012,False
sick_contact_multiplier:4,sick_contact_multiplier,0.7066250648199479,all ages combined,cumulative_cases,134.57666666666665,198.0107888888889,300,0.6624609982687012,False
sick_contact_multiplier:4,sick_contact_multiplier,0.7066250648199479,all ages combined,final_week_cases,23.45,28.0075,300,0.6624609982687012,False
sick_contact_multiplier:4,sick_contact_multiplier,0.7066250648199479,all ages combined,outbreak_indicator,1.0,0.0,300,0.6624609982687012,False
sick_contact_multiplier:4,sick_contact_multiplier,0.7066250648199479,all ages combined,peak_weekly_cases,28.78,13.924933333333332,300,0.6624609982687012,False
sick_contact_multiplier:4,sick_contact_multiplier,0.7066250648199479,under_1,cumulative_cases,13.926666666666666,15.187955555555554,300,0.6624609982687012,False
sick_contact_multiplier:4,sick_contact_multiplier,0.7066250648199479,under_1,final_week_cases,2.243333333333333,2.310788888888889,300,0.6624609982687012,False
sick_contact_multiplier:4,sick_contact_multiplier,0.7066250648199479,under_1,outbreak_indicator,0.0,0.0,300,0.6624609982687012,False
sick_contact_multiplier:4,sick_contact_multiplier,0.7066250648199479,under_1,peak_weekly_cases,4.366666666666666,1.8588888888888888,300,0.6624609982687012,False
sick_contact_multiplier:5,sick_contact_multiplier,0.7507891313711947,11_to_14,cumulative_cases,7.42,8.1836,300,0.6624609982687012,False
sick_contact_multiplier:5,sick_contact_multiplier,0.7507891313711947,11_to_14,final_week_cases,1.3233333333333333,1.3854555555555554,300,0.6624609982687012,False
sick_contact_multiplier:5,sick_contact_multiplier,0.7507891313711947,11_to_14,outbreak_indicator,0.0,0.0,300,0.6624609982687012,False
sick_contact_multiplier:5,sick_contact_multiplier,0.7507891313711947,11_to_14,peak_weekly_cases,2.723333333333333,1.0534555555555556,300,0.6624609982687012,False
sick_contact_multiplier:5,sick_contact_multiplier,0.7507891313711947,15_to_24,cumulative_cases,11.486666666666666,13.209822222222222,300,0.6624609982687012,False
sick_contact_multiplier:5,sick_contact_multiplier,0.7507891313711947,15_to_24,final_week_cases,2.0,2.2466666666666666,300,0.6624609982687012,False
sick_contact_multiplier:5,sick_contact_multiplier,0.7507891313711947,15_to_24,outbreak_indicator,0.0,0.0,300,0.6624609982687012,False
sick_contact_multiplier:5,sick_contact_multiplier,0.7507891313711947,15_to_24,peak_weekly_cases,3.71,1.2725666666666666,300,0.6624609982687012,False
sick_contact_multiplier:5,sick_contact_multiplier,0.7507891313711947,1_to_4,cumulative_cases,15.613333333333333,17.057155555555553,300,0.6624609982687012,False
sick_contact_multiplier:5,sick_contact_multiplier,0.7507891313711947,1_to_4,final_week_cases,2.3133333333333335,2.0884888888888886,300,0.6624609982687012,False
sick_contact_multiplier:5,sick_contact_multiplier,0.7507891313711947,1_to_4,outbreak_indicator,0.0,0.0,300,0.6624609982687012,False
sick_contact_multiplier:5,sick_contact_multiplier,0.7507891313711947,1_to_4,peak_weekly_cases,4.85,2.2875000000000005,300,0.6624609982687012,False
sick_contact_multiplier:5,sick_contact_multiplier,0.7507891313711947,25_to_34,cumulative_cases,16.696666666666665,21.091322222222217,300,0.6624609982687012,False
sick_contact_multiplier:5,sick_contact_multiplier,0.7507891313711947,25_to_34,final_week_cases,3.0,3.2333333333333334,300,0.6624609982687012,False
sick_contact_multiplier:5,sick_contact_multiplier,0.7507891313711947,25_to_34,outbreak_indicator,0.0,0.0,300,0.6624609982687012,False
sick_contact_multiplier:5,sick_contact_multiplier,0.7507891313711947,25_to_34,peak_weekly_cases,5.046666666666667,1.937822222222222,300,0.6624609982687012,False
sick_contact_multiplier:5,sick_contact_multiplier,0.7507891313711947,35_and_over,cumulative_cases,29.36,46.30373333333333,300,0.6624609982687012,False
sick_contact_multiplier:5,sick_contact_multiplier,0.7507891313711947,35_and_over,final_week_cases,5.556666666666667,5.606788888888889,300,0.6624609982687012,False
sick_contact_multiplier:5,sick_contact_multiplier,0.7507891313711947,35_and_over,outbreak_indicator,0.0,0.0,300,0.6624609982687012,False
sick_contact_multiplier:5,sick_contact_multiplier,0.7507891313711947,35_and_over,peak_weekly_cases,7.903333333333333,4.640655555555556,300,0.6624609982687012,False
sick_contact_multiplier:5,sick_contact_multiplier,0.7507891313711947,5_to_10,cumulative_cases,43.07333333333333,51.38128888888888,300,0.6624609982687012,False
sick_contact_multiplier:5,sick_contact_multiplier,0.7507891313711947,5_to_10,final_week_cases,7.986666666666666,8.699822222222222,300,0.6624609982687012,False
sick_contact_multiplier:5,sick_contact_multiplier,0.7507891313711947,5_to_10,outbreak_indicator,0.013333333333333334,0.01315555555555556,300,0.6624609982687012,False
sick_contact_multiplier:5,sick_contact_multiplier,0.7507891313711947,5_to_10,peak_weekly_cases,10.963333333333333,4.575322222222223,300,0.6624609982687012,False
sick_contact_multiplier:5,sick_contact_multiplier,0.7507891313711947,all ages combined,cumulative_cases,138.00333333333333,215.19665555555557,300,0.6624609982687012,False
sick_contact_multiplier:5,sick_contact_multiplier,0.7507891313711947,all ages combined,final_week_cases,24.56,30.533066666666667,300,0.6624609982687012,False
sick_contact_multiplier:5,sick_contact_multiplier,0.7507891313711947,all ages combined,outbreak_indicator,1.0,0.0,300,0.6624609982687012,False
sick_contact_multiplier:5,sick_contact_multiplier,0.7507891313711947,all ages combined,peak_weekly_cases,29.45,14.574166666666667,300,0.6624609982687012,False
sick_contact_multiplier:5,sick_contact_multiplier,0.7507891313711947,under_1,cumulative_cases,14.353333333333333,14.52848888888889,300,0.6624609982687012,False
sick_contact_multiplier:5,sick_contact_multiplier,0.7507891313711947,under_1,final_week_cases,2.38,2.268933333333333,300,0.6624609982687012,False
sick_contact_multiplier:5,sick_contact_multiplier,0.7507891313711947,under_1,outbreak_indicator,0.0,0.0,300,0.6624609982687012,False
sick_contact_multiplier:5,sick_contact_multiplier,0.7507891313711947,under_1,peak_weekly_cases,4.493333333333333,1.843288888888889,300,0.6624609982687012,False
sick_contact_multiplier:6,sick_contact_multiplier,0.7949531979224415,11_to_14,cumulative_cases,7.756666666666667,8.27078888888889,300,0.6624609982687012,False
sick_contact_multiplier:6,sick_contact_multiplier,0.7949531979224415,11_to_14,final_week_cases,1.3766666666666667,1.548122222222222,300,0.6624609982687012,False
sick_contact_multiplier:6,sick_contact_multiplier,0.7949531979224415,11_to_14,outbreak_indicator,0.0,0.0,300,0.6624609982687012,False
sick_contact_multiplier:6,sick_contact_multiplier,0.7949531979224415,11_to_14,peak_weekly_cases,2.85,1.1275,300,0.6624609982687012,False
sick_contact_multiplier:6,sick_contact_multiplier,0.7949531979224415,15_to_24,cumulative_cases,11.496666666666666,11.516655555555557,300,0.6624609982687012,False
sick_contact_multiplier:6,sick_contact_multiplier,0.7949531979224415,15_to_24,final_week_cases,1.9566666666666668,1.9281222222222225,300,0.6624609982687012,False
sick_contact_multiplier:6,sick_contact_multiplier,0.7949531979224415,15_to_24,outbreak_indicator,0.0,0.0,300,0.6624609982687012,False
sick_contact_multiplier:6,sick_contact_multiplier,0.7949531979224415,15_to_24,peak_weekly_cases,3.7533333333333334,1.1858222222222223,300,0.6624609982687012,False
sick_contact_multiplier:6,sick_contact_multiplier,0.7949531979224415,1_to_4,cumulative_cases,15.893333333333333,14.375288888888887,300,0.6624609982687012,False
sick_contact_multiplier:6,sick_contact_multiplier,0.7949531979224415,1_to_4,final_week_cases,2.296666666666667,2.1153222222222223,300,0.6624609982687012,False
sick_contact_multiplier:6,sick_contact_multiplier,0.7949531979224415,1_to_4,outbreak_indicator,0.0,0.0,300,0.6624609982687012,False
sick_contact_multiplier:6,sick_contact_multiplier,0.7949531979224415,1_to_4,peak_weekly_cases,4.8966666666666665,1.999322222222222,300,0.6624609982687012,False
sick_contact_multiplier:6,sick_contact_multiplier,0.7949531979224415,25_to_34,cumulative_cases,17.163333333333334,25.53665555555556,300,0.6624609982687012,False
sick_contact_multiplier:6,sick_contact_multiplier,0.7949531979224415,25_to_34,final_week_cases,3.2133333333333334,3.761155555555556,300,0.6624609982687012,False
sick_contact_multiplier:6,sick_contact_multiplier,0.7949531979224415,25_to_34,outbreak_indicator,0.0,0.0,300,0.6624609982687012,False
sick_contact_multiplier:6,sick_contact_multiplier,0.7949531979224415,25_to_34,peak_weekly_cases,5.086666666666667,2.405822222222222,300,0.6624609982687012,False
sick_contact_multiplier:6,sick_contact_multiplier,0.7949531979224415,35_and_over,cumulative_cases,29.56,42.7664,300,0.6624609982687012,False
sick_contact_multiplier:6,sick_contact_multiplier,0.7949531979224415,35_and_over,final_week_cases,5.713333333333333,5.671155555555556,300,0.6624609982687012,False
sick_contact_multiplier:6,sick_contact_multiplier,0.7949531979224415,35_and_over,outbreak_indicator,0.0,0.0,300,0.6624609982687012,False
sick_contact_multiplier:6,sick_contact_multiplier,0.7949531979224415,35_and_over,peak_weekly_cases,7.96,3.9117333333333333,300,0.6624609982687012,False
sick_contact_multiplier:6,sick_contact_multiplier,0.7949531979224415,5_to_10,cumulative_cases,44.276666666666664,55.64678888888889,300,0.6624609982687012,False
sick_contact_multiplier:6,sick_contact_multiplier,0.7949531979224415,5_to_10,final_week_cases,8.273333333333333,10.34528888888889,300,0.6624609982687012,False
sick_contact_multiplier:6,sick_contact_multiplier,0.7949531979224415,5_to_10,outbreak_indicator,0.04666666666666667,0.04448888888888888,300,0.6624609982687012,False
sick_contact_multiplier:6,sick_contact_multiplier,0.7949531979224415,5_to_10,peak_weekly_cases,11.223333333333333,5.666788888888889,300,0.6624609982687012,False
sick_contact_multiplier:6,sick_contact_multiplier,0.7949531979224415,all ages combined,cumulative_cases,141.18333333333334,214.72972222222222,300,0.6624609982687012,False
sick_contact_multiplier:6,sick_contact_multiplier,0.7949531979224415,all ages combined,final_week_cases,25.52,34.58293333333334,300,0.6624609982687012,False
sick_contact_multiplier:6,sick_contact_multiplier,0.7949531979224415,all ages combined,outbreak_indicator,1.0,0.0,300,0.6624609982687012,False
sick_contact_multiplier:6,sick_contact_multiplier,0.7949531979224415,all ages combined,peak_weekly_cases,30.106666666666666,16.335288888888886,300,0.6624609982687012,False
sick_contact_multiplier:6,sick_contact_multiplier,0.7949531979224415,under_1,cumulative_cases,15.036666666666667,15.121988888888888,300,0.6624609982687012,False
sick_contact_multiplier:6,sick_contact_multiplier,0.7949531979224415,under_1,final_week_cases,2.69,2.720566666666667,300,0.6624609982687012,False
sick_contact_multiplier:6,sick_contact_multiplier,0.7949531979224415,under_1,outbreak_indicator,0.0,0.0,300,0.6624609982687012,False
sick_contact_multiplier:6,sick_contact_multiplier,0.7949531979224415,under_1,peak_weekly_cases,4.65,1.9541666666666666,300,0.6624609982687012,False
sick_mobility_multiplier:0,sick_mobility_multiplier,0.11142621730804161,11_to_14,cumulative_cases,7.066666666666666,7.3422222222222215,300,0.139282771635052,False
sick_mobility_multiplier:0,sick_mobility_multiplier,0.11142621730804161,11_to_14,final_week_cases,1.1533333333333333,1.2964888888888886,300,0.139282771635052,False
sick_mobility_multiplier:0,sick_mobility_multiplier,0.11142621730804161,11_to_14,outbreak_indicator,0.0,0.0,300,0.139282771635052,False
sick_mobility_multiplier:0,sick_mobility_multiplier,0.11142621730804161,11_to_14,peak_weekly_cases,2.6533333333333333,1.0131555555555558,300,0.139282771635052,False
sick_mobility_multiplier:0,sick_mobility_multiplier,0.11142621730804161,15_to_24,cumulative_cases,10.623333333333333,10.948122222222223,300,0.139282771635052,False
sick_mobility_multiplier:0,sick_mobility_multiplier,0.11142621730804161,15_to_24,final_week_cases,1.8633333333333333,2.0513222222222227,300,0.139282771635052,False
sick_mobility_multiplier:0,sick_mobility_multiplier,0.11142621730804161,15_to_24,outbreak_indicator,0.0,0.0,300,0.139282771635052,False
sick_mobility_multiplier:0,sick_mobility_multiplier,0.11142621730804161,15_to_24,peak_weekly_cases,3.5433333333333334,1.3281222222222224,300,0.139282771635052,False
sick_mobility_multiplier:0,sick_mobility_multiplier,0.11142621730804161,1_to_4,cumulative_cases,14.796666666666667,14.115322222222222,300,0.139282771635052,False
sick_mobility_multiplier:0,sick_mobility_multiplier,0.11142621730804161,1_to_4,final_week_cases,2.1766666666666667,2.252122222222222,300,0.139282771635052,False
sick_mobility_multiplier:0,sick_mobility_multiplier,0.11142621730804161,1_to_4,outbreak_indicator,0.0,0.0,300,0.139282771635052,False
sick_mobility_multiplier:0,sick_mobility_multiplier,0.11142621730804161,1_to_4,peak_weekly_cases,4.766666666666667,2.025555555555556,300,0.139282771635052,False
sick_mobility_multiplier:0,sick_mobility_multiplier,0.11142621730804161,25_to_34,cumulative_cases,16.313333333333333,21.28848888888889,300,0.139282771635052,False
sick_mobility_multiplier:0,sick_mobility_multiplier,0.11142621730804161,25_to_34,final_week_cases,2.9466666666666668,2.9838222222222224,300,0.139282771635052,False
sick_mobility_multiplier:0,sick_mobility_multiplier,0.11142621730804161,25_to_34,outbreak_indicator,0.0,0.0,300,0.139282771635052,False
sick_mobility_multiplier:0,sick_mobility_multiplier,0.11142621730804161,25_to_34,peak_weekly_cases,4.956666666666667,2.121455555555556,300,0.139282771635052,False
sick_mobility_multiplier:0,sick_mobility_multiplier,0.11142621730804161,35_and_over,cumulative_cases,28.096666666666668,43.36732222222222,300,0.139282771635052,False
sick_mobility_multiplier:0,sick_mobility_multiplier,0.11142621730804161,35_and_over,final_week_cases,5.1433333333333335,6.482788888888889,300,0.139282771635052,False
sick_mobility_multiplier:0,sick_mobility_multiplier,0.11142621730804161,35_and_over,outbreak_indicator,0.0,0.0,300,0.139282771635052,False
sick_mobility_multiplier:0,sick_mobility_multiplier,0.11142621730804161,35_and_over,peak_weekly_cases,7.55,3.8008333333333333,300,0.139282771635052,False
sick_mobility_multiplier:0,sick_mobility_multiplier,0.11142621730804161,5_to_10,cumulative_cases,39.88333333333333,51.66305555555556,300,0.139282771635052,False
sick_mobility_multiplier:0,sick_mobility_multiplier,0.11142621730804161,5_to_10,final_week_cases,6.89,7.984566666666666,300,0.139282771635052,False
sick_mobility_multiplier:0,sick_mobility_multiplier,0.11142621730804161,5_to_10,outbreak_indicator,0.0033333333333333335,0.0033222222222222216,300,0.139282771635052,False
sick_mobility_multiplier:0,sick_mobility_multiplier,0.11142621730804161,5_to_10,peak_weekly_cases,10.073333333333334,4.054622222222222,300,0.139282771635052,False
sick_mobility_multiplier:0,sick_mobility_multiplier,0.11142621730804161,all ages combined,cumulative_cases,130.51333333333332,200.76982222222225,300,0.139282771635052,False
sick_mobility_multiplier:0,sick_mobility_multiplier,0.11142621730804161,all ages combined,final_week_cases,22.323333333333334,29.885455555555563,300,0.139282771635052,False
sick_mobility_multiplier:0,sick_mobility_multiplier,0.11142621730804161,all ages combined,outbreak_indicator,1.0,0.0,300,0.139282771635052,False
sick_mobility_multiplier:0,sick_mobility_multiplier,0.11142621730804161,all ages combined,peak_weekly_cases,28.063333333333333,12.785988888888891,300,0.139282771635052,False
sick_mobility_multiplier:0,sick_mobility_multiplier,0.11142621730804161,under_1,cumulative_cases,13.733333333333333,16.075555555555553,300,0.139282771635052,False
sick_mobility_multiplier:0,sick_mobility_multiplier,0.11142621730804161,under_1,final_week_cases,2.15,2.2075,300,0.139282771635052,False
sick_mobility_multiplier:0,sick_mobility_multiplier,0.11142621730804161,under_1,outbreak_indicator,0.0,0.0,300,0.139282771635052,False
sick_mobility_multiplier:0,sick_mobility_multiplier,0.11142621730804161,under_1,peak_weekly_cases,4.303333333333334,1.7313222222222222,300,0.139282771635052,False
sick_mobility_multiplier:1,sick_mobility_multiplier,0.12071173541704508,11_to_14,cumulative_cases,7.16,7.734399999999999,300,0.139282771635052,False
sick_mobility_multiplier:1,sick_mobility_multiplier,0.12071173541704508,11_to_14,final_week_cases,1.2466666666666666,1.3524888888888889,300,0.139282771635052,False
sick_mobility_multiplier:1,sick_mobility_multiplier,0.12071173541704508,11_to_14,outbreak_indicator,0.0,0.0,300,0.139282771635052,False
sick_mobility_multiplier:1,sick_mobility_multiplier,0.12071173541704508,11_to_14,peak_weekly_cases,2.6966666666666668,1.0246555555555554,300,0.139282771635052,False
sick_mobility_multiplier:1,sick_mobility_multiplier,0.12071173541704508,15_to_24,cumulative_cases,10.673333333333334,10.686622222222223,300,0.139282771635052,False
sick_mobility_multiplier:1,sick_mobility_multiplier,0.12071173541704508,15_to_24,final_week_cases,1.93,2.1584333333333334,300,0.139282771635052,False
sick_mobility_multiplier:1,sick_mobility_multiplier,0.12071173541704508,15_to_24,outbreak_indicator,0.0,0.0,300,0.139282771635052,False
sick_mobility_multiplier:1,sick_mobility_multiplier,0.12071173541704508,15_to_24,peak_weekly_cases,3.5533333333333332,1.3538222222222223,300,0.139282771635052,False
sick_mobility_multiplier:1,sick_mobility_multiplier,0.12071173541704508,1_to_4,cumulative_cases,14.893333333333333,14.15528888888889,300,0.139282771635052,False
sick_mobility_multiplier:1,sick_mobility_multiplier,0.12071173541704508,1_to_4,final_week_cases,2.19,2.2339,300,0.139282771635052,False
sick_mobility_multiplier:1,sick_mobility_multiplier,0.12071173541704508,1_to_4,outbreak_indicator,0.0,0.0,300,0.139282771635052,False
sick_mobility_multiplier:1,sick_mobility_multiplier,0.12071173541704508,1_to_4,peak_weekly_cases,4.78,1.9916,300,0.139282771635052,False
sick_mobility_multiplier:1,sick_mobility_multiplier,0.12071173541704508,25_to_34,cumulative_cases,16.313333333333333,21.141822222222224,300,0.139282771635052,False
sick_mobility_multiplier:1,sick_mobility_multiplier,0.12071173541704508,25_to_34,final_week_cases,2.9433333333333334,2.946788888888889,300,0.139282771635052,False
sick_mobility_multiplier:1,sick_mobility_multiplier,0.12071173541704508,25_to_34,outbreak_indicator,0.0,0.0,300,0.139282771635052,False
sick_mobility_multiplier:1,sick_mobility_multiplier,0.12071173541704508,25_to_34,peak_weekly_cases,4.963333333333333,2.095322222222222,300,0.139282771635052,False
sick_mobility_multiplier:1,sick_mobility_multiplier,0.12071173541704508,35_and_over,cumulative_cases,28.073333333333334,43.007955555555554,300,0.139282771635052,False
sick_mobility_multiplier:1,sick_mobility_multiplier,0.12071173541704508,35_and_over,final_week_cases,5.093333333333334,6.051288888888889,300,0.139282771635052,False
sick_mobility_multiplier:1,sick_mobility_multiplier,0.12071173541704508,35_and_over,outbreak_indicator,0.0,0.0,300,0.139282771635052,False
sick_mobility_multiplier:1,sick_mobility_multiplier,0.12071173541704508,35_and_over,peak_weekly_cases,7.546666666666667,3.8411555555555545,300,0.139282771635052,False
sick_mobility_multiplier:1,sick_mobility_multiplier,0.12071173541704508,5_to_10,cumulative_cases,39.96333333333333,52.028655555555545,300,0.139282771635052,False
sick_mobility_multiplier:1,sick_mobility_multiplier,0.12071173541704508,5_to_10,final_week_cases,6.933333333333334,8.00222222222222,300,0.139282771635052,False
sick_mobility_multiplier:1,sick_mobility_multiplier,0.12071173541704508,5_to_10,outbreak_indicator,0.0033333333333333335,0.0033222222222222216,300,0.139282771635052,False
sick_mobility_multiplier:1,sick_mobility_multiplier,0.12071173541704508,5_to_10,peak_weekly_cases,10.103333333333333,3.865988888888889,300,0.139282771635052,False
sick_mobility_multiplier:1,sick_mobility_multiplier,0.12071173541704508,all ages combined,cumulative_cases,130.81333333333333,205.96515555555553,300,0.139282771635052,False
sick_mobility_multiplier:1,sick_mobility_multiplier,0.12071173541704508,all ages combined,final_week_cases,22.516666666666666,27.13638888888889,300,0.139282771635052,False
sick_mobility_multiplier:1,sick_mobility_multiplier,0.12071173541704508,all ages combined,outbreak_indicator,1.0,0.0,300,0.139282771635052,False
sick_mobility_multiplier:1,sick_mobility_multiplier,0.12071173541704508,all ages combined,peak_weekly_cases,28.023333333333333,13.209455555555554,300,0.139282771635052,False
sick_mobility_multiplier:1,sick_mobility_multiplier,0.12071173541704508,under_1,cumulative_cases,13.736666666666666,15.83398888888889,300,0.139282771635052,False
sick_mobility_multiplier:1,sick_mobility_multiplier,0.12071173541704508,under_1,final_week_cases,2.18,2.1942666666666666,300,0.139282771635052,False
sick_mobility_multiplier:1,sick_mobility_multiplier,0.12071173541704508,under_1,outbreak_indicator,0.0,0.0,300,0.139282771635052,False
sick_mobility_multiplier:1,sick_mobility_multiplier,0.12071173541704508,under_1,peak_weekly_cases,4.316666666666666,1.7630555555555558,300,0.139282771635052,False
sick_mobility_multiplier:2,sick_mobility_multiplier,0.12999725352604855,11_to_14,cumulative_cases,7.17,7.807766666666667,300,0.139282771635052,False
sick_mobility_multiplier:2,sick_mobility_multiplier,0.12999725352604855,11_to_14,final_week_cases,1.2366666666666666,1.313988888888889,300,0.139282771635052,False
sick_mobility_multiplier:2,sick_mobility_multiplier,0.12999725352604855,11_to_14,outbreak_indicator,0.0,0.0,300,0.139282771635052,False
sick_mobility_multiplier:2,sick_mobility_multiplier,0.12999725352604855,11_to_14,peak_weekly_cases,2.6966666666666668,1.0313222222222223,300,0.139282771635052,False
sick_mobility_multiplier:2,sick_mobility_multiplier,0.12999725352604855,15_to_24,cumulative_cases,10.673333333333334,11.359955555555555,300,0.139282771635052,False
sick_mobility_multiplier:2,sick_mobility_multiplier,0.12999725352604855,15_to_24,final_week_cases,1.9566666666666668,2.0547888888888886,300,0.139282771635052,False
sick_mobility_multiplier:2,sick_mobility_multiplier,0.12999725352604855,15_to_24,outbreak_indicator,0.0,0.0,300,0.139282771635052,False
sick_mobility_multiplier:2,sick_mobility_multiplier,0.12999725352604855,15_to_24,peak_weekly_cases,3.5366666666666666,1.3219888888888889,300,0.139282771635052,False
sick_mobility_multiplier:2,sick_mobility_multiplier,0.12999725352604855,1_to_4,cumulative_cases,14.99,14.929900000000002,300,0.139282771635052,False
sick_mobility_multiplier:2,sick_mobility_multiplier,0.12999725352604855,1_to_4,final_week_cases,2.1666666666666665,2.0455555555555556,300,0.139282771635052,False
sick_mobility_multiplier:2,sick_mobility_multiplier,0.12999725352604855,1_to_4,outbreak_indicator,0.0,0.0,300,0.139282771635052,False
sick_mobility_multiplier:2,sick_mobility_multiplier,0.12999725352604855,1_to_4,peak_weekly_cases,4.786666666666667,2.067822222222222,300,0.139282771635052,False
sick_mobility_multiplier:2,sick_mobility_multiplier,0.12999725352604855,25_to_34,cumulative_cases,16.27,20.503766666666664,300,0.139282771635052,False
sick_mobility_multiplier:2,sick_mobility_multiplier,0.12999725352604855,25_to_34,final_week_cases,2.8933333333333335,3.141955555555555,300,0.139282771635052,False
sick_mobility_multiplier:2,sick_mobility_multiplier,0.12999725352604855,25_to_34,outbreak_indicator,0.0,0.0,300,0.139282771635052,False
sick_mobility_multiplier:2,sick_mobility_multiplier,0.12999725352604855,25_to_34,peak_weekly_cases,4.93,1.9984333333333328,300,0.139282771635052,False
sick_mobility_multiplier:2,sick_mobility_multiplier,0.12999725352604855,35_and_over,cumulative_cases,27.993333333333332,41.51328888888889,300,0.139282771635052,False
sick_mobility_multiplier:2,sick_mobility_multiplier,0.12999725352604855,35_and_over,final_week_cases,5.06,5.983066666666667,300,0.139282771635052,False
sick_mobility_multiplier:2,sick_mobility_multiplier,0.12999725352604855,35_and_over,outbreak_indicator,0.0,0.0,300,0.139282771635052,False
sick_mobility_multiplier:2,sick_mobility_multiplier,0.12999725352604855,35_and_over,peak_weekly_cases,7.526666666666666,3.8426222222222215,300,0.139282771635052,False
sick_mobility_multiplier:2,sick_mobility_multiplier,0.12999725352604855,5_to_10,cumulative_cases,40.15,51.33416666666667,300,0.139282771635052,False
sick_mobility_multiplier:2,sick_mobility_multiplier,0.12999725352604855,5_to_10,final_week_cases,6.943333333333333,7.640122222222221,300,0.139282771635052,False
sick_mobility_multiplier:2,sick_mobility_multiplier,0.12999725352604855,5_to_10,outbreak_indicator,0.0033333333333333335,0.0033222222222222216,300,0.139282771635052,False
sick_mobility_multiplier:2,sick_mobility_multiplier,0.12999725352604855,5_to_10,peak_weekly_cases,10.11,3.8645666666666663,300,0.139282771635052,False
sick_mobility_multiplier:2,sick_mobility_multiplier,0.12999725352604855,all ages combined,cumulative_cases,130.99333333333334,211.6332888888889,300,0.139282771635052,False
sick_mobility_multiplier:2,sick_mobility_multiplier,0.12999725352604855,all ages combined,final_week_cases,22.466666666666665,27.515555555555558,300,0.139282771635052,False
sick_mobility_multiplier:2,sick_mobility_multiplier,0.12999725352604855,all ages combined,outbreak_indicator,1.0,0.0,300,0.139282771635052,False
sick_mobility_multiplier:2,sick_mobility_multiplier,0.12999725352604855,all ages combined,peak_weekly_cases,28.07,13.645100000000001,300,0.139282771635052,False
sick_mobility_multiplier:2,sick_mobility_multiplier,0.12999725352604855,under_1,cumulative_cases,13.746666666666666,16.122488888888885,300,0.139282771635052,False
sick_mobility_multiplier:2,sick_mobility_multiplier,0.12999725352604855,under_1,final_week_cases,2.21,2.4059,300,0.139282771635052,False
sick_mobility_multiplier:2,sick_mobility_multiplier,0.12999725352604855,under_1,outbreak_indicator,0.0,0.0,300,0.139282771635052,False
sick_mobility_multiplier:2,sick_mobility_multiplier,0.12999725352604855,under_1,peak_weekly_cases,4.316666666666666,1.8030555555555554,300,0.139282771635052,False
sick_mobility_multiplier:3,sick_mobility_multiplier,0.139282771635052,11_to_14,cumulative_cases,7.16,8.067733333333335,300,0.139282771635052,True
sick_mobility_multiplier:3,sick_mobility_multiplier,0.139282771635052,11_to_14,final_week_cases,1.2666666666666666,1.4155555555555555,300,0.139282771635052,True
sick_mobility_multiplier:3,sick_mobility_multiplier,0.139282771635052,11_to_14,outbreak_indicator,0.0,0.0,300,0.139282771635052,True
sick_mobility_multiplier:3,sick_mobility_multiplier,0.139282771635052,11_to_14,peak_weekly_cases,2.6933333333333334,1.039288888888889,300,0.139282771635052,True
sick_mobility_multiplier:3,sick_mobility_multiplier,0.139282771635052,15_to_24,cumulative_cases,10.686666666666667,11.675155555555556,300,0.139282771635052,True
sick_mobility_multiplier:3,sick_mobility_multiplier,0.139282771635052,15_to_24,final_week_cases,1.9466666666666668,2.0838222222222225,300,0.139282771635052,True
sick_mobility_multiplier:3,sick_mobility_multiplier,0.139282771635052,15_to_24,outbreak_indicator,0.0,0.0,300,0.139282771635052,True
sick_mobility_multiplier:3,sick_mobility_multiplier,0.139282771635052,15_to_24,peak_weekly_cases,3.5366666666666666,1.381988888888889,300,0.139282771635052,True
sick_mobility_multiplier:3,sick_mobility_multiplier,0.139282771635052,1_to_4,cumulative_cases,15.04,15.765066666666668,300,0.139282771635052,True
sick_mobility_multiplier:3,sick_mobility_multiplier,0.139282771635052,1_to_4,final_week_cases,2.19,2.0672333333333337,300,0.139282771635052,True
sick_mobility_multiplier:3,sick_mobility_multiplier,0.139282771635052,1_to_4,outbreak_indicator,0.0,0.0,300,0.139282771635052,True
sick_mobility_multiplier:3,sick_mobility_multiplier,0.139282771635052,1_to_4,peak_weekly_cases,4.823333333333333,2.045455555555556,300,0.139282771635052,True
sick_mobility_multiplier:3,sick_mobility_multiplier,0.139282771635052,25_to_34,cumulative_cases,16.313333333333333,19.961822222222224,300,0.139282771635052,True
sick_mobility_multiplier:3,sick_mobility_multiplier,0.139282771635052,25_to_34,final_week_cases,2.9,3.296666666666667,300,0.139282771635052,True
sick_mobility_multiplier:3,sick_mobility_multiplier,0.139282771635052,25_to_34,outbreak_indicator,0.0,0.0,300,0.139282771635052,True
sick_mobility_multiplier:3,sick_mobility_multiplier,0.139282771635052,25_to_34,peak_weekly_cases,4.973333333333334,2.0059555555555555,300,0.139282771635052,True
sick_mobility_multiplier:3,sick_mobility_multiplier,0.139282771635052,35_and_over,cumulative_cases,28.006666666666668,40.513288888888894,300,0.139282771635052,True
sick_mobility_multiplier:3,sick_mobility_multiplier,0.139282771635052,35_and_over,final_week_cases,5.0,5.58,300,0.139282771635052,True
sick_mobility_multiplier:3,sick_mobility_multiplier,0.139282771635052,35_and_over,outbreak_indicator,0.0,0.0,300,0.139282771635052,True
sick_mobility_multiplier:3,sick_mobility_multiplier,0.139282771635052,35_and_over,peak_weekly_cases,7.526666666666666,3.829288888888888,300,0.139282771635052,True
sick_mobility_multiplier:3,sick_mobility_multiplier,0.139282771635052,5_to_10,cumulative_cases,40.22,50.791599999999995,300,0.139282771635052,True
sick_mobility_multiplier:3,sick_mobility_multiplier,0.139282771635052,5_to_10,final_week_cases,7.003333333333333,7.4366555555555545,300,0.139282771635052,True
sick_mobility_multiplier:3,sick_mobility_multiplier,0.139282771635052,5_to_10,outbreak_indicator,0.0033333333333333335,0.0033222222222222216,300,0.139282771635052,True
sick_mobility_multiplier:3,sick_mobility_multiplier,0.139282771635052,5_to_10,peak_weekly_cases,10.126666666666667,3.8706222222222215,300,0.139282771635052,True
sick_mobility_multiplier:3,sick_mobility_multiplier,0.139282771635052,all ages combined,cumulative_cases,131.17,202.62776666666667,300,0.139282771635052,True
sick_mobility_multiplier:3,sick_mobility_multiplier,0.139282771635052,all ages combined,final_week_cases,22.49,26.536566666666666,300,0.139282771635052,True
sick_mobility_multiplier:3,sick_mobility_multiplier,0.139282771635052,all ages combined,outbreak_indicator,1.0,0.0,300,0.139282771635052,True
sick_mobility_multiplier:3,sick_mobility_multiplier,0.139282771635052,all ages combined,peak_weekly_cases,28.093333333333334,13.657955555555558,300,0.139282771635052,True
sick_mobility_multiplier:3,sick_mobility_multiplier,0.139282771635052,under_1,cumulative_cases,13.743333333333334,15.637455555555556,300,0.139282771635052,True
sick_mobility_multiplier:3,sick_mobility_multiplier,0.139282771635052,under_1,final_week_cases,2.183333333333333,2.363055555555555,300,0.139282771635052,True
sick_mobility_multiplier:3,sick_mobility_multiplier,0.139282771635052,under_1,outbreak_indicator,0.0,0.0,300,0.139282771635052,True
sick_mobility_multiplier:3,sick_mobility_multiplier,0.139282771635052,under_1,peak_weekly_cases,4.33,1.8344333333333331,300,0.139282771635052,True
sick_mobility_multiplier:4,sick_mobility_multiplier,0.14856828974405548,11_to_14,cumulative_cases,7.233333333333333,7.918888888888889,300,0.139282771635052,False
sick_mobility_multiplier:4,sick_mobility_multiplier,0.14856828974405548,11_to_14,final_week_cases,1.2733333333333334,1.5186222222222219,300,0.139282771635052,False
sick_mobility_multiplier:4,sick_mobility_multiplier,0.14856828974405548,11_to_14,outbreak_indicator,0.0,0.0,300,0.139282771635052,False
sick_mobility_multiplier:4,sick_mobility_multiplier,0.14856828974405548,11_to_14,peak_weekly_cases,2.743333333333333,1.010788888888889,300,0.139282771635052,False
sick_mobility_multiplier:4,sick_mobility_multiplier,0.14856828974405548,15_to_24,cumulative_cases,10.723333333333333,11.40678888888889,300,0.139282771635052,False
sick_mobility_multiplier:4,sick_mobility_multiplier,0.14856828974405548,15_to_24,final_week_cases,1.9333333333333333,2.055555555555556,300,0.139282771635052,False
sick_mobility_multiplier:4,sick_mobility_multiplier,0.14856828974405548,15_to_24,outbreak_indicator,0.0,0.0,300,0.139282771635052,False
sick_mobility_multiplier:4,sick_mobility_multiplier,0.14856828974405548,15_to_24,peak_weekly_cases,3.56,1.3597333333333332,300,0.139282771635052,False
sick_mobility_multiplier:4,sick_mobility_multiplier,0.14856828974405548,1_to_4,cumulative_cases,15.113333333333333,16.147155555555557,300,0.139282771635052,False
sick_mobility_multiplier:4,sick_mobility_multiplier,0.14856828974405548,1_to_4,final_week_cases,2.2066666666666666,2.1172888888888886,300,0.139282771635052,False
sick_mobility_multiplier:4,sick_mobility_multiplier,0.14856828974405548,1_to_4,outbreak_indicator,0.0,0.0,300,0.139282771635052,False
sick_mobility_multiplier:4,sick_mobility_multiplier,0.14856828974405548,1_to_4,peak_weekly_cases,4.826666666666667,2.0099555555555555,300,0.139282771635052,False
sick_mobility_multiplier:4,sick_mobility_multiplier,0.14856828974405548,25_to_34,cumulative_cases,16.286666666666665,19.671155555555558,300,0.139282771635052,False
sick_mobility_multiplier:4,sick_mobility_multiplier,0.14856828974405548,25_to_34,final_week_cases,2.8933333333333335,3.3686222222222217,300,0.139282771635052,False
sick_mobility_multiplier:4,sick_mobility_multiplier,0.14856828974405548,25_to_34,outbreak_indicator,0.0,0.0,300,0.139282771635052,False
sick_mobility_multiplier:4,sick_mobility_multiplier,0.14856828974405548,25_to_34,peak_weekly_cases,4.976666666666667,2.0094555555555553,300,0.139282771635052,False
sick_mobility_multiplier:4,sick_mobility_multiplier,0.14856828974405548,35_and_over,cumulative_cases,27.94,41.54306666666667,300,0.139282771635052,False
sick_mobility_multiplier:4,sick_mobility_multiplier,0.14856828974405548,35_and_over,final_week_cases,5.016666666666667,5.6563888888888885,300,0.139282771635052,False
sick_mobility_multiplier:4,sick_mobility_multiplier,0.14856828974405548,35_and_over,outbreak_indicator,0.0,0.0,300,0.139282771635052,False
sick_mobility_multiplier:4,sick_mobility_multiplier,0.14856828974405548,35_and_over,peak_weekly_cases,7.513333333333334,3.8898222222222225,300,0.139282771635052,False
sick_mobility_multiplier:4,sick_mobility_multiplier,0.14856828974405548,5_to_10,cumulative_cases,40.20333333333333,52.02865555555555,300,0.139282771635052,False
sick_mobility_multiplier:4,sick_mobility_multiplier,0.14856828974405548,5_to_10,final_week_cases,7.0,7.633333333333334,300,0.139282771635052,False
sick_mobility_multiplier:4,sick_mobility_multiplier,0.14856828974405548,5_to_10,outbreak_indicator,0.006666666666666667,0.00662222222222222,300,0.139282771635052,False
sick_mobility_multiplier:4,sick_mobility_multiplier,0.14856828974405548,5_to_10,peak_weekly_cases,10.12,4.0789333333333335,300,0.139282771635052,False
sick_mobility_multiplier:4,sick_mobility_multiplier,0.14856828974405548,all ages combined,cumulative_cases,131.23333333333332,207.06555555555556,300,0.139282771635052,False
sick_mobility_multiplier:4,sick_mobility_multiplier,0.14856828974405548,all ages combined,final_week_cases,22.533333333333335,27.08888888888889,300,0.139282771635052,False
sick_mobility_multiplier:4,sick_mobility_multiplier,0.14856828974405548,all ages combined,outbreak_indicator,1.0,0.0,300,0.139282771635052,False
sick_mobility_multiplier:4,sick_mobility_multiplier,0.14856828974405548,all ages combined,peak_weekly_cases,28.083333333333332,13.663055555555554,300,0.139282771635052,False
sick_mobility_multiplier:4,sick_mobility_multiplier,0.14856828974405548,under_1,cumulative_cases,13.733333333333333,15.34222222222222,300,0.139282771635052,False
sick_mobility_multiplier:4,sick_mobility_multiplier,0.14856828974405548,under_1,final_week_cases,2.21,2.379233333333333,300,0.139282771635052,False
sick_mobility_multiplier:4,sick_mobility_multiplier,0.14856828974405548,under_1,outbreak_indicator,0.0,0.0,300,0.139282771635052,False
sick_mobility_multiplier:4,sick_mobility_multiplier,0.14856828974405548,under_1,peak_weekly_cases,4.333333333333333,1.7888888888888888,300,0.139282771635052,False
sick_mobility_multiplier:5,sick_mobility_multiplier,0.15785380785305894,11_to_14,cumulative_cases,7.236666666666666,7.740655555555556,300,0.139282771635052,False
sick_mobility_multiplier:5,sick_mobility_multiplier,0.15785380785305894,11_to_14,final_week_cases,1.3,1.4766666666666668,300,0.139282771635052,False
sick_mobility_multiplier:5,sick_mobility_multiplier,0.15785380785305894,11_to_14,outbreak_indicator,0.0,0.0,300,0.139282771635052,False
sick_mobility_multiplier:5,sick_mobility_multiplier,0.15785380785305894,11_to_14,peak_weekly_cases,2.7266666666666666,0.9986222222222222,300,0.139282771635052,False
sick_mobility_multiplier:5,sick_mobility_multiplier,0.15785380785305894,15_to_24,cumulative_cases,10.76,11.135733333333334,300,0.139282771635052,False
sick_mobility_multiplier:5,sick_mobility_multiplier,0.15785380785305894,15_to_24,final_week_cases,1.9066666666666667,2.0312888888888887,300,0.139282771635052,False
sick_mobility_multiplier:5,sick_mobility_multiplier,0.15785380785305894,15_to_24,outbreak_indicator,0.0,0.0,300,0.139282771635052,False
sick_mobility_multiplier:5,sick_mobility_multiplier,0.15785380785305894,15_to_24,peak_weekly_cases,3.5733333333333333,1.311288888888889,300,0.139282771635052,False
sick_mobility_multiplier:5,sick_mobility_multiplier,0.15785380785305894,1_to_4,cumulative_cases,15.176666666666666,16.038788888888888,300,0.139282771635052,False
sick_mobility_multiplier:5,sick_mobility_multiplier,0.15785380785305894,1_to_4,final_week_cases,2.19,2.1339,300,0.139282771635052,False
sick_mobility_multiplier:5,sick_mobility_multiplier,0.15785380785305894,1_to_4,outbreak_indicator,0.0,0.0,300,0.139282771635052,False
sick_mobility_multiplier:5,sick_mobility_multiplier,0.15785380785305894,1_to_4,peak_weekly_cases,4.83,2.0211,300,0.139282771635052,False
sick_mobility_multiplier:5,sick_mobility_multiplier,0.15785380785305894,25_to_34,cumulative_cases,16.30666666666667,18.79928888888889,300,0.139282771635052,False
sick_mobility_multiplier:5,sick_mobility_multiplier,0.15785380785305894,25_to_34,final_week_cases,2.966666666666667,3.465555555555556,300,0.139282771635052,False
sick_mobility_multiplier:5,sick_mobility_multiplier,0.15785380785305894,25_to_34,outbreak_indicator,0.0,0.0,300,0.139282771635052,False
sick_mobility_multiplier:5,sick_mobility_multiplier,0.15785380785305894,25_to_34,peak_weekly_cases,5.02,1.9796,300,0.139282771635052,False
sick_mobility_multiplier:5,sick_mobility_multiplier,0.15785380785305894,35_and_over,cumulative_cases,28.013333333333332,41.52648888888889,300,0.139282771635052,False
sick_mobility_multiplier:5,sick_mobility_multiplier,0.15785380785305894,35_and_over,final_week_cases,5.03,5.595766666666667,300,0.139282771635052,False
sick_mobility_multiplier:5,sick_mobility_multiplier,0.15785380785305894,35_and_over,outbreak_indicator,0.0,0.0,300,0.139282771635052,False
sick_mobility_multiplier:5,sick_mobility_multiplier,0.15785380785305894,35_and_over,peak_weekly_cases,7.506666666666667,3.9366222222222222,300,0.139282771635052,False
sick_mobility_multiplier:5,sick_mobility_multiplier,0.15785380785305894,5_to_10,cumulative_cases,40.223333333333336,51.613455555555554,300,0.139282771635052,False
sick_mobility_multiplier:5,sick_mobility_multiplier,0.15785380785305894,5_to_10,final_week_cases,6.996666666666667,7.5099888888888895,300,0.139282771635052,False
sick_mobility_multiplier:5,sick_mobility_multiplier,0.15785380785305894,5_to_10,outbreak_indicator,0.006666666666666667,0.00662222222222222,300,0.139282771635052,False
sick_mobility_multiplier:5,sick_mobility_multiplier,0.15785380785305894,5_to_10,peak_weekly_cases,10.136666666666667,4.011322222222223,300,0.139282771635052,False
sick_mobility_multiplier:5,sick_mobility_multiplier,0.15785380785305894,all ages combined,cumulative_cases,131.32333333333332,202.95212222222221,300,0.139282771635052,False
sick_mobility_multiplier:5,sick_mobility_multiplier,0.15785380785305894,all ages combined,final_week_cases,22.54,27.615066666666667,300,0.139282771635052,False
sick_mobility_multiplier:5,sick_mobility_multiplier,0.15785380785305894,all ages combined,outbreak_indicator,1.0,0.0,300,0.139282771635052,False
sick_mobility_multiplier:5,sick_mobility_multiplier,0.15785380785305894,all ages combined,peak_weekly_cases,28.10333333333333,13.472655555555555,300,0.139282771635052,False
sick_mobility_multiplier:5,sick_mobility_multiplier,0.15785380785305894,under_1,cumulative_cases,13.606666666666667,15.291955555555557,300,0.139282771635052,False
sick_mobility_multiplier:5,sick_mobility_multiplier,0.15785380785305894,under_1,final_week_cases,2.15,2.194166666666667,300,0.139282771635052,False
sick_mobility_multiplier:5,sick_mobility_multiplier,0.15785380785305894,under_1,outbreak_indicator,0.0,0.0,300,0.139282771635052,False
sick_mobility_multiplier:5,sick_mobility_multiplier,0.15785380785305894,under_1,peak_weekly_cases,4.29,1.7192333333333332,300,0.139282771635052,False
sick_mobility_multiplier:6,sick_mobility_multiplier,0.1671393259620624,11_to_14,cumulative_cases,7.23,7.803766666666667,300,0.139282771635052,False
sick_mobility_multiplier:6,sick_mobility_multiplier,0.1671393259620624,11_to_14,final_week_cases,1.31,1.3672333333333333,300,0.139282771635052,False
sick_mobility_multiplier:6,sick_mobility_multiplier,0.1671393259620624,11_to_14,outbreak_indicator,0.0,0.0,300,0.139282771635052,False
sick_mobility_multiplier:6,sick_mobility_multiplier,0.1671393259620624,11_to_14,peak_weekly_cases,2.7,0.97,300,0.139282771635052,False
sick_mobility_multiplier:6,sick_mobility_multiplier,0.1671393259620624,15_to_24,cumulative_cases,10.783333333333333,11.076388888888888,300,0.139282771635052,False
sick_mobility_multiplier:6,sick_mobility_multiplier,0.1671393259620624,15_to_24,final_week_cases,1.9133333333333333,2.012488888888889,300,0.139282771635052,False
sick_mobility_multiplier:6,sick_mobility_multiplier,0.1671393259620624,15_to_24,outbreak_indicator,0.0,0.0,300,0.139282771635052,False
sick_mobility_multiplier:6,sick_mobility_multiplier,0.1671393259620624,15_to_24,peak_weekly_cases,3.5866666666666664,1.3024888888888888,300,0.139282771635052,False
sick_mobility_multiplier:6,sick_mobility_multiplier,0.1671393259620624,1_to_4,cumulative_cases,15.2,15.013333333333334,300,0.139282771635052,False
sick_mobility_multiplier:6,sick_mobility_multiplier,0.1671393259620624,1_to_4,final_week_cases,2.19,2.100566666666667,300,0.139282771635052,False
sick_mobility_multiplier:6,sick_mobility_multiplier,0.1671393259620624,1_to_4,outbreak_indicator,0.0,0.0,300,0.139282771635052,False
sick_mobility_multiplier:6,sick_mobility_multiplier,0.1671393259620624,1_to_4,peak_weekly_cases,4.806666666666667,1.9959555555555555,300,0.139282771635052,False
sick_mobility_multiplier:6,sick_mobility_multiplier,0.1671393259620624,25_to_34,cumulative_cases,16.263333333333332,18.860655555555557,300,0.139282771635052,False
sick_mobility_multiplier:6,sick_mobility_multiplier,0.1671393259620624,25_to_34,final_week_cases,2.97,3.455766666666667,300,0.139282771635052,False
sick_mobility_multiplier:6,sick_mobility_multiplier,0.1671393259620624,25_to_34,outbreak_indicator,0.0,0.0,300,0.139282771635052,False
sick_mobility_multiplier:6,sick_mobility_multiplier,0.1671393259620624,25_to_34,peak_weekly_cases,5.003333333333333,1.9566555555555556,300,0.139282771635052,False
sick_mobility_multiplier:6,sick_mobility_multiplier,0.1671393259620624,35_and_over,cumulative_cases,28.043333333333333,40.15478888888888,300,0.139282771635052,False
sick_mobility_multiplier:6,sick_mobility_multiplier,0.1671393259620624,35_and_over,final_week_cases,5.013333333333334,5.533155555555556,300,0.139282771635052,False
sick_mobility_multiplier:6,sick_mobility_multiplier,0.1671393259620624,35_and_over,outbreak_indicator,0.0,0.0,300,0.139282771635052,False
sick_mobility_multiplier:6,sick_mobility_multiplier,0.1671393259620624,35_and_over,peak_weekly_cases,7.55,3.8941666666666666,300,0.139282771635052,False
sick_mobility_multiplier:6,sick_mobility_multiplier,0.1671393259620624,5_to_10,cumulative_cases,40.29666666666667,50.595322222222215,300,0.139282771635052,False
sick_mobility_multiplier:6,sick_mobility_multiplier,0.1671393259620624,5_to_10,final_week_cases,6.986666666666666,7.413155555555556,300,0.139282771635052,False
sick_mobility_multiplier:6,sick_mobility_multiplier,0.1671393259620624,5_to_10,outbreak_indicator,0.0033333333333333335,0.0033222222222222216,300,0.139282771635052,False
sick_mobility_multiplier:6,sick_mobility_multiplier,0.1671393259620624,5_to_10,peak_weekly_cases,10.13,3.8930999999999996,300,0.139282771635052,False
sick_mobility_multiplier:6,sick_mobility_multiplier,0.1671393259620624,all ages combined,cumulative_cases,131.44666666666666,202.05382222222224,300,0.139282771635052,False
sick_mobility_multiplier:6,sick_mobility_multiplier,0.1671393259620624,all ages combined,final_week_cases,22.553333333333335,27.54048888888889,300,0.139282771635052,False
sick_mobility_multiplier:6,sick_mobility_multiplier,0.1671393259620624,all ages combined,outbreak_indicator,1.0,0.0,300,0.139282771635052,False
sick_mobility_multiplier:6,sick_mobility_multiplier,0.1671393259620624,all ages combined,peak_weekly_cases,28.186666666666667,13.545155555555555,300,0.139282771635052,False
sick_mobility_multiplier:6,sick_mobility_multiplier,0.1671393259620624,under_1,cumulative_cases,13.63,15.666433333333334,300,0.139282771635052,False
sick_mobility_multiplier:6,sick_mobility_multiplier,0.1671393259620624,under_1,final_week_cases,2.17,2.2477666666666667,300,0.139282771635052,False
sick_mobility_multiplier:6,sick_mobility_multiplier,0.1671393259620624,under_1,outbreak_indicator,0.0,0.0,300,0.139282771635052,False
sick_mobility_multiplier:6,sick_mobility_multiplier,0.1671393259620624,under_1,peak_weekly_cases,4.293333333333333,1.727288888888889,300,0.139282771635052,False
sigma:0,sigma,0.072,11_to_14,cumulative_cases,6.46,7.175066666666667,300,0.09,False
sigma:0,sigma,0.072,11_to_14,final_week_cases,0.92,0.9869333333333333,300,0.09,False
sigma:0,sigma,0.072,11_to_14,outbreak_indicator,0.0,0.0,300,0.09,False
sigma:0,sigma,0.072,11_to_14,peak_weekly_cases,2.47,0.8691000000000001,300,0.09,False
sigma:0,sigma,0.072,15_to_24,cumulative_cases,9.506666666666666,11.043288888888888,300,0.09,False
sigma:0,sigma,0.072,15_to_24,final_week_cases,1.43,1.6051000000000002,300,0.09,False
sigma:0,sigma,0.072,15_to_24,outbreak_indicator,0.0,0.0,300,0.09,False
sigma:0,sigma,0.072,15_to_24,peak_weekly_cases,3.27,1.2837666666666667,300,0.09,False
sigma:0,sigma,0.072,1_to_4,cumulative_cases,13.05,13.5675,300,0.09,False
sigma:0,sigma,0.072,1_to_4,final_week_cases,1.5666666666666667,1.8322222222222224,300,0.09,False
sigma:0,sigma,0.072,1_to_4,outbreak_indicator,0.0,0.0,300,0.09,False
sigma:0,sigma,0.072,1_to_4,peak_weekly_cases,4.403333333333333,2.113988888888889,300,0.09,False
sigma:0,sigma,0.072,25_to_34,cumulative_cases,14.356666666666667,17.396122222222225,300,0.09,False
sigma:0,sigma,0.072,25_to_34,final_week_cases,2.3366666666666664,2.6099888888888887,300,0.09,False
sigma:0,sigma,0.072,25_to_34,outbreak_indicator,0.0,0.0,300,0.09,False
sigma:0,sigma,0.072,25_to_34,peak_weekly_cases,4.41,1.8085666666666664,300,0.09,False
sigma:0,sigma,0.072,35_and_over,cumulative_cases,25.35333333333333,33.36848888888888,300,0.09,False
sigma:0,sigma,0.072,35_and_over,final_week_cases,4.3566666666666665,4.6694555555555555,300,0.09,False
sigma:0,sigma,0.072,35_and_over,outbreak_indicator,0.0,0.0,300,0.09,False
sigma:0,sigma,0.072,35_and_over,peak_weekly_cases,7.0,2.933333333333333,300,0.09,False
sigma:0,sigma,0.072,5_to_10,cumulative_cases,33.03,41.84243333333333,300,0.09,False
sigma:0,sigma,0.072,5_to_10,final_week_cases,4.71,5.579233333333334,300,0.09,False
sigma:0,sigma,0.072,5_to_10,outbreak_indicator,0.0033333333333333335,0.0033222222222222216,300,0.09,False
sigma:0,sigma,0.072,5_to_10,peak_weekly_cases,8.726666666666667,3.958622222222222,300,0.09,False
sigma:0,sigma,0.072,all ages combined,cumulative_cases,113.45,135.27416666666667,300,0.09,False
sigma:0,sigma,0.072,all ages combined,final_week_cases,16.873333333333335,17.22395555555556,300,0.09,False
sigma:0,sigma,0.072,all ages combined,outbreak_indicator,1.0,0.0,300,0.09,False
sigma:0,sigma,0.072,all ages combined,peak_weekly_cases,24.946666666666665,10.857155555555556,300,0.09,False
sigma:0,sigma,0.072,under_1,cumulative_cases,11.693333333333333,12.225955555555556,300,0.09,False
sigma:0,sigma,0.072,under_1,final_week_cases,1.5533333333333332,1.5938222222222223,300,0.09,False
sigma:0,sigma,0.072,under_1,outbreak_indicator,0.0,0.0,300,0.09,False
sigma:0,sigma,0.072,under_1,peak_weekly_cases,3.8466666666666667,1.5898222222222222,300,0.09,False
sigma:1,sigma,0.078,11_to_14,cumulative_cases,6.47,6.895766666666667,300,0.09,False
sigma:1,sigma,0.078,11_to_14,final_week_cases,0.9533333333333334,0.8978222222222223,300,0.09,False
sigma:1,sigma,0.078,11_to_14,outbreak_indicator,0.0,0.0,300,0.09,False
sigma:1,sigma,0.078,11_to_14,peak_weekly_cases,2.4566666666666666,0.8547888888888889,300,0.09,False
sigma:1,sigma,0.078,15_to_24,cumulative_cases,10.003333333333334,8.996655555555556,300,0.09,False
sigma:1,sigma,0.078,15_to_24,final_week_cases,1.6433333333333333,1.836122222222222,300,0.09,False
sigma:1,sigma,0.078,15_to_24,outbreak_indicator,0.0,0.0,300,0.09,False
sigma:1,sigma,0.078,15_to_24,peak_weekly_cases,3.42,1.3502666666666667,300,0.09,False
sigma:1,sigma,0.078,1_to_4,cumulative_cases,13.503333333333334,13.876655555555557,300,0.09,False
sigma:1,sigma,0.078,1_to_4,final_week_cases,1.7033333333333334,1.8353222222222227,300,0.09,False
sigma:1,sigma,0.078,1_to_4,outbreak_indicator,0.0,0.0,300,0.09,False
sigma:1,sigma,0.078,1_to_4,peak_weekly_cases,4.53,1.7491,300,0.09,False
sigma:1,sigma,0.078,25_to_34,cumulative_cases,14.916666666666666,17.623055555555553,300,0.09,False
sigma:1,sigma,0.078,25_to_34,final_week_cases,2.533333333333333,3.1155555555555554,300,0.09,False
sigma:1,sigma,0.078,25_to_34,outbreak_indicator,0.0,0.0,300,0.09,False
sigma:1,sigma,0.078,25_to_34,peak_weekly_cases,4.586666666666667,1.8424888888888888,300,0.09,False
sigma:1,sigma,0.078,35_and_over,cumulative_cases,26.93,35.665099999999995,300,0.09,False
sigma:1,sigma,0.078,35_and_over,final_week_cases,4.8533333333333335,5.058488888888888,300,0.09,False
sigma:1,sigma,0.078,35_and_over,outbreak_indicator,0.0033333333333333335,0.003322222222222222,300,0.09,False
sigma:1,sigma,0.078,35_and_over,peak_weekly_cases,7.4366666666666665,3.5593222222222223,300,0.09,False
sigma:1,sigma,0.078,5_to_10,cumulative_cases,35.39333333333333,42.45195555555556,300,0.09,False
sigma:1,sigma,0.078,5_to_10,final_week_cases,5.543333333333333,6.088122222222222,300,0.09,False
sigma:1,sigma,0.078,5_to_10,outbreak_indicator,0.0033333333333333335,0.0033222222222222216,300,0.09,False
sigma:1,sigma,0.078,5_to_10,peak_weekly_cases,9.156666666666666,3.9521222222222225,300,0.09,False
sigma:1,sigma,0.078,all ages combined,cumulative_cases,119.52,146.92293333333336,300,0.09,False
sigma:1,sigma,0.078,all ages combined,final_week_cases,18.873333333333335,21.61728888888889,300,0.09,False
sigma:1,sigma,0.078,all ages combined,outbreak_indicator,1.0,0.0,300,0.09,False
sigma:1,sigma,0.078,all ages combined,peak_weekly_cases,26.043333333333333,11.141455555555554,300,0.09,False
sigma:1,sigma,0.078,under_1,cumulative_cases,12.303333333333333,13.077988888888889,300,0.09,False
sigma:1,sigma,0.078,under_1,final_week_cases,1.6433333333333333,1.6494555555555552,300,0.09,False
sigma:1,sigma,0.078,under_1,outbreak_indicator,0.0,0.0,300,0.09,False
sigma:1,sigma,0.078,under_1,peak_weekly_cases,3.9766666666666666,1.5494555555555554,300,0.09,False
sigma:2,sigma,0.08399999999999999,11_to_14,cumulative_cases,6.71,7.065900000000002,300,0.09,False
sigma:2,sigma,0.08399999999999999,11_to_14,final_week_cases,1.0533333333333332,1.0971555555555554,300,0.09,False
sigma:2,sigma,0.08399999999999999,11_to_14,outbreak_indicator,0.0,0.0,300,0.09,False
sigma:2,sigma,0.08399999999999999,11_to_14,peak_weekly_cases,2.5633333333333335,0.9459888888888888,300,0.09,False
sigma:2,sigma,0.08399999999999999,15_to_24,cumulative_cases,10.31,9.827233333333334,300,0.09,False
sigma:2,sigma,0.08399999999999999,15_to_24,final_week_cases,1.7733333333333334,2.028622222222222,300,0.09,False
sigma:2,sigma,0.08399999999999999,15_to_24,outbreak_indicator,0.0,0.0,300,0.09,False
sigma:2,sigma,0.08399999999999999,15_to_24,peak_weekly_cases,3.4633333333333334,1.4286555555555556,300,0.09,False
sigma:2,sigma,0.08399999999999999,1_to_4,cumulative_cases,14.063333333333333,15.892655555555557,300,0.09,False
sigma:2,sigma,0.08399999999999999,1_to_4,final_week_cases,1.92,2.2735999999999996,300,0.09,False
sigma:2,sigma,0.08399999999999999,1_to_4,outbreak_indicator,0.0,0.0,300,0.09,False
sigma:2,sigma,0.08399999999999999,1_to_4,peak_weekly_cases,4.6033333333333335,2.0126555555555554,300,0.09,False
sigma:2,sigma,0.08399999999999999,25_to_34,cumulative_cases,15.386666666666667,19.003822222222226,300,0.09,False
sigma:2,sigma,0.08399999999999999,25_to_34,final_week_cases,2.756666666666667,3.0307888888888885,300,0.09,False
sigma:2,sigma,0.08399999999999999,25_to_34,outbreak_indicator,0.0,0.0,300,0.09,False
sigma:2,sigma,0.08399999999999999,25_to_34,peak_weekly_cases,4.6866666666666665,1.9818222222222224,300,0.09,False
sigma:2,sigma,0.08399999999999999,35_and_over,cumulative_cases,27.58,41.23693333333333,300,0.09,False
sigma:2,sigma,0.08399999999999999,35_and_over,final_week_cases,4.923333333333333,5.897455555555555,300,0.09,False
sigma:2,sigma,0.08399999999999999,35_and_over,outbreak_indicator,0.0,0.0,300,0.09,False
sigma:2,sigma,0.08399999999999999,35_and_over,peak_weekly_cases,7.55,3.7408333333333332,300,0.09,False
sigma:2,sigma,0.08399999999999999,5_to_10,cumulative_cases,37.81666666666667,48.096388888888896,300,0.09,False
sigma:2,sigma,0.08399999999999999,5_to_10,final_week_cases,6.24,6.6224,300,0.09,False
sigma:2,sigma,0.08399999999999999,5_to_10,outbreak_indicator,0.0,0.0,300,0.09,False
sigma:2,sigma,0.08399999999999999,5_to_10,peak_weekly_cases,9.493333333333334,4.1166222222222215,300,0.09,False
sigma:2,sigma,0.08399999999999999,all ages combined,cumulative_cases,124.88,177.77893333333333,300,0.09,False
sigma:2,sigma,0.08399999999999999,all ages combined,final_week_cases,20.53,23.829099999999997,300,0.09,False
sigma:2,sigma,0.08399999999999999,all ages combined,outbreak_indicator,1.0,0.0,300,0.09,False
sigma:2,sigma,0.08399999999999999,all ages combined,peak_weekly_cases,26.866666666666667,11.76888888888889,300,0.09,False
sigma:2,sigma,0.08399999999999999,under_1,cumulative_cases,13.013333333333334,14.853155555555556,300,0.09,False
sigma:2,sigma,0.08399999999999999,under_1,final_week_cases,1.8633333333333333,2.184655555555556,300,0.09,False
sigma:2,sigma,0.08399999999999999,under_1,outbreak_indicator,0.0,0.0,300,0.09,False
sigma:2,sigma,0.08399999999999999,under_1,peak_weekly_cases,4.17,1.8211000000000002,300,0.09,False
sigma:3,sigma,0.09,11_to_14,cumulative_cases,7.16,8.067733333333335,300,0.09,True
sigma:3,sigma,0.09,11_to_14,final_week_cases,1.2666666666666666,1.4155555555555555,300,0.09,True
sigma:3,sigma,0.09,11_to_14,outbreak_indicator,0.0,0.0,300,0.09,True
sigma:3,sigma,0.09,11_to_14,peak_weekly_cases,2.6933333333333334,1.039288888888889,300,0.09,True
sigma:3,sigma,0.09,15_to_24,cumulative_cases,10.686666666666667,11.675155555555556,300,0.09,True
sigma:3,sigma,0.09,15_to_24,final_week_cases,1.9466666666666668,2.0838222222222225,300,0.09,True
sigma:3,sigma,0.09,15_to_24,outbreak_indicator,0.0,0.0,300,0.09,True
sigma:3,sigma,0.09,15_to_24,peak_weekly_cases,3.5366666666666666,1.381988888888889,300,0.09,True
sigma:3,sigma,0.09,1_to_4,cumulative_cases,15.04,15.765066666666668,300,0.09,True
sigma:3,sigma,0.09,1_to_4,final_week_cases,2.19,2.0672333333333337,300,0.09,True
sigma:3,sigma,0.09,1_to_4,outbreak_indicator,0.0,0.0,300,0.09,True
sigma:3,sigma,0.09,1_to_4,peak_weekly_cases,4.823333333333333,2.045455555555556,300,0.09,True
sigma:3,sigma,0.09,25_to_34,cumulative_cases,16.313333333333333,19.961822222222224,300,0.09,True
sigma:3,sigma,0.09,25_to_34,final_week_cases,2.9,3.296666666666667,300,0.09,True
sigma:3,sigma,0.09,25_to_34,outbreak_indicator,0.0,0.0,300,0.09,True
sigma:3,sigma,0.09,25_to_34,peak_weekly_cases,4.973333333333334,2.0059555555555555,300,0.09,True
sigma:3,sigma,0.09,35_and_over,cumulative_cases,28.006666666666668,40.513288888888894,300,0.09,True
sigma:3,sigma,0.09,35_and_over,final_week_cases,5.0,5.58,300,0.09,True
sigma:3,sigma,0.09,35_and_over,outbreak_indicator,0.0,0.0,300,0.09,True
sigma:3,sigma,0.09,35_and_over,peak_weekly_cases,7.526666666666666,3.829288888888888,300,0.09,True
sigma:3,sigma,0.09,5_to_10,cumulative_cases,40.22,50.791599999999995,300,0.09,True
sigma:3,sigma,0.09,5_to_10,final_week_cases,7.003333333333333,7.4366555555555545,300,0.09,True
sigma:3,sigma,0.09,5_to_10,outbreak_indicator,0.0033333333333333335,0.0033222222222222216,300,0.09,True
sigma:3,sigma,0.09,5_to_10,peak_weekly_cases,10.126666666666667,3.8706222222222215,300,0.09,True
sigma:3,sigma,0.09,all ages combined,cumulative_cases,131.17,202.62776666666667,300,0.09,True
sigma:3,sigma,0.09,all ages combined,final_week_cases,22.49,26.536566666666666,300,0.09,True
sigma:3,sigma,0.09,all ages combined,outbreak_indicator,1.0,0.0,300,0.09,True
sigma:3,sigma,0.09,all ages combined,peak_weekly_cases,28.093333333333334,13.657955555555558,300,0.09,True
sigma:3,sigma,0.09,under_1,cumulative_cases,13.743333333333334,15.637455555555556,300,0.09,True
sigma:3,sigma,0.09,under_1,final_week_cases,2.183333333333333,2.363055555555555,300,0.09,True
sigma:3,sigma,0.09,under_1,outbreak_indicator,0.0,0.0,300,0.09,True
sigma:3,sigma,0.09,under_1,peak_weekly_cases,4.33,1.8344333333333331,300,0.09,True
sigma:4,sigma,0.096,11_to_14,cumulative_cases,7.43,7.298433333333333,300,0.09,False
sigma:4,sigma,0.096,11_to_14,final_week_cases,1.2766666666666666,1.2534555555555558,300,0.09,False
sigma:4,sigma,0.096,11_to_14,outbreak_indicator,0.0,0.0,300,0.09,False
sigma:4,sigma,0.096,11_to_14,peak_weekly_cases,2.69,1.0339,300,0.09,False
sigma:4,sigma,0.096,15_to_24,cumulative_cases,11.206666666666667,12.150622222222221,300,0.09,False
sigma:4,sigma,0.096,15_to_24,final_week_cases,1.9333333333333333,1.9288888888888887,300,0.09,False
sigma:4,sigma,0.096,15_to_24,outbreak_indicator,0.0,0.0,300,0.09,False
sigma:4,sigma,0.096,15_to_24,peak_weekly_cases,3.6766666666666667,1.3387888888888888,300,0.09,False
sigma:4,sigma,0.096,1_to_4,cumulative_cases,15.513333333333334,15.563155555555555,300,0.09,False
sigma:4,sigma,0.096,1_to_4,final_week_cases,2.283333333333333,2.116388888888889,300,0.09,False
sigma:4,sigma,0.096,1_to_4,outbreak_indicator,0.0,0.0,300,0.09,False
sigma:4,sigma,0.096,1_to_4,peak_weekly_cases,4.816666666666666,2.263055555555556,300,0.09,False
sigma:4,sigma,0.096,25_to_34,cumulative_cases,16.616666666666667,21.97638888888889,300,0.09,False
sigma:4,sigma,0.096,25_to_34,final_week_cases,2.9366666666666665,3.3326555555555553,300,0.09,False
sigma:4,sigma,0.096,25_to_34,outbreak_indicator,0.0,0.0,300,0.09,False
sigma:4,sigma,0.096,25_to_34,peak_weekly_cases,4.993333333333333,2.066622222222222,300,0.09,False
sigma:4,sigma,0.096,35_and_over,cumulative_cases,28.84,42.56106666666667,300,0.09,False
sigma:4,sigma,0.096,35_and_over,final_week_cases,5.37,6.0131,300,0.09,False
sigma:4,sigma,0.096,35_and_over,outbreak_indicator,0.0033333333333333335,0.0033222222222222216,300,0.09,False
sigma:4,sigma,0.096,35_and_over,peak_weekly_cases,7.8,4.493333333333333,300,0.09,False
sigma:4,sigma,0.096,5_to_10,cumulative_cases,42.45,51.22083333333333,300,0.09,False
sigma:4,sigma,0.096,5_to_10,final_week_cases,7.683333333333334,9.209722222222224,300,0.09,False
sigma:4,sigma,0.096,5_to_10,outbreak_indicator,0.016666666666666666,0.01638888888888889,300,0.09,False
sigma:4,sigma,0.096,5_to_10,peak_weekly_cases,10.743333333333334,4.777455555555556,300,0.09,False
sigma:4,sigma,0.096,all ages combined,cumulative_cases,136.48,203.7496,300,0.09,False
sigma:4,sigma,0.096,all ages combined,final_week_cases,23.97,29.969099999999997,300,0.09,False
sigma:4,sigma,0.096,all ages combined,outbreak_indicator,1.0,0.0,300,0.09,False
sigma:4,sigma,0.096,all ages combined,peak_weekly_cases,29.246666666666666,14.23248888888889,300,0.09,False
sigma:4,sigma,0.096,under_1,cumulative_cases,14.423333333333334,13.94412222222222,300,0.09,False
sigma:4,sigma,0.096,under_1,final_week_cases,2.486666666666667,2.4698222222222226,300,0.09,False
sigma:4,sigma,0.096,under_1,outbreak_indicator,0.0,0.0,300,0.09,False
sigma:4,sigma,0.096,under_1,peak_weekly_cases,4.506666666666667,1.7699555555555553,300,0.09,False
sigma:5,sigma,0.10200000000000001,11_to_14,cumulative_cases,7.613333333333333,8.123822222222222,300,0.09,False
sigma:5,sigma,0.10200000000000001,11_to_14,final_week_cases,1.3833333333333333,1.5697222222222222,300,0.09,False
sigma:5,sigma,0.10200000000000001,11_to_14,outbreak_indicator,0.0,0.0,300,0.09,False
sigma:5,sigma,0.10200000000000001,11_to_14,peak_weekly_cases,2.8633333333333333,1.1046555555555557,300,0.09,False
sigma:5,sigma,0.10200000000000001,15_to_24,cumulative_cases,11.566666666666666,11.33222222222222,300,0.09,False
sigma:5,sigma,0.10200000000000001,15_to_24,final_week_cases,2.01,2.0499,300,0.09,False
sigma:5,sigma,0.10200000000000001,15_to_24,outbreak_indicator,0.0,0.0,300,0.09,False
sigma:5,sigma,0.10200000000000001,15_to_24,peak_weekly_cases,3.7533333333333334,1.3458222222222223,300,0.09,False
sigma:5,sigma,0.10200000000000001,1_to_4,cumulative_cases,15.976666666666667,16.36278888888889,300,0.09,False
sigma:5,sigma,0.10200000000000001,1_to_4,final_week_cases,2.3366666666666664,2.1566555555555555,300,0.09,False
sigma:5,sigma,0.10200000000000001,1_to_4,outbreak_indicator,0.0,0.0,300,0.09,False
sigma:5,sigma,0.10200000000000001,1_to_4,peak_weekly_cases,4.92,2.020266666666666,300,0.09,False
sigma:5,sigma,0.10200000000000001,25_to_34,cumulative_cases,17.016666666666666,23.30972222222222,300,0.09,False
sigma:5,sigma,0.10200000000000001,25_to_34,final_week_cases,3.16,3.6944000000000004,300,0.09,False
sigma:5,sigma,0.10200000000000001,25_to_34,outbreak_indicator,0.0,0.0,300,0.09,False
sigma:5,sigma,0.10200000000000001,25_to_34,peak_weekly_cases,5.13,2.2131000000000003,300,0.09,False
sigma:5,sigma,0.10200000000000001,35_and_over,cumulative_cases,29.696666666666665,41.10465555555555,300,0.09,False
sigma:5,sigma,0.10200000000000001,35_and_over,final_week_cases,5.72,5.774933333333333,300,0.09,False
sigma:5,sigma,0.10200000000000001,35_and_over,outbreak_indicator,0.0033333333333333335,0.003322222222222222,300,0.09,False
sigma:5,sigma,0.10200000000000001,35_and_over,peak_weekly_cases,8.12,4.185599999999999,300,0.09,False
sigma:5,sigma,0.10200000000000001,5_to_10,cumulative_cases,44.96333333333333,62.94865555555555,300,0.09,False
sigma:5,sigma,0.10200000000000001,5_to_10,final_week_cases,8.563333333333333,10.60598888888889,300,0.09,False
sigma:5,sigma,0.10200000000000001,5_to_10,outbreak_indicator,0.06,0.056400000000000006,300,0.09,False
sigma:5,sigma,0.10200000000000001,5_to_10,peak_weekly_cases,11.423333333333334,5.664122222222222,300,0.09,False
sigma:5,sigma,0.10200000000000001,all ages combined,cumulative_cases,141.72666666666666,223.33195555555557,300,0.09,False
sigma:5,sigma,0.10200000000000001,all ages combined,final_week_cases,25.823333333333334,35.31878888888888,300,0.09,False
sigma:5,sigma,0.10200000000000001,all ages combined,outbreak_indicator,1.0,0.0,300,0.09,False
sigma:5,sigma,0.10200000000000001,all ages combined,peak_weekly_cases,30.4,16.413333333333334,300,0.09,False
sigma:5,sigma,0.10200000000000001,under_1,cumulative_cases,14.893333333333333,15.141955555555553,300,0.09,False
sigma:5,sigma,0.10200000000000001,under_1,final_week_cases,2.65,2.6875,300,0.09,False
sigma:5,sigma,0.10200000000000001,under_1,outbreak_indicator,0.0,0.0,300,0.09,False
sigma:5,sigma,0.10200000000000001,under_1,peak_weekly_cases,4.65,1.9875,300,0.09,False
sigma:6,sigma,0.108,11_to_14,cumulative_cases,8.046666666666667,8.81782222222222,300,0.09,False
sigma:6,sigma,0.108,11_to_14,final_week_cases,1.56,1.4730666666666665,300,0.09,False
sigma:6,sigma,0.108,11_to_14,outbreak_indicator,0.0,0.0,300,0.09,False
sigma:6,sigma,0.108,11_to_14,peak_weekly_cases,2.8466666666666667,0.9498222222222222,300,0.09,False
sigma:6,sigma,0.108,15_to_24,cumulative_cases,11.83,12.6011,300,0.09,False
sigma:6,sigma,0.108,15_to_24,final_week_cases,2.1666666666666665,2.1655555555555557,300,0.09,False
sigma:6,sigma,0.108,15_to_24,outbreak_indicator,0.0,0.0,300,0.09,False
sigma:6,sigma,0.108,15_to_24,peak_weekly_cases,3.8933333333333335,1.4819555555555557,300,0.09,False
sigma:6,sigma,0.108,1_to_4,cumulative_cases,16.866666666666667,18.56888888888889,300,0.09,False
sigma:6,sigma,0.108,1_to_4,final_week_cases,2.83,3.1877666666666666,300,0.09,False
sigma:6,sigma,0.108,1_to_4,outbreak_indicator,0.0,0.0,300,0.09,False
sigma:6,sigma,0.108,1_to_4,peak_weekly_cases,5.12,2.0656000000000003,300,0.09,False
sigma:6,sigma,0.108,25_to_34,cumulative_cases,18.046666666666667,24.637822222222223,300,0.09,False
sigma:6,sigma,0.108,25_to_34,final_week_cases,3.3633333333333333,4.077988888888889,300,0.09,False
sigma:6,sigma,0.108,25_to_34,outbreak_indicator,0.0,0.0,300,0.09,False
sigma:6,sigma,0.108,25_to_34,peak_weekly_cases,5.4366666666666665,2.532655555555556,300,0.09,False
sigma:6,sigma,0.108,35_and_over,cumulative_cases,30.046666666666667,38.44448888888889,300,0.09,False
sigma:6,sigma,0.108,35_and_over,final_week_cases,5.886666666666667,7.04048888888889,300,0.09,False
sigma:6,sigma,0.108,35_and_over,outbreak_indicator,0.0033333333333333335,0.003322222222222222,300,0.09,False
sigma:6,sigma,0.108,35_and_over,peak_weekly_cases,8.316666666666666,4.183055555555555,300,0.09,False
sigma:6,sigma,0.108,5_to_10,cumulative_cases,46.84,65.32773333333333,300,0.09,False
sigma:6,sigma,0.108,5_to_10,final_week_cases,9.03,9.909100000000002,300,0.09,False
sigma:6,sigma,0.108,5_to_10,outbreak_indicator,0.06,0.056400000000000006,300,0.09,False
sigma:6,sigma,0.108,5_to_10,peak_weekly_cases,11.713333333333333,5.351155555555556,300,0.09,False
sigma:6,sigma,0.108,all ages combined,cumulative_cases,147.64,246.42373333333333,300,0.09,False
sigma:6,sigma,0.108,all ages combined,final_week_cases,27.803333333333335,34.43798888888889,300,0.09,False
sigma:6,sigma,0.108,all ages combined,outbreak_indicator,1.0,0.0,300,0.09,False
sigma:6,sigma,0.108,all ages combined,peak_weekly_cases,31.963333333333335,20.021988888888888,300,0.09,False
sigma:6,sigma,0.108,under_1,cumulative_cases,15.963333333333333,18.028655555555556,300,0.09,False
sigma:6,sigma,0.108,under_1,final_week_cases,2.966666666666667,3.418888888888888,300,0.09,False
sigma:6,sigma,0.108,under_1,outbreak_indicator,0.0,0.0,300,0.09,False
sigma:6,sigma,0.108,under_1,peak_weekly_cases,5.066666666666666,2.3355555555555556,300,0.09,False
