parameter,age_group,outcome,baseline_parameter_value,tested_lower,tested_upper,baseline_outcome_mean,minimum_level_mean,maximum_level_mean,low_level_outcome_mean,high_level_outcome_mean,low_to_high_outcome_change,outcome_mean_spread,relative_outcome_spread,outbreak_probability_spread_percentage_points,outbreak_probability_low_to_high_change_percentage_points,raw_variance_across_level_means,monte_carlo_variance_of_level_mean,noise_adjusted_parameter_variance,mean_within_level_stochastic_variance,oat_total_predictive_variance,oat_parameter_variance_fraction,oat_stochastic_variance_fraction,parameter_signal_to_mc_noise,isolated_variance_screening_share,relative_parameter_variance_share_percent,sensitivity_rank
beta_0,11_to_14,cumulative_cases,4.66e-05,3.728e-05,5.592e-05,7.16,7.126666666666667,7.166666666666667,7.133333333333334,7.163333333333333,0.02999999999999936,0.040000000000000036,0.005586592178770954,,,0.0002662131519274363,0.026950931216931224,0.0,8.085279365079368,8.085279365079368,0.0,1.0,0.0,0.0,0.0,13.0
beta_0,11_to_14,final_week_cases,4.66e-05,3.728e-05,5.592e-05,1.2666666666666666,1.2433333333333334,1.2766666666666666,1.25,1.2766666666666666,0.026666666666666616,0.033333333333333215,0.02631578947368412,,,0.00014603174603174557,0.0045995767195767204,0.0,1.3798730158730161,1.3798730158730161,0.0,1.0,0.0,0.0,0.0,12.0
beta_0,11_to_14,outbreak_indicator,4.66e-05,3.728e-05,5.592e-05,0.0,0.0,0.0,0.0,0.0,0.0,0.0,0.0,0.0,0.0,0.0,0.0,0.0,0.0,0.0,0.0,0.0,0.0,0.0,0.0,1.0
beta_0,11_to_14,peak_weekly_cases,4.66e-05,3.728e-05,5.592e-05,2.6933333333333334,2.6733333333333333,2.6933333333333334,2.6733333333333333,2.69,0.016666666666666607,0.020000000000000018,0.007425742574257432,,,8.20861678004534e-05,0.0034494285714285716,0.0,1.0348285714285714,1.0348285714285714,0.0,1.0,0.0,0.0,0.0,12.0
beta_0,15_to_24,cumulative_cases,4.66e-05,3.728e-05,5.592e-05,10.686666666666667,10.67,10.693333333333333,10.67,10.693333333333333,0.023333333333333428,0.023333333333333428,0.0021834061135371265,,,7.437641723356133e-05,0.0389946455026455,0.0,11.698393650793651,11.698393650793651,0.0,1.0,0.0,0.0,0.0,13.0
beta_0,15_to_24,final_week_cases,4.66e-05,3.728e-05,5.592e-05,1.9466666666666668,1.9366666666666668,1.95,1.9366666666666668,1.94,0.0033333333333331883,0.013333333333333197,0.00684931506849308,,,1.904761904761908e-05,0.006993994708994709,0.0,2.098198412698413,2.098198412698413,0.0,1.0,0.0,0.0,0.0,11.0
beta_0,15_to_24,outbreak_indicator,4.66e-05,3.728e-05,5.592e-05,0.0,0.0,0.0,0.0,0.0,0.0,0.0,0.0,0.0,0.0,0.0,0.0,0.0,0.0,0.0,0.0,0.0,0.0,0.0,0.0,1.0
beta_0,15_to_24,peak_weekly_cases,4.66e-05,3.728e-05,5.592e-05,3.5366666666666666,3.53,3.5433333333333334,3.53,3.5433333333333334,0.013333333333333641,0.013333333333333641,0.003770028275212151,,,2.1768707482994202e-05,0.004599730158730159,0.0,1.3799190476190477,1.3799190476190477,0.0,1.0,0.0,0.0,0.0,12.0
beta_0,1_to_4,cumulative_cases,4.66e-05,3.728e-05,5.592e-05,15.04,15.033333333333333,15.053333333333333,15.046666666666667,15.053333333333333,0.0066666666666659324,0.019999999999999574,0.001329787234042525,,,3.764172335600827e-05,0.052656058201058197,0.0,15.79681746031746,15.79681746031746,0.0,1.0,0.0,0.0,0.0,13.0
beta_0,1_to_4,final_week_cases,4.66e-05,3.728e-05,5.592e-05,2.19,2.1533333333333333,2.203333333333333,2.1533333333333333,2.203333333333333,0.04999999999999982,0.04999999999999982,0.02283105022831042,,,0.00027256235827664165,0.006926132275132277,0.0,2.077839682539683,2.077839682539683,0.0,1.0,0.0,0.0,0.0,14.0
beta_0,1_to_4,outbreak_indicator,4.66e-05,3.728e-05,5.592e-05,0.0,0.0,0.0,0.0,0.0,0.0,0.0,0.0,0.0,0.0,0.0,0.0,0.0,0.0,0.0,0.0,0.0,0.0,0.0,0.0,1.0
beta_0,1_to_4,peak_weekly_cases,4.66e-05,3.728e-05,5.592e-05,4.823333333333333,4.82,4.826666666666667,4.82,4.826666666666667,0.006666666666666821,0.006666666666666821,0.001382170006910882,,,4.535147392290218e-06,0.00682237037037037,0.0,2.046711111111111,2.046711111111111,0.0,1.0,0.0,0.0,0.0,11.0
beta_0,25_to_34,cumulative_cases,4.66e-05,3.728e-05,5.592e-05,16.313333333333333,16.233333333333334,16.313333333333333,16.253333333333334,16.31,0.05666666666666487,0.0799999999999983,0.004903964037596954,,,0.000957823129251652,0.06679926455026457,0.0,20.03977936507937,20.03977936507937,0.0,1.0,0.0,0.0,0.0,12.0
beta_0,25_to_34,final_week_cases,4.66e-05,3.728e-05,5.592e-05,2.9,2.8666666666666667,2.9,2.88,2.9,0.020000000000000018,0.033333333333333215,0.011494252873563178,,,0.00019274376417233372,0.010944560846560848,0.0,3.2833682539682547,3.2833682539682547,0.0,1.0,0.0,0.0,0.0,13.0
beta_0,25_to_34,outbreak_indicator,4.66e-05,3.728e-05,5.592e-05,0.0,0.0,0.0,0.0,0.0,0.0,0.0,0.0,0.0,0.0,0.0,0.0,0.0,0.0,0.0,0.0,0.0,0.0,0.0,0.0,1.0
beta_0,25_to_34,peak_weekly_cases,4.66e-05,3.728e-05,5.592e-05,4.973333333333334,4.95,4.973333333333334,4.956666666666667,4.966666666666667,0.009999999999999787,0.023333333333333428,0.004691689008042914,,,5.9863945578231755e-05,0.006618650793650793,0.0,1.985595238095238,1.985595238095238,0.0,1.0,0.0,0.0,0.0,13.0
beta_0,35_and_over,cumulative_cases,4.66e-05,3.728e-05,5.592e-05,28.006666666666668,27.973333333333333,28.023333333333333,27.973333333333333,28.0,0.026666666666667282,0.05000000000000071,0.0017852892168531555,,,0.0002022675736961576,0.13541994179894182,0.0,40.625982539682546,40.625982539682546,0.0,1.0,0.0,0.0,0.0,12.0
beta_0,35_and_over,final_week_cases,4.66e-05,3.728e-05,5.592e-05,5.0,4.99,5.05,5.03,4.99,-0.040000000000000036,0.05999999999999961,0.011999999999999922,,,0.0005333333333333326,0.018868724867724868,0.0,5.66061746031746,5.66061746031746,0.0,1.0,0.0,0.0,0.0,14.0
beta_0,35_and_over,outbreak_indicator,4.66e-05,3.728e-05,5.592e-05,0.0,0.0,0.0,0.0,0.0,0.0,0.0,0.0,0.0,0.0,0.0,0.0,0.0,0.0,0.0,0.0,0.0,0.0,0.0,0.0,2.0
beta_0,35_and_over,peak_weekly_cases,4.66e-05,3.728e-05,5.592e-05,7.526666666666666,7.52,7.533333333333333,7.52,7.52,0.0,0.013333333333333641,0.0017714791851196159,,,1.8594104308390642e-05,0.012789878306878305,0.0,3.8369634920634916,3.8369634920634916,0.0,1.0,0.0,0.0,0.0,11.0
beta_0,5_to_10,cumulative_cases,4.66e-05,3.728e-05,5.592e-05,40.22,40.17333333333333,40.25666666666667,40.17333333333333,40.24333333333333,0.07000000000000028,0.0833333333333357,0.0020719376761147612,,,0.000752380952380978,0.1696648201058201,0.0,50.89944603174603,50.89944603174603,0.0,1.0,0.0,0.0,0.0,14.0
beta_0,5_to_10,final_week_cases,4.66e-05,3.728e-05,5.592e-05,7.003333333333333,6.986666666666666,7.03,6.99,7.016666666666667,0.026666666666666394,0.04333333333333389,0.006187529747739251,,,0.00021179138321995717,0.024851613756613752,0.0,7.455484126984126,7.455484126984126,0.0,1.0,0.0,0.0,0.0,13.0
beta_0,5_to_10,outbreak_indicator,4.66e-05,3.728e-05,5.592e-05,0.0033333333333333335,0.0033333333333333335,0.0033333333333333335,0.0033333333333333335,0.0033333333333333335,0.0,0.0,0.0,0.0,0.0,0.0,1.1074074074074073e-05,0.0,0.003322222222222222,0.003322222222222222,0.0,1.0,0.0,0.0,0.0,10.0
beta_0,5_to_10,peak_weekly_cases,4.66e-05,3.728e-05,5.592e-05,10.126666666666667,10.12,10.13,10.12,10.123333333333333,0.0033333333333338544,0.010000000000001563,0.0009874917709020634,,,1.2244897959187501e-05,0.012938550264550262,0.0,3.8815650793650787,3.8815650793650787,0.0,1.0,0.0,0.0,0.0,13.0
beta_0,all ages combined,cumulative_cases,4.66e-05,3.728e-05,5.592e-05,131.17,130.98333333333332,131.19666666666666,130.98333333333332,131.19666666666666,0.21333333333333826,0.21333333333333826,0.0016263881476964114,,,0.006796371882086954,0.6786343703703704,0.0,203.59031111111113,203.59031111111113,0.0,1.0,0.0,0.0,0.0,14.0
beta_0,all ages combined,final_week_cases,4.66e-05,3.728e-05,5.592e-05,22.49,22.426666666666666,22.496666666666666,22.426666666666666,22.496666666666666,0.07000000000000028,0.07000000000000028,0.0031124944419742237,,,0.0006426303854875161,0.08858429100529101,0.0,26.575287301587302,26.575287301587302,0.0,1.0,0.0,0.0,0.0,14.0
beta_0,all ages combined,outbreak_indicator,4.66e-05,3.728e-05,5.592e-05,1.0,1.0,1.0,1.0,1.0,0.0,0.0,0.0,0.0,0.0,0.0,0.0,0.0,0.0,0.0,0.0,0.0,0.0,0.0,0.0,2.0
beta_0,all ages combined,peak_weekly_cases,4.66e-05,3.728e-05,5.592e-05,28.093333333333334,28.04,28.106666666666666,28.04,28.106666666666666,0.06666666666666643,0.06666666666666643,0.0023730422401518664,,,0.0008204081632653301,0.04559974074074074,0.0,13.679922222222222,13.679922222222222,0.0,1.0,0.0,0.0,0.0,13.0
beta_0,under_1,cumulative_cases,4.66e-05,3.728e-05,5.592e-05,13.743333333333334,13.726666666666667,13.743333333333334,13.733333333333333,13.733333333333333,0.0,0.016666666666667496,0.0012127091923357382,,,3.6281179138328026e-05,0.052198137566137566,0.0,15.65944126984127,15.65944126984127,0.0,1.0,0.0,0.0,0.0,12.0
beta_0,under_1,final_week_cases,4.66e-05,3.728e-05,5.592e-05,2.183333333333333,2.17,2.19,2.1866666666666665,2.17,-0.016666666666666607,0.020000000000000018,0.00916030534351146,,,5.306122448979565e-05,0.007950851851851851,0.0,2.3852555555555552,2.3852555555555552,0.0,1.0,0.0,0.0,0.0,13.0
beta_0,under_1,outbreak_indicator,4.66e-05,3.728e-05,5.592e-05,0.0,0.0,0.0,0.0,0.0,0.0,0.0,0.0,0.0,0.0,0.0,0.0,0.0,0.0,0.0,0.0,0.0,0.0,0.0,0.0,1.0
beta_0,under_1,peak_weekly_cases,4.66e-05,3.728e-05,5.592e-05,4.33,4.33,4.333333333333333,4.333333333333333,4.33,-0.0033333333333329662,0.0033333333333329662,0.0007698229407235487,,,2.72108843537355e-06,0.006135428571428571,0.0,1.8406285714285713,1.8406285714285713,0.0,1.0,0.0,0.0,0.0,12.0
contact_scale,11_to_14,cumulative_cases,0.1580457334206414,0.12643658673651312,0.1896548801047697,7.16,6.366666666666666,8.05,6.366666666666666,8.05,1.6833333333333345,1.6833333333333345,0.23510242085661096,,,0.34248707482993224,0.02556472486772487,0.31692234996220736,7.669417460317462,7.986339810279669,0.03968305350021279,0.9603169464997872,12.396861362756837,0.15722215256301061,15.72221525630106,1.0
contact_scale,11_to_14,final_week_cases,0.1580457334206414,0.12643658673651312,0.1896548801047697,1.2666666666666666,0.92,1.5666666666666667,0.92,1.5666666666666667,0.6466666666666666,0.6466666666666666,0.5105263157894737,,,0.04589433106575964,0.004020793650793651,0.04187353741496599,1.2062380952380953,1.2481116326530612,0.03354951297582018,0.9664504870241799,10.414246800927154,0.161666603107427,16.1666603107427,2.0
contact_scale,11_to_14,outbreak_indicator,0.1580457334206414,0.12643658673651312,0.1896548801047697,0.0,0.0,0.0,0.0,0.0,0.0,0.0,0.0,0.0,0.0,0.0,0.0,0.0,0.0,0.0,0.0,0.0,0.0,0.0,0.0,1.0
contact_scale,11_to_14,peak_weekly_cases,0.1580457334206414,0.12643658673651312,0.1896548801047697,2.6933333333333334,2.4433333333333334,2.86,2.4433333333333334,2.8233333333333333,0.3799999999999999,0.4166666666666665,0.15470297029702965,,,0.02439909297052153,0.00318737037037037,0.02121172260015116,0.956211111111111,0.9774228337112622,0.021701685154633145,0.9782983148453669,6.654928714069201,0.1500153446497328,15.001534464973279,1.0
contact_scale,15_to_24,cumulative_cases,0.1580457334206414,0.12643658673651312,0.1896548801047697,10.686666666666667,9.583333333333334,12.11,9.583333333333334,12.11,2.5266666666666655,2.5266666666666655,0.23643169058016206,,,0.699179138321995,0.037729021164021166,0.6614501171579737,11.31870634920635,11.980156466364324,0.0552121434319386,0.9447878565680613,17.531600257595347,0.13524164809508493,13.524164809508493,2.0
contact_scale,15_to_24,final_week_cases,0.1580457334206414,0.12643658673651312,0.1896548801047697,1.9466666666666668,1.4366666666666668,2.25,1.4366666666666668,2.25,0.8133333333333332,0.8133333333333332,0.41780821917808214,,,0.06189206349206349,0.006370941798941799,0.05552112169312169,1.9112825396825397,1.9668036613756614,0.028229112434277243,0.9717708875657227,8.71474319579307,0.18994500617635113,18.99450061763511,1.0
contact_scale,15_to_24,outbreak_indicator,0.1580457334206414,0.12643658673651312,0.1896548801047697,0.0,0.0,0.0,0.0,0.0,0.0,0.0,0.0,0.0,0.0,0.0,0.0,0.0,0.0,0.0,0.0,0.0,0.0,0.0,0.0,1.0
contact_scale,15_to_24,peak_weekly_cases,0.1580457334206414,0.12643658673651312,0.1896548801047697,3.5366666666666666,3.2733333333333334,4.01,3.2733333333333334,4.01,0.7366666666666664,0.7366666666666664,0.20829406220546645,,,0.053299773242630355,0.004433529100529101,0.04886624414210125,1.3300587301587303,1.3789249743008316,0.0354379281344718,0.9645620718655282,11.021974376184767,0.17062101635519297,17.062101635519298,1.0
contact_scale,1_to_4,cumulative_cases,0.1580457334206414,0.12643658673651312,0.1896548801047697,15.04,13.01,16.883333333333333,13.01,16.883333333333333,3.873333333333333,3.873333333333333,0.2575354609929078,,,1.7133133786848072,0.05268196825396826,1.6606314104308388,15.804590476190478,17.46522188662132,0.09508218224830645,0.9049178177516934,31.521817909788368,0.16374334162144763,16.374334162144763,1.0
contact_scale,1_to_4,final_week_cases,0.1580457334206414,0.12643658673651312,0.1896548801047697,2.19,1.52,2.7266666666666666,1.52,2.7266666666666666,1.2066666666666666,1.2066666666666666,0.5509893455098934,,,0.14279909297052149,0.007245190476190475,0.135553902494331,2.1735571428571427,2.309111045351474,0.05870393403869328,0.9412960659613067,18.709501556901138,0.18836823771714262,18.83682377171426,2.0
contact_scale,1_to_4,outbreak_indicator,0.1580457334206414,0.12643658673651312,0.1896548801047697,0.0,0.0,0.0,0.0,0.0,0.0,0.0,0.0,0.0,0.0,0.0,0.0,0.0,0.0,0.0,0.0,0.0,0.0,0.0,0.0,1.0
contact_scale,1_to_4,peak_weekly_cases,0.1580457334206414,0.12643658673651312,0.1896548801047697,4.823333333333333,4.423333333333333,5.07,4.423333333333333,5.07,0.6466666666666674,0.6466666666666674,0.1340704906703526,,,0.046761904761904824,0.0067140317460317464,0.04004787301587308,2.014209523809524,2.0542573968253968,0.01949506088076507,0.9805049391192351,5.964802451156554,0.1246309733519204,12.46309733519204,4.0
contact_scale,25_to_34,cumulative_cases,0.1580457334206414,0.12643658673651312,0.1896548801047697,16.313333333333333,14.066666666666666,18.213333333333335,14.066666666666666,18.213333333333335,4.146666666666668,4.146666666666668,0.2541888026154476,,,1.818901133786849,0.06780701587301587,1.751094117913833,20.34210476190476,22.093198879818594,0.07925941949100905,0.9207405805089909,25.824674561599306,0.16344436607175258,16.344436607175258,1.0
contact_scale,25_to_34,final_week_cases,0.1580457334206414,0.12643658673651312,0.1896548801047697,2.9,2.19,3.4966666666666666,2.19,3.4966666666666666,1.3066666666666666,1.3066666666666666,0.45057471264367815,,,0.1798789115646259,0.011245708994708996,0.1686332025699169,3.3737126984126986,3.5423459009826157,0.04760495086692113,0.9523950491330788,14.995337568245567,0.22309024807254627,22.309024807254627,1.0
contact_scale,25_to_34,outbreak_indicator,0.1580457334206414,0.12643658673651312,0.1896548801047697,0.0,0.0,0.0,0.0,0.0,0.0,0.0,0.0,0.0,0.0,0.0,0.0,0.0,0.0,0.0,0.0,0.0,0.0,0.0,0.0,1.0
contact_scale,25_to_34,peak_weekly_cases,0.1580457334206414,0.12643658673651312,0.1896548801047697,4.973333333333334,4.3533333333333335,5.516666666666667,4.3533333333333335,5.516666666666667,1.163333333333333,1.163333333333333,0.23391420911528144,,,0.13800589569160995,0.00686084126984127,0.1311450544217687,2.058252380952381,2.1893974353741497,0.05990006761808282,0.9400999323819172,19.11501072007789,0.1891766880693412,18.91766880693412,1.0
contact_scale,35_and_over,cumulative_cases,0.1580457334206414,0.12643658673651312,0.1896548801047697,28.006666666666668,25.136666666666667,30.133333333333333,25.136666666666667,30.133333333333333,4.996666666666666,4.996666666666666,0.17840990240418944,,,2.774268934240363,0.12859795767195767,2.645670976568405,38.5793873015873,41.22505827815571,0.06417628226787228,0.9358237177321278,20.573195908112975,0.12300768572539482,12.300768572539482,2.0
contact_scale,35_and_over,final_week_cases,0.1580457334206414,0.12643658673651312,0.1896548801047697,5.0,4.3133333333333335,5.833333333333333,4.3133333333333335,5.833333333333333,1.5199999999999996,1.5199999999999996,0.30399999999999994,,,0.26778004535147387,0.019205830687830692,0.24857421466364318,5.761749206349207,6.01032342101285,0.041357876648467254,0.9586421233515328,12.942643237042915,0.14513378420513554,14.513378420513554,2.0
contact_scale,35_and_over,outbreak_indicator,0.1580457334206414,0.12643658673651312,0.1896548801047697,0.0,0.0,0.006666666666666667,0.0,0.006666666666666667,0.006666666666666667,0.006666666666666667,6666666666.666667,0.6666666666666667,0.6666666666666667,5.895691609977326e-06,6.317460317460317e-06,0.0,0.001895238095238095,0.001895238095238095,0.0,1.0,0.0,0.0,0.0,2.0
contact_scale,35_and_over,peak_weekly_cases,0.1580457334206414,0.12643658673651312,0.1896548801047697,7.526666666666666,6.94,8.356666666666667,6.94,8.356666666666667,1.416666666666667,1.416666666666667,0.18821966341895488,,,0.20780634920634927,0.012706449735449736,0.19509989947089953,3.8119349206349207,4.007034820105821,0.048689344672514526,0.9513106553274854,15.354399028281689,0.1636482664677477,16.36482664677477,2.0
contact_scale,5_to_10,cumulative_cases,0.1580457334206414,0.12643658673651312,0.1896548801047697,40.22,32.93666666666667,46.82666666666667,32.93666666666667,46.82666666666667,13.89,13.89,0.3453505718547986,,,22.211332879818602,0.1727624021164021,22.0385704777022,51.82872063492063,73.86729111262284,0.2983535763359831,0.7016464236640169,127.56577940409325,0.1649522495450018,16.49522495450018,1.0
contact_scale,5_to_10,final_week_cases,0.1580457334206414,0.12643658673651312,0.1896548801047697,7.003333333333333,4.6433333333333335,9.126666666666667,4.6433333333333335,9.126666666666667,4.483333333333333,4.483333333333333,0.6401713469776298,,,2.3188743764172335,0.026397354497354496,2.292477021919879,7.919206349206349,10.211683371126227,0.22449550564815898,0.7755044943518411,86.84495342704238,0.17586238988242459,17.58623898824246,1.0
contact_scale,5_to_10,outbreak_indicator,0.1580457334206414,0.12643658673651312,0.1896548801047697,0.0033333333333333335,0.0,0.06666666666666667,0.0033333333333333335,0.056666666666666664,0.05333333333333333,0.06666666666666667,20.0,6.666666666666667,5.333333333333333,0.0006789115646258503,6.763492063492064e-05,0.0006112766439909297,0.020290476190476192,0.020901752834467123,0.029245233585526408,0.9707547664144736,9.037885137626981,0.18587598904289432,18.587598904289433,2.0
contact_scale,5_to_10,peak_weekly_cases,0.1580457334206414,0.12643658673651312,0.1896548801047697,10.126666666666667,8.7,11.693333333333333,8.7,11.693333333333333,2.993333333333334,2.993333333333334,0.29558920342330486,,,1.1484249433106584,0.015123761904761907,1.1333011814058964,4.537128571428572,5.670429752834469,0.19986160323023047,0.8001383967697695,74.93513773508046,0.15909660749459612,15.909660749459611,1.0
contact_scale,all ages combined,cumulative_cases,0.1580457334206414,0.12643658673651312,0.1896548801047697,131.17,112.81333333333333,148.17333333333335,112.81333333333333,148.17333333333335,35.360000000000014,35.360000000000014,0.26957383548067404,,,139.35712607709758,0.6359174338624338,138.72120864323514,190.77523015873015,329.49643880196527,0.42100973578840317,0.5789902642115969,218.14342752119657,0.1560772211229384,15.607722112293839,1.0
contact_scale,all ages combined,final_week_cases,0.1580457334206414,0.12643658673651312,0.1896548801047697,22.49,16.666666666666668,27.873333333333335,16.666666666666668,27.873333333333335,11.206666666666667,11.206666666666667,0.49829553875796656,,,13.744874376417235,0.08999219576719576,13.65488218065004,26.99765873015873,40.65254091080877,0.3358924651378791,0.6641075348621209,151.73407054067638,0.17474803369324857,17.474803369324857,1.0
contact_scale,all ages combined,outbreak_indicator,0.1580457334206414,0.12643658673651312,0.1896548801047697,1.0,1.0,1.0,1.0,1.0,0.0,0.0,0.0,0.0,0.0,0.0,0.0,0.0,0.0,0.0,0.0,0.0,0.0,0.0,0.0,2.0
contact_scale,all ages combined,peak_weekly_cases,0.1580457334206414,0.12643658673651312,0.1896548801047697,28.093333333333334,24.783333333333335,31.98,24.783333333333335,31.98,7.196666666666665,7.196666666666665,0.2561699098243948,,,5.7566975056689325,0.046159386243386245,5.7105381194255465,13.847815873015874,19.55835399244142,0.2919743717509387,0.7080256282490615,123.713475939983,0.16268516381258089,16.268516381258088,1.0
contact_scale,under_1,cumulative_cases,0.1580457334206414,0.12643658673651312,0.1896548801047697,13.743333333333334,11.713333333333333,15.956666666666667,11.713333333333333,15.956666666666667,4.243333333333334,4.243333333333334,0.30875576036866365,,,1.958909297052154,0.04913838624338625,1.9097709108087677,14.741515873015874,16.65128678382464,0.1146920917045254,0.8853079082954747,38.86515322968735,0.16632914238569418,16.63291423856942,1.0
contact_scale,under_1,final_week_cases,0.1580457334206414,0.12643658673651312,0.1896548801047697,2.183333333333333,1.6433333333333333,2.8733333333333335,1.6433333333333333,2.8733333333333335,1.2300000000000002,1.2300000000000002,0.5633587786259543,,,0.20130929705215425,0.00788484126984127,0.193424455782313,2.3654523809523806,2.5588768367346937,0.07558959188873512,0.9244104081112648,24.531179406507803,0.16693399676495502,16.693399676495503,2.0
contact_scale,under_1,outbreak_indicator,0.1580457334206414,0.12643658673651312,0.1896548801047697,0.0,0.0,0.0,0.0,0.0,0.0,0.0,0.0,0.0,0.0,0.0,0.0,0.0,0.0,0.0,0.0,0.0,0.0,0.0,0.0,1.0
contact_scale,under_1,peak_weekly_cases,0.1580457334206414,0.12643658673651312,0.1896548801047697,4.33,3.8533333333333335,5.05,3.8533333333333335,5.05,1.1966666666666663,1.1966666666666663,0.27636643571978436,,,0.14932607709750556,0.006183645502645502,0.14314243159486006,1.8550936507936506,1.9982360823885106,0.07163439438234974,0.9283656056176504,23.14855072685207,0.18533051730241384,18.533051730241386,2.0
delta,11_to_14,cumulative_cases,0.0009,0.0007199999999999999,0.00108,7.16,7.096666666666667,7.316666666666666,7.096666666666667,7.316666666666666,0.21999999999999975,0.21999999999999975,0.030726256983240188,,,0.005897959183673466,0.026472460317460318,0.0,7.941738095238096,7.941738095238096,0.0,1.0,0.0,0.0,0.0,13.0
delta,11_to_14,final_week_cases,0.0009,0.0007199999999999999,0.00108,1.2666666666666666,1.22,1.3166666666666667,1.22,1.3166666666666667,0.09666666666666668,0.09666666666666668,0.07631578947368423,,,0.0009396825396825384,0.0047026719576719585,0.0,1.4108015873015876,1.4108015873015876,0.0,1.0,0.0,0.0,0.0,12.0
delta,11_to_14,outbreak_indicator,0.0009,0.0007199999999999999,0.00108,0.0,0.0,0.0,0.0,0.0,0.0,0.0,0.0,0.0,0.0,0.0,0.0,0.0,0.0,0.0,0.0,0.0,0.0,0.0,0.0,1.0
delta,11_to_14,peak_weekly_cases,0.0009,0.0007199999999999999,0.00108,2.6933333333333334,2.6766666666666667,2.7266666666666666,2.6766666666666667,2.7266666666666666,0.04999999999999982,0.04999999999999982,0.018564356435643498,,,0.000288435374149658,0.0034120476190476192,0.0,1.0236142857142858,1.0236142857142858,0.0,1.0,0.0,0.0,0.0,12.0
delta,15_to_24,cumulative_cases,0.0009,0.0007199999999999999,0.00108,10.686666666666667,10.673333333333334,10.86,10.713333333333333,10.86,0.1466666666666665,0.18666666666666565,0.017467248908296845,,,0.0043968253968253625,0.03740128042328043,0.0,11.220384126984127,11.220384126984127,0.0,1.0,0.0,0.0,0.0,13.0
delta,15_to_24,final_week_cases,0.0009,0.0007199999999999999,0.00108,1.9466666666666668,1.9,1.9466666666666668,1.9266666666666667,1.93,0.0033333333333331883,0.046666666666666856,0.023972602739726123,,,0.00021088435374149825,0.006932391534391536,0.0,2.0797174603174606,2.0797174603174606,0.0,1.0,0.0,0.0,0.0,11.0
delta,15_to_24,outbreak_indicator,0.0009,0.0007199999999999999,0.00108,0.0,0.0,0.0,0.0,0.0,0.0,0.0,0.0,0.0,0.0,0.0,0.0,0.0,0.0,0.0,0.0,0.0,0.0,0.0,0.0,1.0
delta,15_to_24,peak_weekly_cases,0.0009,0.0007199999999999999,0.00108,3.5366666666666666,3.5366666666666666,3.5733333333333333,3.57,3.5733333333333333,0.0033333333333334103,0.036666666666666625,0.010367577756833165,,,0.0001696145124716539,0.0044999417989417985,0.0,1.3499825396825396,1.3499825396825396,0.0,1.0,0.0,0.0,0.0,12.0
delta,1_to_4,cumulative_cases,0.0009,0.0007199999999999999,0.00108,15.04,14.9,15.213333333333333,14.9,15.213333333333333,0.3133333333333326,0.3133333333333326,0.020833333333333284,,,0.010593197278911521,0.05196262962962962,0.0,15.588788888888887,15.588788888888887,0.0,1.0,0.0,0.0,0.0,13.0
delta,1_to_4,final_week_cases,0.0009,0.0007199999999999999,0.00108,2.19,2.15,2.23,2.15,2.23,0.08000000000000007,0.08000000000000007,0.036529680365296836,,,0.0008630385487528329,0.007173386243386245,0.0,2.1520158730158734,2.1520158730158734,0.0,1.0,0.0,0.0,0.0,14.0
delta,1_to_4,outbreak_indicator,0.0009,0.0007199999999999999,0.00108,0.0,0.0,0.0,0.0,0.0,0.0,0.0,0.0,0.0,0.0,0.0,0.0,0.0,0.0,0.0,0.0,0.0,0.0,0.0,0.0,1.0
delta,1_to_4,peak_weekly_cases,0.0009,0.0007199999999999999,0.00108,4.823333333333333,4.773333333333333,4.84,4.786666666666667,4.823333333333333,0.03666666666666618,0.06666666666666643,0.01382170006910845,,,0.0004848072562358239,0.006779777777777777,0.0,2.033933333333333,2.033933333333333,0.0,1.0,0.0,0.0,0.0,11.0
delta,25_to_34,cumulative_cases,0.0009,0.0007199999999999999,0.00108,16.313333333333333,16.09,16.46,16.10333333333333,16.39,0.28666666666666885,0.370000000000001,0.022680833673886455,,,0.019539682539682645,0.06656647089947089,0.0,19.969941269841268,19.969941269841268,0.0,1.0,0.0,0.0,0.0,12.0
delta,25_to_34,final_week_cases,0.0009,0.0007199999999999999,0.00108,2.9,2.8533333333333335,2.95,2.8833333333333333,2.9233333333333333,0.040000000000000036,0.09666666666666668,0.03333333333333334,,,0.0008979591836734701,0.01066779365079365,0.0,3.200338095238095,3.200338095238095,0.0,1.0,0.0,0.0,0.0,13.0
delta,25_to_34,outbreak_indicator,0.0009,0.0007199999999999999,0.00108,0.0,0.0,0.0,0.0,0.0,0.0,0.0,0.0,0.0,0.0,0.0,0.0,0.0,0.0,0.0,0.0,0.0,0.0,0.0,0.0,1.0
delta,25_to_34,peak_weekly_cases,0.0009,0.0007199999999999999,0.00108,4.973333333333334,4.873333333333333,5.033333333333333,4.873333333333333,5.003333333333333,0.1299999999999999,0.16000000000000014,0.032171581769437026,,,0.003796371882086154,0.0066164126984126995,0.0,1.9849238095238098,1.9849238095238098,0.0,1.0,0.0,0.0,0.0,13.0
delta,35_and_over,cumulative_cases,0.0009,0.0007199999999999999,0.00108,28.006666666666668,27.79,28.24,27.79,28.24,0.4499999999999993,0.4499999999999993,0.016067602951678146,,,0.018754648526077018,0.13772292592592594,0.0,41.31687777777778,41.31687777777778,0.0,1.0,0.0,0.0,0.0,12.0
delta,35_and_over,final_week_cases,0.0009,0.0007199999999999999,0.00108,5.0,4.99,5.07,5.006666666666667,5.043333333333333,0.03666666666666618,0.08000000000000007,0.016000000000000014,,,0.000786394557823128,0.01944880423280423,0.0,5.834641269841269,5.834641269841269,0.0,1.0,0.0,0.0,0.0,14.0
delta,35_and_over,outbreak_indicator,0.0009,0.0007199999999999999,0.00108,0.0,0.0,0.0,0.0,0.0,0.0,0.0,0.0,0.0,0.0,0.0,0.0,0.0,0.0,0.0,0.0,0.0,0.0,0.0,0.0,2.0
delta,35_and_over,peak_weekly_cases,0.0009,0.0007199999999999999,0.00108,7.526666666666666,7.513333333333334,7.57,7.513333333333334,7.57,0.05666666666666664,0.05666666666666664,0.00752878653675819,,,0.0002852607709750603,0.012873433862433859,0.0,3.8620301587301578,3.8620301587301578,0.0,1.0,0.0,0.0,0.0,11.0
delta,5_to_10,cumulative_cases,0.0009,0.0007199999999999999,0.00108,40.22,39.92666666666667,40.27,39.92666666666667,40.22666666666667,0.29999999999999716,0.3433333333333337,0.008536383225592584,,,0.01774603174603149,0.17377181481481482,0.0,52.131544444444444,52.131544444444444,0.0,1.0,0.0,0.0,0.0,14.0
delta,5_to_10,final_week_cases,0.0009,0.0007199999999999999,0.00108,7.003333333333333,6.86,7.033333333333333,6.88,6.9366666666666665,0.05666666666666664,0.1733333333333329,0.024750118990956627,,,0.0038879818594104204,0.025774042328042323,0.0,7.732212698412697,7.732212698412697,0.0,1.0,0.0,0.0,0.0,13.0
delta,5_to_10,outbreak_indicator,0.0009,0.0007199999999999999,0.00108,0.0033333333333333335,0.0033333333333333335,0.006666666666666667,0.006666666666666667,0.006666666666666667,0.0,0.0033333333333333335,1.0,0.33333333333333337,0.0,2.267573696145125e-06,1.8931216931216926e-05,0.0,0.0056793650793650775,0.0056793650793650775,0.0,1.0,0.0,0.0,0.0,10.0
delta,5_to_10,peak_weekly_cases,0.0009,0.0007199999999999999,0.00108,10.126666666666667,10.07,10.156666666666666,10.1,10.156666666666666,0.05666666666666664,0.086666666666666,0.008558262014483146,,,0.0007360544217686997,0.013367058201058199,0.0,4.01011746031746,4.01011746031746,0.0,1.0,0.0,0.0,0.0,13.0
delta,all ages combined,cumulative_cases,0.0009,0.0007199999999999999,0.00108,131.17,130.24,131.82,130.24,131.82,1.579999999999984,1.579999999999984,0.012045437218876147,,,0.312529251700674,0.6781175185185185,0.0,203.43525555555556,203.43525555555556,0.0,1.0,0.0,0.0,0.0,14.0
delta,all ages combined,final_week_cases,0.0009,0.0007199999999999999,0.00108,22.49,22.206666666666667,22.55666666666667,22.206666666666667,22.493333333333332,0.2866666666666653,0.3500000000000014,0.015562472209871118,,,0.013993650793650777,0.0916401111111111,0.0,27.49203333333333,27.49203333333333,0.0,1.0,0.0,0.0,0.0,14.0
delta,all ages combined,outbreak_indicator,0.0009,0.0007199999999999999,0.00108,1.0,1.0,1.0,1.0,1.0,0.0,0.0,0.0,0.0,0.0,0.0,0.0,0.0,0.0,0.0,0.0,0.0,0.0,0.0,0.0,2.0
delta,all ages combined,peak_weekly_cases,0.0009,0.0007199999999999999,0.00108,28.093333333333334,27.88,28.33,27.88,28.33,0.4499999999999993,0.4499999999999993,0.016018035121025127,,,0.023204535147392187,0.04555885714285714,0.0,13.667657142857141,13.667657142857141,0.0,1.0,0.0,0.0,0.0,13.0
delta,under_1,cumulative_cases,0.0009,0.0007199999999999999,0.00108,13.743333333333334,13.573333333333334,13.796666666666667,13.71,13.573333333333334,-0.13666666666666671,0.22333333333333272,0.016250303177298038,,,0.005139229024943297,0.051939936507936504,0.0,15.58198095238095,15.58198095238095,0.0,1.0,0.0,0.0,0.0,12.0
delta,under_1,final_week_cases,0.0009,0.0007199999999999999,0.00108,2.183333333333333,2.1133333333333333,2.2333333333333334,2.14,2.1133333333333333,-0.02666666666666684,0.1200000000000001,0.054961832061068756,,,0.0014857142857142853,0.0074780793650793655,0.0,2.2434238095238097,2.2434238095238097,0.0,1.0,0.0,0.0,0.0,13.0
delta,under_1,outbreak_indicator,0.0009,0.0007199999999999999,0.00108,0.0,0.0,0.0,0.0,0.0,0.0,0.0,0.0,0.0,0.0,0.0,0.0,0.0,0.0,0.0,0.0,0.0,0.0,0.0,0.0,1.0
delta,under_1,peak_weekly_cases,0.0009,0.0007199999999999999,0.00108,4.33,4.283333333333333,4.33,4.31,4.283333333333333,-0.026666666666666394,0.046666666666666856,0.010777521170130913,,,0.0002467120181405903,0.005837190476190476,0.0,1.7511571428571429,1.7511571428571429,0.0,1.0,0.0,0.0,0.0,12.0
dt,11_to_14,cumulative_cases,0.02,0.016,0.024,7.16,6.966666666666667,7.27,7.02,6.966666666666667,-0.05333333333333279,0.3033333333333328,0.042364990689012956,,,0.01114240362811789,0.025884201058201058,0.0,7.765260317460317,7.765260317460317,0.0,1.0,0.0,0.0,0.0,13.0
dt,11_to_14,final_week_cases,0.02,0.016,0.024,1.2666666666666666,1.1266666666666667,1.2666666666666666,1.1333333333333333,1.19,0.05666666666666664,0.1399999999999999,0.11052631578947361,,,0.0028879818594104295,0.004153354497354498,0.0,1.2460063492063493,1.2460063492063493,0.0,1.0,0.0,0.0,0.0,12.0
dt,11_to_14,outbreak_indicator,0.02,0.016,0.024,0.0,0.0,0.0,0.0,0.0,0.0,0.0,0.0,0.0,0.0,0.0,0.0,0.0,0.0,0.0,0.0,0.0,0.0,0.0,0.0,1.0
dt,11_to_14,peak_weekly_cases,0.02,0.016,0.024,2.6933333333333334,2.6066666666666665,2.6966666666666668,2.65,2.61,-0.040000000000000036,0.0900000000000003,0.03341584158415853,,,0.0011356009070294848,0.0033455502645502646,0.0,1.0036650793650794,1.0036650793650794,0.0,1.0,0.0,0.0,0.0,12.0
dt,15_to_24,cumulative_cases,0.02,0.016,0.024,10.686666666666667,10.22,10.87,10.87,10.22,-0.6499999999999986,0.6499999999999986,0.06082345601996243,,,0.04965396825396816,0.03809738624338624,0.01155658201058192,11.429215873015872,11.440772455026455,0.0010101225294018136,0.9989898774705981,0.3033431725933209,0.002362885963604471,0.23628859636044708,12.0
dt,15_to_24,final_week_cases,0.02,0.016,0.024,1.9466666666666668,1.7766666666666666,1.9733333333333334,1.9733333333333334,1.8133333333333332,-0.16000000000000014,0.19666666666666677,0.10102739726027402,,,0.004951927437641729,0.006453259259259259,0.0,1.9359777777777778,1.9359777777777778,0.0,1.0,0.0,0.0,0.0,11.0
dt,15_to_24,outbreak_indicator,0.02,0.016,0.024,0.0,0.0,0.0,0.0,0.0,0.0,0.0,0.0,0.0,0.0,0.0,0.0,0.0,0.0,0.0,0.0,0.0,0.0,0.0,0.0,1.0
dt,15_to_24,peak_weekly_cases,0.02,0.016,0.024,3.5366666666666666,3.52,3.69,3.69,3.52,-0.16999999999999993,0.16999999999999993,0.0480678605089538,,,0.0029378684807256222,0.004937063492063493,0.0,1.481119047619048,1.481119047619048,0.0,1.0,0.0,0.0,0.0,12.0
dt,1_to_4,cumulative_cases,0.02,0.016,0.024,15.04,14.576666666666666,15.04,14.953333333333333,14.753333333333334,-0.1999999999999993,0.46333333333333293,0.030806737588652457,,,0.025084807256235766,0.054448111111111114,0.0,16.334433333333333,16.334433333333333,0.0,1.0,0.0,0.0,0.0,13.0
dt,1_to_4,final_week_cases,0.02,0.016,0.024,2.19,1.8866666666666667,2.19,2.0933333333333333,2.03,-0.06333333333333346,0.30333333333333323,0.13850837138508368,,,0.008132426303854868,0.007280746031746032,0.000851680272108836,2.1842238095238096,2.1850754897959184,0.0003897715553014515,0.9996102284446986,0.11697706092140536,0.0011835108322485017,0.11835108322485018,12.0
dt,1_to_4,outbreak_indicator,0.02,0.016,0.024,0.0,0.0,0.0,0.0,0.0,0.0,0.0,0.0,0.0,0.0,0.0,0.0,0.0,0.0,0.0,0.0,0.0,0.0,0.0,0.0,1.0
dt,1_to_4,peak_weekly_cases,0.02,0.016,0.024,4.823333333333333,4.61,4.823333333333333,4.61,4.743333333333333,0.13333333333333286,0.21333333333333293,0.044229440221147116,,,0.0052027210884353576,0.006692804232804233,0.0,2.0078412698412698,2.0078412698412698,0.0,1.0,0.0,0.0,0.0,11.0
dt,25_to_34,cumulative_cases,0.02,0.016,0.024,16.313333333333333,15.776666666666667,16.37,16.213333333333335,16.016666666666666,-0.196666666666669,0.5933333333333337,0.036371066612178204,,,0.04055464852607713,0.06115425925925925,0.0,18.346277777777775,18.346277777777775,0.0,1.0,0.0,0.0,0.0,12.0
dt,25_to_34,final_week_cases,0.02,0.016,0.024,2.9,2.5866666666666664,2.9166666666666665,2.71,2.6866666666666665,-0.023333333333333428,0.33000000000000007,0.1137931034482759,,,0.012900680272108847,0.009847074074074072,0.0030536061980347747,2.954122222222222,2.9571758284202567,0.001032608940154239,0.9989673910598458,0.3101028970701541,0.004039713139842662,0.4039713139842662,12.0
dt,25_to_34,outbreak_indicator,0.02,0.016,0.024,0.0,0.0,0.0,0.0,0.0,0.0,0.0,0.0,0.0,0.0,0.0,0.0,0.0,0.0,0.0,0.0,0.0,0.0,0.0,0.0,1.0
dt,25_to_34,peak_weekly_cases,0.02,0.016,0.024,4.973333333333334,4.793333333333333,5.07,5.07,4.83,-0.2400000000000002,0.2766666666666673,0.055630026809651595,,,0.007617233560090731,0.006923116402116401,0.00069411715797433,2.0769349206349204,2.0776290377928945,0.00033409099764590506,0.9996659090023542,0.10026079552297257,0.0010012637202115589,0.10012637202115589,12.0
dt,35_and_over,cumulative_cases,0.02,0.016,0.024,28.006666666666668,27.39666666666667,28.416666666666668,27.39666666666667,28.416666666666668,1.0199999999999996,1.0199999999999996,0.03641990002380384,,,0.0841265306122447,0.13076196296296297,0.0,39.22858888888889,39.22858888888889,0.0,1.0,0.0,0.0,0.0,12.0
dt,35_and_over,final_week_cases,0.02,0.016,0.024,5.0,4.74,5.176666666666667,4.74,5.113333333333333,0.3733333333333331,0.43666666666666654,0.0873333333333333,,,0.019339229024943283,0.01843330158730159,0.0009059274376416945,5.529990476190476,5.530896403628118,0.00016379396241221058,0.9998362060375878,0.04914623858081797,0.0005289393246926815,0.05289393246926814,12.0
dt,35_and_over,outbreak_indicator,0.02,0.016,0.024,0.0,0.0,0.0033333333333333335,0.0,0.0,0.0,0.0033333333333333335,3333333333.3333335,0.33333333333333337,0.0,1.3605442176870747e-06,1.5820105820105817e-06,0.0,0.0004746031746031745,0.0004746031746031745,0.0,1.0,0.0,0.0,0.0,2.0
dt,35_and_over,peak_weekly_cases,0.02,0.016,0.024,7.526666666666666,7.476666666666667,7.723333333333334,7.476666666666667,7.723333333333334,0.24666666666666703,0.24666666666666703,0.03277236492471219,,,0.008388662131519306,0.01232689417989418,0.0,3.698068253968254,3.698068253968254,0.0,1.0,0.0,0.0,0.0,11.0
dt,5_to_10,cumulative_cases,0.02,0.016,0.024,40.22,38.70333333333333,40.22,39.906666666666666,39.41,-0.4966666666666697,1.5166666666666657,0.03770926570528756,,,0.2311836734693876,0.1741790899470899,0.0570045835222977,52.25372698412697,52.31073156764927,0.0010897301913772369,0.9989102698086227,0.3272756996239554,0.00042666262296334445,0.042666262296334447,12.0
dt,5_to_10,final_week_cases,0.02,0.016,0.024,7.003333333333333,6.3966666666666665,7.036666666666667,7.036666666666667,6.75,-0.28666666666666707,0.6400000000000006,0.09138505473584016,,,0.05591972789115651,0.02615359788359788,0.029766130007558633,7.846079365079364,7.8758454950869226,0.0037794202573078937,0.9962205797426921,1.1381275394704427,0.0022834439388606294,0.22834439388606295,12.0
dt,5_to_10,outbreak_indicator,0.02,0.016,0.024,0.0033333333333333335,0.0033333333333333335,0.03666666666666667,0.03666666666666667,0.01,-0.026666666666666665,0.03333333333333333,10.0,3.3333333333333335,-2.6666666666666665,0.00012834467120181406,4.496825396825397e-05,8.337641723356009e-05,0.013490476190476192,0.013573852607709751,0.0061424283615842045,0.9938575716384158,1.8541172911098782,0.025352962800867226,2.5352962800867225,7.0
dt,5_to_10,peak_weekly_cases,0.02,0.016,0.024,10.126666666666667,9.79,10.243333333333334,10.243333333333334,10.113333333333333,-0.13000000000000078,0.4533333333333349,0.044766293614220035,,,0.01890612244897971,0.015542629629629628,0.00336349281935008,4.662788888888889,4.666152381708239,0.0007208278993492136,0.9992791721006508,0.21640436010506867,0.00047217836323720964,0.047217836323720966,12.0
dt,all ages combined,cumulative_cases,0.02,0.016,0.024,131.17,128.45,131.17,129.86666666666667,129.21666666666667,-0.6500000000000057,2.719999999999999,0.02073644888312876,,,0.7768698412698394,0.648192380952381,0.12867746031745841,194.45771428571427,194.58639174603172,0.0006612870466574268,0.9993387129533426,0.19851739097641696,0.00014477685585307566,0.014477685585307567,13.0
dt,all ages combined,final_week_cases,0.02,0.016,0.024,22.49,21.356666666666666,22.49,21.876666666666665,21.643333333333334,-0.23333333333333073,1.1333333333333329,0.05039276715577292,,,0.1161727891156461,0.08895085185185185,0.027221937263794252,26.685255555555553,26.712477492819346,0.0010190719775472663,0.9989809280224528,0.30603346339091325,0.00034837210217089995,0.03483721021708999,13.0
dt,all ages combined,outbreak_indicator,0.02,0.016,0.024,1.0,1.0,1.0,1.0,1.0,0.0,0.0,0.0,0.0,0.0,0.0,0.0,0.0,0.0,0.0,0.0,0.0,0.0,0.0,0.0,2.0
dt,all ages combined,peak_weekly_cases,0.02,0.016,0.024,28.093333333333334,27.786666666666665,28.093333333333334,27.786666666666665,27.88,0.09333333333333371,0.3066666666666684,0.010915994304698686,,,0.01215691609977331,0.04694607936507937,0.0,14.08382380952381,14.08382380952381,0.0,1.0,0.0,0.0,0.0,13.0
dt,under_1,cumulative_cases,0.02,0.016,0.024,13.743333333333334,13.433333333333334,13.823333333333334,13.506666666666666,13.433333333333334,-0.07333333333333236,0.39000000000000057,0.028377395100654904,,,0.018894331065759773,0.05111636507936508,0.0,15.334909523809525,15.334909523809525,0.0,1.0,0.0,0.0,0.0,12.0
dt,under_1,final_week_cases,0.02,0.016,0.024,2.183333333333333,2.06,2.2466666666666666,2.19,2.06,-0.1299999999999999,0.18666666666666654,0.08549618320610682,,,0.0045070294784580476,0.007517719576719577,0.0,2.255315873015873,2.255315873015873,0.0,1.0,0.0,0.0,0.0,13.0
dt,under_1,outbreak_indicator,0.02,0.016,0.024,0.0,0.0,0.0,0.0,0.0,0.0,0.0,0.0,0.0,0.0,0.0,0.0,0.0,0.0,0.0,0.0,0.0,0.0,0.0,0.0,1.0
dt,under_1,peak_weekly_cases,0.02,0.016,0.024,4.33,4.183333333333334,4.4,4.226666666666667,4.183333333333334,-0.043333333333333,0.21666666666666679,0.05003849114703621,,,0.004423582766439916,0.0056518730158730155,0.0,1.6955619047619046,1.6955619047619046,0.0,1.0,0.0,0.0,0.0,12.0
eta,11_to_14,cumulative_cases,2.7e-05,2.16e-05,3.24e-05,7.16,7.153333333333333,7.173333333333333,7.166666666666667,7.153333333333333,-0.013333333333333641,0.019999999999999574,0.002793296089385415,,,3.6281179138321256e-05,0.02710725925925926,0.0,8.132177777777779,8.132177777777779,0.0,1.0,0.0,0.0,0.0,13.0
eta,11_to_14,final_week_cases,2.7e-05,2.16e-05,3.24e-05,1.2666666666666666,1.25,1.2666666666666666,1.2666666666666666,1.25,-0.016666666666666607,0.016666666666666607,0.01315789473684206,,,3.4013605442176626e-05,0.00469563492063492,0.0,1.408690476190476,1.408690476190476,0.0,1.0,0.0,0.0,0.0,12.0
eta,11_to_14,outbreak_indicator,2.7e-05,2.16e-05,3.24e-05,0.0,0.0,0.0,0.0,0.0,0.0,0.0,0.0,0.0,0.0,0.0,0.0,0.0,0.0,0.0,0.0,0.0,0.0,0.0,0.0,1.0
eta,11_to_14,peak_weekly_cases,2.7e-05,2.16e-05,3.24e-05,2.6933333333333334,2.6866666666666665,2.6966666666666668,2.6933333333333334,2.6866666666666665,-0.006666666666666821,0.010000000000000231,0.0037128712871287986,,,7.70975056689378e-06,0.0034712328042328035,0.0,1.0413698412698411,1.0413698412698411,0.0,1.0,0.0,0.0,0.0,12.0
eta,15_to_24,cumulative_cases,2.7e-05,2.16e-05,3.24e-05,10.686666666666667,10.676666666666666,10.686666666666667,10.683333333333334,10.676666666666666,-0.006666666666667709,0.010000000000001563,0.0009357454772303396,,,1.4965986394562504e-05,0.039032074074074066,0.0,11.70962222222222,11.70962222222222,0.0,1.0,0.0,0.0,0.0,13.0
eta,15_to_24,final_week_cases,2.7e-05,2.16e-05,3.24e-05,1.9466666666666668,1.9433333333333334,1.9466666666666668,1.9433333333333334,1.9466666666666668,0.0033333333333334103,0.0033333333333334103,0.001712328767123327,,,2.2675736961452297e-06,0.006953137566137566,0.0,2.08594126984127,2.08594126984127,0.0,1.0,0.0,0.0,0.0,11.0
eta,15_to_24,outbreak_indicator,2.7e-05,2.16e-05,3.24e-05,0.0,0.0,0.0,0.0,0.0,0.0,0.0,0.0,0.0,0.0,0.0,0.0,0.0,0.0,0.0,0.0,0.0,0.0,0.0,0.0,1.0
eta,15_to_24,peak_weekly_cases,2.7e-05,2.16e-05,3.24e-05,3.5366666666666666,3.5366666666666666,3.5366666666666666,3.5366666666666666,3.5366666666666666,0.0,0.0,0.0,,,1.9721522630525295e-31,0.004606629629629631,0.0,1.3819888888888892,1.3819888888888892,0.0,1.0,0.0,0.0,0.0,12.0
eta,1_to_4,cumulative_cases,2.7e-05,2.16e-05,3.24e-05,15.04,15.036666666666667,15.043333333333333,15.04,15.036666666666667,-0.003333333333332078,0.0066666666666659324,0.00044326241134746893,,,3.1746031746024754e-06,0.05247084656084656,0.0,15.741253968253968,15.741253968253968,0.0,1.0,0.0,0.0,0.0,13.0
eta,1_to_4,final_week_cases,2.7e-05,2.16e-05,3.24e-05,2.19,2.19,2.1933333333333334,2.19,2.19,0.0,0.0033333333333334103,0.0015220700152207354,,,2.2675736961452293e-06,0.006886386243386245,0.0,2.0659158730158733,2.0659158730158733,0.0,1.0,0.0,0.0,0.0,14.0
eta,1_to_4,outbreak_indicator,2.7e-05,2.16e-05,3.24e-05,0.0,0.0,0.0,0.0,0.0,0.0,0.0,0.0,0.0,0.0,0.0,0.0,0.0,0.0,0.0,0.0,0.0,0.0,0.0,0.0,1.0
eta,1_to_4,peak_weekly_cases,2.7e-05,2.16e-05,3.24e-05,4.823333333333333,4.823333333333333,4.823333333333333,4.823333333333333,4.823333333333333,0.0,0.0,0.0,,,0.0,0.006818185185185186,0.0,2.045455555555556,2.045455555555556,0.0,1.0,0.0,0.0,0.0,11.0
eta,25_to_34,cumulative_cases,2.7e-05,2.16e-05,3.24e-05,16.313333333333333,16.3,16.313333333333333,16.3,16.313333333333333,0.013333333333331865,0.013333333333331865,0.0008173273395994196,,,3.31065759637108e-05,0.06668261904761905,0.0,20.004785714285713,20.004785714285713,0.0,1.0,0.0,0.0,0.0,12.0
eta,25_to_34,final_week_cases,2.7e-05,2.16e-05,3.24e-05,2.9,2.8933333333333335,2.9,2.8966666666666665,2.8933333333333335,-0.0033333333333329662,0.0066666666666663765,0.002298850574712544,,,3.1746031746028985e-06,0.011010428571428574,0.0,3.303128571428572,3.303128571428572,0.0,1.0,0.0,0.0,0.0,13.0
eta,25_to_34,outbreak_indicator,2.7e-05,2.16e-05,3.24e-05,0.0,0.0,0.0,0.0,0.0,0.0,0.0,0.0,0.0,0.0,0.0,0.0,0.0,0.0,0.0,0.0,0.0,0.0,0.0,0.0,1.0
eta,25_to_34,peak_weekly_cases,2.7e-05,2.16e-05,3.24e-05,4.973333333333334,4.963333333333333,4.973333333333334,4.963333333333333,4.973333333333334,0.010000000000000675,0.010000000000000675,0.002010723860589948,,,2.448979591837065e-05,0.006699899470899471,0.0,2.0099698412698412,2.0099698412698412,0.0,1.0,0.0,0.0,0.0,13.0
eta,35_and_over,cumulative_cases,2.7e-05,2.16e-05,3.24e-05,28.006666666666668,28.006666666666668,28.013333333333332,28.006666666666668,28.013333333333332,0.006666666666664156,0.006666666666664156,0.00023803856224699436,,,5.895691609974334e-06,0.13511084656084654,0.0,40.533253968253966,40.533253968253966,0.0,1.0,0.0,0.0,0.0,12.0
eta,35_and_over,final_week_cases,2.7e-05,2.16e-05,3.24e-05,5.0,5.0,5.02,5.0,5.02,0.019999999999999574,0.019999999999999574,0.003999999999999915,,,4.580498866212964e-05,0.01862519576719577,0.0,5.58755873015873,5.58755873015873,0.0,1.0,0.0,0.0,0.0,14.0
eta,35_and_over,outbreak_indicator,2.7e-05,2.16e-05,3.24e-05,0.0,0.0,0.0,0.0,0.0,0.0,0.0,0.0,0.0,0.0,0.0,0.0,0.0,0.0,0.0,0.0,0.0,0.0,0.0,0.0,2.0
eta,35_and_over,peak_weekly_cases,2.7e-05,2.16e-05,3.24e-05,7.526666666666666,7.526666666666666,7.533333333333333,7.526666666666666,7.533333333333333,0.006666666666666821,0.006666666666666821,0.0008857395925598079,,,5.4421768707485505e-06,0.012764105820105818,0.0,3.8292317460317453,3.8292317460317453,0.0,1.0,0.0,0.0,0.0,11.0
eta,5_to_10,cumulative_cases,2.7e-05,2.16e-05,3.24e-05,40.22,40.19,40.23,40.23,40.19,-0.03999999999999915,0.03999999999999915,0.000994530084535036,,,0.00020634920634918967,0.16930473544973546,0.0,50.791420634920634,50.791420634920634,0.0,1.0,0.0,0.0,0.0,14.0
eta,5_to_10,final_week_cases,2.7e-05,2.16e-05,3.24e-05,7.003333333333333,6.986666666666666,7.01,7.01,6.986666666666666,-0.023333333333333428,0.023333333333333428,0.003331746787244183,,,6.938775510203943e-05,0.024869597883597883,0.0,7.460879365079365,7.460879365079365,0.0,1.0,0.0,0.0,0.0,13.0
eta,5_to_10,outbreak_indicator,2.7e-05,2.16e-05,3.24e-05,0.0033333333333333335,0.0033333333333333335,0.0033333333333333335,0.0033333333333333335,0.0033333333333333335,0.0,0.0,0.0,0.0,0.0,0.0,1.1074074074074073e-05,0.0,0.003322222222222222,0.003322222222222222,0.0,1.0,0.0,0.0,0.0,10.0
eta,5_to_10,peak_weekly_cases,2.7e-05,2.16e-05,3.24e-05,10.126666666666667,10.12,10.126666666666667,10.126666666666667,10.12,-0.006666666666667709,0.006666666666667709,0.0006583278472680423,,,9.070294784583335e-06,0.01290364021164021,0.0,3.8710920634920627,3.8710920634920627,0.0,1.0,0.0,0.0,0.0,13.0
eta,all ages combined,cumulative_cases,2.7e-05,2.16e-05,3.24e-05,131.17,131.12666666666667,131.17,131.17,131.12666666666667,-0.043333333333322344,0.043333333333322344,0.0003303600925007422,,,0.00022766439909281932,0.6756895238095239,0.0,202.70685714285716,202.70685714285716,0.0,1.0,0.0,0.0,0.0,14.0
eta,all ages combined,final_week_cases,2.7e-05,2.16e-05,3.24e-05,22.49,22.473333333333333,22.49,22.49,22.473333333333333,-0.01666666666666572,0.01666666666666572,0.0007410701052319128,,,3.401360544217011e-05,0.08851190476190475,0.0,26.553571428571427,26.553571428571427,0.0,1.0,0.0,0.0,0.0,14.0
eta,all ages combined,outbreak_indicator,2.7e-05,2.16e-05,3.24e-05,1.0,1.0,1.0,1.0,1.0,0.0,0.0,0.0,0.0,0.0,0.0,0.0,0.0,0.0,0.0,0.0,0.0,0.0,0.0,0.0,2.0
eta,all ages combined,peak_weekly_cases,2.7e-05,2.16e-05,3.24e-05,28.093333333333334,28.083333333333332,28.093333333333334,28.093333333333334,28.083333333333332,-0.010000000000001563,0.010000000000001563,0.0003559563360228368,,,1.2244897959187501e-05,0.04547497883597885,0.0,13.642493650793654,13.642493650793654,0.0,1.0,0.0,0.0,0.0,13.0
eta,under_1,cumulative_cases,2.7e-05,2.16e-05,3.24e-05,13.743333333333334,13.74,13.743333333333334,13.743333333333334,13.743333333333334,0.0,0.0033333333333338544,0.0002425418384671735,,,1.3605442176875001e-06,0.05211609523809524,0.0,15.63482857142857,15.63482857142857,0.0,1.0,0.0,0.0,0.0,12.0
eta,under_1,final_week_cases,2.7e-05,2.16e-05,3.24e-05,2.183333333333333,2.183333333333333,2.1866666666666665,2.183333333333333,2.1866666666666665,0.0033333333333334103,0.0033333333333334103,0.0015267175572519437,,,1.3605442176871376e-06,0.007874677248677247,0.0,2.362403174603174,2.362403174603174,0.0,1.0,0.0,0.0,0.0,13.0
eta,under_1,outbreak_indicator,2.7e-05,2.16e-05,3.24e-05,0.0,0.0,0.0,0.0,0.0,0.0,0.0,0.0,0.0,0.0,0.0,0.0,0.0,0.0,0.0,0.0,0.0,0.0,0.0,0.0,1.0
eta,under_1,peak_weekly_cases,2.7e-05,2.16e-05,3.24e-05,4.33,4.326666666666667,4.33,4.33,4.326666666666667,-0.0033333333333329662,0.0033333333333329662,0.0007698229407235487,,,2.267573696144625e-06,0.006113687830687831,0.0,1.8341063492063492,1.8341063492063492,0.0,1.0,0.0,0.0,0.0,12.0
gamma,11_to_14,cumulative_cases,0.0662422700018592,0.05555555555555555,0.07949072400223103,7.16,6.443333333333333,7.86,6.443333333333333,7.86,1.416666666666667,1.416666666666667,0.19785847299813783,,,0.18478333333333335,0.025410685185185185,0.15937264814814817,7.623205555555556,7.782578203703704,0.02047812999454387,0.9795218700054562,6.271875275565762,0.0790632494190049,7.906324941900491,5.0
gamma,11_to_14,final_week_cases,0.0662422700018592,0.05555555555555555,0.07949072400223103,1.2666666666666666,1.0,1.3,1.0,1.3,0.30000000000000004,0.30000000000000004,0.23684210526315794,,,0.011538194444444448,0.004280925925925926,0.007257268518518522,1.2842777777777779,1.2915350462962965,0.005619103050536658,0.9943808969494633,1.695256737465935,0.028019078913739573,2.8019078913739572,9.0
gamma,11_to_14,outbreak_indicator,0.0662422700018592,0.05555555555555555,0.07949072400223103,0.0,0.0,0.0,0.0,0.0,0.0,0.0,0.0,0.0,0.0,0.0,0.0,0.0,0.0,0.0,0.0,0.0,0.0,0.0,0.0,1.0
gamma,11_to_14,peak_weekly_cases,0.0662422700018592,0.05555555555555555,0.07949072400223103,2.6933333333333334,2.4466666666666668,2.8933333333333335,2.4466666666666668,2.8933333333333335,0.44666666666666677,0.44666666666666677,0.16584158415841588,,,0.017143750000000006,0.0032350555555555557,0.013908694444444451,0.9705166666666667,0.9844253611111111,0.014128744538586294,0.9858712554614137,4.299368034208585,0.09836624917470348,9.836624917470347,5.0
gamma,15_to_24,cumulative_cases,0.0662422700018592,0.05555555555555555,0.07949072400223103,10.686666666666667,9.55,11.676666666666666,9.55,11.596666666666666,2.046666666666665,2.126666666666665,0.1990018714909543,,,0.5202845486111104,0.03782835648148148,0.4824561921296289,11.348506944444445,11.830963136574074,0.040779113801662575,0.9592208861983375,12.753823771482402,0.09864412880844162,9.864412880844162,6.0
gamma,15_to_24,final_week_cases,0.0662422700018592,0.05555555555555555,0.07949072400223103,1.9466666666666668,1.64,1.95,1.64,1.8633333333333333,0.22333333333333338,0.31000000000000005,0.15924657534246578,,,0.008852604166666674,0.00644150462962963,0.002411099537037043,1.932451388888889,1.934862488425926,0.0012461348294568219,0.9987538651705432,0.3743068856842031,0.008248686310511547,0.8248686310511547,10.0
gamma,15_to_24,outbreak_indicator,0.0662422700018592,0.05555555555555555,0.07949072400223103,0.0,0.0,0.0,0.0,0.0,0.0,0.0,0.0,0.0,0.0,0.0,0.0,0.0,0.0,0.0,0.0,0.0,0.0,0.0,0.0,1.0
gamma,15_to_24,peak_weekly_cases,0.0662422700018592,0.05555555555555555,0.07949072400223103,3.5366666666666666,3.2866666666666666,3.88,3.2866666666666666,3.8366666666666664,0.5499999999999998,0.5933333333333333,0.16776625824693683,,,0.03680763888888888,0.004516472222222221,0.03229116666666666,1.3549416666666665,1.3872328333333332,0.023277395034743624,0.9767226049652563,7.149643588592376,0.11274759852506815,11.274759852506815,3.0
gamma,1_to_4,cumulative_cases,0.0662422700018592,0.05555555555555555,0.07949072400223103,15.04,13.283333333333333,16.12,13.283333333333333,16.12,2.836666666666668,2.836666666666668,0.1886081560283689,,,0.7603604166666669,0.05293618518518518,0.7074242314814817,15.880855555555556,16.588279787037038,0.04264602722907414,0.9573539727709258,13.363717634860148,0.06975419522909632,6.975419522909632,6.0
gamma,1_to_4,final_week_cases,0.0662422700018592,0.05555555555555555,0.07949072400223103,2.19,1.89,2.19,1.89,2.1233333333333335,0.23333333333333361,0.30000000000000004,0.13698630136986303,,,0.007684548611111109,0.007051439814814815,0.0006331087962962939,2.1154319444444445,2.1160650532407406,0.0002991915561984693,0.9997008084438016,0.0897843295728279,0.0008797798222485095,0.08797798222485095,13.0
gamma,1_to_4,outbreak_indicator,0.0662422700018592,0.05555555555555555,0.07949072400223103,0.0,0.0,0.0,0.0,0.0,0.0,0.0,0.0,0.0,0.0,0.0,0.0,0.0,0.0,0.0,0.0,0.0,0.0,0.0,0.0,1.0
gamma,1_to_4,peak_weekly_cases,0.0662422700018592,0.05555555555555555,0.07949072400223103,4.823333333333333,4.283333333333333,5.02,4.283333333333333,5.02,0.7366666666666664,0.7366666666666664,0.15272978576364887,,,0.047788194444444404,0.00688987037037037,0.04089832407407403,2.066961111111111,2.107859435185185,0.019402775816728463,0.9805972241832714,5.936007773086087,0.12727761935805773,12.727761935805773,3.0
gamma,25_to_34,cumulative_cases,0.0662422700018592,0.05555555555555555,0.07949072400223103,16.313333333333333,14.38,17.55,14.38,17.55,3.17,3.17,0.19431957498978342,,,0.9534567708333327,0.06651034722222224,0.8869464236111104,19.95310416666667,20.84005059027778,0.0425597058782998,0.9574402941217002,13.33546524193707,0.08278618177270326,8.278618177270326,6.0
gamma,25_to_34,final_week_cases,0.0662422700018592,0.05555555555555555,0.07949072400223103,2.9,2.56,3.0166666666666666,2.56,3.006666666666667,0.44666666666666677,0.45666666666666655,0.15747126436781606,,,0.019775000000000004,0.010485185185185184,0.00928981481481482,3.145555555555555,3.15484537037037,0.002944618110942224,0.9970553818890578,0.885994348286825,0.012289792638705237,1.2289792638705237,10.0
gamma,25_to_34,outbreak_indicator,0.0662422700018592,0.05555555555555555,0.07949072400223103,0.0,0.0,0.0,0.0,0.0,0.0,0.0,0.0,0.0,0.0,0.0,0.0,0.0,0.0,0.0,0.0,0.0,0.0,0.0,0.0,1.0
gamma,25_to_34,peak_weekly_cases,0.0662422700018592,0.05555555555555555,0.07949072400223103,4.973333333333334,4.503333333333333,5.29,4.503333333333333,5.29,0.7866666666666671,0.7866666666666671,0.15817694369973198,,,0.05305399305555562,0.006829402777777777,0.046224590277777845,2.048820833333333,2.095045423611111,0.022063765184672294,0.9779362348153278,6.768467431469738,0.06667895281806958,6.667895281806959,6.0
gamma,35_and_over,cumulative_cases,0.0662422700018592,0.05555555555555555,0.07949072400223103,28.006666666666668,25.30666666666667,30.483333333333334,25.30666666666667,30.483333333333334,5.176666666666666,5.176666666666666,0.18483694358486072,,,2.494508333333332,0.12648271296296296,2.368025620370369,37.94481388888889,40.312839509259256,0.058741226100594304,0.9412587738994057,18.722128620563204,0.11009885729555688,11.009885729555688,3.0
gamma,35_and_over,final_week_cases,0.0662422700018592,0.05555555555555555,0.07949072400223103,5.0,4.8533333333333335,5.536666666666667,4.8533333333333335,5.536666666666667,0.6833333333333336,0.6833333333333336,0.13666666666666671,,,0.054560416666666695,0.019545851851851852,0.03501456481481484,5.863755555555556,5.89877012037037,0.005935909367598199,0.9940640906324018,1.7914064365272173,0.02044377893638917,2.044377893638917,9.0
gamma,35_and_over,outbreak_indicator,0.0662422700018592,0.05555555555555555,0.07949072400223103,0.0,0.0,0.006666666666666667,0.0,0.006666666666666667,0.006666666666666667,0.006666666666666667,6666666666.666667,0.6666666666666667,0.6666666666666667,4.861111111111112e-06,2.7592592592592583e-06,2.101851851851854e-06,0.0008277777777777775,0.0008298796296296294,0.0025327189351423154,0.9974672810648577,0.7617449664429541,1.0,100.0,1.0
gamma,35_and_over,peak_weekly_cases,0.0662422700018592,0.05555555555555555,0.07949072400223103,7.526666666666666,7.216666666666667,8.223333333333333,7.216666666666667,8.223333333333333,1.006666666666666,1.006666666666666,0.1337466784765278,,,0.0905243055555554,0.012679342592592591,0.07784496296296281,3.8038027777777774,3.8816477407407404,0.020054618080338104,0.9799453819196619,6.139510971841764,0.06529574477835662,6.529574477835662,6.0
gamma,5_to_10,cumulative_cases,0.0662422700018592,0.05555555555555555,0.07949072400223103,40.22,35.28,45.19,35.28,45.19,9.909999999999997,9.909999999999997,0.24639482844356034,,,9.75364288194444,0.17279744907407407,9.580845432870365,51.83923472222222,61.42008015509259,0.15598881357167976,0.8440111864283202,55.445525869790416,0.07170982384242637,7.170982384242637,5.0
gamma,5_to_10,final_week_cases,0.0662422700018592,0.05555555555555555,0.07949072400223103,7.003333333333333,5.82,7.8966666666666665,5.82,7.8966666666666665,2.076666666666666,2.076666666666666,0.296525464064731,,,0.40596093749999984,0.026712624999999997,0.37924831249999985,8.0137875,8.393035812499999,0.045186071044183325,0.9548139289558167,14.197343484588275,0.029093209640666813,2.9093209640666813,8.0
gamma,5_to_10,outbreak_indicator,0.0662422700018592,0.05555555555555555,0.07949072400223103,0.0033333333333333335,0.0,0.05333333333333334,0.006666666666666667,0.05333333333333334,0.04666666666666667,0.05333333333333334,16.0,5.333333333333334,4.666666666666667,0.00030538194444444444,4.9578703703703705e-05,0.00025580324074074074,0.014873611111111112,0.015129414351851852,0.016907676317915784,0.9830923236820842,5.159538705761509,0.07778422558832185,7.778422558832185,4.0
gamma,5_to_10,peak_weekly_cases,0.0662422700018592,0.05555555555555555,0.07949072400223103,10.126666666666667,9.08,11.323333333333334,9.08,11.323333333333334,2.243333333333334,2.243333333333334,0.2215273206056617,,,0.5059659722222225,0.01512872222222222,0.4908372500000003,4.538616666666666,5.029453916666666,0.09759255341289792,0.902407446587102,32.444065188732274,0.06890537360077854,6.890537360077855,5.0
gamma,all ages combined,cumulative_cases,0.0662422700018592,0.05555555555555555,0.07949072400223103,131.17,116.32,143.80666666666667,116.32,143.80666666666667,27.48666666666668,27.48666666666668,0.20954994790475476,,,72.90088315972228,0.6422515416666666,72.25863161805562,192.6754625,264.9340941180556,0.2727419128844055,0.7272580871155946,112.50830388128269,0.08129922263074364,8.129922263074365,6.0
gamma,all ages combined,final_week_cases,0.0662422700018592,0.05555555555555555,0.07949072400223103,22.49,19.653333333333332,24.14,19.653333333333332,24.14,4.486666666666668,4.486666666666668,0.19949607232844235,,,1.9001720486111109,0.09236083796296296,1.8078112106481479,27.70825138888889,29.516062599537037,0.06124838652010799,0.938751613479892,19.57335219688118,0.023135421468304173,2.313542146830417,9.0
gamma,all ages combined,outbreak_indicator,0.0662422700018592,0.05555555555555555,0.07949072400223103,1.0,1.0,1.0,1.0,1.0,0.0,0.0,0.0,0.0,0.0,0.0,0.0,0.0,0.0,0.0,0.0,0.0,0.0,0.0,0.0,2.0
gamma,all ages combined,peak_weekly_cases,0.0662422700018592,0.05555555555555555,0.07949072400223103,28.093333333333334,25.2,30.38,25.2,30.38,5.18,5.18,0.18438538205980065,,,2.5526277777777757,0.04479160185185185,2.507836175925924,13.437480555555556,15.94531673148148,0.15727728825697151,0.8427227117430285,55.9889816894825,0.0714447098615405,7.14447098615405,6.0
gamma,under_1,cumulative_cases,0.0662422700018592,0.05555555555555555,0.07949072400223103,13.743333333333334,12.076666666666666,15.006666666666666,12.076666666666666,15.006666666666666,2.9299999999999997,2.9299999999999997,0.21319427601261215,,,0.7802999999999998,0.050884657407407406,0.7294153425925923,15.265397222222221,15.994812564814813,0.045603244154117255,0.9543967558458828,14.334681213485178,0.06352752976272645,6.352752976272645,6.0
gamma,under_1,final_week_cases,0.0662422700018592,0.05555555555555555,0.07949072400223103,2.183333333333333,1.89,2.4133333333333336,1.89,2.4133333333333336,0.5233333333333337,0.5233333333333337,0.2396946564885498,,,0.029440972222222243,0.007657138888888889,0.021783833333333356,2.2971416666666666,2.3189255,0.009393934101519586,0.9906060658984803,2.8449050813148253,0.018800427011606013,1.8800427011606013,10.0
gamma,under_1,outbreak_indicator,0.0662422700018592,0.05555555555555555,0.07949072400223103,0.0,0.0,0.0,0.0,0.0,0.0,0.0,0.0,0.0,0.0,0.0,0.0,0.0,0.0,0.0,0.0,0.0,0.0,0.0,0.0,1.0
gamma,under_1,peak_weekly_cases,0.0662422700018592,0.05555555555555555,0.07949072400223103,4.33,3.8966666666666665,4.6,3.8966666666666665,4.6,0.7033333333333331,0.7033333333333331,0.16243264049268663,,,0.04530538194444447,0.005804856481481481,0.03950052546296299,1.7414569444444443,1.7809574699074073,0.022179376054958032,0.977820623945042,6.804737651822513,0.051142437194918865,5.114243719491887,7.0
initial_exposed_per_case,11_to_14,cumulative_cases,2.0008168674898923,1.600653493991914,2.4009802409878707,7.16,7.16,7.16,7.16,7.16,0.0,0.0,0.0,,,3.1554436208840472e-30,0.026892444444444448,0.0,8.067733333333335,8.067733333333335,0.0,1.0,0.0,0.0,0.0,13.0
initial_exposed_per_case,11_to_14,final_week_cases,2.0008168674898923,1.600653493991914,2.4009802409878707,1.2666666666666666,1.2666666666666666,1.2666666666666666,1.2666666666666666,1.2666666666666666,0.0,0.0,0.0,,,4.930380657631324e-32,0.004718518518518518,0.0,1.4155555555555552,1.4155555555555552,0.0,1.0,0.0,0.0,0.0,12.0
initial_exposed_per_case,11_to_14,outbreak_indicator,2.0008168674898923,1.600653493991914,2.4009802409878707,0.0,0.0,0.0,0.0,0.0,0.0,0.0,0.0,0.0,0.0,0.0,0.0,0.0,0.0,0.0,0.0,0.0,0.0,0.0,0.0,1.0
initial_exposed_per_case,11_to_14,peak_weekly_cases,2.0008168674898923,1.600653493991914,2.4009802409878707,2.6933333333333334,2.6933333333333334,2.6933333333333334,2.6933333333333334,2.6933333333333334,0.0,0.0,0.0,,,1.9721522630525295e-31,0.0034642962962962965,0.0,1.039288888888889,1.039288888888889,0.0,1.0,0.0,0.0,0.0,12.0
initial_exposed_per_case,15_to_24,cumulative_cases,2.0008168674898923,1.600653493991914,2.4009802409878707,10.686666666666667,10.686666666666667,10.686666666666667,10.686666666666667,10.686666666666667,0.0,0.0,0.0,,,0.0,0.03891718518518518,0.0,11.675155555555554,11.675155555555554,0.0,1.0,0.0,0.0,0.0,13.0
initial_exposed_per_case,15_to_24,final_week_cases,2.0008168674898923,1.600653493991914,2.4009802409878707,1.9466666666666668,1.9466666666666668,1.9466666666666668,1.9466666666666668,1.9466666666666668,0.0,0.0,0.0,,,4.930380657631324e-32,0.006946074074074075,0.0,2.0838222222222225,2.0838222222222225,0.0,1.0,0.0,0.0,0.0,11.0
initial_exposed_per_case,15_to_24,outbreak_indicator,2.0008168674898923,1.600653493991914,2.4009802409878707,0.0,0.0,0.0,0.0,0.0,0.0,0.0,0.0,0.0,0.0,0.0,0.0,0.0,0.0,0.0,0.0,0.0,0.0,0.0,0.0,1.0
initial_exposed_per_case,15_to_24,peak_weekly_cases,2.0008168674898923,1.600653493991914,2.4009802409878707,3.5366666666666666,3.5366666666666666,3.5366666666666666,3.5366666666666666,3.5366666666666666,0.0,0.0,0.0,,,1.9721522630525295e-31,0.004606629629629631,0.0,1.3819888888888892,1.3819888888888892,0.0,1.0,0.0,0.0,0.0,12.0
initial_exposed_per_case,1_to_4,cumulative_cases,2.0008168674898923,1.600653493991914,2.4009802409878707,15.04,15.04,15.04,15.04,15.04,0.0,0.0,0.0,,,1.262177448353619e-29,0.05255022222222223,0.0,15.765066666666668,15.765066666666668,0.0,1.0,0.0,0.0,0.0,13.0
initial_exposed_per_case,1_to_4,final_week_cases,2.0008168674898923,1.600653493991914,2.4009802409878707,2.19,2.19,2.19,2.19,2.19,0.0,0.0,0.0,,,0.0,0.006890777777777779,0.0,2.0672333333333337,2.0672333333333337,0.0,1.0,0.0,0.0,0.0,14.0
initial_exposed_per_case,1_to_4,outbreak_indicator,2.0008168674898923,1.600653493991914,2.4009802409878707,0.0,0.0,0.0,0.0,0.0,0.0,0.0,0.0,0.0,0.0,0.0,0.0,0.0,0.0,0.0,0.0,0.0,0.0,0.0,0.0,1.0
initial_exposed_per_case,1_to_4,peak_weekly_cases,2.0008168674898923,1.600653493991914,2.4009802409878707,4.823333333333333,4.823333333333333,4.823333333333333,4.823333333333333,4.823333333333333,0.0,0.0,0.0,,,0.0,0.006818185185185186,0.0,2.045455555555556,2.045455555555556,0.0,1.0,0.0,0.0,0.0,11.0
initial_exposed_per_case,25_to_34,cumulative_cases,2.0008168674898923,1.600653493991914,2.4009802409878707,16.313333333333333,16.313333333333333,16.313333333333333,16.313333333333333,16.313333333333333,0.0,0.0,0.0,,,0.0,0.06653940740740741,0.0,19.961822222222224,19.961822222222224,0.0,1.0,0.0,0.0,0.0,12.0
initial_exposed_per_case,25_to_34,final_week_cases,2.0008168674898923,1.600653493991914,2.4009802409878707,2.9,2.9,2.9,2.9,2.9,0.0,0.0,0.0,,,1.9721522630525295e-31,0.01098888888888889,0.0,3.296666666666667,3.296666666666667,0.0,1.0,0.0,0.0,0.0,13.0
initial_exposed_per_case,25_to_34,outbreak_indicator,2.0008168674898923,1.600653493991914,2.4009802409878707,0.0,0.0,0.0,0.0,0.0,0.0,0.0,0.0,0.0,0.0,0.0,0.0,0.0,0.0,0.0,0.0,0.0,0.0,0.0,0.0,1.0
initial_exposed_per_case,25_to_34,peak_weekly_cases,2.0008168674898923,1.600653493991914,2.4009802409878707,4.973333333333334,4.973333333333334,4.973333333333334,4.973333333333334,4.973333333333334,0.0,0.0,0.0,,,0.0,0.006686518518518519,0.0,2.0059555555555555,2.0059555555555555,0.0,1.0,0.0,0.0,0.0,13.0
initial_exposed_per_case,35_and_over,cumulative_cases,2.0008168674898923,1.600653493991914,2.4009802409878707,28.006666666666668,28.006666666666668,28.006666666666668,28.006666666666668,28.006666666666668,0.0,0.0,0.0,,,1.262177448353619e-29,0.1350442962962963,0.0,40.513288888888894,40.513288888888894,0.0,1.0,0.0,0.0,0.0,12.0
initial_exposed_per_case,35_and_over,final_week_cases,2.0008168674898923,1.600653493991914,2.4009802409878707,5.0,5.0,5.0,5.0,5.0,0.0,0.0,0.0,,,0.0,0.0186,0.0,5.579999999999999,5.579999999999999,0.0,1.0,0.0,0.0,0.0,14.0
initial_exposed_per_case,35_and_over,outbreak_indicator,2.0008168674898923,1.600653493991914,2.4009802409878707,0.0,0.0,0.0,0.0,0.0,0.0,0.0,0.0,0.0,0.0,0.0,0.0,0.0,0.0,0.0,0.0,0.0,0.0,0.0,0.0,2.0
initial_exposed_per_case,35_and_over,peak_weekly_cases,2.0008168674898923,1.600653493991914,2.4009802409878707,7.526666666666666,7.526666666666666,7.526666666666666,7.526666666666666,7.526666666666666,0.0,0.0,0.0,,,7.888609052210118e-31,0.012764296296296296,0.0,3.8292888888888887,3.8292888888888887,0.0,1.0,0.0,0.0,0.0,11.0
initial_exposed_per_case,5_to_10,cumulative_cases,2.0008168674898923,1.600653493991914,2.4009802409878707,40.22,40.22,40.22,40.22,40.22,0.0,0.0,0.0,,,5.048709793414476e-29,0.16930533333333334,0.0,50.7916,50.7916,0.0,1.0,0.0,0.0,0.0,14.0
initial_exposed_per_case,5_to_10,final_week_cases,2.0008168674898923,1.600653493991914,2.4009802409878707,7.003333333333333,7.003333333333333,7.003333333333333,7.003333333333333,7.003333333333333,0.0,0.0,0.0,,,7.888609052210118e-31,0.024788851851851847,0.0,7.4366555555555545,7.4366555555555545,0.0,1.0,0.0,0.0,0.0,13.0
initial_exposed_per_case,5_to_10,outbreak_indicator,2.0008168674898923,1.600653493991914,2.4009802409878707,0.0033333333333333335,0.0033333333333333335,0.0033333333333333335,0.0033333333333333335,0.0033333333333333335,0.0,0.0,0.0,0.0,0.0,0.0,1.1074074074074073e-05,0.0,0.003322222222222222,0.003322222222222222,0.0,1.0,0.0,0.0,0.0,10.0
initial_exposed_per_case,5_to_10,peak_weekly_cases,2.0008168674898923,1.600653493991914,2.4009802409878707,10.126666666666667,10.126666666666667,10.126666666666667,10.126666666666667,10.126666666666667,0.0,0.0,0.0,,,0.0,0.012902074074074071,0.0,3.870622222222221,3.870622222222221,0.0,1.0,0.0,0.0,0.0,13.0
initial_exposed_per_case,all ages combined,cumulative_cases,2.0008168674898923,1.600653493991914,2.4009802409878707,131.17,131.17,131.17,131.17,131.17,0.0,0.0,0.0,,,0.0,0.675425888888889,0.0,202.6277666666667,202.6277666666667,0.0,1.0,0.0,0.0,0.0,14.0
initial_exposed_per_case,all ages combined,final_week_cases,2.0008168674898923,1.600653493991914,2.4009802409878707,22.49,22.49,22.49,22.49,22.49,0.0,0.0,0.0,,,1.262177448353619e-29,0.08845522222222221,0.0,26.536566666666662,26.536566666666662,0.0,1.0,0.0,0.0,0.0,14.0
initial_exposed_per_case,all ages combined,outbreak_indicator,2.0008168674898923,1.600653493991914,2.4009802409878707,1.0,1.0,1.0,1.0,1.0,0.0,0.0,0.0,0.0,0.0,0.0,0.0,0.0,0.0,0.0,0.0,0.0,0.0,0.0,0.0,2.0
initial_exposed_per_case,all ages combined,peak_weekly_cases,2.0008168674898923,1.600653493991914,2.4009802409878707,28.093333333333334,28.093333333333334,28.093333333333334,28.093333333333334,28.093333333333334,0.0,0.0,0.0,,,0.0,0.04552651851851853,0.0,13.657955555555558,13.657955555555558,0.0,1.0,0.0,0.0,0.0,13.0
initial_exposed_per_case,under_1,cumulative_cases,2.0008168674898923,1.600653493991914,2.4009802409878707,13.743333333333334,13.743333333333334,13.743333333333334,13.743333333333334,13.743333333333334,0.0,0.0,0.0,,,3.1554436208840472e-30,0.05212485185185186,0.0,15.637455555555558,15.637455555555558,0.0,1.0,0.0,0.0,0.0,12.0
initial_exposed_per_case,under_1,final_week_cases,2.0008168674898923,1.600653493991914,2.4009802409878707,2.183333333333333,2.183333333333333,2.183333333333333,2.183333333333333,2.183333333333333,0.0,0.0,0.0,,,0.0,0.00787685185185185,0.0,2.363055555555555,2.363055555555555,0.0,1.0,0.0,0.0,0.0,13.0
initial_exposed_per_case,under_1,outbreak_indicator,2.0008168674898923,1.600653493991914,2.4009802409878707,0.0,0.0,0.0,0.0,0.0,0.0,0.0,0.0,0.0,0.0,0.0,0.0,0.0,0.0,0.0,0.0,0.0,0.0,0.0,0.0,1.0
initial_exposed_per_case,under_1,peak_weekly_cases,2.0008168674898923,1.600653493991914,2.4009802409878707,4.33,4.33,4.33,4.33,4.33,0.0,0.0,0.0,,,7.888609052210118e-31,0.006114777777777777,0.0,1.8344333333333331,1.8344333333333331,0.0,1.0,0.0,0.0,0.0,12.0
initial_infectious_per_case,11_to_14,cumulative_cases,0.430501259239065,0.230501259239065,0.6305012592390651,7.16,7.16,7.16,7.16,7.16,0.0,0.0,0.0,,,3.1554436208840472e-30,0.026892444444444448,0.0,8.067733333333335,8.067733333333335,0.0,1.0,0.0,0.0,0.0,13.0
initial_infectious_per_case,11_to_14,final_week_cases,0.430501259239065,0.230501259239065,0.6305012592390651,1.2666666666666666,1.2666666666666666,1.2666666666666666,1.2666666666666666,1.2666666666666666,0.0,0.0,0.0,,,4.930380657631324e-32,0.004718518518518518,0.0,1.4155555555555552,1.4155555555555552,0.0,1.0,0.0,0.0,0.0,12.0
initial_infectious_per_case,11_to_14,outbreak_indicator,0.430501259239065,0.230501259239065,0.6305012592390651,0.0,0.0,0.0,0.0,0.0,0.0,0.0,0.0,0.0,0.0,0.0,0.0,0.0,0.0,0.0,0.0,0.0,0.0,0.0,0.0,1.0
initial_infectious_per_case,11_to_14,peak_weekly_cases,0.430501259239065,0.230501259239065,0.6305012592390651,2.6933333333333334,2.6933333333333334,2.6933333333333334,2.6933333333333334,2.6933333333333334,0.0,0.0,0.0,,,1.9721522630525295e-31,0.0034642962962962965,0.0,1.039288888888889,1.039288888888889,0.0,1.0,0.0,0.0,0.0,12.0
initial_infectious_per_case,15_to_24,cumulative_cases,0.430501259239065,0.230501259239065,0.6305012592390651,10.686666666666667,10.686666666666667,10.686666666666667,10.686666666666667,10.686666666666667,0.0,0.0,0.0,,,0.0,0.03891718518518518,0.0,11.675155555555554,11.675155555555554,0.0,1.0,0.0,0.0,0.0,13.0
initial_infectious_per_case,15_to_24,final_week_cases,0.430501259239065,0.230501259239065,0.6305012592390651,1.9466666666666668,1.9466666666666668,1.9466666666666668,1.9466666666666668,1.9466666666666668,0.0,0.0,0.0,,,4.930380657631324e-32,0.006946074074074075,0.0,2.0838222222222225,2.0838222222222225,0.0,1.0,0.0,0.0,0.0,11.0
initial_infectious_per_case,15_to_24,outbreak_indicator,0.430501259239065,0.230501259239065,0.6305012592390651,0.0,0.0,0.0,0.0,0.0,0.0,0.0,0.0,0.0,0.0,0.0,0.0,0.0,0.0,0.0,0.0,0.0,0.0,0.0,0.0,1.0
initial_infectious_per_case,15_to_24,peak_weekly_cases,0.430501259239065,0.230501259239065,0.6305012592390651,3.5366666666666666,3.5366666666666666,3.5366666666666666,3.5366666666666666,3.5366666666666666,0.0,0.0,0.0,,,1.9721522630525295e-31,0.004606629629629631,0.0,1.3819888888888892,1.3819888888888892,0.0,1.0,0.0,0.0,0.0,12.0
initial_infectious_per_case,1_to_4,cumulative_cases,0.430501259239065,0.230501259239065,0.6305012592390651,15.04,15.04,15.04,15.04,15.04,0.0,0.0,0.0,,,1.262177448353619e-29,0.05255022222222223,0.0,15.765066666666668,15.765066666666668,0.0,1.0,0.0,0.0,0.0,13.0
initial_infectious_per_case,1_to_4,final_week_cases,0.430501259239065,0.230501259239065,0.6305012592390651,2.19,2.19,2.19,2.19,2.19,0.0,0.0,0.0,,,0.0,0.006890777777777779,0.0,2.0672333333333337,2.0672333333333337,0.0,1.0,0.0,0.0,0.0,14.0
initial_infectious_per_case,1_to_4,outbreak_indicator,0.430501259239065,0.230501259239065,0.6305012592390651,0.0,0.0,0.0,0.0,0.0,0.0,0.0,0.0,0.0,0.0,0.0,0.0,0.0,0.0,0.0,0.0,0.0,0.0,0.0,0.0,1.0
initial_infectious_per_case,1_to_4,peak_weekly_cases,0.430501259239065,0.230501259239065,0.6305012592390651,4.823333333333333,4.823333333333333,4.823333333333333,4.823333333333333,4.823333333333333,0.0,0.0,0.0,,,0.0,0.006818185185185186,0.0,2.045455555555556,2.045455555555556,0.0,1.0,0.0,0.0,0.0,11.0
initial_infectious_per_case,25_to_34,cumulative_cases,0.430501259239065,0.230501259239065,0.6305012592390651,16.313333333333333,16.313333333333333,16.313333333333333,16.313333333333333,16.313333333333333,0.0,0.0,0.0,,,0.0,0.06653940740740741,0.0,19.961822222222224,19.961822222222224,0.0,1.0,0.0,0.0,0.0,12.0
initial_infectious_per_case,25_to_34,final_week_cases,0.430501259239065,0.230501259239065,0.6305012592390651,2.9,2.9,2.9,2.9,2.9,0.0,0.0,0.0,,,1.9721522630525295e-31,0.01098888888888889,0.0,3.296666666666667,3.296666666666667,0.0,1.0,0.0,0.0,0.0,13.0
initial_infectious_per_case,25_to_34,outbreak_indicator,0.430501259239065,0.230501259239065,0.6305012592390651,0.0,0.0,0.0,0.0,0.0,0.0,0.0,0.0,0.0,0.0,0.0,0.0,0.0,0.0,0.0,0.0,0.0,0.0,0.0,0.0,1.0
initial_infectious_per_case,25_to_34,peak_weekly_cases,0.430501259239065,0.230501259239065,0.6305012592390651,4.973333333333334,4.973333333333334,4.973333333333334,4.973333333333334,4.973333333333334,0.0,0.0,0.0,,,0.0,0.006686518518518519,0.0,2.0059555555555555,2.0059555555555555,0.0,1.0,0.0,0.0,0.0,13.0
initial_infectious_per_case,35_and_over,cumulative_cases,0.430501259239065,0.230501259239065,0.6305012592390651,28.006666666666668,28.006666666666668,28.006666666666668,28.006666666666668,28.006666666666668,0.0,0.0,0.0,,,1.262177448353619e-29,0.1350442962962963,0.0,40.513288888888894,40.513288888888894,0.0,1.0,0.0,0.0,0.0,12.0
initial_infectious_per_case,35_and_over,final_week_cases,0.430501259239065,0.230501259239065,0.6305012592390651,5.0,5.0,5.0,5.0,5.0,0.0,0.0,0.0,,,0.0,0.0186,0.0,5.579999999999999,5.579999999999999,0.0,1.0,0.0,0.0,0.0,14.0
initial_infectious_per_case,35_and_over,outbreak_indicator,0.430501259239065,0.230501259239065,0.6305012592390651,0.0,0.0,0.0,0.0,0.0,0.0,0.0,0.0,0.0,0.0,0.0,0.0,0.0,0.0,0.0,0.0,0.0,0.0,0.0,0.0,2.0
initial_infectious_per_case,35_and_over,peak_weekly_cases,0.430501259239065,0.230501259239065,0.6305012592390651,7.526666666666666,7.526666666666666,7.526666666666666,7.526666666666666,7.526666666666666,0.0,0.0,0.0,,,7.888609052210118e-31,0.012764296296296296,0.0,3.8292888888888887,3.8292888888888887,0.0,1.0,0.0,0.0,0.0,11.0
initial_infectious_per_case,5_to_10,cumulative_cases,0.430501259239065,0.230501259239065,0.6305012592390651,40.22,40.22,40.22,40.22,40.22,0.0,0.0,0.0,,,5.048709793414476e-29,0.16930533333333334,0.0,50.7916,50.7916,0.0,1.0,0.0,0.0,0.0,14.0
initial_infectious_per_case,5_to_10,final_week_cases,0.430501259239065,0.230501259239065,0.6305012592390651,7.003333333333333,7.003333333333333,7.003333333333333,7.003333333333333,7.003333333333333,0.0,0.0,0.0,,,7.888609052210118e-31,0.024788851851851847,0.0,7.4366555555555545,7.4366555555555545,0.0,1.0,0.0,0.0,0.0,13.0
initial_infectious_per_case,5_to_10,outbreak_indicator,0.430501259239065,0.230501259239065,0.6305012592390651,0.0033333333333333335,0.0033333333333333335,0.0033333333333333335,0.0033333333333333335,0.0033333333333333335,0.0,0.0,0.0,0.0,0.0,0.0,1.1074074074074073e-05,0.0,0.003322222222222222,0.003322222222222222,0.0,1.0,0.0,0.0,0.0,10.0
initial_infectious_per_case,5_to_10,peak_weekly_cases,0.430501259239065,0.230501259239065,0.6305012592390651,10.126666666666667,10.126666666666667,10.126666666666667,10.126666666666667,10.126666666666667,0.0,0.0,0.0,,,0.0,0.012902074074074071,0.0,3.870622222222221,3.870622222222221,0.0,1.0,0.0,0.0,0.0,13.0
initial_infectious_per_case,all ages combined,cumulative_cases,0.430501259239065,0.230501259239065,0.6305012592390651,131.17,131.17,131.17,131.17,131.17,0.0,0.0,0.0,,,0.0,0.675425888888889,0.0,202.6277666666667,202.6277666666667,0.0,1.0,0.0,0.0,0.0,14.0
initial_infectious_per_case,all ages combined,final_week_cases,0.430501259239065,0.230501259239065,0.6305012592390651,22.49,22.49,22.49,22.49,22.49,0.0,0.0,0.0,,,1.262177448353619e-29,0.08845522222222221,0.0,26.536566666666662,26.536566666666662,0.0,1.0,0.0,0.0,0.0,14.0
initial_infectious_per_case,all ages combined,outbreak_indicator,0.430501259239065,0.230501259239065,0.6305012592390651,1.0,1.0,1.0,1.0,1.0,0.0,0.0,0.0,0.0,0.0,0.0,0.0,0.0,0.0,0.0,0.0,0.0,0.0,0.0,0.0,2.0
initial_infectious_per_case,all ages combined,peak_weekly_cases,0.430501259239065,0.230501259239065,0.6305012592390651,28.093333333333334,28.093333333333334,28.093333333333334,28.093333333333334,28.093333333333334,0.0,0.0,0.0,,,0.0,0.04552651851851853,0.0,13.657955555555558,13.657955555555558,0.0,1.0,0.0,0.0,0.0,13.0
initial_infectious_per_case,under_1,cumulative_cases,0.430501259239065,0.230501259239065,0.6305012592390651,13.743333333333334,13.743333333333334,13.743333333333334,13.743333333333334,13.743333333333334,0.0,0.0,0.0,,,3.1554436208840472e-30,0.05212485185185186,0.0,15.637455555555558,15.637455555555558,0.0,1.0,0.0,0.0,0.0,12.0
initial_infectious_per_case,under_1,final_week_cases,0.430501259239065,0.230501259239065,0.6305012592390651,2.183333333333333,2.183333333333333,2.183333333333333,2.183333333333333,2.183333333333333,0.0,0.0,0.0,,,0.0,0.00787685185185185,0.0,2.363055555555555,2.363055555555555,0.0,1.0,0.0,0.0,0.0,13.0
initial_infectious_per_case,under_1,outbreak_indicator,0.430501259239065,0.230501259239065,0.6305012592390651,0.0,0.0,0.0,0.0,0.0,0.0,0.0,0.0,0.0,0.0,0.0,0.0,0.0,0.0,0.0,0.0,0.0,0.0,0.0,0.0,1.0
initial_infectious_per_case,under_1,peak_weekly_cases,0.430501259239065,0.230501259239065,0.6305012592390651,4.33,4.33,4.33,4.33,4.33,0.0,0.0,0.0,,,7.888609052210118e-31,0.006114777777777777,0.0,1.8344333333333331,1.8344333333333331,0.0,1.0,0.0,0.0,0.0,12.0
local_mixing,11_to_14,cumulative_cases,0.3783565819036944,0.30268526552295555,0.4540278982844333,7.16,6.49,7.9366666666666665,6.49,7.9366666666666665,1.4466666666666663,1.4466666666666663,0.20204841713221597,,,0.22615056689342397,0.026319661375661378,0.19983090551776259,7.895898412698413,8.095729318216176,0.02468349640447139,0.9753165035955286,7.592457314156501,0.09913420469671758,9.913420469671758,4.0
local_mixing,11_to_14,final_week_cases,0.3783565819036944,0.30268526552295555,0.4540278982844333,1.2666666666666666,0.9933333333333333,1.51,0.9933333333333333,1.51,0.5166666666666667,0.5166666666666667,0.4078947368421053,,,0.03127573696145125,0.004311291005291005,0.026964445956160245,1.2933873015873014,1.3203517475434616,0.02042216856707168,0.9795778314329283,6.254378543009112,0.10410513779158737,10.410513779158737,3.0
local_mixing,11_to_14,outbreak_indicator,0.3783565819036944,0.30268526552295555,0.4540278982844333,0.0,0.0,0.0,0.0,0.0,0.0,0.0,0.0,0.0,0.0,0.0,0.0,0.0,0.0,0.0,0.0,0.0,0.0,0.0,0.0,1.0
local_mixing,11_to_14,peak_weekly_cases,0.3783565819036944,0.30268526552295555,0.4540278982844333,2.6933333333333334,2.513333333333333,2.85,2.526666666666667,2.85,0.32333333333333325,0.3366666666666669,0.12500000000000008,,,0.015291156462585031,0.00336058201058201,0.011930574452003021,1.008174603174603,1.0201051776266061,0.011695435641019778,0.9883045643589802,3.5501512578580985,0.08437642109621855,8.437642109621855,6.0
local_mixing,15_to_24,cumulative_cases,0.3783565819036944,0.30268526552295555,0.4540278982844333,10.686666666666667,9.503333333333334,11.99,9.503333333333334,11.99,2.4866666666666664,2.4866666666666664,0.2326887086712414,,,0.7081138321995465,0.037985751322751324,0.6701280808767952,11.395725396825396,12.065853477702191,0.055539219178750855,0.9444607808212492,17.641564469344228,0.13701596498610827,13.701596498610828,1.0
local_mixing,15_to_24,final_week_cases,0.3783565819036944,0.30268526552295555,0.4540278982844333,1.9466666666666668,1.5066666666666666,2.1366666666666667,1.5066666666666666,2.1366666666666667,0.6300000000000001,0.6300000000000001,0.3236301369863014,,,0.045033106575963745,0.0064485925925925934,0.03858451398337115,1.934577777777778,1.973162291761149,0.019554658096031463,0.9804453419039686,5.98340078541985,0.13200265994969793,13.200265994969792,4.0
local_mixing,15_to_24,outbreak_indicator,0.3783565819036944,0.30268526552295555,0.4540278982844333,0.0,0.0,0.0,0.0,0.0,0.0,0.0,0.0,0.0,0.0,0.0,0.0,0.0,0.0,0.0,0.0,0.0,0.0,0.0,0.0,1.0
local_mixing,15_to_24,peak_weekly_cases,0.3783565819036944,0.30268526552295555,0.4540278982844333,3.5366666666666666,3.3133333333333335,3.8466666666666667,3.3133333333333335,3.8466666666666667,0.5333333333333332,0.5333333333333332,0.15080113100848253,,,0.032402721088435366,0.004227328042328042,0.028175393046107323,1.2681984126984125,1.2963738057445198,0.02173400366565254,0.9782659963343475,6.6650595279070854,0.09837699381508376,9.837699381508376,6.0
local_mixing,1_to_4,cumulative_cases,0.3783565819036944,0.30268526552295555,0.4540278982844333,15.04,13.1,16.16,13.1,16.16,3.0600000000000005,3.0600000000000005,0.2034574468085107,,,1.0465963718820865,0.05075260317460318,0.9958437687074834,15.225780952380953,16.221624721088435,0.061389890706377064,0.938610109293623,19.621530846043537,0.09819324468802736,9.819324468802735,4.0
local_mixing,1_to_4,final_week_cases,0.3783565819036944,0.30268526552295555,0.4540278982844333,2.19,1.5666666666666667,2.45,1.5666666666666667,2.45,0.8833333333333335,0.8833333333333335,0.40334855403348563,,,0.0838340136054422,0.0066389206349206364,0.07719509297052156,1.9916761904761908,2.0688712834467125,0.03731266105734502,0.9626873389426549,11.62765714722908,0.10727174471333463,10.727174471333463,4.0
local_mixing,1_to_4,outbreak_indicator,0.3783565819036944,0.30268526552295555,0.4540278982844333,0.0,0.0,0.0,0.0,0.0,0.0,0.0,0.0,0.0,0.0,0.0,0.0,0.0,0.0,0.0,0.0,0.0,0.0,0.0,0.0,1.0
local_mixing,1_to_4,peak_weekly_cases,0.3783565819036944,0.30268526552295555,0.4540278982844333,4.823333333333333,4.363333333333333,4.923333333333333,4.363333333333333,4.923333333333333,0.5599999999999996,0.5599999999999996,0.11610228058051132,,,0.03782358276643987,0.006779507936507937,0.031044074829931934,2.033852380952381,2.0648964557823133,0.01503420413309319,0.9849657958669067,4.5791044306856366,0.09661070542574784,9.661070542574784,5.0
local_mixing,25_to_34,cumulative_cases,0.3783565819036944,0.30268526552295555,0.4540278982844333,16.313333333333333,14.413333333333334,17.64666666666667,14.413333333333334,17.64666666666667,3.2333333333333343,3.2333333333333343,0.19820187985288115,,,1.3038217687074827,0.06622606349206349,1.2375957052154192,19.867819047619047,21.105414752834466,0.058638776811965256,0.9413612231880347,18.687441770772505,0.11551523326058671,11.551523326058671,3.0
local_mixing,25_to_34,final_week_cases,0.3783565819036944,0.30268526552295555,0.4540278982844333,2.9,2.4833333333333334,3.256666666666667,2.4833333333333334,3.256666666666667,0.7733333333333334,0.7733333333333334,0.2666666666666667,,,0.07165351473922907,0.010345380952380951,0.061308133786848115,3.1036142857142854,3.1649224195011336,0.01937113320980289,0.9806288667901971,5.926135931489142,0.08110648773157283,8.110648773157283,4.0
local_mixing,25_to_34,outbreak_indicator,0.3783565819036944,0.30268526552295555,0.4540278982844333,0.0,0.0,0.0,0.0,0.0,0.0,0.0,0.0,0.0,0.0,0.0,0.0,0.0,0.0,0.0,0.0,0.0,0.0,0.0,0.0,1.0
local_mixing,25_to_34,peak_weekly_cases,0.3783565819036944,0.30268526552295555,0.4540278982844333,4.973333333333334,4.496666666666667,5.28,4.496666666666667,5.28,0.7833333333333332,0.7833333333333332,0.1575067024128686,,,0.07004671201814058,0.006467719576719577,0.06357899244142101,1.940315873015873,2.003894865457294,0.031727708642495134,0.9682722913575048,9.830202390077684,0.09171267093436991,9.171267093436992,4.0
local_mixing,35_and_over,cumulative_cases,0.3783565819036944,0.30268526552295555,0.4540278982844333,28.006666666666668,25.75,30.05,25.75,30.05,4.300000000000001,4.300000000000001,0.15353487264936921,,,1.9687156462585034,0.1356511375661376,1.8330645086923658,40.69534126984127,42.52840577853364,0.043102121397120684,0.9568978786028793,13.513078781212899,0.0852264038108277,8.52264038108277,7.0
local_mixing,35_and_over,final_week_cases,0.3783565819036944,0.30268526552295555,0.4540278982844333,5.0,4.6866666666666665,5.8566666666666665,4.6866666666666665,5.8566666666666665,1.17,1.17,0.23399999999999999,,,0.1492816326530612,0.01955140740740741,0.1297302252456538,5.8654222222222225,5.995152447467876,0.021639187056944134,0.9783608129430559,6.635339469040123,0.07574493815122245,7.574493815122245,6.0
local_mixing,35_and_over,outbreak_indicator,0.3783565819036944,0.30268526552295555,0.4540278982844333,0.0,0.0,0.0033333333333333335,0.0,0.0033333333333333335,0.0033333333333333335,0.0033333333333333335,3333333333.3333335,0.33333333333333337,0.33333333333333337,1.3605442176870747e-06,1.5820105820105817e-06,0.0,0.0004746031746031745,0.0004746031746031745,0.0,1.0,0.0,0.0,0.0,2.0
local_mixing,35_and_over,peak_weekly_cases,0.3783565819036944,0.30268526552295555,0.4540278982844333,7.526666666666666,7.18,8.17,7.18,8.17,0.9900000000000002,0.9900000000000002,0.13153232949512847,,,0.08929523809523812,0.012917947089947087,0.07637729100529103,3.8753841269841263,3.951761417989417,0.019327404396834863,0.9806725956031652,5.9124944910734945,0.06406467304399041,6.406467304399041,7.0
local_mixing,5_to_10,cumulative_cases,0.3783565819036944,0.30268526552295555,0.4540278982844333,40.22,34.56333333333333,46.21,34.56333333333333,46.21,11.646666666666668,11.646666666666668,0.2895740096137909,,,15.459456689342403,0.17214389417989417,15.287312795162508,51.643168253968255,66.93048104913076,0.22840584074004722,0.7715941592599528,88.8054314560058,0.1144210618202974,11.44210618202974,3.0
local_mixing,5_to_10,final_week_cases,0.3783565819036944,0.30268526552295555,0.4540278982844333,7.003333333333333,5.1066666666666665,8.9,5.1066666666666665,8.9,3.793333333333334,3.793333333333334,0.5416468348405522,,,1.7131011337868483,0.02789396825396825,1.68520716553288,8.368190476190476,10.053397641723356,0.1676256351921241,0.8323743648078759,60.414751683570124,0.12927700332167463,12.927700332167463,4.0
local_mixing,5_to_10,outbreak_indicator,0.3783565819036944,0.30268526552295555,0.4540278982844333,0.0033333333333333335,0.0033333333333333335,0.08666666666666667,0.0033333333333333335,0.08666666666666667,0.08333333333333334,0.08333333333333334,25.0,8.333333333333334,8.333333333333334,0.0008299319727891157,6.408994708994708e-05,0.0007658420256991686,0.019226984126984124,0.01999282615268329,0.038305841297798855,0.9616941587022012,11.949487563538586,0.2328759742038482,23.28759742038482,1.0
local_mixing,5_to_10,peak_weekly_cases,0.3783565819036944,0.30268526552295555,0.4540278982844333,10.126666666666667,8.906666666666666,11.713333333333333,8.906666666666666,11.713333333333333,2.8066666666666666,2.8066666666666666,0.27715602369980247,,,0.8994585034013606,0.01507585714285714,0.8843826462585034,4.5227571428571425,5.407139789115646,0.16355831007711877,0.8364416899228813,58.66218005903028,0.12415259161053346,12.415259161053346,3.0
local_mixing,all ages combined,cumulative_cases,0.3783565819036944,0.30268526552295555,0.4540278982844333,131.17,115.62,145.6,115.62,145.6,29.97999999999999,29.97999999999999,0.22855835938095595,,,100.60672199546478,0.6505943703703704,99.95612762509441,195.1783111111111,295.13443873620554,0.3386799861551783,0.6613200138448216,153.63816869210132,0.11246207257361075,11.246207257361075,3.0
local_mixing,all ages combined,final_week_cases,0.3783565819036944,0.30268526552295555,0.4540278982844333,22.49,17.996666666666666,26.79,17.996666666666666,26.79,8.793333333333333,8.793333333333333,0.39098858752037946,,,8.530401360544218,0.09184120105820105,8.438560159486016,27.552360317460316,35.99092047694633,0.23446358269417594,0.7655364173058241,91.88207538943641,0.10799227525829652,10.799227525829652,4.0
local_mixing,all ages combined,outbreak_indicator,0.3783565819036944,0.30268526552295555,0.4540278982844333,1.0,1.0,1.0,1.0,1.0,0.0,0.0,0.0,0.0,0.0,0.0,0.0,0.0,0.0,0.0,0.0,0.0,0.0,0.0,0.0,2.0
local_mixing,all ages combined,peak_weekly_cases,0.3783565819036944,0.30268526552295555,0.4540278982844333,28.093333333333334,25.29,31.42,25.29,31.42,6.130000000000003,6.130000000000003,0.21820123398196498,,,4.253204535147396,0.044128317460317465,4.209076217687079,13.23849523809524,17.447571455782317,0.24124138011723945,0.7587586198827606,95.38265811906616,0.11991063532957272,11.991063532957272,3.0
local_mixing,under_1,cumulative_cases,0.3783565819036944,0.30268526552295555,0.4540278982844333,13.743333333333334,11.8,15.606666666666667,11.8,15.606666666666667,3.8066666666666666,3.8066666666666666,0.2769827795294688,,,1.5573188208616782,0.052787746031746026,1.504531074829932,15.836323809523808,17.34085488435374,0.08676222048241904,0.913237779517581,28.50152143122614,0.131035278604758,13.1035278604758,3.0
local_mixing,under_1,final_week_cases,0.3783565819036944,0.30268526552295555,0.4540278982844333,2.183333333333333,1.6533333333333333,2.68,1.6533333333333333,2.68,1.0266666666666668,1.0266666666666668,0.47022900763358794,,,0.10099682539682543,0.007645608465608465,0.09335121693121697,2.2936825396825395,2.3870337566137567,0.039107623288765256,0.9608923767112346,12.20978256356314,0.08056629489881374,8.056629489881374,4.0
local_mixing,under_1,outbreak_indicator,0.3783565819036944,0.30268526552295555,0.4540278982844333,0.0,0.0,0.0,0.0,0.0,0.0,0.0,0.0,0.0,0.0,0.0,0.0,0.0,0.0,0.0,0.0,0.0,0.0,0.0,0.0,1.0
local_mixing,under_1,peak_weekly_cases,0.3783565819036944,0.30268526552295555,0.4540278982844333,4.33,3.77,4.796666666666667,3.77,4.796666666666667,1.0266666666666668,1.0266666666666668,0.23710546574287916,,,0.11339909297052157,0.006118,0.10728109297052157,1.8354000000000001,1.9426810929705218,0.055223213608611287,0.9447767863913886,17.535320851670736,0.13889983728423022,13.889983728423022,3.0
mu,11_to_14,cumulative_cases,10.0,8.0,12.0,7.16,6.366666666666666,8.05,6.366666666666666,8.05,1.6833333333333345,1.6833333333333345,0.23510242085661096,,,0.34248707482993224,0.02556472486772487,0.31692234996220736,7.669417460317462,7.986339810279669,0.03968305350021279,0.9603169464997872,12.396861362756837,0.15722215256301061,15.72221525630106,1.0
mu,11_to_14,final_week_cases,10.0,8.0,12.0,1.2666666666666666,0.92,1.5666666666666667,0.92,1.5666666666666667,0.6466666666666666,0.6466666666666666,0.5105263157894737,,,0.04589433106575964,0.004020793650793651,0.04187353741496599,1.2062380952380953,1.2481116326530612,0.03354951297582018,0.9664504870241799,10.414246800927154,0.161666603107427,16.1666603107427,2.0
mu,11_to_14,outbreak_indicator,10.0,8.0,12.0,0.0,0.0,0.0,0.0,0.0,0.0,0.0,0.0,0.0,0.0,0.0,0.0,0.0,0.0,0.0,0.0,0.0,0.0,0.0,0.0,1.0
mu,11_to_14,peak_weekly_cases,10.0,8.0,12.0,2.6933333333333334,2.4433333333333334,2.86,2.4433333333333334,2.8233333333333333,0.3799999999999999,0.4166666666666665,0.15470297029702965,,,0.02439909297052153,0.00318737037037037,0.02121172260015116,0.956211111111111,0.9774228337112622,0.021701685154633145,0.9782983148453669,6.654928714069201,0.1500153446497328,15.001534464973279,1.0
mu,15_to_24,cumulative_cases,10.0,8.0,12.0,10.686666666666667,9.583333333333334,12.11,9.583333333333334,12.11,2.5266666666666655,2.5266666666666655,0.23643169058016206,,,0.699179138321995,0.037729021164021166,0.6614501171579737,11.31870634920635,11.980156466364324,0.0552121434319386,0.9447878565680613,17.531600257595347,0.13524164809508493,13.524164809508493,2.0
mu,15_to_24,final_week_cases,10.0,8.0,12.0,1.9466666666666668,1.4366666666666668,2.25,1.4366666666666668,2.25,0.8133333333333332,0.8133333333333332,0.41780821917808214,,,0.06189206349206349,0.006370941798941799,0.05552112169312169,1.9112825396825397,1.9668036613756614,0.028229112434277243,0.9717708875657227,8.71474319579307,0.18994500617635113,18.99450061763511,1.0
mu,15_to_24,outbreak_indicator,10.0,8.0,12.0,0.0,0.0,0.0,0.0,0.0,0.0,0.0,0.0,0.0,0.0,0.0,0.0,0.0,0.0,0.0,0.0,0.0,0.0,0.0,0.0,1.0
mu,15_to_24,peak_weekly_cases,10.0,8.0,12.0,3.5366666666666666,3.2733333333333334,4.01,3.2733333333333334,4.01,0.7366666666666664,0.7366666666666664,0.20829406220546645,,,0.053299773242630355,0.004433529100529101,0.04886624414210125,1.3300587301587303,1.3789249743008316,0.0354379281344718,0.9645620718655282,11.021974376184767,0.17062101635519297,17.062101635519298,1.0
mu,1_to_4,cumulative_cases,10.0,8.0,12.0,15.04,13.01,16.883333333333333,13.01,16.883333333333333,3.873333333333333,3.873333333333333,0.2575354609929078,,,1.7133133786848072,0.05268196825396826,1.6606314104308388,15.804590476190478,17.46522188662132,0.09508218224830645,0.9049178177516934,31.521817909788368,0.16374334162144763,16.374334162144763,1.0
mu,1_to_4,final_week_cases,10.0,8.0,12.0,2.19,1.52,2.7266666666666666,1.52,2.7266666666666666,1.2066666666666666,1.2066666666666666,0.5509893455098934,,,0.14279909297052149,0.007245190476190475,0.135553902494331,2.1735571428571427,2.309111045351474,0.05870393403869328,0.9412960659613067,18.709501556901138,0.18836823771714262,18.83682377171426,2.0
mu,1_to_4,outbreak_indicator,10.0,8.0,12.0,0.0,0.0,0.0,0.0,0.0,0.0,0.0,0.0,0.0,0.0,0.0,0.0,0.0,0.0,0.0,0.0,0.0,0.0,0.0,0.0,1.0
mu,1_to_4,peak_weekly_cases,10.0,8.0,12.0,4.823333333333333,4.423333333333333,5.07,4.423333333333333,5.07,0.6466666666666674,0.6466666666666674,0.1340704906703526,,,0.046761904761904824,0.0067140317460317464,0.04004787301587308,2.014209523809524,2.0542573968253968,0.01949506088076507,0.9805049391192351,5.964802451156554,0.1246309733519204,12.46309733519204,4.0
mu,25_to_34,cumulative_cases,10.0,8.0,12.0,16.313333333333333,14.066666666666666,18.213333333333335,14.066666666666666,18.213333333333335,4.146666666666668,4.146666666666668,0.2541888026154476,,,1.818901133786849,0.06780701587301587,1.751094117913833,20.34210476190476,22.093198879818594,0.07925941949100905,0.9207405805089909,25.824674561599306,0.16344436607175258,16.344436607175258,1.0
mu,25_to_34,final_week_cases,10.0,8.0,12.0,2.9,2.19,3.4966666666666666,2.19,3.4966666666666666,1.3066666666666666,1.3066666666666666,0.45057471264367815,,,0.1798789115646259,0.011245708994708996,0.1686332025699169,3.3737126984126986,3.5423459009826157,0.04760495086692113,0.9523950491330788,14.995337568245567,0.22309024807254627,22.309024807254627,1.0
mu,25_to_34,outbreak_indicator,10.0,8.0,12.0,0.0,0.0,0.0,0.0,0.0,0.0,0.0,0.0,0.0,0.0,0.0,0.0,0.0,0.0,0.0,0.0,0.0,0.0,0.0,0.0,1.0
mu,25_to_34,peak_weekly_cases,10.0,8.0,12.0,4.973333333333334,4.3533333333333335,5.516666666666667,4.3533333333333335,5.516666666666667,1.163333333333333,1.163333333333333,0.23391420911528144,,,0.13800589569160995,0.00686084126984127,0.1311450544217687,2.058252380952381,2.1893974353741497,0.05990006761808282,0.9400999323819172,19.11501072007789,0.1891766880693412,18.91766880693412,1.0
mu,35_and_over,cumulative_cases,10.0,8.0,12.0,28.006666666666668,25.136666666666667,30.133333333333333,25.136666666666667,30.133333333333333,4.996666666666666,4.996666666666666,0.17840990240418944,,,2.774268934240363,0.12859795767195767,2.645670976568405,38.5793873015873,41.22505827815571,0.06417628226787228,0.9358237177321278,20.573195908112975,0.12300768572539482,12.300768572539482,2.0
mu,35_and_over,final_week_cases,10.0,8.0,12.0,5.0,4.3133333333333335,5.833333333333333,4.3133333333333335,5.833333333333333,1.5199999999999996,1.5199999999999996,0.30399999999999994,,,0.26778004535147387,0.019205830687830692,0.24857421466364318,5.761749206349207,6.01032342101285,0.041357876648467254,0.9586421233515328,12.942643237042915,0.14513378420513554,14.513378420513554,2.0
mu,35_and_over,outbreak_indicator,10.0,8.0,12.0,0.0,0.0,0.006666666666666667,0.0,0.006666666666666667,0.006666666666666667,0.006666666666666667,6666666666.666667,0.6666666666666667,0.6666666666666667,5.895691609977326e-06,6.317460317460317e-06,0.0,0.001895238095238095,0.001895238095238095,0.0,1.0,0.0,0.0,0.0,2.0
mu,35_and_over,peak_weekly_cases,10.0,8.0,12.0,7.526666666666666,6.94,8.356666666666667,6.94,8.356666666666667,1.416666666666667,1.416666666666667,0.18821966341895488,,,0.20780634920634927,0.012706449735449736,0.19509989947089953,3.8119349206349207,4.007034820105821,0.048689344672514526,0.9513106553274854,15.354399028281689,0.1636482664677477,16.36482664677477,2.0
mu,5_to_10,cumulative_cases,10.0,8.0,12.0,40.22,32.93666666666667,46.82666666666667,32.93666666666667,46.82666666666667,13.89,13.89,0.3453505718547986,,,22.211332879818602,0.1727624021164021,22.0385704777022,51.82872063492063,73.86729111262284,0.2983535763359831,0.7016464236640169,127.56577940409325,0.1649522495450018,16.49522495450018,1.0
mu,5_to_10,final_week_cases,10.0,8.0,12.0,7.003333333333333,4.6433333333333335,9.126666666666667,4.6433333333333335,9.126666666666667,4.483333333333333,4.483333333333333,0.6401713469776298,,,2.3188743764172335,0.026397354497354496,2.292477021919879,7.919206349206349,10.211683371126227,0.22449550564815898,0.7755044943518411,86.84495342704238,0.17586238988242459,17.58623898824246,1.0
mu,5_to_10,outbreak_indicator,10.0,8.0,12.0,0.0033333333333333335,0.0,0.06666666666666667,0.0033333333333333335,0.056666666666666664,0.05333333333333333,0.06666666666666667,20.0,6.666666666666667,5.333333333333333,0.0006789115646258503,6.763492063492064e-05,0.0006112766439909297,0.020290476190476192,0.020901752834467123,0.029245233585526408,0.9707547664144736,9.037885137626981,0.18587598904289432,18.587598904289433,2.0
mu,5_to_10,peak_weekly_cases,10.0,8.0,12.0,10.126666666666667,8.7,11.693333333333333,8.7,11.693333333333333,2.993333333333334,2.993333333333334,0.29558920342330486,,,1.1484249433106584,0.015123761904761907,1.1333011814058964,4.537128571428572,5.670429752834469,0.19986160323023047,0.8001383967697695,74.93513773508046,0.15909660749459612,15.909660749459611,1.0
mu,all ages combined,cumulative_cases,10.0,8.0,12.0,131.17,112.81333333333333,148.17333333333335,112.81333333333333,148.17333333333335,35.360000000000014,35.360000000000014,0.26957383548067404,,,139.35712607709758,0.6359174338624338,138.72120864323514,190.77523015873015,329.49643880196527,0.42100973578840317,0.5789902642115969,218.14342752119657,0.1560772211229384,15.607722112293839,1.0
mu,all ages combined,final_week_cases,10.0,8.0,12.0,22.49,16.666666666666668,27.873333333333335,16.666666666666668,27.873333333333335,11.206666666666667,11.206666666666667,0.49829553875796656,,,13.744874376417235,0.08999219576719576,13.65488218065004,26.99765873015873,40.65254091080877,0.3358924651378791,0.6641075348621209,151.73407054067638,0.17474803369324857,17.474803369324857,1.0
mu,all ages combined,outbreak_indicator,10.0,8.0,12.0,1.0,1.0,1.0,1.0,1.0,0.0,0.0,0.0,0.0,0.0,0.0,0.0,0.0,0.0,0.0,0.0,0.0,0.0,0.0,0.0,2.0
mu,all ages combined,peak_weekly_cases,10.0,8.0,12.0,28.093333333333334,24.783333333333335,31.98,24.783333333333335,31.98,7.196666666666665,7.196666666666665,0.2561699098243948,,,5.7566975056689325,0.046159386243386245,5.7105381194255465,13.847815873015874,19.55835399244142,0.2919743717509387,0.7080256282490615,123.713475939983,0.16268516381258089,16.268516381258088,1.0
mu,under_1,cumulative_cases,10.0,8.0,12.0,13.743333333333334,11.713333333333333,15.956666666666667,11.713333333333333,15.956666666666667,4.243333333333334,4.243333333333334,0.30875576036866365,,,1.958909297052154,0.04913838624338625,1.9097709108087677,14.741515873015874,16.65128678382464,0.1146920917045254,0.8853079082954747,38.86515322968735,0.16632914238569418,16.63291423856942,1.0
mu,under_1,final_week_cases,10.0,8.0,12.0,2.183333333333333,1.6433333333333333,2.8733333333333335,1.6433333333333333,2.8733333333333335,1.2300000000000002,1.2300000000000002,0.5633587786259543,,,0.20130929705215425,0.00788484126984127,0.193424455782313,2.3654523809523806,2.5588768367346937,0.07558959188873512,0.9244104081112648,24.531179406507803,0.16693399676495502,16.693399676495503,2.0
mu,under_1,outbreak_indicator,10.0,8.0,12.0,0.0,0.0,0.0,0.0,0.0,0.0,0.0,0.0,0.0,0.0,0.0,0.0,0.0,0.0,0.0,0.0,0.0,0.0,0.0,0.0,1.0
mu,under_1,peak_weekly_cases,10.0,8.0,12.0,4.33,3.8533333333333335,5.05,3.8533333333333335,5.05,1.1966666666666663,1.1966666666666663,0.27636643571978436,,,0.14932607709750556,0.006183645502645502,0.14314243159486006,1.8550936507936506,1.9982360823885106,0.07163439438234974,0.9283656056176504,23.14855072685207,0.18533051730241384,18.533051730241386,2.0
noise_scale,11_to_14,cumulative_cases,0.03,0.024,0.036,7.16,7.13,7.31,7.13,7.22,0.08999999999999986,0.17999999999999972,0.025139664804469233,,,0.003337868480725608,0.026336465608465608,0.0,7.900939682539682,7.900939682539682,0.0,1.0,0.0,0.0,0.0,13.0
noise_scale,11_to_14,final_week_cases,0.03,0.024,0.036,1.2666666666666666,1.1833333333333333,1.37,1.1833333333333333,1.2833333333333334,0.10000000000000009,0.18666666666666676,0.14736842105263165,,,0.0037165532879818654,0.004634216931216931,0.0,1.3902650793650793,1.3902650793650793,0.0,1.0,0.0,0.0,0.0,12.0
noise_scale,11_to_14,outbreak_indicator,0.03,0.024,0.036,0.0,0.0,0.0,0.0,0.0,0.0,0.0,0.0,0.0,0.0,0.0,0.0,0.0,0.0,0.0,0.0,0.0,0.0,0.0,0.0,1.0
noise_scale,11_to_14,peak_weekly_cases,0.03,0.024,0.036,2.6933333333333334,2.6933333333333334,2.7266666666666666,2.6966666666666668,2.7,0.0033333333333334103,0.033333333333333215,0.012376237623762332,,,0.00013560090702947777,0.0034522910052910047,0.0,1.0356873015873014,1.0356873015873014,0.0,1.0,0.0,0.0,0.0,12.0
noise_scale,15_to_24,cumulative_cases,0.03,0.024,0.036,10.686666666666667,10.65,10.833333333333334,10.65,10.833333333333334,0.18333333333333357,0.18333333333333357,0.017155333749220233,,,0.00400907029478459,0.03804485185185185,0.0,11.413455555555556,11.413455555555556,0.0,1.0,0.0,0.0,0.0,13.0
noise_scale,15_to_24,final_week_cases,0.03,0.024,0.036,1.9466666666666668,1.8433333333333333,2.013333333333333,1.8433333333333333,2.013333333333333,0.16999999999999993,0.16999999999999993,0.08732876712328763,,,0.002536054421768706,0.0071250793650793655,0.0,2.1375238095238096,2.1375238095238096,0.0,1.0,0.0,0.0,0.0,11.0
noise_scale,15_to_24,outbreak_indicator,0.03,0.024,0.036,0.0,0.0,0.0,0.0,0.0,0.0,0.0,0.0,0.0,0.0,0.0,0.0,0.0,0.0,0.0,0.0,0.0,0.0,0.0,0.0,1.0
noise_scale,15_to_24,peak_weekly_cases,0.03,0.024,0.036,3.5366666666666666,3.5233333333333334,3.5933333333333333,3.5433333333333334,3.5933333333333333,0.04999999999999982,0.06999999999999984,0.01979264844486329,,,0.0004566893424036257,0.004551973544973545,0.0,1.3655920634920637,1.3655920634920637,0.0,1.0,0.0,0.0,0.0,12.0
noise_scale,1_to_4,cumulative_cases,0.03,0.024,0.036,15.04,14.906666666666666,15.096666666666666,14.906666666666666,15.026666666666667,0.120000000000001,0.1899999999999995,0.012632978723404223,,,0.003993650793650798,0.0527384761904762,0.0,15.821542857142859,15.821542857142859,0.0,1.0,0.0,0.0,0.0,13.0
noise_scale,1_to_4,final_week_cases,0.03,0.024,0.036,2.19,2.0933333333333333,2.21,2.1033333333333335,2.203333333333333,0.09999999999999964,0.1166666666666667,0.05327245053272452,,,0.001970975056689338,0.007281544973544974,0.0,2.184463492063492,2.184463492063492,0.0,1.0,0.0,0.0,0.0,14.0
noise_scale,1_to_4,outbreak_indicator,0.03,0.024,0.036,0.0,0.0,0.0,0.0,0.0,0.0,0.0,0.0,0.0,0.0,0.0,0.0,0.0,0.0,0.0,0.0,0.0,0.0,0.0,0.0,1.0
noise_scale,1_to_4,peak_weekly_cases,0.03,0.024,0.036,4.823333333333333,4.783333333333333,4.826666666666667,4.783333333333333,4.79,0.006666666666666821,0.04333333333333389,0.008984105044920641,,,0.00029659863945578343,0.006710730158730159,0.0,2.0132190476190477,2.0132190476190477,0.0,1.0,0.0,0.0,0.0,11.0
noise_scale,25_to_34,cumulative_cases,0.03,0.024,0.036,16.313333333333333,16.07,16.313333333333333,16.07,16.303333333333335,0.23333333333333428,0.2433333333333323,0.014916223947690987,,,0.006047165532879783,0.06570141798941799,0.0,19.710425396825396,19.710425396825396,0.0,1.0,0.0,0.0,0.0,12.0
noise_scale,25_to_34,final_week_cases,0.03,0.024,0.036,2.9,2.7466666666666666,2.9,2.8566666666666665,2.7466666666666666,-0.10999999999999988,0.15333333333333332,0.052873563218390804,,,0.0019664399092970486,0.010272111111111112,0.0,3.0816333333333334,3.0816333333333334,0.0,1.0,0.0,0.0,0.0,13.0
noise_scale,25_to_34,outbreak_indicator,0.03,0.024,0.036,0.0,0.0,0.0,0.0,0.0,0.0,0.0,0.0,0.0,0.0,0.0,0.0,0.0,0.0,0.0,0.0,0.0,0.0,0.0,0.0,1.0
noise_scale,25_to_34,peak_weekly_cases,0.03,0.024,0.036,4.973333333333334,4.923333333333333,4.98,4.98,4.923333333333333,-0.05666666666666753,0.05666666666666753,0.011394101876675776,,,0.0004190476190476274,0.006529777777777778,0.0,1.9589333333333332,1.9589333333333332,0.0,1.0,0.0,0.0,0.0,13.0
noise_scale,35_and_over,cumulative_cases,0.03,0.024,0.036,28.006666666666668,27.936666666666667,28.293333333333333,28.293333333333333,28.046666666666667,-0.24666666666666615,0.3566666666666656,0.012735063080218956,,,0.012422222222222116,0.14263548148148147,0.0,42.790644444444446,42.790644444444446,0.0,1.0,0.0,0.0,0.0,12.0
noise_scale,35_and_over,final_week_cases,0.03,0.024,0.036,5.0,4.97,5.163333333333333,5.163333333333333,5.1,-0.06333333333333346,0.19333333333333336,0.03866666666666667,,,0.005193650793650773,0.019294714285714287,0.0,5.788414285714286,5.788414285714286,0.0,1.0,0.0,0.0,0.0,14.0
noise_scale,35_and_over,outbreak_indicator,0.03,0.024,0.036,0.0,0.0,0.0,0.0,0.0,0.0,0.0,0.0,0.0,0.0,0.0,0.0,0.0,0.0,0.0,0.0,0.0,0.0,0.0,0.0,2.0
noise_scale,35_and_over,peak_weekly_cases,0.03,0.024,0.036,7.526666666666666,7.47,7.6,7.6,7.586666666666667,-0.013333333333332753,0.1299999999999999,0.01727192205491584,,,0.0018362811791383254,0.01272420105820106,0.0,3.8172603174603177,3.8172603174603177,0.0,1.0,0.0,0.0,0.0,11.0
noise_scale,5_to_10,cumulative_cases,0.03,0.024,0.036,40.22,39.96,40.22666666666667,39.96,40.086666666666666,0.12666666666666515,0.2666666666666657,0.006630200563567025,,,0.009574603174603055,0.17040349206349206,0.0,51.121047619047616,51.121047619047616,0.0,1.0,0.0,0.0,0.0,14.0
noise_scale,5_to_10,final_week_cases,0.03,0.024,0.036,7.003333333333333,6.886666666666667,7.003333333333333,6.923333333333333,6.923333333333333,0.0,0.11666666666666625,0.01665873393622079,,,0.001499773242630387,0.026606619047619046,0.0,7.981985714285714,7.981985714285714,0.0,1.0,0.0,0.0,0.0,13.0
noise_scale,5_to_10,outbreak_indicator,0.03,0.024,0.036,0.0033333333333333335,0.0033333333333333335,0.013333333333333334,0.0033333333333333335,0.01,0.006666666666666666,0.01,3.0,1.0,0.6666666666666666,1.4058956916099775e-05,2.3592592592592595e-05,0.0,0.007077777777777778,0.007077777777777778,0.0,1.0,0.0,0.0,0.0,10.0
noise_scale,5_to_10,peak_weekly_cases,0.03,0.024,0.036,10.126666666666667,10.113333333333333,10.206666666666667,10.133333333333333,10.16,0.026666666666667282,0.09333333333333371,0.009216589861751188,,,0.0009378684807256335,0.013569206349206348,0.0,4.070761904761905,4.070761904761905,0.0,1.0,0.0,0.0,0.0,13.0
noise_scale,all ages combined,cumulative_cases,0.03,0.024,0.036,131.17,130.58666666666667,131.25666666666666,130.58666666666667,131.25666666666666,0.6699999999999875,0.6699999999999875,0.005107875276358829,,,0.053970975056688006,0.6675253121693122,0.0,200.25759365079367,200.25759365079367,0.0,1.0,0.0,0.0,0.0,14.0
noise_scale,all ages combined,final_week_cases,0.03,0.024,0.036,22.49,22.183333333333334,22.49,22.2,22.456666666666667,0.2566666666666677,0.30666666666666487,0.013635689936267893,,,0.012482539682539645,0.09028832275132274,0.0,27.086496825396825,27.086496825396825,0.0,1.0,0.0,0.0,0.0,14.0
noise_scale,all ages combined,outbreak_indicator,0.03,0.024,0.036,1.0,1.0,1.0,1.0,1.0,0.0,0.0,0.0,0.0,0.0,0.0,0.0,0.0,0.0,0.0,0.0,0.0,0.0,0.0,0.0,2.0
noise_scale,all ages combined,peak_weekly_cases,0.03,0.024,0.036,28.093333333333334,28.0,28.173333333333332,28.0,28.166666666666668,0.16666666666666785,0.173333333333332,0.006169909824394827,,,0.0038281179138321825,0.044479164021164024,0.0,13.343749206349207,13.343749206349207,0.0,1.0,0.0,0.0,0.0,13.0
noise_scale,under_1,cumulative_cases,0.03,0.024,0.036,13.743333333333334,13.576666666666666,13.743333333333334,13.576666666666666,13.74,0.163333333333334,0.16666666666666785,0.012127091923356864,,,0.003192743764172366,0.04986495767195767,0.0,14.959487301587302,14.959487301587302,0.0,1.0,0.0,0.0,0.0,12.0
noise_scale,under_1,final_week_cases,0.03,0.024,0.036,2.183333333333333,2.1266666666666665,2.1866666666666665,2.1266666666666665,2.1866666666666665,0.06000000000000005,0.06000000000000005,0.027480916030534378,,,0.0005641723356009069,0.007321338624338624,0.0,2.196401587301587,2.196401587301587,0.0,1.0,0.0,0.0,0.0,13.0
noise_scale,under_1,outbreak_indicator,0.03,0.024,0.036,0.0,0.0,0.0,0.0,0.0,0.0,0.0,0.0,0.0,0.0,0.0,0.0,0.0,0.0,0.0,0.0,0.0,0.0,0.0,0.0,1.0
noise_scale,under_1,peak_weekly_cases,0.03,0.024,0.036,4.33,4.256666666666667,4.33,4.256666666666667,4.316666666666666,0.05999999999999961,0.07333333333333325,0.01693610469591992,,,0.0005727891156462577,0.00580268253968254,0.0,1.740804761904762,1.740804761904762,0.0,1.0,0.0,0.0,0.0,12.0
nu,11_to_14,cumulative_cases,0.003,0.0024000000000000002,0.0036,7.16,7.153333333333333,7.173333333333333,7.153333333333333,7.153333333333333,0.0,0.019999999999999574,0.002793296089385415,,,4.399092970521395e-05,0.026952544973544976,0.0,8.085763492063492,8.085763492063492,0.0,1.0,0.0,0.0,0.0,13.0
nu,11_to_14,final_week_cases,0.003,0.0024000000000000002,0.0036,1.2666666666666666,1.2466666666666666,1.2766666666666666,1.2766666666666666,1.2566666666666666,-0.020000000000000018,0.030000000000000027,0.02368421052631581,,,0.00011700680272108882,0.004627349206349205,0.0,1.3882047619047617,1.3882047619047617,0.0,1.0,0.0,0.0,0.0,12.0
nu,11_to_14,outbreak_indicator,0.003,0.0024000000000000002,0.0036,0.0,0.0,0.0,0.0,0.0,0.0,0.0,0.0,0.0,0.0,0.0,0.0,0.0,0.0,0.0,0.0,0.0,0.0,0.0,0.0,1.0
nu,11_to_14,peak_weekly_cases,0.003,0.0024000000000000002,0.0036,2.6933333333333334,2.683333333333333,2.6966666666666668,2.683333333333333,2.69,0.006666666666666821,0.013333333333333641,0.004950495049505065,,,2.4943310657597525e-05,0.0034613492063492062,0.0,1.0384047619047618,1.0384047619047618,0.0,1.0,0.0,0.0,0.0,12.0
nu,15_to_24,cumulative_cases,0.003,0.0024000000000000002,0.0036,10.686666666666667,10.67,10.726666666666667,10.726666666666667,10.703333333333333,-0.023333333333333428,0.05666666666666664,0.005302557704304427,,,0.0003328798185941064,0.0387420582010582,0.0,11.62261746031746,11.62261746031746,0.0,1.0,0.0,0.0,0.0,13.0
nu,15_to_24,final_week_cases,0.003,0.0024000000000000002,0.0036,1.9466666666666668,1.92,1.95,1.92,1.94,0.020000000000000018,0.030000000000000027,0.015410958904109602,,,0.00014603174603174622,0.00700973544973545,0.0,2.102920634920635,2.102920634920635,0.0,1.0,0.0,0.0,0.0,11.0
nu,15_to_24,outbreak_indicator,0.003,0.0024000000000000002,0.0036,0.0,0.0,0.0,0.0,0.0,0.0,0.0,0.0,0.0,0.0,0.0,0.0,0.0,0.0,0.0,0.0,0.0,0.0,0.0,0.0,1.0
nu,15_to_24,peak_weekly_cases,0.003,0.0024000000000000002,0.0036,3.5366666666666666,3.5366666666666666,3.56,3.56,3.5533333333333332,-0.006666666666666821,0.023333333333333428,0.006597549481621139,,,5.6235827664398666e-05,0.004616063492063492,0.0,1.3848190476190474,1.3848190476190474,0.0,1.0,0.0,0.0,0.0,12.0
nu,1_to_4,cumulative_cases,0.003,0.0024000000000000002,0.0036,15.04,15.03,15.113333333333333,15.113333333333333,15.03,-0.08333333333333393,0.08333333333333393,0.005540780141844012,,,0.0006757369614512505,0.05210821164021164,0.0,15.632463492063494,15.632463492063494,0.0,1.0,0.0,0.0,0.0,13.0
nu,1_to_4,final_week_cases,0.003,0.0024000000000000002,0.0036,2.19,2.15,2.203333333333333,2.203333333333333,2.15,-0.05333333333333323,0.05333333333333323,0.024353120243531156,,,0.0003709750566893407,0.0069122751322751325,0.0,2.07368253968254,2.07368253968254,0.0,1.0,0.0,0.0,0.0,14.0
nu,1_to_4,outbreak_indicator,0.003,0.0024000000000000002,0.0036,0.0,0.0,0.0,0.0,0.0,0.0,0.0,0.0,0.0,0.0,0.0,0.0,0.0,0.0,0.0,0.0,0.0,0.0,0.0,0.0,1.0
nu,1_to_4,peak_weekly_cases,0.003,0.0024000000000000002,0.0036,4.823333333333333,4.8133333333333335,4.83,4.83,4.82,-0.009999999999999787,0.016666666666666607,0.0034554250172771127,,,2.448979591836727e-05,0.00684226455026455,0.0,2.052679365079365,2.052679365079365,0.0,1.0,0.0,0.0,0.0,11.0
nu,25_to_34,cumulative_cases,0.003,0.0024000000000000002,0.0036,16.313333333333333,16.166666666666668,16.4,16.4,16.166666666666668,-0.23333333333333073,0.23333333333333073,0.01430322844299126,,,0.004948752834467039,0.0668781798941799,0.0,20.06345396825397,20.06345396825397,0.0,1.0,0.0,0.0,0.0,12.0
nu,25_to_34,final_week_cases,0.003,0.0024000000000000002,0.0036,2.9,2.8266666666666667,2.9466666666666668,2.9466666666666668,2.8266666666666667,-0.1200000000000001,0.1200000000000001,0.04137931034482763,,,0.0012879818594104307,0.010812978835978836,0.0,3.243893650793651,3.243893650793651,0.0,1.0,0.0,0.0,0.0,13.0
nu,25_to_34,outbreak_indicator,0.003,0.0024000000000000002,0.0036,0.0,0.0,0.0,0.0,0.0,0.0,0.0,0.0,0.0,0.0,0.0,0.0,0.0,0.0,0.0,0.0,0.0,0.0,0.0,0.0,1.0
nu,25_to_34,peak_weekly_cases,0.003,0.0024000000000000002,0.0036,4.973333333333334,4.94,5.003333333333333,5.003333333333333,4.94,-0.06333333333333258,0.06333333333333258,0.012734584450401992,,,0.0003664399092970475,0.006603116402116403,0.0,1.9809349206349207,1.9809349206349207,0.0,1.0,0.0,0.0,0.0,13.0
nu,35_and_over,cumulative_cases,0.003,0.0024000000000000002,0.0036,28.006666666666668,27.976666666666667,28.033333333333335,28.0,28.033333333333335,0.03333333333333499,0.05666666666666842,0.0020233277791002766,,,0.00024716553287982965,0.13592291005291007,0.0,40.77687301587302,40.77687301587302,0.0,1.0,0.0,0.0,0.0,12.0
nu,35_and_over,final_week_cases,0.003,0.0024000000000000002,0.0036,5.0,4.993333333333333,5.073333333333333,5.036666666666667,5.073333333333333,0.03666666666666618,0.08000000000000007,0.016000000000000014,,,0.000748299319727894,0.019048809523809523,0.0,5.714642857142857,5.714642857142857,0.0,1.0,0.0,0.0,0.0,14.0
nu,35_and_over,outbreak_indicator,0.003,0.0024000000000000002,0.0036,0.0,0.0,0.0,0.0,0.0,0.0,0.0,0.0,0.0,0.0,0.0,0.0,0.0,0.0,0.0,0.0,0.0,0.0,0.0,0.0,2.0
nu,35_and_over,peak_weekly_cases,0.003,0.0024000000000000002,0.0036,7.526666666666666,7.52,7.55,7.52,7.55,0.03000000000000025,0.03000000000000025,0.003985828166519077,,,9.659863945578338e-05,0.012906105820105818,0.0,3.8718317460317455,3.8718317460317455,0.0,1.0,0.0,0.0,0.0,11.0
nu,5_to_10,cumulative_cases,0.003,0.0024000000000000002,0.0036,40.22,40.03666666666667,40.336666666666666,40.32,40.03666666666667,-0.28333333333333144,0.29999999999999716,0.007458975634012858,,,0.010156916099773147,0.1697895873015873,0.0,50.93687619047619,50.93687619047619,0.0,1.0,0.0,0.0,0.0,14.0
nu,5_to_10,final_week_cases,0.003,0.0024000000000000002,0.0036,7.003333333333333,6.94,7.053333333333334,7.033333333333333,6.94,-0.09333333333333282,0.11333333333333329,0.016182770109471674,,,0.0012086167800453515,0.024919777777777773,0.0,7.475933333333332,7.475933333333332,0.0,1.0,0.0,0.0,0.0,13.0
nu,5_to_10,outbreak_indicator,0.003,0.0024000000000000002,0.0036,0.0033333333333333335,0.0033333333333333335,0.0033333333333333335,0.0033333333333333335,0.0033333333333333335,0.0,0.0,0.0,0.0,0.0,0.0,1.1074074074074073e-05,0.0,0.003322222222222222,0.003322222222222222,0.0,1.0,0.0,0.0,0.0,10.0
nu,5_to_10,peak_weekly_cases,0.003,0.0024000000000000002,0.0036,10.126666666666667,10.093333333333334,10.143333333333333,10.13,10.093333333333334,-0.03666666666666707,0.049999999999998934,0.00493745885450944,,,0.00027936507936507366,0.012887576719576719,0.0,3.866273015873016,3.866273015873016,0.0,1.0,0.0,0.0,0.0,13.0
nu,all ages combined,cumulative_cases,0.003,0.0024000000000000002,0.0036,131.17,130.85333333333332,131.43333333333334,131.43333333333334,130.85333333333332,-0.5800000000000125,0.5800000000000125,0.004421742776549611,,,0.036556916099773885,0.6789917301587303,0.0,203.69751904761907,203.69751904761907,0.0,1.0,0.0,0.0,0.0,14.0
nu,all ages combined,final_week_cases,0.003,0.0024000000000000002,0.0036,22.49,22.4,22.566666666666666,22.566666666666666,22.4,-0.16666666666666785,0.16666666666666785,0.007410701052319602,,,0.0028752834467120733,0.08944768253968255,0.0,26.834304761904765,26.834304761904765,0.0,1.0,0.0,0.0,0.0,14.0
nu,all ages combined,outbreak_indicator,0.003,0.0024000000000000002,0.0036,1.0,1.0,1.0,1.0,1.0,0.0,0.0,0.0,0.0,0.0,0.0,0.0,0.0,0.0,0.0,0.0,0.0,0.0,0.0,0.0,2.0
nu,all ages combined,peak_weekly_cases,0.003,0.0024000000000000002,0.0036,28.093333333333334,27.993333333333332,28.16,28.16,27.993333333333332,-0.16666666666666785,0.16666666666666785,0.005932605600379729,,,0.003046712018140664,0.04570248148148148,0.0,13.710744444444444,13.710744444444444,0.0,1.0,0.0,0.0,0.0,13.0
nu,under_1,cumulative_cases,0.003,0.0024000000000000002,0.0036,13.743333333333334,13.72,13.743333333333334,13.72,13.73,0.009999999999999787,0.023333333333333428,0.0016977928692699558,,,5.351473922902572e-05,0.051891476190476196,0.0,15.56744285714286,15.56744285714286,0.0,1.0,0.0,0.0,0.0,12.0
nu,under_1,final_week_cases,0.003,0.0024000000000000002,0.0036,2.183333333333333,2.15,2.2133333333333334,2.15,2.2133333333333334,0.06333333333333346,0.06333333333333346,0.02900763358778632,,,0.0003233560090702957,0.007874915343915344,0.0,2.3624746031746033,2.3624746031746033,0.0,1.0,0.0,0.0,0.0,13.0
nu,under_1,outbreak_indicator,0.003,0.0024000000000000002,0.0036,0.0,0.0,0.0,0.0,0.0,0.0,0.0,0.0,0.0,0.0,0.0,0.0,0.0,0.0,0.0,0.0,0.0,0.0,0.0,0.0,1.0
nu,under_1,peak_weekly_cases,0.003,0.0024000000000000002,0.0036,4.33,4.323333333333333,4.34,4.326666666666667,4.326666666666667,0.0,0.016666666666666607,0.003849114703618154,,,2.4489795918366186e-05,0.006078693121693121,0.0,1.8236079365079365,1.8236079365079365,0.0,1.0,0.0,0.0,0.0,12.0
phi,11_to_14,cumulative_cases,0.12,0.096,0.144,7.16,6.733333333333333,7.6466666666666665,7.6466666666666665,6.733333333333333,-0.9133333333333331,0.9133333333333331,0.12756052141527,,,0.07886303854875283,0.025583968253968258,0.05327907029478457,7.675190476190477,7.728469546485262,0.006893870768891717,0.9931061292311082,2.0825178395271267,0.026431238185949626,2.6431238185949626,9.0
phi,11_to_14,final_week_cases,0.12,0.096,0.144,1.2666666666666666,1.0266666666666666,1.49,1.49,1.0266666666666666,-0.4633333333333334,0.4633333333333334,0.36578947368421055,,,0.020398185941043083,0.004353529100529101,0.016044656840513982,1.3060587301587303,1.3221033869992442,0.012135705118289025,0.987864294881711,3.685436911071529,0.06194569003628433,6.194569003628433,6.0
phi,11_to_14,outbreak_indicator,0.12,0.096,0.144,0.0,0.0,0.0,0.0,0.0,0.0,0.0,0.0,0.0,0.0,0.0,0.0,0.0,0.0,0.0,0.0,0.0,0.0,0.0,0.0,1.0
phi,11_to_14,peak_weekly_cases,0.12,0.096,0.144,2.6933333333333334,2.566666666666667,2.83,2.83,2.566666666666667,-0.2633333333333332,0.2633333333333332,0.09777227722772272,,,0.005293424036281176,0.003327433862433862,0.0019659901738473136,0.9982301587301586,1.0001961489040059,0.001965604622654871,0.9980343953773452,0.5908427500371966,0.013904042546058523,1.3904042546058524,10.0
phi,15_to_24,cumulative_cases,0.12,0.096,0.144,10.686666666666667,10.23,11.49,11.49,10.23,-1.2599999999999998,1.2599999999999998,0.11790393013100434,,,0.15512925170068023,0.03860408994708994,0.11652516175359029,11.581226984126983,11.697752145880575,0.00996132934776065,0.9900386706522393,3.0184667457074505,0.023825008887764974,2.3825008887764976,9.0
phi,15_to_24,final_week_cases,0.12,0.096,0.144,1.9466666666666668,1.69,2.03,1.9966666666666666,1.69,-0.30666666666666664,0.33999999999999986,0.17465753424657526,,,0.011783219954648523,0.006642201058201059,0.005141018896447464,1.9926603174603177,1.997801336356765,0.002573338401015759,0.9974266615989843,0.7739932669005705,0.01758809685863079,1.7588096858630788,8.0
phi,15_to_24,outbreak_indicator,0.12,0.096,0.144,0.0,0.0,0.0,0.0,0.0,0.0,0.0,0.0,0.0,0.0,0.0,0.0,0.0,0.0,0.0,0.0,0.0,0.0,0.0,0.0,1.0
phi,15_to_24,peak_weekly_cases,0.12,0.096,0.144,3.5366666666666666,3.43,3.7133333333333334,3.7133333333333334,3.43,-0.2833333333333332,0.2833333333333332,0.08011310084825633,,,0.007715646258503404,0.004338915343915345,0.0033767309145880595,1.3016746031746034,1.3050513340891914,0.002587431487470732,0.9974125685125294,0.7782430969351363,0.011790168667958546,1.1790168667958547,10.0
phi,1_to_4,cumulative_cases,0.12,0.096,0.144,15.04,14.12,15.603333333333333,15.603333333333333,14.12,-1.4833333333333343,1.4833333333333343,0.09862588652482276,,,0.2600662131519275,0.05129723280423281,0.2087689803476947,15.389169841269844,15.59793882161754,0.013384395382956433,0.9866156046170436,4.069790297352415,0.020585260675133762,2.0585260675133763,9.0
phi,1_to_4,final_week_cases,0.12,0.096,0.144,2.19,1.8766666666666667,2.3566666666666665,2.3466666666666667,1.8766666666666667,-0.47,0.47999999999999976,0.21917808219178073,,,0.02999818594104306,0.007396910052910052,0.02260127588813301,2.2190730158730156,2.2416742917611487,0.010082319260741731,0.9899176807392582,3.055502328197345,0.03140715561017957,3.140715561017957,8.0
phi,1_to_4,outbreak_indicator,0.12,0.096,0.144,0.0,0.0,0.0,0.0,0.0,0.0,0.0,0.0,0.0,0.0,0.0,0.0,0.0,0.0,0.0,0.0,0.0,0.0,0.0,0.0,1.0
phi,1_to_4,peak_weekly_cases,0.12,0.096,0.144,4.823333333333333,4.63,4.87,4.87,4.63,-0.2400000000000002,0.2400000000000002,0.049758120248790644,,,0.008113832199546468,0.006885137566137566,0.0012286946334089015,2.06554126984127,2.0667699644746786,0.0005944999465488192,0.9994055000534512,0.17845607609234398,0.0038237588311703244,0.38237588311703247,10.0
phi,25_to_34,cumulative_cases,0.12,0.096,0.144,16.313333333333333,15.443333333333333,16.8,16.8,15.443333333333333,-1.3566666666666674,1.3566666666666674,0.08316305680425015,,,0.2404839002267578,0.06835243386243386,0.17213146636432394,20.50573015873016,20.677861625094483,0.00832443264614106,0.991675567353859,2.5182931555993426,0.016066479872844007,1.6066479872844006,10.0
phi,25_to_34,final_week_cases,0.12,0.096,0.144,2.9,2.683333333333333,3.026666666666667,3.026666666666667,2.683333333333333,-0.3433333333333337,0.3433333333333337,0.11839080459770128,,,0.0170340136054422,0.010449931216931217,0.006584082388510984,3.134979365079365,3.1415634474678757,0.0020957979995017465,0.9979042020004983,0.6300598780825756,0.008710292818960142,0.8710292818960143,11.0
phi,25_to_34,outbreak_indicator,0.12,0.096,0.144,0.0,0.0,0.0,0.0,0.0,0.0,0.0,0.0,0.0,0.0,0.0,0.0,0.0,0.0,0.0,0.0,0.0,0.0,0.0,0.0,1.0
phi,25_to_34,peak_weekly_cases,0.12,0.096,0.144,4.973333333333334,4.73,5.043333333333333,5.043333333333333,4.736666666666666,-0.30666666666666664,0.3133333333333326,0.0630026809651473,,,0.015935600907029463,0.006736767195767196,0.009198833711262268,2.021030158730159,2.030228992441421,0.004530934069757495,0.9954690659302425,1.3654670621603227,0.013269313915571847,1.3269313915571848,10.0
phi,35_and_over,cumulative_cases,0.12,0.096,0.144,28.006666666666668,27.533333333333335,29.53,29.53,27.533333333333335,-1.9966666666666661,1.9966666666666661,0.07129254939300164,,,0.488046712018141,0.14110333333333333,0.3469433786848076,42.331,42.67794337868481,0.008129336870953486,0.9918706631290466,2.458789388520051,0.016130767003054065,1.6130767003054065,10.0
phi,35_and_over,final_week_cases,0.12,0.096,0.144,5.0,4.946666666666666,5.6033333333333335,5.6033333333333335,4.99,-0.6133333333333333,0.6566666666666672,0.13133333333333344,,,0.048925170068027254,0.019804867724867725,0.02912030234315953,5.941460317460318,5.970580619803477,0.0048772982390644,0.9951227017609356,1.470360860153335,0.017002325369826737,1.7002325369826736,10.0
phi,35_and_over,outbreak_indicator,0.12,0.096,0.144,0.0,0.0,0.0,0.0,0.0,0.0,0.0,0.0,0.0,0.0,0.0,0.0,0.0,0.0,0.0,0.0,0.0,0.0,0.0,0.0,2.0
phi,35_and_over,peak_weekly_cases,0.12,0.096,0.144,7.526666666666666,7.503333333333333,7.95,7.95,7.503333333333333,-0.4466666666666672,0.4466666666666672,0.059344552701505834,,,0.02204353741496603,0.013317507936507935,0.008726029478458094,3.9952523809523806,4.003978410430839,0.0021793397925737442,0.9978206602074262,0.6552299063803825,0.007319325131221441,0.731932513122144,10.0
phi,5_to_10,cumulative_cases,0.12,0.096,0.144,40.22,37.71333333333333,43.22,43.22,37.71333333333333,-5.506666666666668,5.506666666666668,0.13691364163765957,,,3.5764185941043087,0.1730673544973545,3.403351239606954,51.920206349206346,55.3235575888133,0.06151721595530814,0.9384827840446919,19.664894338342577,0.025473087899822326,2.5473087899822326,9.0
phi,5_to_10,final_week_cases,0.12,0.096,0.144,7.003333333333333,6.166666666666667,8.123333333333333,8.123333333333333,6.166666666666667,-1.956666666666666,1.956666666666666,0.279390766301761,,,0.45730068027210874,0.02780015343915344,0.4295005268329553,8.340046031746033,8.769546558578988,0.048976366561710956,0.9510236334382891,15.44957396630953,0.032948198992785276,3.2948198992785276,7.0
phi,5_to_10,outbreak_indicator,0.12,0.096,0.144,0.0033333333333333335,0.0,0.02,0.02,0.0,-0.02,0.02,6.0,2.0,-2.0,4.399092970521542e-05,2.817989417989418e-05,1.581103552532124e-05,0.008453968253968254,0.008469779289493575,0.0018667588593405497,0.9981332411406594,0.5610750496218013,0.004807793484262473,0.4807793484262473,9.0
phi,5_to_10,peak_weekly_cases,0.12,0.096,0.144,10.126666666666667,9.556666666666667,11.016666666666667,11.016666666666667,9.556666666666667,-1.4600000000000009,1.4600000000000009,0.1441737985516788,,,0.2396471655328801,0.014348338624338621,0.22529882690854147,4.304501587301586,4.529800414210127,0.049737031724791214,0.9502629682752088,15.702084597193322,0.03162820230117046,3.162820230117046,9.0
phi,all ages combined,cumulative_cases,0.12,0.096,0.144,131.17,124.72333333333333,138.86,138.86,124.72333333333333,-14.136666666666684,14.136666666666684,0.10777362709969265,,,22.208317460317513,0.6548198783068784,21.553497582010635,196.44596349206353,217.99946107407416,0.09886949938232627,0.9011305006176737,32.915154680001464,0.02425014920920847,2.4250149209208467,9.0
phi,all ages combined,final_week_cases,0.12,0.096,0.144,22.49,20.343333333333334,25.14666666666667,25.14666666666667,20.343333333333334,-4.803333333333335,4.803333333333335,0.2135764043278495,,,2.5013378684807273,0.08794021164021164,2.4133976568405155,26.38206349206349,28.795461148904007,0.08381173839726379,0.9161882616027361,27.443618929579227,0.030885399776675104,3.0885399776675104,8.0
phi,all ages combined,outbreak_indicator,0.12,0.096,0.144,1.0,1.0,1.0,1.0,1.0,0.0,0.0,0.0,0.0,0.0,0.0,0.0,0.0,0.0,0.0,0.0,0.0,0.0,0.0,0.0,2.0
phi,all ages combined,peak_weekly_cases,0.12,0.096,0.144,28.093333333333334,26.82,29.776666666666667,29.776666666666667,26.82,-2.956666666666667,2.956666666666667,0.10524442335073565,,,0.9308031746031745,0.04371313227513227,0.8870900423280422,13.113939682539682,14.001029724867724,0.0633589142913146,0.9366410857086854,20.293444925077907,0.0252719421242852,2.52719421242852,9.0
phi,under_1,cumulative_cases,0.12,0.096,0.144,13.743333333333334,12.95,14.57,14.57,12.95,-1.620000000000001,1.620000000000001,0.11787533349502796,,,0.26136961451247204,0.05168218518518519,0.20968742932728685,15.504655555555557,15.714342984882844,0.013343696871641761,0.9866563031283582,4.0572477455421945,0.01826246807492653,1.826246807492653,9.0
phi,under_1,final_week_cases,0.12,0.096,0.144,2.183333333333333,1.91,2.56,2.56,1.91,-0.6500000000000001,0.6500000000000001,0.29770992366412224,,,0.03751428571428573,0.007280015873015872,0.030234269841269857,2.184004761904762,2.2142390317460316,0.013654474249525225,0.9863455257504747,4.153049988989212,0.026093533433815333,2.6093533433815335,8.0
phi,under_1,outbreak_indicator,0.12,0.096,0.144,0.0,0.0,0.0,0.0,0.0,0.0,0.0,0.0,0.0,0.0,0.0,0.0,0.0,0.0,0.0,0.0,0.0,0.0,0.0,0.0,1.0
phi,under_1,peak_weekly_cases,0.12,0.096,0.144,4.33,4.076666666666667,4.53,4.53,4.076666666666667,-0.45333333333333314,0.45333333333333314,0.10469591993841412,,,0.023744217687074822,0.0059224391534391544,0.017821778533635667,1.7767317460317462,1.7945535245653819,0.009931037603323577,0.9900689623966764,3.009195716816538,0.02307435606680272,2.307435606680272,8.0
psi,11_to_14,cumulative_cases,0.3333333333333333,0.26666666666666666,0.39999999999999997,7.16,6.793333333333333,7.413333333333333,7.39,6.793333333333333,-0.5966666666666667,0.6200000000000001,0.08659217877094974,,,0.051990022675736984,0.024434544973544973,0.02755547770219201,7.3303634920634915,7.3579189697656835,0.0037450096712698003,0.9962549903287302,1.12772624708281,0.01367000945107625,1.367000945107625,11.0
psi,11_to_14,final_week_cases,0.3333333333333333,0.26666666666666666,0.39999999999999997,1.2666666666666666,1.0933333333333333,1.3533333333333333,1.3533333333333333,1.1166666666666667,-0.23666666666666658,0.26,0.20526315789473687,,,0.01134512471655329,0.004312338624338625,0.007032786092214666,1.2937015873015874,1.300734373393802,0.005406781150762643,0.9945932188492375,1.6308520051097033,0.027152390461837084,2.7152390461837084,10.0
psi,11_to_14,outbreak_indicator,0.3333333333333333,0.26666666666666666,0.39999999999999997,0.0,0.0,0.0,0.0,0.0,0.0,0.0,0.0,0.0,0.0,0.0,0.0,0.0,0.0,0.0,0.0,0.0,0.0,0.0,0.0,1.0
psi,11_to_14,peak_weekly_cases,0.3333333333333333,0.26666666666666666,0.39999999999999997,2.6933333333333334,2.546666666666667,2.7266666666666666,2.703333333333333,2.546666666666667,-0.1566666666666663,0.17999999999999972,0.06683168316831672,,,0.003577324263038538,0.0029875396825396823,0.0005897845804988559,0.8962619047619047,0.8968516893424036,0.0006576166243621644,0.9993423833756379,0.19741481056997542,0.0041711245607183,0.41711245607183,11.0
psi,15_to_24,cumulative_cases,0.3333333333333333,0.26666666666666666,0.39999999999999997,10.686666666666667,10.676666666666666,10.99,10.99,10.676666666666666,-0.31333333333333435,0.31333333333333435,0.029320024953212818,,,0.010774149659863933,0.03767085185185186,0.0,11.301255555555556,11.301255555555556,0.0,1.0,0.0,0.0,0.0,13.0
psi,15_to_24,final_week_cases,0.3333333333333333,0.26666666666666666,0.39999999999999997,1.9466666666666668,1.82,2.0533333333333332,2.0533333333333332,1.8533333333333333,-0.19999999999999996,0.23333333333333317,0.11986301369863005,,,0.0049410430839002244,0.0068431481481481485,0.0,2.0529444444444445,2.0529444444444445,0.0,1.0,0.0,0.0,0.0,11.0
psi,15_to_24,outbreak_indicator,0.3333333333333333,0.26666666666666666,0.39999999999999997,0.0,0.0,0.0,0.0,0.0,0.0,0.0,0.0,0.0,0.0,0.0,0.0,0.0,0.0,0.0,0.0,0.0,0.0,0.0,0.0,1.0
psi,15_to_24,peak_weekly_cases,0.3333333333333333,0.26666666666666666,0.39999999999999997,3.5366666666666666,3.5366666666666666,3.763333333333333,3.763333333333333,3.61,-0.15333333333333332,0.22666666666666657,0.06409048067860507,,,0.004421315192743762,0.0047147037037037045,0.0,1.4144111111111113,1.4144111111111113,0.0,1.0,0.0,0.0,0.0,12.0
psi,1_to_4,cumulative_cases,0.3333333333333333,0.26666666666666666,0.39999999999999997,15.04,14.49,15.123333333333333,15.073333333333334,14.49,-0.5833333333333339,0.6333333333333329,0.042109929078014155,,,0.0794698412698412,0.05331643386243386,0.026153407407407347,15.994930158730156,16.021083566137563,0.0016324368635518285,0.9983675631364483,0.490531821293373,0.002578806047372638,0.25788060473726376,12.0
psi,1_to_4,final_week_cases,0.3333333333333333,0.26666666666666666,0.39999999999999997,2.19,1.99,2.263333333333333,2.21,1.99,-0.21999999999999997,0.2733333333333332,0.12480974124809736,,,0.01068072562358276,0.0075443968253968265,0.003136328798185934,2.263319047619048,2.266455376417234,0.0013838034628079808,0.998616196537192,0.4157163085096557,0.004358301146221264,0.43583011462212634,11.0
psi,1_to_4,outbreak_indicator,0.3333333333333333,0.26666666666666666,0.39999999999999997,0.0,0.0,0.0,0.0,0.0,0.0,0.0,0.0,0.0,0.0,0.0,0.0,0.0,0.0,0.0,0.0,0.0,0.0,0.0,0.0,1.0
psi,1_to_4,peak_weekly_cases,0.3333333333333333,0.26666666666666666,0.39999999999999997,4.823333333333333,4.71,4.833333333333333,4.763333333333334,4.77,0.0066666666666659324,0.12333333333333307,0.025570145127850673,,,0.0018947845804988632,0.00740973544973545,0.0,2.222920634920635,2.222920634920635,0.0,1.0,0.0,0.0,0.0,11.0
psi,25_to_34,cumulative_cases,0.3333333333333333,0.26666666666666666,0.39999999999999997,16.313333333333333,15.826666666666666,16.48,16.48,15.826666666666666,-0.6533333333333342,0.6533333333333342,0.040049039640376025,,,0.04012834467120184,0.06524555555555556,0.0,19.573666666666668,19.573666666666668,0.0,1.0,0.0,0.0,0.0,12.0
psi,25_to_34,final_week_cases,0.3333333333333333,0.26666666666666666,0.39999999999999997,2.9,2.6633333333333336,3.15,3.1266666666666665,2.6633333333333336,-0.46333333333333293,0.48666666666666636,0.1678160919540229,,,0.02884988662131516,0.010375788359788361,0.0184740982615268,3.1127365079365084,3.131210606198035,0.00589998584731365,0.9941000141526863,1.7805006830250751,0.024439974460971542,2.4439974460971543,9.0
psi,25_to_34,outbreak_indicator,0.3333333333333333,0.26666666666666666,0.39999999999999997,0.0,0.0,0.0,0.0,0.0,0.0,0.0,0.0,0.0,0.0,0.0,0.0,0.0,0.0,0.0,0.0,0.0,0.0,0.0,0.0,1.0
psi,25_to_34,peak_weekly_cases,0.3333333333333333,0.26666666666666666,0.39999999999999997,4.973333333333334,4.863333333333333,5.033333333333333,4.99,4.863333333333333,-0.12666666666666693,0.16999999999999993,0.03418230563002679,,,0.0027442176870748317,0.006734534391534391,0.0,2.0203603174603173,2.0203603174603173,0.0,1.0,0.0,0.0,0.0,13.0
psi,35_and_over,cumulative_cases,0.3333333333333333,0.26666666666666666,0.39999999999999997,28.006666666666668,27.973333333333333,28.33,28.33,27.973333333333333,-0.3566666666666656,0.3566666666666656,0.012735063080218956,,,0.015549206349206215,0.13820376719576719,0.0,41.46113015873016,41.46113015873016,0.0,1.0,0.0,0.0,0.0,12.0
psi,35_and_over,final_week_cases,0.3333333333333333,0.26666666666666666,0.39999999999999997,5.0,4.963333333333333,5.573333333333333,5.573333333333333,4.99,-0.583333333333333,0.6100000000000003,0.12200000000000007,,,0.039126077097505686,0.019772735449735446,0.01935334164777024,5.931820634920634,5.951173976568405,0.0032520208153837002,0.9967479791846163,0.9787892877527566,0.011299738849246663,1.1299738849246663,11.0
psi,35_and_over,outbreak_indicator,0.3333333333333333,0.26666666666666666,0.39999999999999997,0.0,0.0,0.0033333333333333335,0.0033333333333333335,0.0,-0.0033333333333333335,0.0033333333333333335,3333333333.3333335,0.33333333333333337,-0.33333333333333337,1.3605442176870745e-06,1.5820105820105817e-06,0.0,0.0004746031746031745,0.0004746031746031745,0.0,1.0,0.0,0.0,0.0,2.0
psi,35_and_over,peak_weekly_cases,0.3333333333333333,0.26666666666666666,0.39999999999999997,7.526666666666666,7.526666666666666,7.82,7.82,7.656666666666666,-0.163333333333334,0.2933333333333339,0.03897254207263072,,,0.0071156462585034354,0.013342391534391535,0.0,4.00271746031746,4.00271746031746,0.0,1.0,0.0,0.0,0.0,11.0
psi,5_to_10,cumulative_cases,0.3333333333333333,0.26666666666666666,0.39999999999999997,40.22,38.943333333333335,41.16,41.16,38.943333333333335,-2.2166666666666615,2.2166666666666615,0.055113542184650956,,,0.6102535147392267,0.168881619047619,0.44137189569160773,50.6644857142857,51.10585760997731,0.008636424792242199,0.9913635752077578,2.6134987228370634,0.003303539453883102,0.3303539453883102,11.0
psi,5_to_10,final_week_cases,0.3333333333333333,0.26666666666666666,0.39999999999999997,7.003333333333333,6.343333333333334,7.733333333333333,7.733333333333333,6.343333333333334,-1.3899999999999997,1.3899999999999997,0.19847691575440263,,,0.20982448979591828,0.026582444444444443,0.18324204535147384,7.974733333333333,8.157975378684807,0.02246170610299333,0.9775382938970067,6.893348192053505,0.014057015060271379,1.4057015060271378,10.0
psi,5_to_10,outbreak_indicator,0.3333333333333333,0.26666666666666666,0.39999999999999997,0.0033333333333333335,0.0,0.016666666666666666,0.016666666666666666,0.01,-0.006666666666666666,0.016666666666666666,5.0,1.6666666666666667,-0.6666666666666666,2.4489795918367352e-05,2.5121693121693123e-05,0.0,0.007536507936507937,0.007536507936507937,0.0,1.0,0.0,0.0,0.0,10.0
psi,5_to_10,peak_weekly_cases,0.3333333333333333,0.26666666666666666,0.39999999999999997,10.126666666666667,9.786666666666667,10.62,10.62,9.786666666666667,-0.8333333333333321,0.8333333333333321,0.08229098090849231,,,0.08389115646258495,0.014171534391534388,0.06971962207105056,4.2514603174603165,4.321179939531367,0.0161343945511817,0.9838656054488183,4.919694660071445,0.009787473558925739,0.9787473558925739,11.0
psi,all ages combined,cumulative_cases,0.3333333333333333,0.26666666666666666,0.39999999999999997,131.17,128.15,133.71333333333334,133.71333333333334,128.15,-5.563333333333333,5.563333333333333,0.04241315341414449,,,3.6459038548753,0.6566940952380953,2.9892097596372045,197.0082285714286,199.99743833106578,0.014946240234782486,0.9850537597652176,4.551905950293976,0.003363202766187065,0.3363202766187065,12.0
psi,all ages combined,final_week_cases,0.3333333333333333,0.26666666666666666,0.39999999999999997,22.49,20.946666666666665,24.566666666666666,24.566666666666666,20.946666666666665,-3.620000000000001,3.620000000000001,0.16096042685638068,,,1.50262358276644,0.09177402116402116,1.4108495616024188,27.532206349206348,28.943055910808766,0.0487457014197156,0.9512542985802844,15.37308209565001,0.01805531409684179,1.805531409684179,10.0
psi,all ages combined,outbreak_indicator,0.3333333333333333,0.26666666666666666,0.39999999999999997,1.0,1.0,1.0,1.0,1.0,0.0,0.0,0.0,0.0,0.0,0.0,0.0,0.0,0.0,0.0,0.0,0.0,0.0,0.0,0.0,2.0
psi,all ages combined,peak_weekly_cases,0.3333333333333333,0.26666666666666666,0.39999999999999997,28.093333333333334,27.44333333333333,29.143333333333334,29.143333333333334,27.44333333333333,-1.7000000000000028,1.7000000000000028,0.0605125771238729,,,0.32724897959183735,0.043508216931216925,0.2837407626606204,13.052465079365078,13.336205842025699,0.021275973543125944,0.9787240264568741,6.521544266205905,0.008083373490972018,0.8083373490972018,12.0
psi,under_1,cumulative_cases,0.3333333333333333,0.26666666666666666,0.39999999999999997,13.743333333333334,13.446666666666667,14.29,14.29,13.446666666666667,-0.8433333333333319,0.8433333333333319,0.0613630851321852,,,0.08013605442176855,0.05267623280423281,0.02745982161753574,15.802869841269843,15.830329662887378,0.0017346335927490217,0.998265366407251,0.5212943324855456,0.0023915793008778387,0.23915793008778388,11.0
psi,under_1,final_week_cases,0.3333333333333333,0.26666666666666666,0.39999999999999997,2.183333333333333,1.99,2.5166666666666666,2.5166666666666666,1.99,-0.5266666666666666,0.5266666666666666,0.24122137404580152,,,0.03557414965986394,0.007627042328042329,0.02794710733182161,2.2881126984126987,2.3160598057445205,0.012066660481954927,0.987933339518045,3.664212958287716,0.024119609415733267,2.4119609415733265,9.0
psi,under_1,outbreak_indicator,0.3333333333333333,0.26666666666666666,0.39999999999999997,0.0,0.0,0.0,0.0,0.0,0.0,0.0,0.0,0.0,0.0,0.0,0.0,0.0,0.0,0.0,0.0,0.0,0.0,0.0,0.0,1.0
psi,under_1,peak_weekly_cases,0.3333333333333333,0.26666666666666666,0.39999999999999997,4.33,4.16,4.493333333333333,4.493333333333333,4.16,-0.33333333333333304,0.33333333333333304,0.07698229407236329,,,0.01285351473922901,0.006031666666666667,0.006821848072562343,1.8095,1.8163218480725625,0.0037558586215331413,0.9962441413784668,1.1310054831548508,0.008832437860388086,0.8832437860388086,10.0
reporting_rate,11_to_14,cumulative_cases,1.0,0.8,1.0,7.16,5.673333333333333,7.16,5.673333333333333,7.16,1.4866666666666672,1.4866666666666672,0.20763500931098705,,,0.24174557823129264,0.020880121693121693,0.22086545653817094,6.264036507936508,6.484901964474679,0.034058411021185356,0.9659415889788147,10.57778588574645,0.10956924466792642,10.956924466792643,3.0
reporting_rate,11_to_14,final_week_cases,1.0,0.8,1.0,1.2666666666666666,0.8933333333333333,1.2666666666666666,0.9033333333333333,1.2666666666666666,0.3633333333333333,0.3733333333333333,0.29473684210526313,,,0.014995011337868477,0.003284767195767196,0.01171024414210128,0.9854301587301588,0.9971404028722601,0.011743826755359581,0.9882561732446404,3.565014944496307,0.04521126011521368,4.5211260115213685,8.0
reporting_rate,11_to_14,outbreak_indicator,1.0,0.8,1.0,0.0,0.0,0.0,0.0,0.0,0.0,0.0,0.0,0.0,0.0,0.0,0.0,0.0,0.0,0.0,0.0,0.0,0.0,0.0,0.0,1.0
reporting_rate,11_to_14,peak_weekly_cases,1.0,0.8,1.0,2.6933333333333334,2.243333333333333,2.6933333333333334,2.243333333333333,2.6933333333333334,0.4500000000000002,0.4500000000000002,0.16707920792079214,,,0.022571428571428583,0.0027631375661375662,0.019808291005291016,0.8289412698412698,0.8487495608465608,0.023338204717930935,0.9766617952820691,7.168767580754189,0.14008987662603875,14.008987662603875,3.0
reporting_rate,15_to_24,cumulative_cases,1.0,0.8,1.0,10.686666666666667,8.346666666666666,10.686666666666667,8.346666666666666,10.686666666666667,2.3400000000000016,2.3400000000000016,0.21896444167186538,,,0.6082249433106581,0.03231587830687832,0.5759090650037798,9.694763492063496,10.270672557067275,0.056073159941945123,0.9439268400580549,17.821241296146347,0.1177517231967001,11.77517231967001,4.0
reporting_rate,15_to_24,final_week_cases,1.0,0.8,1.0,1.9466666666666668,1.45,1.9466666666666668,1.45,1.9466666666666668,0.4966666666666668,0.4966666666666668,0.25513698630136994,,,0.03197732426303856,0.006055386243386244,0.025921938019652313,1.816615873015873,1.8425378110355253,0.014068605737368243,0.9859313942626318,4.28080670295219,0.08868233434584652,8.868233434584653,5.0
reporting_rate,15_to_24,outbreak_indicator,1.0,0.8,1.0,0.0,0.0,0.0,0.0,0.0,0.0,0.0,0.0,0.0,0.0,0.0,0.0,0.0,0.0,0.0,0.0,0.0,0.0,0.0,0.0,1.0
reporting_rate,15_to_24,peak_weekly_cases,1.0,0.8,1.0,3.5366666666666666,3.006666666666667,3.5366666666666666,3.006666666666667,3.5366666666666666,0.5299999999999998,0.5299999999999998,0.1498586239396795,,,0.03333786848072562,0.004221333333333334,0.029116535147392285,1.2664000000000002,1.2955165351473925,0.022474846408718094,0.9775251535912819,6.897473581978589,0.10166307860991566,10.166307860991566,4.0
reporting_rate,1_to_4,cumulative_cases,1.0,0.8,1.0,15.04,11.786666666666667,15.04,11.786666666666667,15.04,3.253333333333332,3.253333333333332,0.21631205673758858,,,1.1607600907029472,0.05001120105820106,1.1107488896447462,15.003360317460318,16.114109207105063,0.06893020739582631,0.9310697926041738,22.210002282330723,0.10952324143113519,10.952324143113518,3.0
reporting_rate,1_to_4,final_week_cases,1.0,0.8,1.0,2.19,1.6133333333333333,2.19,1.6133333333333333,2.19,0.5766666666666667,0.5766666666666667,0.2633181126331811,,,0.03926349206349206,0.00659437037037037,0.032669121693121694,1.9783111111111111,2.0109802328042328,0.016245371864031646,0.9837546281359684,4.954092636335627,0.04539762240602086,4.539762240602086,6.0
reporting_rate,1_to_4,outbreak_indicator,1.0,0.8,1.0,0.0,0.0,0.0,0.0,0.0,0.0,0.0,0.0,0.0,0.0,0.0,0.0,0.0,0.0,0.0,0.0,0.0,0.0,0.0,0.0,1.0
reporting_rate,1_to_4,peak_weekly_cases,1.0,0.8,1.0,4.823333333333333,3.953333333333333,4.823333333333333,3.953333333333333,4.823333333333333,0.8700000000000001,0.8700000000000001,0.18037318590186596,,,0.0856235827664399,0.0063449100529100536,0.07927867271352984,1.903473015873016,1.982751688586546,0.039984166030414846,0.9600158339695851,12.494845798037622,0.24671917388519896,24.671917388519894,1.0
reporting_rate,25_to_34,cumulative_cases,1.0,0.8,1.0,16.313333333333333,13.13,16.313333333333333,13.13,16.313333333333333,3.183333333333332,3.183333333333332,0.19513690232938283,,,1.0714403628117901,0.05377176719576719,1.017668595616023,16.131530158730158,17.14919875434618,0.05934204916472332,0.9406579508352767,18.92570485755082,0.09498758335146003,9.498758335146002,5.0
reporting_rate,25_to_34,final_week_cases,1.0,0.8,1.0,2.9,2.2,2.9,2.2,2.9,0.6999999999999997,0.6999999999999997,0.2413793103448275,,,0.04424988662131516,0.008824306878306877,0.035425579743008286,2.6472920634920634,2.6827176432350717,0.013205109316047443,0.9867948906839525,4.014545304413235,0.04686563056705745,4.686563056705745,6.0
reporting_rate,25_to_34,outbreak_indicator,1.0,0.8,1.0,0.0,0.0,0.0,0.0,0.0,0.0,0.0,0.0,0.0,0.0,0.0,0.0,0.0,0.0,0.0,0.0,0.0,0.0,0.0,0.0,1.0
reporting_rate,25_to_34,peak_weekly_cases,1.0,0.8,1.0,4.973333333333334,4.183333333333334,4.973333333333334,4.183333333333334,4.973333333333334,0.79,0.79,0.15884718498659517,,,0.06024081632653065,0.006017708994708995,0.05422310733182166,1.8053126984126984,1.85953580574452,0.029159485482513653,0.9708405145174864,9.010589807432819,0.07821681044008746,7.821681044008747,5.0
reporting_rate,35_and_over,cumulative_cases,1.0,0.8,1.0,28.006666666666668,22.04,28.006666666666668,22.04,28.006666666666668,5.966666666666669,5.966666666666669,0.21304451321114026,,,4.217420408163268,0.11220220105820107,4.105218207105067,33.66066031746032,37.76587852456539,0.10870177968810565,0.8912982203118943,36.587679817222345,0.19086779706399085,19.086779706399085,1.0
reporting_rate,35_and_over,final_week_cases,1.0,0.8,1.0,5.0,3.8133333333333335,5.083333333333333,3.8133333333333335,5.0,1.1866666666666665,1.2699999999999996,0.2539999999999999,,,0.23074829931972787,0.016502206349206346,0.21424609297052152,4.950661904761904,5.164907997732425,0.041481105387469255,0.9585188946125308,12.982875649281008,0.12509079538298942,12.509079538298943,4.0
reporting_rate,35_and_over,outbreak_indicator,1.0,0.8,1.0,0.0,0.0,0.0,0.0,0.0,0.0,0.0,0.0,0.0,0.0,0.0,0.0,0.0,0.0,0.0,0.0,0.0,0.0,0.0,0.0,2.0
reporting_rate,35_and_over,peak_weekly_cases,1.0,0.8,1.0,7.526666666666666,6.27,7.56,6.27,7.526666666666666,1.2566666666666668,1.29,0.17139061116031887,,,0.2233714285714286,0.010553613756613758,0.21281781481481485,3.1660841269841273,3.3789019417989423,0.06298431220573086,0.9370156877942691,20.165397343772014,0.17850991498380206,17.850991498380207,1.0
reporting_rate,5_to_10,cumulative_cases,1.0,0.8,1.0,40.22,31.786666666666665,40.22,31.786666666666665,40.22,8.433333333333334,8.433333333333334,0.2096800928228079,,,7.786402267573693,0.15659061375661376,7.629811653817079,46.97718412698413,54.606995780801206,0.1397222378693753,0.8602777621306247,48.72457850938608,0.05710690705529907,5.710690705529907,7.0
reporting_rate,5_to_10,final_week_cases,1.0,0.8,1.0,7.003333333333333,5.433333333333334,7.003333333333333,5.433333333333334,7.003333333333333,1.5699999999999994,1.5699999999999994,0.22417896239885762,,,0.24687573696145101,0.023844608465608465,0.22303112849584256,7.153382539682539,7.376413668178381,0.030235713251548228,0.9697642867484518,9.353524458894958,0.017109348054710323,1.7109348054710323,9.0
reporting_rate,5_to_10,outbreak_indicator,1.0,0.8,1.0,0.0033333333333333335,0.0,0.006666666666666667,0.0,0.0033333333333333335,0.0033333333333333335,0.006666666666666667,2.0,0.6666666666666667,0.33333333333333337,5.4421768707483e-06,7.899470899470896e-06,0.0,0.002369841269841269,0.002369841269841269,0.0,1.0,0.0,0.0,0.0,10.0
reporting_rate,5_to_10,peak_weekly_cases,1.0,0.8,1.0,10.126666666666667,8.44,10.126666666666667,8.44,10.126666666666667,1.6866666666666674,1.6866666666666674,0.16655694535878876,,,0.30790294784580535,0.013676359788359788,0.29422658805744556,4.102907936507936,4.397134524565382,0.06691325598834784,0.9330867440116521,21.51351621415133,0.04130451177733687,4.130451177733687,8.0
reporting_rate,all ages combined,cumulative_cases,1.0,0.8,1.0,131.17,103.64333333333333,131.17,103.64333333333333,131.17,27.526666666666657,27.526666666666657,0.20985489568244767,,,84.73598231292513,0.5449380264550265,84.1910442864701,163.48140793650796,247.67245222297805,0.33992898092143653,0.6600710190785636,154.49654859683085,0.09472455123617675,9.472455123617674,5.0
reporting_rate,all ages combined,final_week_cases,1.0,0.8,1.0,22.49,17.036666666666665,22.49,17.036666666666665,22.49,5.453333333333333,5.453333333333333,0.24247813843189567,,,3.3806249433106594,0.07830591005291004,3.3023190332577492,23.49177301587301,26.79409204913076,0.12324802897603247,0.8767519710239675,42.172028024786705,0.04226135019365723,4.2261350193657234,7.0
reporting_rate,all ages combined,outbreak_indicator,1.0,0.8,1.0,1.0,0.9933333333333333,1.0,0.9933333333333333,1.0,0.00666666666666671,0.00666666666666671,0.00666666666666671,0.666666666666671,0.666666666666671,5.442176870748369e-06,3.153439153439152e-06,2.288737717309217e-06,0.0009460317460317457,0.0009483204837490549,0.0024134643894445965,0.9975865356105553,0.7257909875359769,1.0,100.0,1.0
reporting_rate,all ages combined,peak_weekly_cases,1.0,0.8,1.0,28.093333333333334,22.8,28.093333333333334,22.8,28.093333333333334,5.293333333333333,5.293333333333333,0.18841955386805884,,,3.2166916099773224,0.03850665608465609,3.178184953892666,11.551996825396825,14.730181779289492,0.21576006335245412,0.7842399366475459,82.5359892820995,0.09054199955200025,9.054199955200025,5.0
reporting_rate,under_1,cumulative_cases,1.0,0.8,1.0,13.743333333333334,10.88,13.743333333333334,10.88,13.743333333333334,2.8633333333333333,2.8633333333333333,0.20834343924326945,,,1.0132172335600909,0.04423817989417989,0.968979053665911,13.271453968253969,14.24043302191988,0.06804421271280094,0.931955787287199,21.903682655655388,0.08439203575349201,8.4392035753492,5.0
reporting_rate,under_1,final_week_cases,1.0,0.8,1.0,2.183333333333333,1.6233333333333333,2.183333333333333,1.6233333333333333,2.183333333333333,0.5599999999999998,0.5599999999999998,0.25648854961832057,,,0.04018231292517005,0.006569820105820106,0.03361249281934994,1.9709460317460317,2.0045585245653816,0.016768027676636498,0.9832319723233635,5.116196833087277,0.02900909166254726,2.900909166254726,7.0
reporting_rate,under_1,outbreak_indicator,1.0,0.8,1.0,0.0,0.0,0.0,0.0,0.0,0.0,0.0,0.0,0.0,0.0,0.0,0.0,0.0,0.0,0.0,0.0,0.0,0.0,0.0,0.0,1.0
reporting_rate,under_1,peak_weekly_cases,1.0,0.8,1.0,4.33,3.6533333333333333,4.33,3.6533333333333333,4.33,0.6766666666666667,0.6766666666666667,0.15627405696689764,,,0.05469977324263036,0.004942640211640211,0.04975713303099015,1.4827920634920633,1.5325491965230533,0.03246690751845086,0.9675330924815492,10.066913815375262,0.06442195442241985,6.442195442241985,5.0
seasonal_amplitude,11_to_14,cumulative_cases,0.6,0.48,0.72,7.16,6.753333333333333,7.453333333333333,6.753333333333333,7.453333333333333,0.7000000000000002,0.7000000000000002,0.09776536312849164,,,0.05781496598639459,0.024842582010582013,0.03297238397581258,7.452774603174603,7.485746987150416,0.004404688541091622,0.9955953114589083,1.327252697073419,0.016357284945127903,1.6357284945127903,10.0
seasonal_amplitude,11_to_14,final_week_cases,0.6,0.48,0.72,1.2666666666666666,1.07,1.32,1.0733333333333333,1.31,0.2366666666666668,0.25,0.19736842105263158,,,0.010716553287981859,0.004135026455026455,0.006581526832955404,1.2405079365079366,1.247089463340892,0.005277509774899239,0.9947224902251007,1.591652896187649,0.025410155244347574,2.541015524434757,11.0
seasonal_amplitude,11_to_14,outbreak_indicator,0.6,0.48,0.72,0.0,0.0,0.0,0.0,0.0,0.0,0.0,0.0,0.0,0.0,0.0,0.0,0.0,0.0,0.0,0.0,0.0,0.0,0.0,0.0,1.0
seasonal_amplitude,11_to_14,peak_weekly_cases,0.6,0.48,0.72,2.6933333333333334,2.6,2.7133333333333334,2.6,2.6866666666666665,0.08666666666666645,0.11333333333333329,0.04207920792079206,,,0.0012077097505668911,0.003294084656084656,0.0,0.9882253968253968,0.9882253968253968,0.0,1.0,0.0,0.0,0.0,12.0
seasonal_amplitude,15_to_24,cumulative_cases,0.6,0.48,0.72,10.686666666666667,10.356666666666667,11.143333333333333,10.356666666666667,11.143333333333333,0.7866666666666653,0.7866666666666653,0.07361197754210841,,,0.0663138321995463,0.03768140211640211,0.028632430083144186,11.304420634920634,11.333053065003778,0.002526453367765524,0.9974735466322344,0.759855750449396,0.005854254059322951,0.5854254059322951,11.0
seasonal_amplitude,15_to_24,final_week_cases,0.6,0.48,0.72,1.9466666666666668,1.82,1.9466666666666668,1.82,1.8933333333333333,0.07333333333333325,0.1266666666666667,0.06506849315068494,,,0.001405895691609978,0.0067372116402116405,0.0,2.021163492063492,2.021163492063492,0.0,1.0,0.0,0.0,0.0,11.0
seasonal_amplitude,15_to_24,outbreak_indicator,0.6,0.48,0.72,0.0,0.0,0.0,0.0,0.0,0.0,0.0,0.0,0.0,0.0,0.0,0.0,0.0,0.0,0.0,0.0,0.0,0.0,0.0,0.0,1.0
seasonal_amplitude,15_to_24,peak_weekly_cases,0.6,0.48,0.72,3.5366666666666666,3.473333333333333,3.6933333333333334,3.473333333333333,3.6933333333333334,0.2200000000000002,0.2200000000000002,0.062205466540999114,,,0.005129705215419506,0.0043736825396825385,0.0007560226757369675,1.3121047619047617,1.3128607845804987,0.0005758589826251389,0.9994241410173748,0.17285723617970752,0.0026397231787797302,0.26397231787797304,11.0
seasonal_amplitude,1_to_4,cumulative_cases,0.6,0.48,0.72,15.04,14.096666666666666,15.43,14.096666666666666,15.43,1.333333333333334,1.333333333333334,0.08865248226950359,,,0.21046258503401366,0.051062185185185176,0.15940039984882848,15.318655555555553,15.478055955404383,0.010298476779519044,0.9897015232204809,3.121691703375746,0.01571736748028295,1.5717367480282949,10.0
seasonal_amplitude,1_to_4,final_week_cases,0.6,0.48,0.72,2.19,1.94,2.2333333333333334,1.94,2.2133333333333334,0.27333333333333343,0.29333333333333345,0.13394216133942166,,,0.012545578231292525,0.007365661375661376,0.005179916855631149,2.2096984126984127,2.2148783295540437,0.0023386913793472814,0.9976613086206528,0.703252103435998,0.007198109325235902,0.7198109325235902,9.0
seasonal_amplitude,1_to_4,outbreak_indicator,0.6,0.48,0.72,0.0,0.0,0.0,0.0,0.0,0.0,0.0,0.0,0.0,0.0,0.0,0.0,0.0,0.0,0.0,0.0,0.0,0.0,0.0,0.0,1.0
seasonal_amplitude,1_to_4,peak_weekly_cases,0.6,0.48,0.72,4.823333333333333,4.616666666666666,4.8566666666666665,4.616666666666666,4.8566666666666665,0.2400000000000002,0.2400000000000002,0.049758120248790644,,,0.006024943310657607,0.0069668095238095236,0.0,2.090042857142857,2.090042857142857,0.0,1.0,0.0,0.0,0.0,11.0
seasonal_amplitude,25_to_34,cumulative_cases,0.6,0.48,0.72,16.313333333333333,15.516666666666667,16.656666666666666,15.516666666666667,16.486666666666668,0.9700000000000006,1.1399999999999988,0.069881487535758,,,0.14837913832199562,0.06794876719576719,0.08043037112622843,20.384630158730157,20.465060529856387,0.003930131113411022,0.9960698688865889,1.1836913964090106,0.007507244120780648,0.7507244120780648,11.0
seasonal_amplitude,25_to_34,final_week_cases,0.6,0.48,0.72,2.9,2.736666666666667,2.9466666666666668,2.756666666666667,2.9266666666666667,0.16999999999999993,0.20999999999999996,0.07241379310344827,,,0.006053514739229021,0.010504999999999999,0.0,3.1514999999999995,3.1514999999999995,0.0,1.0,0.0,0.0,0.0,13.0
seasonal_amplitude,25_to_34,outbreak_indicator,0.6,0.48,0.72,0.0,0.0,0.0,0.0,0.0,0.0,0.0,0.0,0.0,0.0,0.0,0.0,0.0,0.0,0.0,0.0,0.0,0.0,0.0,0.0,1.0
seasonal_amplitude,25_to_34,peak_weekly_cases,0.6,0.48,0.72,4.973333333333334,4.696666666666666,5.02,4.696666666666666,5.0,0.3033333333333337,0.32333333333333325,0.06501340482573724,,,0.01424081632653063,0.00686158201058201,0.007379234315948621,2.058474603174603,2.0658538374905517,0.00357200213395173,0.9964279978660483,1.0754421217393133,0.010644542522276562,1.064454252227656,11.0
seasonal_amplitude,35_and_over,cumulative_cases,0.6,0.48,0.72,28.006666666666668,27.643333333333334,28.94333333333333,27.643333333333334,28.94333333333333,1.2999999999999972,1.2999999999999972,0.04641751963818128,,,0.17199319727891085,0.14064837566137567,0.031344821617535185,42.1945126984127,42.22585752003024,0.0007423134415367757,0.9992576865584631,0.22285946403676088,0.0014573444698136066,0.14573444698136065,11.0
seasonal_amplitude,35_and_over,final_week_cases,0.6,0.48,0.72,5.0,4.973333333333334,5.416666666666667,4.983333333333333,5.416666666666667,0.43333333333333357,0.44333333333333336,0.08866666666666667,,,0.021297959183673477,0.020702412698412703,0.0005955464852607749,6.21072380952381,6.211319356009072,9.588083483175278e-05,0.9999041191651682,0.028767008654331225,0.0003477187494806,0.03477187494806,13.0
seasonal_amplitude,35_and_over,outbreak_indicator,0.6,0.48,0.72,0.0,0.0,0.0,0.0,0.0,0.0,0.0,0.0,0.0,0.0,0.0,0.0,0.0,0.0,0.0,0.0,0.0,0.0,0.0,0.0,2.0
seasonal_amplitude,35_and_over,peak_weekly_cases,0.6,0.48,0.72,7.526666666666666,7.526666666666666,7.87,7.576666666666667,7.87,0.293333333333333,0.3433333333333337,0.045615589016829106,,,0.011410884353741494,0.01335810582010582,0.0,4.007431746031746,4.007431746031746,0.0,1.0,0.0,0.0,0.0,11.0
seasonal_amplitude,5_to_10,cumulative_cases,0.6,0.48,0.72,40.22,38.026666666666664,42.25333333333333,38.026666666666664,42.25333333333333,4.226666666666667,4.226666666666667,0.1050886789325377,,,2.107839455782313,0.16769350264550267,1.9401459531368104,50.3080507936508,52.24819674678761,0.03713326150832367,0.9628667384916763,11.569595258787103,0.014521424596905879,1.4521424596905879,10.0
seasonal_amplitude,5_to_10,final_week_cases,0.6,0.48,0.72,7.003333333333333,6.3133333333333335,7.59,6.3133333333333335,7.59,1.2766666666666664,1.2766666666666664,0.18229414564493096,,,0.17904126984126978,0.027010349206349205,0.15203092063492057,8.103104761904762,8.255135682539683,0.01841652596413151,0.9815834740358684,5.6286173671232405,0.011662721494364788,1.1662721494364787,11.0
seasonal_amplitude,5_to_10,outbreak_indicator,0.6,0.48,0.72,0.0033333333333333335,0.0,0.01,0.0,0.01,0.01,0.01,3.0,1.0,1.0,1.4965986394557824e-05,1.8888888888888886e-05,0.0,0.005666666666666666,0.005666666666666666,0.0,1.0,0.0,0.0,0.0,10.0
seasonal_amplitude,5_to_10,peak_weekly_cases,0.6,0.48,0.72,10.126666666666667,9.6,10.683333333333334,9.6,10.683333333333334,1.083333333333334,1.083333333333334,0.10697827518104021,,,0.1330498866213153,0.01387122751322751,0.1191786591080878,4.161368253968253,4.280546913076341,0.02784192336358172,0.9721580766364183,8.591788938249323,0.01673069847710746,1.673069847710746,10.0
seasonal_amplitude,all ages combined,cumulative_cases,0.6,0.48,0.72,131.17,125.53333333333333,135.93,125.53333333333333,135.93,10.396666666666675,10.396666666666675,0.07926100988539053,,,11.817173696145138,0.6487388624338625,11.168434833711276,194.62165873015874,205.79009356387002,0.054271003235852974,0.945728996764147,17.215609362156677,0.012565766188076592,1.2565766188076593,10.0
seasonal_amplitude,all ages combined,final_week_cases,0.6,0.48,0.72,22.49,20.81,23.73,20.81,23.73,2.9200000000000017,2.9200000000000017,0.1298354824366386,,,0.8991569160997737,0.09138839682539682,0.8077685192743769,27.416519047619044,28.22428756689342,0.028619624759700747,0.9713803752402993,8.838852057090667,0.010337398635524851,1.033739863552485,11.0
seasonal_amplitude,all ages combined,outbreak_indicator,0.6,0.48,0.72,1.0,1.0,1.0,1.0,1.0,0.0,0.0,0.0,0.0,0.0,0.0,0.0,0.0,0.0,0.0,0.0,0.0,0.0,0.0,0.0,2.0
seasonal_amplitude,all ages combined,peak_weekly_cases,0.6,0.48,0.72,28.093333333333334,27.023333333333333,29.12,27.023333333333333,29.12,2.0966666666666676,2.0966666666666676,0.07463217845277649,,,0.44745668934240374,0.044221037037037045,0.4032356523053667,13.266311111111113,13.66954676341648,0.029498831181772444,0.9705011688182275,9.118638533231124,0.011487614087929525,1.1487614087929525,10.0
seasonal_amplitude,under_1,cumulative_cases,0.6,0.48,0.72,13.743333333333334,13.14,14.22,13.14,14.22,1.08,1.08,0.07858355566335193,,,0.09704580498866223,0.049709846560846566,0.04733595842781567,14.91295396825397,14.960289926681785,0.003164107023313208,0.9968358929766868,0.9522451124421561,0.00412266692551578,0.412266692551578,10.0
seasonal_amplitude,under_1,final_week_cases,0.6,0.48,0.72,2.183333333333333,1.9233333333333333,2.38,1.9233333333333333,2.38,0.45666666666666655,0.45666666666666655,0.20916030534351143,,,0.01871065759637186,0.007579338624338624,0.011131318972033236,2.273801587301587,2.2849329062736206,0.004871617429759341,0.9951283825702406,1.4686398805680172,0.009606828452749327,0.9606828452749328,11.0
seasonal_amplitude,under_1,outbreak_indicator,0.6,0.48,0.72,0.0,0.0,0.0,0.0,0.0,0.0,0.0,0.0,0.0,0.0,0.0,0.0,0.0,0.0,0.0,0.0,0.0,0.0,0.0,0.0,1.0
seasonal_amplitude,under_1,peak_weekly_cases,0.6,0.48,0.72,4.33,4.193333333333333,4.453333333333333,4.193333333333333,4.453333333333333,0.2599999999999998,0.2599999999999998,0.06004618937644337,,,0.007694331065759631,0.0058342433862433865,0.0018600876795162443,1.750273015873016,1.7521331035525323,0.0010616132277535475,0.9989383867722464,0.3188224344397701,0.002408307641778042,0.2408307641778042,11.0
seasonal_peak_week,11_to_14,cumulative_cases,13.433982740528194,10.747186192422555,16.120779288633834,7.16,6.44,7.516666666666667,6.44,7.34,0.8999999999999995,1.0766666666666662,0.15037243947858467,,,0.12094195011337859,0.02394130158730159,0.097000648526077,7.182390476190477,7.279391124716554,0.013325379398383958,0.986674620601616,4.051602966211575,0.048121095792380914,4.812109579238092,8.0
seasonal_peak_week,11_to_14,final_week_cases,13.433982740528194,10.747186192422555,16.120779288633834,1.2666666666666666,0.9333333333333333,1.33,0.9333333333333333,1.3166666666666667,0.3833333333333333,0.3966666666666667,0.3131578947368422,,,0.01977052154195012,0.004056698412698414,0.015713823129251705,1.217009523809524,1.2327233469387757,0.012747242248858086,0.9872527577511419,3.8735497517054185,0.06066839736900469,6.0668397369004685,7.0
seasonal_peak_week,11_to_14,outbreak_indicator,13.433982740528194,10.747186192422555,16.120779288633834,0.0,0.0,0.0,0.0,0.0,0.0,0.0,0.0,0.0,0.0,0.0,0.0,0.0,0.0,0.0,0.0,0.0,0.0,0.0,0.0,1.0
seasonal_peak_week,11_to_14,peak_weekly_cases,13.433982740528194,10.747186192422555,16.120779288633834,2.6933333333333334,2.4466666666666668,2.73,2.4466666666666668,2.73,0.2833333333333332,0.2833333333333332,0.10519801980198015,,,0.00955827664399093,0.0032295714285714284,0.0063287052154195,0.9688714285714285,0.975200133786848,0.0064896476078650555,0.9935103523921349,1.959611470249768,0.04475840609338122,4.475840609338122,8.0
seasonal_peak_week,15_to_24,cumulative_cases,13.433982740528194,10.747186192422555,16.120779288633834,10.686666666666667,10.07,11.663333333333334,10.07,11.663333333333334,1.5933333333333337,1.5933333333333337,0.1490954460386775,,,0.264221315192744,0.03739407407407407,0.22682724111866992,11.218222222222222,11.445049463340892,0.01981880828433374,0.9801811917156662,6.065860613886225,0.04637763170041693,4.637763170041693,8.0
seasonal_peak_week,15_to_24,final_week_cases,13.433982740528194,10.747186192422555,16.120779288633834,1.9466666666666668,1.66,2.07,1.66,2.07,0.4099999999999999,0.4099999999999999,0.21061643835616434,,,0.017618140589569155,0.00656,0.011058140589569155,1.968,1.979058140589569,0.005587577425226573,0.9944124225747735,1.6856921630440784,0.03783134271303615,3.7831342713036147,6.0
seasonal_peak_week,15_to_24,outbreak_indicator,13.433982740528194,10.747186192422555,16.120779288633834,0.0,0.0,0.0,0.0,0.0,0.0,0.0,0.0,0.0,0.0,0.0,0.0,0.0,0.0,0.0,0.0,0.0,0.0,0.0,0.0,1.0
seasonal_peak_week,15_to_24,peak_weekly_cases,13.433982740528194,10.747186192422555,16.120779288633834,3.5366666666666666,3.44,3.8,3.45,3.8,0.34999999999999964,0.3599999999999999,0.1017907634307257,,,0.01586349206349205,0.004362296296296296,0.011501195767195752,1.308688888888889,1.3201900846560848,0.008711772570380926,0.9912882274296191,2.6365003626554593,0.04015749001278987,4.015749001278987,8.0
seasonal_peak_week,1_to_4,cumulative_cases,13.433982740528194,10.747186192422555,16.120779288633834,15.04,13.58,15.576666666666666,13.58,15.576666666666666,1.9966666666666661,1.9966666666666661,0.13275709219858153,,,0.5456680272108841,0.0507488888888889,0.49491913832199524,15.22466666666667,15.719585804988665,0.03148423530122091,0.9685157646987791,9.75231476309926,0.04880054239141833,4.880054239141833,8.0
seasonal_peak_week,1_to_4,final_week_cases,13.433982740528194,10.747186192422555,16.120779288633834,2.19,1.76,2.3266666666666667,1.76,2.263333333333333,0.5033333333333332,0.5666666666666667,0.258751902587519,,,0.04332290249433107,0.007255719576719577,0.0360671829176115,2.176715873015873,2.2127830559334845,0.016299466330826632,0.9837005336691734,4.9708623019741935,0.05011963182613969,5.011963182613969,5.0
seasonal_peak_week,1_to_4,outbreak_indicator,13.433982740528194,10.747186192422555,16.120779288633834,0.0,0.0,0.0,0.0,0.0,0.0,0.0,0.0,0.0,0.0,0.0,0.0,0.0,0.0,0.0,0.0,0.0,0.0,0.0,0.0,1.0
seasonal_peak_week,1_to_4,peak_weekly_cases,13.433982740528194,10.747186192422555,16.120779288633834,4.823333333333333,4.533333333333333,4.85,4.533333333333333,4.85,0.31666666666666643,0.31666666666666643,0.06565307532826532,,,0.015158276643990913,0.006951476190476192,0.00820680045351472,2.0854428571428576,2.093649657596372,0.003919853746178618,0.9960801462538215,1.1805838398408635,0.025539971329341847,2.553997132934185,8.0
seasonal_peak_week,25_to_34,cumulative_cases,13.433982740528194,10.747186192422555,16.120779288633834,16.313333333333333,15.056666666666667,16.91,15.056666666666667,16.91,1.8533333333333335,1.8533333333333335,0.11360850020433184,,,0.44511247165532913,0.06912229629629629,0.37599017535903284,20.73668888888889,21.11267906424792,0.01780873825699043,0.9821912617430096,5.439491965766466,0.03509433058571223,3.509433058571223,8.0
seasonal_peak_week,25_to_34,final_week_cases,13.433982740528194,10.747186192422555,16.120779288633834,2.9,2.5833333333333335,3.1866666666666665,2.5833333333333335,3.1866666666666665,0.603333333333333,0.603333333333333,0.20804597701149416,,,0.035769614512471626,0.010760931216931217,0.02500868329554041,3.228279365079365,3.2532880483749054,0.007687202277718027,0.992312797722282,2.3240259408211643,0.03308478564923576,3.308478564923576,7.0
seasonal_peak_week,25_to_34,outbreak_indicator,13.433982740528194,10.747186192422555,16.120779288633834,0.0,0.0,0.0,0.0,0.0,0.0,0.0,0.0,0.0,0.0,0.0,0.0,0.0,0.0,0.0,0.0,0.0,0.0,0.0,0.0,1.0
seasonal_peak_week,25_to_34,peak_weekly_cases,13.433982740528194,10.747186192422555,16.120779288633834,4.973333333333334,4.553333333333334,5.05,4.553333333333334,5.05,0.49666666666666615,0.49666666666666615,0.09986595174262723,,,0.035161904761904735,0.006942756613756614,0.02821914814814812,2.082826984126984,2.111046132275132,0.013367376352754345,0.9866326236472457,4.064545211369464,0.04070610981361281,4.070610981361281,8.0
seasonal_peak_week,35_and_over,cumulative_cases,13.433982740528194,10.747186192422555,16.120779288633834,28.006666666666668,27.02,29.39666666666667,27.02,29.39666666666667,2.3766666666666687,2.3766666666666687,0.08486074744108553,,,0.6462503401360555,0.1396786931216931,0.5065716470143624,41.90360793650793,42.41017958352229,0.011944576797104195,0.9880554232028959,3.6266923443579113,0.023552515224006053,2.3552515224006054,9.0
seasonal_peak_week,35_and_over,final_week_cases,13.433982740528194,10.747186192422555,16.120779288633834,5.0,4.783333333333333,5.656666666666666,4.783333333333333,5.656666666666666,0.8733333333333331,0.8733333333333331,0.1746666666666666,,,0.08416507936507935,0.019501396825396825,0.06466368253968252,5.850419047619048,5.915082730158731,0.01093199968446549,0.9890680003155344,3.315848762970173,0.03775486109982396,3.7754861099823964,8.0
seasonal_peak_week,35_and_over,outbreak_indicator,13.433982740528194,10.747186192422555,16.120779288633834,0.0,0.0,0.0033333333333333335,0.0033333333333333335,0.0,-0.0033333333333333335,0.0033333333333333335,3333333333.3333335,0.33333333333333337,-0.33333333333333337,1.3605442176870745e-06,1.5820105820105819e-06,0.0,0.00047460317460317457,0.00047460317460317457,0.0,1.0,0.0,0.0,0.0,2.0
seasonal_peak_week,35_and_over,peak_weekly_cases,13.433982740528194,10.747186192422555,16.120779288633834,7.526666666666666,7.44,7.93,7.44,7.93,0.4899999999999993,0.4899999999999993,0.06510186005314429,,,0.027662585034013577,0.013263724867724867,0.01439886016628871,3.97911746031746,3.993516320483749,0.0036055593644211087,0.9963944406355789,1.0855819394539774,0.012077651048078156,1.2077651048078155,9.0
seasonal_peak_week,5_to_10,cumulative_cases,13.433982740528194,10.747186192422555,16.120779288633834,40.22,35.70666666666666,43.6,35.70666666666666,43.6,7.893333333333338,7.893333333333338,0.19625393668158475,,,6.8360204081632725,0.16296731216931215,6.673053095993961,48.89019365079365,55.56324674678761,0.12009832914200182,0.8799016708579981,40.94718755047702,0.04994584928415049,4.9945849284150485,8.0
seasonal_peak_week,5_to_10,final_week_cases,13.433982740528194,10.747186192422555,16.120779288633834,7.003333333333333,5.46,8.233333333333333,5.46,8.233333333333333,2.7733333333333325,2.7733333333333325,0.3960019038553069,,,0.7723410430839,0.02607500529100529,0.7462660377928947,7.822501587301587,8.568767625094482,0.08709140805818807,0.9129085919418118,28.619976466517652,0.05724817637842087,5.7248176378420865,5.0
seasonal_peak_week,5_to_10,outbreak_indicator,13.433982740528194,10.747186192422555,16.120779288633834,0.0033333333333333335,0.0,0.02,0.0,0.02,0.02,0.02,6.0,2.0,2.0,4.761904761904763e-05,2.191534391534391e-05,2.5703703703703718e-05,0.006574603174603173,0.006600306878306877,0.0038943194881110254,0.996105680511889,1.1728633510381468,0.007815939632174671,0.7815939632174671,8.0
seasonal_peak_week,5_to_10,peak_weekly_cases,13.433982740528194,10.747186192422555,16.120779288633834,10.126666666666667,9.193333333333333,11.02,9.193333333333333,11.02,1.8266666666666662,1.8266666666666662,0.18038183015141535,,,0.3958585034013607,0.014215222222222221,0.3816432811791385,4.264566666666666,4.646209947845804,0.08214077397774196,0.9178592260222581,26.847507215365738,0.053576359316403754,5.357635931640376,7.0
seasonal_peak_week,all ages combined,cumulative_cases,13.433982740528194,10.747186192422555,16.120779288633834,131.17,120.40333333333334,138.93333333333334,120.40333333333334,138.93333333333334,18.53,18.53,0.14126705801631473,,,39.35455782312922,0.6355577407407409,38.719000082388476,190.66732222222225,229.38632230461073,0.1687938482703954,0.8312061517296047,60.92129416480961,0.043563302227706734,4.356330222770674,8.0
seasonal_peak_week,all ages combined,final_week_cases,13.433982740528194,10.747186192422555,16.120779288633834,22.49,18.87,25.23,18.87,25.23,6.359999999999999,6.359999999999999,0.282792352156514,,,4.317607709750566,0.08959813227513226,4.228009577475433,26.87943968253968,31.107449260015112,0.1359163055168921,0.864083694483108,47.188590544413685,0.05410785317115657,5.410785317115657,6.0
seasonal_peak_week,all ages combined,outbreak_indicator,13.433982740528194,10.747186192422555,16.120779288633834,1.0,1.0,1.0,1.0,1.0,0.0,0.0,0.0,0.0,0.0,0.0,0.0,0.0,0.0,0.0,0.0,0.0,0.0,0.0,0.0,2.0
seasonal_peak_week,all ages combined,peak_weekly_cases,13.433982740528194,10.747186192422555,16.120779288633834,28.093333333333334,26.27,29.75,26.27,29.75,3.4800000000000004,3.4800000000000004,0.12387280493592788,,,1.461091609977325,0.043931910052910056,1.417159699924415,13.179573015873016,14.596732715797431,0.09708745974300691,0.9029125402569931,32.258094360514654,0.040372877846052056,4.037287784605206,8.0
seasonal_peak_week,under_1,cumulative_cases,13.433982740528194,10.747186192422555,16.120779288633834,13.743333333333334,12.53,14.446666666666667,12.53,14.446666666666667,1.9166666666666679,1.9166666666666679,0.13946155711860303,,,0.41607437641723377,0.04914988359788359,0.3669244928193502,14.744965079365077,15.111889572184428,0.024280517076747745,0.9757194829232522,7.465419365411276,0.031956836218173766,3.1956836218173765,8.0
seasonal_peak_week,under_1,final_week_cases,13.433982740528194,10.747186192422555,16.120779288633834,2.183333333333333,1.69,2.52,1.69,2.5033333333333334,0.8133333333333335,0.8300000000000001,0.38015267175572526,,,0.0824027210884354,0.007359280423280423,0.07504344066515498,2.207784126984127,2.282827567649282,0.03287302191747675,0.9671269780825232,10.197116613162585,0.06476586133103437,6.476586133103438,6.0
seasonal_peak_week,under_1,outbreak_indicator,13.433982740528194,10.747186192422555,16.120779288633834,0.0,0.0,0.0,0.0,0.0,0.0,0.0,0.0,0.0,0.0,0.0,0.0,0.0,0.0,0.0,0.0,0.0,0.0,0.0,0.0,1.0
seasonal_peak_week,under_1,peak_weekly_cases,13.433982740528194,10.747186192422555,16.120779288633834,4.33,4.03,4.453333333333333,4.03,4.453333333333333,0.4233333333333329,0.4233333333333329,0.09776751347190137,,,0.021646712018140533,0.005898132275132275,0.015748579743008258,1.7694396825396825,1.785188262282691,0.008821803322228216,0.9911781966777717,2.670096058951996,0.02039012749770027,2.039012749770027,9.0
seasonal_period_weeks,11_to_14,cumulative_cases,52.18,50.0,54.0,7.16,6.293333333333333,7.54,6.293333333333333,7.54,1.246666666666667,1.246666666666667,0.1741154562383613,,,0.18414166666666673,0.024816185185185188,0.15932548148148154,7.444855555555556,7.604181037037037,0.020952352489435548,0.9790476475105645,6.420224554763395,0.07903985048591157,7.903985048591157,6.0
seasonal_period_weeks,11_to_14,final_week_cases,52.18,50.0,54.0,1.2666666666666666,0.88,1.41,0.88,1.41,0.5299999999999999,0.5299999999999999,0.4184210526315789,,,0.02723819444444444,0.004127981481481482,0.023110212962962957,1.2383944444444444,1.2615046574074074,0.01831956214133852,0.9816804378586614,5.598429418018849,0.08922460000898115,8.922460000898115,4.0
seasonal_period_weeks,11_to_14,outbreak_indicator,52.18,50.0,54.0,0.0,0.0,0.0,0.0,0.0,0.0,0.0,0.0,0.0,0.0,0.0,0.0,0.0,0.0,0.0,0.0,0.0,0.0,0.0,0.0,1.0
seasonal_period_weeks,11_to_14,peak_weekly_cases,52.18,50.0,54.0,2.6933333333333334,2.41,2.8233333333333333,2.41,2.8233333333333333,0.4133333333333331,0.4133333333333331,0.15346534653465338,,,0.017648437499999982,0.003195587962962963,0.01445284953703702,0.958676388888889,0.973129238425926,0.014851932267922665,0.9851480677320773,4.522751275992501,0.10221466899882467,10.221466899882467,4.0
seasonal_period_weeks,15_to_24,cumulative_cases,52.18,50.0,54.0,10.686666666666667,9.513333333333334,11.633333333333333,9.513333333333334,11.633333333333333,2.119999999999999,2.119999999999999,0.19837804117280092,,,0.5247151041666664,0.03765911574074074,0.4870559884259257,11.297734722222222,11.784790710648148,0.041329201373584534,0.9586707986264155,12.933282655360232,0.09958461398771065,9.958461398771066,5.0
seasonal_period_weeks,15_to_24,final_week_cases,52.18,50.0,54.0,1.9466666666666668,1.4533333333333334,2.0233333333333334,1.4633333333333334,2.0233333333333334,0.56,0.5700000000000001,0.2928082191780822,,,0.04600399305555557,0.006247912037037037,0.03975608101851853,1.8743736111111111,1.9141296921296296,0.020769794848272044,0.979230205151728,6.363098709272507,0.13601074373728914,13.601074373728913,3.0
seasonal_period_weeks,15_to_24,outbreak_indicator,52.18,50.0,54.0,0.0,0.0,0.0,0.0,0.0,0.0,0.0,0.0,0.0,0.0,0.0,0.0,0.0,0.0,0.0,0.0,0.0,0.0,0.0,0.0,1.0
seasonal_period_weeks,15_to_24,peak_weekly_cases,52.18,50.0,54.0,3.5366666666666666,3.263333333333333,3.756666666666667,3.2733333333333334,3.756666666666667,0.4833333333333334,0.4933333333333336,0.13949104618284647,,,0.032549305555555574,0.004291111111111111,0.028258194444444464,1.2873333333333332,1.3155915277777777,0.021479459123742304,0.9785205408762577,6.58528612118074,0.09866610256464986,9.866610256464986,5.0
seasonal_period_weeks,1_to_4,cumulative_cases,52.18,50.0,54.0,15.04,12.893333333333333,15.73,12.893333333333333,15.73,2.836666666666668,2.836666666666668,0.1886081560283689,,,0.9949498263888894,0.04949991203703703,0.9454499143518523,14.84997361111111,15.795423525462963,0.05985593946422157,0.9401440605357784,19.100032211056128,0.09322425635169646,9.322425635169646,5.0
seasonal_period_weeks,1_to_4,final_week_cases,52.18,50.0,54.0,2.19,1.4733333333333334,2.3066666666666666,1.4733333333333334,2.3066666666666666,0.8333333333333333,0.8333333333333333,0.380517503805175,,,0.09167760416666668,0.006729115740740741,0.08494848842592594,2.0187347222222223,2.103683210648148,0.04038083680848181,0.9596191631915183,12.624019514423571,0.11804600802397378,11.804600802397378,3.0
seasonal_period_weeks,1_to_4,outbreak_indicator,52.18,50.0,54.0,0.0,0.0,0.0,0.0,0.0,0.0,0.0,0.0,0.0,0.0,0.0,0.0,0.0,0.0,0.0,0.0,0.0,0.0,0.0,0.0,1.0
seasonal_period_weeks,1_to_4,peak_weekly_cases,52.18,50.0,54.0,4.823333333333333,4.403333333333333,4.8533333333333335,4.403333333333333,4.826666666666667,0.4233333333333338,0.4500000000000002,0.09329647546648241,,,0.028165972222222245,0.0068187037037037036,0.021347268518518543,2.045611111111111,2.0669583796296296,0.010327865683654297,0.9896721343163457,3.1306930827516943,0.06643376173344501,6.6433761733445005,6.0
seasonal_period_weeks,25_to_34,cumulative_cases,52.18,50.0,54.0,16.313333333333333,13.833333333333334,17.14,13.833333333333334,17.14,3.3066666666666666,3.3066666666666666,0.2026971802206784,,,1.2161861111111114,0.06748823148148148,1.1486978796296299,20.246469444444443,21.395167324074073,0.053689595516138014,0.9463104044838619,17.02071389950155,0.10721765028124537,10.721765028124537,4.0
seasonal_period_weeks,25_to_34,final_week_cases,52.18,50.0,54.0,2.9,2.1333333333333333,3.1733333333333333,2.1333333333333333,3.1733333333333333,1.04,1.04,0.35862068965517246,,,0.11716649305555556,0.010386708333333333,0.10677978472222223,3.1160125,3.2227922847222223,0.033132692177654806,0.9668673078223452,10.280425838043548,0.1412623866461708,14.12623866461708,2.0
seasonal_period_weeks,25_to_34,outbreak_indicator,52.18,50.0,54.0,0.0,0.0,0.0,0.0,0.0,0.0,0.0,0.0,0.0,0.0,0.0,0.0,0.0,0.0,0.0,0.0,0.0,0.0,0.0,0.0,1.0
seasonal_period_weeks,25_to_34,peak_weekly_cases,52.18,50.0,54.0,4.973333333333334,4.333333333333333,5.126666666666667,4.333333333333333,5.126666666666667,0.7933333333333339,0.7933333333333339,0.15951742627345855,,,0.07415763888888892,0.006622416666666666,0.06753522222222225,1.9867249999999999,2.054260222222222,0.03287568998885894,0.9671243100111411,10.197972374972215,0.09741953079632322,9.741953079632323,3.0
seasonal_period_weeks,35_and_over,cumulative_cases,52.18,50.0,54.0,28.006666666666668,24.84,29.61,24.84,29.61,4.77,4.77,0.1703165912877886,,,2.3076401041666674,0.13536144907407408,2.1722786550925934,40.60843472222222,42.78071337731481,0.05077705544397211,0.949222944556028,16.047986113859153,0.10099780829897322,10.099780829897322,4.0
seasonal_period_weeks,35_and_over,final_week_cases,52.18,50.0,54.0,5.0,4.08,5.86,4.08,5.86,1.7800000000000002,1.7800000000000002,0.35600000000000004,,,0.2943178819444445,0.018400050925925924,0.2759178310185186,5.520015277777778,5.795933108796296,0.047605420186745635,0.9523945798132544,14.995492791258886,0.16109876480783575,16.109876480783576,1.0
seasonal_period_weeks,35_and_over,outbreak_indicator,52.18,50.0,54.0,0.0,0.0,0.0033333333333333335,0.0,0.0033333333333333335,0.0033333333333333335,0.0033333333333333335,3333333333.3333335,0.33333333333333337,0.33333333333333337,1.215277777777778e-06,1.3842592592592592e-06,0.0,0.00041527777777777776,0.00041527777777777776,0.0,1.0,0.0,0.0,0.0,2.0
seasonal_period_weeks,35_and_over,peak_weekly_cases,52.18,50.0,54.0,7.526666666666666,6.87,8.066666666666666,6.87,8.066666666666666,1.1966666666666663,1.1966666666666663,0.15899025686448182,,,0.13194999999999996,0.012832611111111109,0.11911738888888884,3.849783333333333,3.9689007222222217,0.030012690471681536,0.9699873095283185,9.28239684484408,0.09991473214848466,9.991473214848465,4.0
seasonal_period_weeks,5_to_10,cumulative_cases,52.18,50.0,54.0,40.22,32.196666666666665,44.38333333333333,32.196666666666665,44.38333333333333,12.186666666666667,12.186666666666667,0.3030001657550141,,,15.158638194444446,0.161415537037037,14.99722265740741,48.42466111111111,63.42188376851851,0.2364676317743145,0.7635323682256856,92.91065118450324,0.11224982204583304,11.224982204583304,4.0
seasonal_period_weeks,5_to_10,final_week_cases,52.18,50.0,54.0,7.003333333333333,4.35,8.58,4.35,8.58,4.23,4.23,0.6039980961446931,,,1.7925993055555556,0.025419055555555556,1.76718025,7.6257166666666665,9.392896916666666,0.18814006644364767,0.8118599335563523,69.52186898280598,0.1355653902510008,13.556539025100081,3.0
seasonal_period_weeks,5_to_10,outbreak_indicator,52.18,50.0,54.0,0.0033333333333333335,0.0,0.043333333333333335,0.0033333333333333335,0.043333333333333335,0.04,0.043333333333333335,13.0,4.333333333333334,4.0,0.00018819444444444444,3.509259259259259e-05,0.00015310185185185186,0.010527777777777778,0.01068087962962963,0.014334198788940083,0.9856658012110598,4.362796833773087,0.04655495742723635,4.655495742723635,6.0
seasonal_period_weeks,5_to_10,peak_weekly_cases,52.18,50.0,54.0,10.126666666666667,8.526666666666667,11.316666666666666,8.526666666666667,11.316666666666666,2.789999999999999,2.789999999999999,0.27551020408163257,,,0.8074762152777772,0.01410058796296296,0.7933756273148143,4.230176388888888,5.023552016203703,0.15793120579935152,0.8420687942006484,56.265428746568524,0.11137672213321075,11.137672213321075,4.0
seasonal_period_weeks,all ages combined,cumulative_cases,52.18,50.0,54.0,131.17,111.01666666666667,141.06,111.01666666666667,141.06,30.043333333333337,30.043333333333337,0.2290411933623034,,,95.22148819444445,0.6177107592592593,94.6037774351852,185.3132277777778,279.917005212963,0.3379708116097124,0.6620291883902877,153.15222540179045,0.10644006662161316,10.644006662161317,4.0
seasonal_period_weeks,all ages combined,final_week_cases,52.18,50.0,54.0,22.49,15.823333333333334,26.053333333333335,15.823333333333334,26.053333333333335,10.23,10.23,0.454868830591374,,,10.800196527777778,0.0882191574074074,10.711977370370372,26.465747222222223,37.1777245925926,0.2881289128841591,0.7118710871158408,121.42461666122114,0.13708627856865818,13.708627856865817,3.0
seasonal_period_weeks,all ages combined,outbreak_indicator,52.18,50.0,54.0,1.0,1.0,1.0,1.0,1.0,0.0,0.0,0.0,0.0,0.0,0.0,0.0,0.0,0.0,0.0,0.0,0.0,0.0,0.0,0.0,2.0
seasonal_period_weeks,all ages combined,peak_weekly_cases,52.18,50.0,54.0,28.093333333333334,24.606666666666666,30.416666666666668,24.606666666666666,30.416666666666668,5.810000000000002,5.810000000000002,0.20681063122923596,,,3.430702604166669,0.044637032407407407,3.3860655717592616,13.391109722222222,16.777175293981482,0.20182572527414394,0.7981742747258561,75.85776627922407,0.09646422468452238,9.646422468452238,4.0
seasonal_period_weeks,under_1,cumulative_cases,52.18,50.0,54.0,13.743333333333334,11.446666666666667,15.023333333333333,11.446666666666667,15.023333333333333,3.576666666666666,3.576666666666666,0.26024739267523644,,,1.2817901041666664,0.048175254629629634,1.2336148495370367,14.45257638888889,15.686191238425927,0.0786433641402441,0.9213566358597559,25.606815345783687,0.1074401640513303,10.744016405133031,4.0
seasonal_period_weeks,under_1,final_week_cases,52.18,50.0,54.0,2.183333333333333,1.4433333333333334,2.7,1.4433333333333334,2.7,1.2566666666666668,1.2566666666666668,0.5755725190839696,,,0.17260000000000003,0.0072577685185185176,0.16534223148148153,2.1773305555555553,2.3426727870370367,0.07057845739122744,0.9294215426087726,22.78141429553774,0.14269777533355726,14.269777533355727,3.0
seasonal_period_weeks,under_1,outbreak_indicator,52.18,50.0,54.0,0.0,0.0,0.0,0.0,0.0,0.0,0.0,0.0,0.0,0.0,0.0,0.0,0.0,0.0,0.0,0.0,0.0,0.0,0.0,0.0,1.0
seasonal_period_weeks,under_1,peak_weekly_cases,52.18,50.0,54.0,4.33,3.7866666666666666,4.653333333333333,3.7866666666666666,4.653333333333333,0.8666666666666667,0.8666666666666667,0.20015396458814472,,,0.06744374999999998,0.005876555555555555,0.06156719444444443,1.7629666666666666,1.824533861111111,0.03374406787219122,0.9662559321278088,10.476748473217492,0.07971277187425468,7.971277187425469,4.0
seed_infections_per_week,11_to_14,cumulative_cases,5.219499270486237,4.175599416388989,6.263399124583485,7.16,6.536666666666667,7.256666666666667,6.863333333333333,7.113333333333333,0.25,0.7199999999999998,0.10055865921787706,,,0.04875464852607705,0.02380730687830688,0.02494734164777017,7.142192063492064,7.167139405139834,0.003480794810532004,0.9965192051894679,1.0478859190285854,0.01237613805102416,1.2376138051024161,12.0
seed_infections_per_week,11_to_14,final_week_cases,5.219499270486237,4.175599416388989,6.263399124583485,1.2666666666666666,1.11,1.2666666666666666,1.19,1.1766666666666667,-0.013333333333333197,0.1566666666666665,0.12368421052631567,,,0.003151927437641719,0.003886391534391535,0.0,1.1659174603174605,1.1659174603174605,0.0,1.0,0.0,0.0,0.0,12.0
seed_infections_per_week,11_to_14,outbreak_indicator,5.219499270486237,4.175599416388989,6.263399124583485,0.0,0.0,0.0,0.0,0.0,0.0,0.0,0.0,0.0,0.0,0.0,0.0,0.0,0.0,0.0,0.0,0.0,0.0,0.0,0.0,1.0
seed_infections_per_week,11_to_14,peak_weekly_cases,5.219499270486237,4.175599416388989,6.263399124583485,2.6933333333333334,2.486666666666667,2.7266666666666666,2.6466666666666665,2.6366666666666667,-0.009999999999999787,0.23999999999999977,0.08910891089108902,,,0.005317460317460312,0.0033056878306878304,0.0020117724867724815,0.9917063492063491,0.9937181216931217,0.0020244900871333347,0.9979755099128667,0.6085790884718483,0.014227828104723242,1.4227828104723241,9.0
seed_infections_per_week,15_to_24,cumulative_cases,5.219499270486237,4.175599416388989,6.263399124583485,10.686666666666667,10.09,11.246666666666666,10.09,11.246666666666666,1.1566666666666663,1.1566666666666663,0.10823456019962566,,,0.1508249433106576,0.03858644973544974,0.11223849357520786,11.575934920634921,11.688173414210128,0.009602740274092074,0.990397259725908,2.908754092297154,0.022948546620629662,2.294854662062966,10.0
seed_infections_per_week,15_to_24,final_week_cases,5.219499270486237,4.175599416388989,6.263399124583485,1.9466666666666668,1.7,1.9933333333333334,1.8566666666666667,1.9933333333333334,0.13666666666666671,0.29333333333333345,0.15068493150684936,,,0.01083628117913833,0.0062123227513227516,0.004623958427815579,1.8636968253968256,1.8683207838246412,0.0024749274684778004,0.9975250725315222,0.7443203794959025,0.015819165487779223,1.5819165487779223,9.0
seed_infections_per_week,15_to_24,outbreak_indicator,5.219499270486237,4.175599416388989,6.263399124583485,0.0,0.0,0.0,0.0,0.0,0.0,0.0,0.0,0.0,0.0,0.0,0.0,0.0,0.0,0.0,0.0,0.0,0.0,0.0,0.0,1.0
seed_infections_per_week,15_to_24,peak_weekly_cases,5.219499270486237,4.175599416388989,6.263399124583485,3.5366666666666666,3.3966666666666665,3.7266666666666666,3.3966666666666665,3.7266666666666666,0.33000000000000007,0.33000000000000007,0.09330819981149861,,,0.012110204081632667,0.004492031746031746,0.007618172335600921,1.3476095238095238,1.3552276961451248,0.005621322791196209,0.9943786772088037,1.6959302084921377,0.026599554139856,2.6599554139856,9.0
seed_infections_per_week,1_to_4,cumulative_cases,5.219499270486237,4.175599416388989,6.263399124583485,15.04,14.273333333333333,15.04,14.273333333333333,14.803333333333333,0.5299999999999994,0.7666666666666657,0.05097517730496448,,,0.08451065759637189,0.052668238095238094,0.03184241950113379,15.800471428571429,15.832313848072562,0.002011229679167225,0.9979887703208328,0.6045848627697452,0.0031397600585399417,0.31397600585399416,11.0
seed_infections_per_week,1_to_4,final_week_cases,5.219499270486237,4.175599416388989,6.263399124583485,2.19,1.89,2.19,1.9033333333333333,2.04,0.13666666666666671,0.30000000000000004,0.13698630136986303,,,0.010605895691609982,0.0066594497354497345,0.003946445956160247,1.9978349206349204,2.001781366591081,0.0019714670253329508,0.998028532974667,0.592608415550077,0.005484055097852596,0.5484055097852596,10.0
seed_infections_per_week,1_to_4,outbreak_indicator,5.219499270486237,4.175599416388989,6.263399124583485,0.0,0.0,0.0,0.0,0.0,0.0,0.0,0.0,0.0,0.0,0.0,0.0,0.0,0.0,0.0,0.0,0.0,0.0,0.0,0.0,1.0
seed_infections_per_week,1_to_4,peak_weekly_cases,5.219499270486237,4.175599416388989,6.263399124583485,4.823333333333333,4.506666666666667,4.823333333333333,4.506666666666667,4.703333333333333,0.19666666666666632,0.31666666666666643,0.06565307532826532,,,0.009497505668934208,0.006318497354497355,0.003179008314436853,1.8955492063492065,1.8987282146636435,0.0016742829699826255,0.9983257170300173,0.5031272684120238,0.009893232041688625,0.9893232041688624,9.0
seed_infections_per_week,25_to_34,cumulative_cases,5.219499270486237,4.175599416388989,6.263399124583485,16.313333333333333,14.953333333333333,16.833333333333332,14.953333333333333,16.833333333333332,1.879999999999999,1.879999999999999,0.1152431548835308,,,0.37582176870748246,0.05815378835978836,0.3176679803476941,17.446136507936508,17.7638044882842,0.017882879793976923,0.9821171202060232,5.462550064362655,0.029650628791488935,2.9650628791488933,9.0
seed_infections_per_week,25_to_34,final_week_cases,5.219499270486237,4.175599416388989,6.263399124583485,2.9,2.466666666666667,2.933333333333333,2.5933333333333333,2.933333333333333,0.33999999999999986,0.46666666666666634,0.16091954022988494,,,0.028091156462585008,0.009320629629629628,0.01877052683295538,2.7961888888888886,2.814959415721844,0.0066681340868077945,0.9933318659131922,2.0138689743968787,0.024832129282963813,2.4832129282963815,8.0
seed_infections_per_week,25_to_34,outbreak_indicator,5.219499270486237,4.175599416388989,6.263399124583485,0.0,0.0,0.0,0.0,0.0,0.0,0.0,0.0,0.0,0.0,0.0,0.0,0.0,0.0,0.0,0.0,0.0,0.0,0.0,0.0,1.0
seed_infections_per_week,25_to_34,peak_weekly_cases,5.219499270486237,4.175599416388989,6.263399124583485,4.973333333333334,4.593333333333334,5.11,4.593333333333334,5.11,0.5166666666666666,0.5166666666666666,0.10388739946380696,,,0.023072108843537407,0.006433825396825396,0.01663828344671201,1.9301476190476188,1.9467859024943308,0.008546539927885297,0.9914534600721147,2.5860638765425215,0.02400071715617404,2.400071715617404,9.0
seed_infections_per_week,35_and_over,cumulative_cases,5.219499270486237,4.175599416388989,6.263399124583485,28.006666666666668,25.553333333333335,29.683333333333334,25.553333333333335,29.19,3.6366666666666667,4.129999999999999,0.14746488931206853,,,2.1905387755102046,0.1198659523809524,2.0706728231292524,35.95978571428572,38.03045853741497,0.054447748009456454,0.9455522519905436,17.274904024024572,0.09627375214962354,9.627375214962354,6.0
seed_infections_per_week,35_and_over,final_week_cases,5.219499270486237,4.175599416388989,6.263399124583485,5.0,4.316666666666666,5.596666666666667,4.493333333333333,5.32,0.8266666666666671,1.2800000000000002,0.25600000000000006,,,0.1728598639455783,0.017958629629629633,0.15490123431594868,5.38758888888889,5.542490123204838,0.027947949544812185,0.9720520504551878,8.625448461857012,0.09044140939855977,9.044140939855977,5.0
seed_infections_per_week,35_and_over,outbreak_indicator,5.219499270486237,4.175599416388989,6.263399124583485,0.0,0.0,0.0033333333333333335,0.0,0.0033333333333333335,0.0033333333333333335,0.0033333333333333335,3333333333.3333335,0.33333333333333337,0.33333333333333337,1.3605442176870747e-06,1.5820105820105815e-06,0.0,0.00047460317460317446,0.00047460317460317446,0.0,1.0,0.0,0.0,0.0,2.0
seed_infections_per_week,35_and_over,peak_weekly_cases,5.219499270486237,4.175599416388989,6.263399124583485,7.526666666666666,6.996666666666667,8.006666666666666,6.996666666666667,7.8933333333333335,0.8966666666666665,1.009999999999999,0.13418954827280766,,,0.12505396825396814,0.011386608465608466,0.11366735978835968,3.4159825396825396,3.529649899470899,0.03220357911570738,0.9677964208842926,9.982547492668672,0.09534329045671994,9.534329045671994,5.0
seed_infections_per_week,5_to_10,cumulative_cases,5.219499270486237,4.175599416388989,6.263399124583485,40.22,39.14666666666667,40.50333333333333,39.14666666666667,40.28333333333333,1.1366666666666632,1.356666666666662,0.03373114536714724,,,0.20241405895691494,0.17546655555555557,0.026947503401359374,52.63996666666667,52.66691417006803,0.00051165905248108,0.9994883409475189,0.1535762944456236,0.0002016941756804577,0.02016941756804577,13.0
seed_infections_per_week,5_to_10,final_week_cases,5.219499270486237,4.175599416388989,6.263399124583485,7.003333333333333,6.513333333333334,7.003333333333333,6.513333333333334,6.846666666666667,0.33333333333333304,0.4899999999999993,0.06996668253212747,,,0.024583219954648492,0.027030058201058194,0.0,8.109017460317459,8.109017460317459,0.0,1.0,0.0,0.0,0.0,13.0
seed_infections_per_week,5_to_10,outbreak_indicator,5.219499270486237,4.175599416388989,6.263399124583485,0.0033333333333333335,0.0033333333333333335,0.016666666666666666,0.006666666666666667,0.013333333333333334,0.006666666666666667,0.013333333333333332,3.9999999999999996,1.3333333333333333,0.6666666666666667,2.131519274376417e-05,3.6037037037037046e-05,0.0,0.010811111111111113,0.010811111111111113,0.0,1.0,0.0,0.0,0.0,10.0
seed_infections_per_week,5_to_10,peak_weekly_cases,5.219499270486237,4.175599416388989,6.263399124583485,10.126666666666667,9.943333333333333,10.33,9.943333333333333,10.146666666666667,0.20333333333333314,0.3866666666666667,0.03818301514154049,,,0.01265396825396824,0.014835640211640211,0.0,4.450692063492063,4.450692063492063,0.0,1.0,0.0,0.0,0.0,13.0
seed_infections_per_week,all ages combined,cumulative_cases,5.219499270486237,4.175599416388989,6.263399124583485,131.17,124.40666666666667,133.14666666666668,124.40666666666667,133.14666666666668,8.740000000000009,8.740000000000009,0.06663108942593589,,,9.58783764172336,0.6144585449735449,8.973379096749815,184.33756349206348,193.3109425888133,0.04641940583693111,0.9535805941630688,14.6037176472762,0.01009607750106402,1.009607750106402,11.0
seed_infections_per_week,all ages combined,final_week_cases,5.219499270486237,4.175599416388989,6.263399124583485,22.49,20.196666666666665,22.67,20.733333333333334,22.553333333333335,1.8200000000000003,2.4733333333333363,0.10997480361642226,,,0.7883138321995471,0.08633530687830687,0.7019785253212403,25.900592063492063,26.602570588813304,0.0263876200601618,0.9736123799398382,8.130839522128618,0.008983553674934263,0.8983553674934263,12.0
seed_infections_per_week,all ages combined,outbreak_indicator,5.219499270486237,4.175599416388989,6.263399124583485,1.0,1.0,1.0,1.0,1.0,0.0,0.0,0.0,0.0,0.0,0.0,0.0,0.0,0.0,0.0,0.0,0.0,0.0,0.0,0.0,2.0
seed_infections_per_week,all ages combined,peak_weekly_cases,5.219499270486237,4.175599416388989,6.263399124583485,28.093333333333334,26.68,28.613333333333333,26.68,28.613333333333333,1.9333333333333336,1.9333333333333336,0.06881822496440437,,,0.4394870748299321,0.0447788253968254,0.3947082494331067,13.433647619047619,13.828355868480726,0.02854339685694478,0.9714566031430553,8.814618202582187,0.011244680426660306,1.1244680426660305,11.0
seed_infections_per_week,under_1,cumulative_cases,5.219499270486237,4.175599416388989,6.263399124583485,13.743333333333334,13.196666666666667,13.896666666666667,13.526666666666667,13.676666666666666,0.14999999999999858,0.6999999999999993,0.05093378607809842,,,0.04096190476190468,0.04888362962962963,0.0,14.665088888888889,14.665088888888889,0.0,1.0,0.0,0.0,0.0,12.0
seed_infections_per_week,under_1,final_week_cases,5.219499270486237,4.175599416388989,6.263399124583485,2.183333333333333,2.0,2.243333333333333,2.183333333333333,2.243333333333333,0.06000000000000005,0.24333333333333318,0.11145038167938925,,,0.00768480725623581,0.007105222222222222,0.0005795850340135876,2.1315666666666666,2.1321462517006804,0.0002718317439768912,0.9997281682560231,0.08157169696971381,0.0005002079276982914,0.05002079276982914,12.0
seed_infections_per_week,under_1,outbreak_indicator,5.219499270486237,4.175599416388989,6.263399124583485,0.0,0.0,0.0,0.0,0.0,0.0,0.0,0.0,0.0,0.0,0.0,0.0,0.0,0.0,0.0,0.0,0.0,0.0,0.0,0.0,1.0
seed_infections_per_week,under_1,peak_weekly_cases,5.219499270486237,4.175599416388989,6.263399124583485,4.33,4.236666666666666,4.44,4.303333333333334,4.27,-0.0333333333333341,0.20333333333333403,0.04695919938414181,,,0.0038712018140589876,0.005432825396825397,0.0,1.629847619047619,1.629847619047619,0.0,1.0,0.0,0.0,0.0,12.0
sh_noise_multiplier,11_to_14,cumulative_cases,1.0,0.8,1.0,7.16,7.116666666666666,7.163333333333333,7.163333333333333,7.16,-0.0033333333333329662,0.046666666666666856,0.006517690875232801,,,0.00024580498866213455,0.02578194708994709,0.0,7.734584126984127,7.734584126984127,0.0,1.0,0.0,0.0,0.0,13.0
sh_noise_multiplier,11_to_14,final_week_cases,1.0,0.8,1.0,1.2666666666666666,1.2333333333333334,1.2733333333333334,1.26,1.2666666666666666,0.006666666666666599,0.040000000000000036,0.03157894736842108,,,0.00013560090702947842,0.00451237037037037,0.0,1.3537111111111109,1.3537111111111109,0.0,1.0,0.0,0.0,0.0,12.0
sh_noise_multiplier,11_to_14,outbreak_indicator,1.0,0.8,1.0,0.0,0.0,0.0,0.0,0.0,0.0,0.0,0.0,0.0,0.0,0.0,0.0,0.0,0.0,0.0,0.0,0.0,0.0,0.0,0.0,1.0
sh_noise_multiplier,11_to_14,peak_weekly_cases,1.0,0.8,1.0,2.6933333333333334,2.683333333333333,2.703333333333333,2.69,2.6933333333333334,0.0033333333333334103,0.020000000000000018,0.007425742574257432,,,3.809523809523858e-05,0.003483216931216931,0.0,1.0449650793650793,1.0449650793650793,0.0,1.0,0.0,0.0,0.0,12.0
sh_noise_multiplier,15_to_24,cumulative_cases,1.0,0.8,1.0,10.686666666666667,10.663333333333334,10.813333333333333,10.76,10.686666666666667,-0.07333333333333236,0.14999999999999858,0.014036182158452766,,,0.002358276643990887,0.03797752380952381,0.0,11.393257142857143,11.393257142857143,0.0,1.0,0.0,0.0,0.0,13.0
sh_noise_multiplier,15_to_24,final_week_cases,1.0,0.8,1.0,1.9466666666666668,1.8233333333333333,1.9466666666666668,1.8466666666666667,1.9466666666666668,0.10000000000000009,0.12333333333333352,0.06335616438356173,,,0.001580498866213155,0.0071555026455026455,0.0,2.1466507936507937,2.1466507936507937,0.0,1.0,0.0,0.0,0.0,11.0
sh_noise_multiplier,15_to_24,outbreak_indicator,1.0,0.8,1.0,0.0,0.0,0.0,0.0,0.0,0.0,0.0,0.0,0.0,0.0,0.0,0.0,0.0,0.0,0.0,0.0,0.0,0.0,0.0,0.0,1.0
sh_noise_multiplier,15_to_24,peak_weekly_cases,1.0,0.8,1.0,3.5366666666666666,3.5366666666666666,3.6066666666666665,3.59,3.5366666666666666,-0.05333333333333323,0.06999999999999984,0.01979264844486329,,,0.0005705215419501112,0.0046027989417989435,0.0,1.380839682539683,1.380839682539683,0.0,1.0,0.0,0.0,0.0,12.0
sh_noise_multiplier,1_to_4,cumulative_cases,1.0,0.8,1.0,15.04,14.93,15.076666666666666,14.93,15.04,0.10999999999999943,0.1466666666666665,0.00975177304964538,,,0.0019111111111110928,0.05254150264550265,0.0,15.762450793650794,15.762450793650794,0.0,1.0,0.0,0.0,0.0,13.0
sh_noise_multiplier,1_to_4,final_week_cases,1.0,0.8,1.0,2.19,2.1133333333333333,2.19,2.1133333333333333,2.19,0.07666666666666666,0.07666666666666666,0.0350076103500761,,,0.0006349206349206322,0.007384322751322752,0.0,2.2152968253968255,2.2152968253968255,0.0,1.0,0.0,0.0,0.0,14.0
sh_noise_multiplier,1_to_4,outbreak_indicator,1.0,0.8,1.0,0.0,0.0,0.0,0.0,0.0,0.0,0.0,0.0,0.0,0.0,0.0,0.0,0.0,0.0,0.0,0.0,0.0,0.0,0.0,0.0,1.0
sh_noise_multiplier,1_to_4,peak_weekly_cases,1.0,0.8,1.0,4.823333333333333,4.803333333333334,4.823333333333333,4.8133333333333335,4.823333333333333,0.009999999999999787,0.019999999999999574,0.004146510020732462,,,5.623582766439747e-05,0.006777714285714288,0.0,2.0333142857142863,2.0333142857142863,0.0,1.0,0.0,0.0,0.0,11.0
sh_noise_multiplier,25_to_34,cumulative_cases,1.0,0.8,1.0,16.313333333333333,16.223333333333333,16.346666666666668,16.253333333333334,16.313333333333333,0.05999999999999872,0.12333333333333485,0.007560277891295557,,,0.0017990929705215494,0.06699738624338625,0.0,20.099215873015876,20.099215873015876,0.0,1.0,0.0,0.0,0.0,12.0
sh_noise_multiplier,25_to_34,final_week_cases,1.0,0.8,1.0,2.9,2.8933333333333335,2.95,2.95,2.9,-0.050000000000000266,0.05666666666666664,0.019540229885057464,,,0.00035782312925170245,0.010971423280423283,0.0,3.2914269841269848,3.2914269841269848,0.0,1.0,0.0,0.0,0.0,13.0
sh_noise_multiplier,25_to_34,outbreak_indicator,1.0,0.8,1.0,0.0,0.0,0.0,0.0,0.0,0.0,0.0,0.0,0.0,0.0,0.0,0.0,0.0,0.0,0.0,0.0,0.0,0.0,0.0,0.0,1.0
sh_noise_multiplier,25_to_34,peak_weekly_cases,1.0,0.8,1.0,4.973333333333334,4.963333333333333,5.006666666666667,4.976666666666667,4.973333333333334,-0.0033333333333329662,0.04333333333333389,0.008713136729222632,,,0.0001823129251700709,0.006985714285714287,0.0,2.095714285714286,2.095714285714286,0.0,1.0,0.0,0.0,0.0,13.0
sh_noise_multiplier,35_and_over,cumulative_cases,1.0,0.8,1.0,28.006666666666668,28.006666666666668,28.2,28.08,28.006666666666668,-0.07333333333333059,0.19333333333333158,0.006903118305165374,,,0.005283900226757341,0.1394987671957672,0.0,41.849630158730164,41.849630158730164,0.0,1.0,0.0,0.0,0.0,12.0
sh_noise_multiplier,35_and_over,final_week_cases,1.0,0.8,1.0,5.0,4.996666666666667,5.14,4.996666666666667,5.0,0.0033333333333329662,0.14333333333333265,0.028666666666666528,,,0.0036090702947845716,0.02046620105820106,0.0,6.139860317460317,6.139860317460317,0.0,1.0,0.0,0.0,0.0,14.0
sh_noise_multiplier,35_and_over,outbreak_indicator,1.0,0.8,1.0,0.0,0.0,0.0,0.0,0.0,0.0,0.0,0.0,0.0,0.0,0.0,0.0,0.0,0.0,0.0,0.0,0.0,0.0,0.0,0.0,2.0
sh_noise_multiplier,35_and_over,peak_weekly_cases,1.0,0.8,1.0,7.526666666666666,7.526666666666666,7.58,7.553333333333334,7.526666666666666,-0.026666666666667282,0.05333333333333368,0.007085916740478346,,,0.00024897959183673644,0.012669238095238096,0.0,3.800771428571429,3.800771428571429,0.0,1.0,0.0,0.0,0.0,11.0
sh_noise_multiplier,5_to_10,cumulative_cases,1.0,0.8,1.0,40.22,40.02,40.22,40.02,40.22,0.19999999999999574,0.19999999999999574,0.00497265042267518,,,0.003792743764172202,0.16579193121693125,0.0,49.73757936507938,49.73757936507938,0.0,1.0,0.0,0.0,0.0,14.0
sh_noise_multiplier,5_to_10,final_week_cases,1.0,0.8,1.0,7.003333333333333,6.95,7.026666666666666,6.973333333333334,7.003333333333333,0.02999999999999936,0.07666666666666622,0.010947168015230779,,,0.0005206349206349134,0.026004021164021163,0.0,7.801206349206349,7.801206349206349,0.0,1.0,0.0,0.0,0.0,13.0
sh_noise_multiplier,5_to_10,outbreak_indicator,1.0,0.8,1.0,0.0033333333333333335,0.0033333333333333335,0.01,0.006666666666666667,0.0033333333333333335,-0.0033333333333333335,0.006666666666666666,1.9999999999999998,0.6666666666666666,-0.33333333333333337,8.616780045351474e-06,1.891005291005291e-05,0.0,0.005673015873015872,0.005673015873015872,0.0,1.0,0.0,0.0,0.0,10.0
sh_noise_multiplier,5_to_10,peak_weekly_cases,1.0,0.8,1.0,10.126666666666667,10.07,10.133333333333333,10.07,10.126666666666667,0.05666666666666664,0.06333333333333258,0.00625411454904535,,,0.00045623582766439214,0.012902285714285712,0.0,3.8706857142857136,3.8706857142857136,0.0,1.0,0.0,0.0,0.0,13.0
sh_noise_multiplier,all ages combined,cumulative_cases,1.0,0.8,1.0,131.17,130.76333333333332,131.17666666666668,130.76333333333332,131.17,0.4066666666666663,0.4133333333333553,0.0031511270361618917,,,0.018764172335601896,0.6795032962962964,0.0,203.8509888888889,203.8509888888889,0.0,1.0,0.0,0.0,0.0,14.0
sh_noise_multiplier,all ages combined,final_week_cases,1.0,0.8,1.0,22.49,22.266666666666666,22.49,22.266666666666666,22.49,0.22333333333333272,0.22333333333333272,0.00993033941010817,,,0.005827664399092956,0.09362557142857143,0.0,28.08767142857143,28.08767142857143,0.0,1.0,0.0,0.0,0.0,14.0
sh_noise_multiplier,all ages combined,outbreak_indicator,1.0,0.8,1.0,1.0,1.0,1.0,1.0,1.0,0.0,0.0,0.0,0.0,0.0,0.0,0.0,0.0,0.0,0.0,0.0,0.0,0.0,0.0,0.0,2.0
sh_noise_multiplier,all ages combined,peak_weekly_cases,1.0,0.8,1.0,28.093333333333334,28.06,28.126666666666665,28.063333333333333,28.093333333333334,0.030000000000001137,0.06666666666666643,0.0023730422401518664,,,0.0005015873015873061,0.0454878783068783,0.0,13.646363492063491,13.646363492063491,0.0,1.0,0.0,0.0,0.0,13.0
sh_noise_multiplier,under_1,cumulative_cases,1.0,0.8,1.0,13.743333333333334,13.556666666666667,13.743333333333334,13.556666666666667,13.743333333333334,0.18666666666666742,0.18666666666666742,0.013582342954159646,,,0.002888435374149675,0.05002369841269841,0.0,15.007109523809522,15.007109523809522,0.0,1.0,0.0,0.0,0.0,12.0
sh_noise_multiplier,under_1,final_week_cases,1.0,0.8,1.0,2.183333333333333,2.1266666666666665,2.183333333333333,2.1266666666666665,2.183333333333333,0.05666666666666664,0.05666666666666664,0.025954198473282435,,,0.0002662131519274362,0.007270449735449735,0.0,2.1811349206349204,2.1811349206349204,0.0,1.0,0.0,0.0,0.0,13.0
sh_noise_multiplier,under_1,outbreak_indicator,1.0,0.8,1.0,0.0,0.0,0.0,0.0,0.0,0.0,0.0,0.0,0.0,0.0,0.0,0.0,0.0,0.0,0.0,0.0,0.0,0.0,0.0,0.0,1.0
sh_noise_multiplier,under_1,peak_weekly_cases,1.0,0.8,1.0,4.33,4.253333333333333,4.33,4.253333333333333,4.33,0.0766666666666671,0.0766666666666671,0.01770592763664367,,,0.0005292517006802776,0.005801788359788359,0.0,1.7405365079365078,1.7405365079365078,0.0,1.0,0.0,0.0,0.0,12.0
sick_contact_multiplier,11_to_14,cumulative_cases,0.6624609982687012,0.5299687986149609,0.7949531979224415,7.16,6.57,7.756666666666667,6.57,7.756666666666667,1.1866666666666665,1.1866666666666665,0.16573556797020483,,,0.1396154195011337,0.025345719576719578,0.11426969992441413,7.603715873015873,7.717985572940287,0.014805637927732134,0.985194362072268,4.5084417342553005,0.056688107345499845,5.668810734549985,7.0
sick_contact_multiplier,11_to_14,final_week_cases,0.6624609982687012,0.5299687986149609,0.7949531979224415,1.2666666666666666,0.9566666666666667,1.3766666666666667,0.9566666666666667,1.3766666666666667,0.42000000000000004,0.42000000000000004,0.3315789473684211,,,0.021414965986394557,0.004177396825396825,0.01723756916099773,1.2532190476190477,1.2704566167800455,0.0135680108500565,0.9864319891499435,4.126390161499746,0.06655132152966463,6.655132152966463,5.0
sick_contact_multiplier,11_to_14,outbreak_indicator,0.6624609982687012,0.5299687986149609,0.7949531979224415,0.0,0.0,0.0,0.0,0.0,0.0,0.0,0.0,0.0,0.0,0.0,0.0,0.0,0.0,0.0,0.0,0.0,0.0,0.0,0.0,1.0
sick_contact_multiplier,11_to_14,peak_weekly_cases,0.6624609982687012,0.5299687986149609,0.7949531979224415,2.6933333333333334,2.4966666666666666,2.85,2.4966666666666666,2.85,0.3533333333333335,0.3533333333333335,0.13118811881188125,,,0.011071201814058967,0.003399767195767196,0.0076714346182917715,1.0199301587301588,1.0276015933484506,0.007465378282739249,0.9925346217172607,2.256458803368336,0.054254570923567065,5.425457092356707,7.0
sick_contact_multiplier,15_to_24,cumulative_cases,0.6624609982687012,0.5299687986149609,0.7949531979224415,10.686666666666667,10.063333333333333,11.496666666666666,10.063333333333333,11.496666666666666,1.4333333333333336,1.4333333333333336,0.13412351840299438,,,0.3110331065759638,0.03743448148148148,0.2735986250944823,11.230344444444444,11.503943069538927,0.023783030169797947,0.976216969830202,7.308732865174831,0.055940618974128775,5.594061897412877,7.0
sick_contact_multiplier,15_to_24,final_week_cases,0.6624609982687012,0.5299687986149609,0.7949531979224415,1.9466666666666668,1.66,2.0,1.66,1.9566666666666668,0.29666666666666686,0.3400000000000001,0.17465753424657537,,,0.01437687074829933,0.00649831746031746,0.007878553287981871,1.9494952380952382,1.95737379138322,0.004025063236600467,0.9959749367633995,1.2123989534357071,0.026953559425868426,2.6953559425868425,7.0
sick_contact_multiplier,15_to_24,outbreak_indicator,0.6624609982687012,0.5299687986149609,0.7949531979224415,0.0,0.0,0.0,0.0,0.0,0.0,0.0,0.0,0.0,0.0,0.0,0.0,0.0,0.0,0.0,0.0,0.0,0.0,0.0,0.0,1.0
sick_contact_multiplier,15_to_24,peak_weekly_cases,0.6624609982687012,0.5299687986149609,0.7949531979224415,3.5366666666666666,3.36,3.7533333333333334,3.46,3.7533333333333334,0.29333333333333345,0.39333333333333353,0.11121583411875595,,,0.017160997732426318,0.00421420634920635,0.012946791383219969,1.264261904761905,1.277208696145125,0.010136786119837746,0.9898632138801623,3.0721778456952404,0.0452049209658915,4.52049209658915,7.0
sick_contact_multiplier,1_to_4,cumulative_cases,0.6624609982687012,0.5299687986149609,0.7949531979224415,15.04,13.723333333333333,15.893333333333333,13.723333333333333,15.893333333333333,2.17,2.17,0.14428191489361702,,,0.6016852607709752,0.05023968783068782,0.5514455729402874,15.071906349206348,15.623351922146636,0.03529623960903002,0.9647037603909699,10.976293777913343,0.054374221918498986,5.437422191849898,7.0
sick_contact_multiplier,1_to_4,final_week_cases,0.6624609982687012,0.5299687986149609,0.7949531979224415,2.19,1.8033333333333332,2.3133333333333335,1.8466666666666667,2.296666666666667,0.4500000000000002,0.5100000000000002,0.23287671232876722,,,0.03810702947845807,0.0069405925925925946,0.031166436885865477,2.0821777777777783,2.113344214663644,0.014747449407254214,0.9852525505927457,4.490457618723813,0.04330946349817226,4.330946349817226,7.0
sick_contact_multiplier,1_to_4,outbreak_indicator,0.6624609982687012,0.5299687986149609,0.7949531979224415,0.0,0.0,0.0,0.0,0.0,0.0,0.0,0.0,0.0,0.0,0.0,0.0,0.0,0.0,0.0,0.0,0.0,0.0,0.0,0.0,1.0
sick_contact_multiplier,1_to_4,peak_weekly_cases,0.6624609982687012,0.5299687986149609,0.7949531979224415,4.823333333333333,4.5,4.8966666666666665,4.5,4.8966666666666665,0.3966666666666665,0.3966666666666665,0.08223911541119554,,,0.017433106575963704,0.006806544973544974,0.010626561602418729,2.041963492063492,2.0525900536659107,0.005177147567016496,0.9948228524329835,1.5612269725273291,0.03307038841659981,3.3070388416599807,7.0
sick_contact_multiplier,25_to_34,cumulative_cases,0.6624609982687012,0.5299687986149609,0.7949531979224415,16.313333333333333,14.786666666666667,17.163333333333334,14.786666666666667,17.163333333333334,2.376666666666667,2.376666666666667,0.1456885982836126,,,0.6988349206349207,0.06881770899470901,0.6300172116402116,20.645312698412702,21.275329910052914,0.029612570724109853,0.9703874292758902,9.154870466388962,0.05880481392599515,5.880481392599515,7.0
sick_contact_multiplier,25_to_34,final_week_cases,0.6624609982687012,0.5299687986149609,0.7949531979224415,2.9,2.566666666666667,3.2133333333333334,2.566666666666667,3.2133333333333334,0.6466666666666665,0.6466666666666665,0.2229885057471264,,,0.04965079365079366,0.010677100529100527,0.03897369312169313,3.203130158730158,3.2421038518518515,0.012021111877533417,0.9879788881224665,3.650213184325651,0.05155954304560472,5.155954304560472,5.0
sick_contact_multiplier,25_to_34,outbreak_indicator,0.6624609982687012,0.5299687986149609,0.7949531979224415,0.0,0.0,0.0,0.0,0.0,0.0,0.0,0.0,0.0,0.0,0.0,0.0,0.0,0.0,0.0,0.0,0.0,0.0,0.0,0.0,1.0
sick_contact_multiplier,25_to_34,peak_weekly_cases,0.6624609982687012,0.5299687986149609,0.7949531979224415,4.973333333333334,4.496666666666667,5.086666666666667,4.496666666666667,5.086666666666667,0.5899999999999999,0.5899999999999999,0.1186327077747989,,,0.045801360544217636,0.007059920634920635,0.038741439909297,2.1179761904761905,2.1567176303854874,0.01796314889046112,0.982036851109539,5.487517765804533,0.05588451143195891,5.588451143195891,7.0
sick_contact_multiplier,35_and_over,cumulative_cases,0.6624609982687012,0.5299687986149609,0.7949531979224415,28.006666666666668,27.033333333333335,29.56,27.033333333333335,29.56,2.5266666666666637,2.5266666666666637,0.09021661509164473,,,0.7536662131519262,0.13670959259259258,0.6169566205593335,41.012877777777774,41.62983439833711,0.014820059447173243,0.9851799405528268,4.512899269606649,0.028684748315302076,2.8684748315302078,8.0
sick_contact_multiplier,35_and_over,final_week_cases,0.6624609982687012,0.5299687986149609,0.7949531979224415,5.0,4.91,5.713333333333333,4.933333333333334,5.713333333333333,0.7799999999999994,0.8033333333333328,0.16066666666666657,,,0.08536780045351464,0.018995116402116402,0.06637268405139823,5.698534920634921,5.764907604686319,0.011513225987775344,0.9884867740122247,3.4941972792545304,0.0387526872699407,3.8752687269940704,7.0
sick_contact_multiplier,35_and_over,outbreak_indicator,0.6624609982687012,0.5299687986149609,0.7949531979224415,0.0,0.0,0.0,0.0,0.0,0.0,0.0,0.0,0.0,0.0,0.0,0.0,0.0,0.0,0.0,0.0,0.0,0.0,0.0,0.0,2.0
sick_contact_multiplier,35_and_over,peak_weekly_cases,0.6624609982687012,0.5299687986149609,0.7949531979224415,7.526666666666666,7.403333333333333,7.96,7.403333333333333,7.96,0.5566666666666666,0.5566666666666666,0.07395925597874226,,,0.03682539682539683,0.012870624338624338,0.023954772486772493,3.8611873015873015,3.885142074074074,0.006165739123576713,0.9938342608764232,1.8611973946660052,0.020093075402503394,2.0093075402503393,8.0
sick_contact_multiplier,5_to_10,cumulative_cases,0.6624609982687012,0.5299687986149609,0.7949531979224415,40.22,35.85333333333333,44.276666666666664,35.85333333333333,44.276666666666664,8.423333333333332,8.423333333333332,0.2094314603016741,,,8.12423446712018,0.1696513544973545,7.954583112622826,50.89540634920635,58.849989461829175,0.13516711192925984,0.8648328880707401,46.887825541922616,0.059537726366933726,5.9537726366933725,6.0
sick_contact_multiplier,5_to_10,final_week_cases,0.6624609982687012,0.5299687986149609,0.7949531979224415,7.003333333333333,5.723333333333334,8.273333333333333,5.723333333333334,8.273333333333333,2.55,2.55,0.3641123274631128,,,0.7704267573696143,0.027118788359788357,0.743307969009826,8.135636507936507,8.878944476946334,0.08371580326240154,0.9162841967375984,27.40933551854405,0.05702125456387138,5.702125456387138,6.0
sick_contact_multiplier,5_to_10,outbreak_indicator,0.6624609982687012,0.5299687986149609,0.7949531979224415,0.0033333333333333335,0.0,0.04666666666666667,0.0,0.04666666666666667,0.04666666666666667,0.04666666666666667,14.0,4.666666666666667,4.666666666666667,0.00023401360544217693,3.532804232804233e-05,0.0001986855631141346,0.010598412698412699,0.010797098261526833,0.01840175557372747,0.9815982444262726,5.624018485632985,0.0604159768174165,6.04159768174165,5.0
sick_contact_multiplier,5_to_10,peak_weekly_cases,0.6624609982687012,0.5299687986149609,0.7949531979224415,10.126666666666667,9.193333333333333,11.223333333333333,9.193333333333333,11.223333333333333,2.0299999999999994,2.0299999999999994,0.2004608294930875,,,0.503608616780045,0.014637412698412696,0.4889712040816323,4.391223809523809,4.880195013605441,0.10019501325632173,0.8998049867436784,33.40557611897197,0.06864341183817525,6.864341183817525,6.0
sick_contact_multiplier,all ages combined,cumulative_cases,0.6624609982687012,0.5299687986149609,0.7949531979224415,131.17,120.24,141.18333333333334,120.24,141.18333333333334,20.943333333333342,20.943333333333342,0.15966557393713002,,,49.71853560090703,0.6404234179894178,49.078112182917614,192.12702539682536,241.20513757974297,0.20347042635728388,0.7965295736427161,76.63385005032494,0.055218487802896996,5.5218487802897,7.0
sick_contact_multiplier,all ages combined,final_week_cases,0.6624609982687012,0.5299687986149609,0.7949531979224415,22.49,19.43,25.52,19.43,25.52,6.09,6.09,0.27078701645175635,,,4.327056689342402,0.09052768783068783,4.236529001511713,27.15830634920635,31.39483535071806,0.13494350119007123,0.8650564988099287,46.79815759168853,0.05421688029997711,5.421688029997711,5.0
sick_contact_multiplier,all ages combined,outbreak_indicator,0.6624609982687012,0.5299687986149609,0.7949531979224415,1.0,1.0,1.0,1.0,1.0,0.0,0.0,0.0,0.0,0.0,0.0,0.0,0.0,0.0,0.0,0.0,0.0,0.0,0.0,0.0,2.0
sick_contact_multiplier,all ages combined,peak_weekly_cases,0.6624609982687012,0.5299687986149609,0.7949531979224415,28.093333333333334,26.186666666666667,30.106666666666666,26.186666666666667,30.106666666666666,3.919999999999998,3.919999999999998,0.13953488372093018,,,1.8024566893424026,0.04486870899470899,1.7575879803476935,13.460612698412698,15.218200678760391,0.1154924959558924,0.8845075040441076,39.17179744473931,0.05007119863629442,5.007119863629442,7.0
sick_contact_multiplier,under_1,cumulative_cases,0.6624609982687012,0.5299687986149609,0.7949531979224415,13.743333333333334,12.21,15.036666666666667,12.21,15.036666666666667,2.826666666666666,2.826666666666666,0.20567547902013092,,,0.7421482993197276,0.049923126984126986,0.6922251723356005,14.976938095238095,15.669163267573696,0.04417754544482379,0.9558224545551762,13.865821597186669,0.060288497746366035,6.028849774636604,7.0
sick_contact_multiplier,under_1,final_week_cases,0.6624609982687012,0.5299687986149609,0.7949531979224415,2.183333333333333,1.7433333333333334,2.69,1.7433333333333334,2.69,0.9466666666666665,0.9466666666666665,0.433587786259542,,,0.0832521541950113,0.00746257671957672,0.07578957747543458,2.238773015873016,2.3145625933484504,0.03274466531742859,0.9672553346825714,10.155952873035709,0.06540981092556553,6.540981092556553,5.0
sick_contact_multiplier,under_1,outbreak_indicator,0.6624609982687012,0.5299687986149609,0.7949531979224415,0.0,0.0,0.0,0.0,0.0,0.0,0.0,0.0,0.0,0.0,0.0,0.0,0.0,0.0,0.0,0.0,0.0,0.0,0.0,0.0,1.0
sick_contact_multiplier,under_1,peak_weekly_cases,0.6624609982687012,0.5299687986149609,0.7949531979224415,4.33,3.966666666666667,4.65,3.966666666666667,4.65,0.6833333333333336,0.6833333333333336,0.15781370284834492,,,0.04751655328798189,0.005994306878306879,0.041522246409675015,1.7982920634920636,1.8398143099017386,0.02256871586779464,0.9774312841322054,6.926947060375256,0.05376001595699936,5.376001595699936,6.0
sick_mobility_multiplier,11_to_14,cumulative_cases,0.139282771635052,0.11142621730804161,0.1671393259620624,7.16,7.066666666666666,7.236666666666666,7.066666666666666,7.23,0.163333333333334,0.16999999999999993,0.023743016759776525,,,0.003185487528344679,0.02591211111111111,0.0,7.773633333333334,7.773633333333334,0.0,1.0,0.0,0.0,0.0,13.0
sick_mobility_multiplier,11_to_14,final_week_cases,0.139282771635052,0.11142621730804161,0.1671393259620624,1.2666666666666666,1.1533333333333333,1.31,1.1533333333333333,1.31,0.15666666666666673,0.15666666666666673,0.12368421052631584,,,0.0023233560090702974,0.004638592592592593,0.0,1.3915777777777778,1.3915777777777778,0.0,1.0,0.0,0.0,0.0,12.0
sick_mobility_multiplier,11_to_14,outbreak_indicator,0.139282771635052,0.11142621730804161,0.1671393259620624,0.0,0.0,0.0,0.0,0.0,0.0,0.0,0.0,0.0,0.0,0.0,0.0,0.0,0.0,0.0,0.0,0.0,0.0,0.0,0.0,1.0
sick_mobility_multiplier,11_to_14,peak_weekly_cases,0.139282771635052,0.11142621730804161,0.1671393259620624,2.6933333333333334,2.6533333333333333,2.743333333333333,2.6533333333333333,2.7,0.046666666666666856,0.08999999999999986,0.03341584158415836,,,0.000688435374149657,0.00337515873015873,0.0,1.012547619047619,1.012547619047619,0.0,1.0,0.0,0.0,0.0,12.0
sick_mobility_multiplier,15_to_24,cumulative_cases,0.139282771635052,0.11142621730804161,0.1671393259620624,10.686666666666667,10.623333333333333,10.783333333333333,10.623333333333333,10.783333333333333,0.16000000000000014,0.16000000000000014,0.014971927635683106,,,0.0026412698412698263,0.03728036507936508,0.0,11.184109523809523,11.184109523809523,0.0,1.0,0.0,0.0,0.0,13.0
sick_mobility_multiplier,15_to_24,final_week_cases,0.139282771635052,0.11142621730804161,0.1671393259620624,1.9466666666666668,1.8633333333333333,1.9566666666666668,1.8633333333333333,1.9133333333333333,0.050000000000000044,0.09333333333333349,0.047945205479452135,,,0.0008217687074829953,0.006879857142857142,0.0,2.063957142857143,2.063957142857143,0.0,1.0,0.0,0.0,0.0,11.0
sick_mobility_multiplier,15_to_24,outbreak_indicator,0.139282771635052,0.11142621730804161,0.1671393259620624,0.0,0.0,0.0,0.0,0.0,0.0,0.0,0.0,0.0,0.0,0.0,0.0,0.0,0.0,0.0,0.0,0.0,0.0,0.0,0.0,1.0
sick_mobility_multiplier,15_to_24,peak_weekly_cases,0.139282771635052,0.11142621730804161,0.1671393259620624,3.5366666666666666,3.5366666666666666,3.5866666666666664,3.5433333333333334,3.5866666666666664,0.043333333333333,0.04999999999999982,0.01413760603204519,,,0.0003102040816326509,0.004456873015873015,0.0,1.3370619047619046,1.3370619047619046,0.0,1.0,0.0,0.0,0.0,12.0
sick_mobility_multiplier,1_to_4,cumulative_cases,0.139282771635052,0.11142621730804161,0.1671393259620624,15.04,14.796666666666667,15.2,14.796666666666667,15.2,0.40333333333333243,0.40333333333333243,0.026817375886524764,,,0.018882539682539622,0.050554693121693126,0.0,15.166407936507937,15.166407936507937,0.0,1.0,0.0,0.0,0.0,13.0
sick_mobility_multiplier,1_to_4,final_week_cases,0.139282771635052,0.11142621730804161,0.1671393259620624,2.19,2.1666666666666665,2.2066666666666666,2.1766666666666667,2.19,0.013333333333333197,0.040000000000000036,0.018264840182648418,,,0.00013469387755102023,0.00711931746031746,0.0,2.135795238095238,2.135795238095238,0.0,1.0,0.0,0.0,0.0,14.0
sick_mobility_multiplier,1_to_4,outbreak_indicator,0.139282771635052,0.11142621730804161,0.1671393259620624,0.0,0.0,0.0,0.0,0.0,0.0,0.0,0.0,0.0,0.0,0.0,0.0,0.0,0.0,0.0,0.0,0.0,0.0,0.0,0.0,1.0
sick_mobility_multiplier,1_to_4,peak_weekly_cases,0.139282771635052,0.11142621730804161,0.1671393259620624,4.823333333333333,4.766666666666667,4.83,4.766666666666667,4.806666666666667,0.040000000000000036,0.06333333333333346,0.013130615065653103,,,0.0005473922902494332,0.006741640211640212,0.0,2.022492063492064,2.022492063492064,0.0,1.0,0.0,0.0,0.0,11.0
sick_mobility_multiplier,25_to_34,cumulative_cases,0.139282771635052,0.11142621730804161,0.1671393259620624,16.313333333333333,16.263333333333332,16.313333333333333,16.313333333333333,16.263333333333332,-0.05000000000000071,0.05000000000000071,0.003064977523498205,,,0.0004058956916099911,0.0667747619047619,0.0,20.03242857142857,20.03242857142857,0.0,1.0,0.0,0.0,0.0,12.0
sick_mobility_multiplier,25_to_34,final_week_cases,0.139282771635052,0.11142621730804161,0.1671393259620624,2.9,2.8933333333333335,2.97,2.9466666666666668,2.97,0.023333333333333428,0.07666666666666666,0.026436781609195402,,,0.0009981859410430846,0.010790084656084657,0.0,3.237025396825397,3.237025396825397,0.0,1.0,0.0,0.0,0.0,13.0
sick_mobility_multiplier,25_to_34,outbreak_indicator,0.139282771635052,0.11142621730804161,0.1671393259620624,0.0,0.0,0.0,0.0,0.0,0.0,0.0,0.0,0.0,0.0,0.0,0.0,0.0,0.0,0.0,0.0,0.0,0.0,0.0,0.0,1.0
sick_mobility_multiplier,25_to_34,peak_weekly_cases,0.139282771635052,0.11142621730804161,0.1671393259620624,4.973333333333334,4.93,5.02,4.956666666666667,5.003333333333333,0.04666666666666597,0.08999999999999986,0.01809651474530828,,,0.0007614512471655274,0.006746132275132273,0.0,2.023839682539682,2.023839682539682,0.0,1.0,0.0,0.0,0.0,13.0
sick_mobility_multiplier,35_and_over,cumulative_cases,0.139282771635052,0.11142621730804161,0.1671393259620624,28.006666666666668,27.94,28.096666666666668,28.096666666666668,28.043333333333333,-0.053333333333334565,0.1566666666666663,0.005593906212806461,,,0.0023569160997732484,0.13886961904761908,0.0,41.66088571428572,41.66088571428572,0.0,1.0,0.0,0.0,0.0,12.0
sick_mobility_multiplier,35_and_over,final_week_cases,0.139282771635052,0.11142621730804161,0.1671393259620624,5.0,5.0,5.1433333333333335,5.1433333333333335,5.013333333333334,-0.1299999999999999,0.14333333333333353,0.02866666666666671,,,0.0022911564625850383,0.019467835978835977,0.0,5.840350793650793,5.840350793650793,0.0,1.0,0.0,0.0,0.0,14.0
sick_mobility_multiplier,35_and_over,outbreak_indicator,0.139282771635052,0.11142621730804161,0.1671393259620624,0.0,0.0,0.0,0.0,0.0,0.0,0.0,0.0,0.0,0.0,0.0,0.0,0.0,0.0,0.0,0.0,0.0,0.0,0.0,0.0,2.0
sick_mobility_multiplier,35_and_over,peak_weekly_cases,0.139282771635052,0.11142621730804161,0.1671393259620624,7.526666666666666,7.506666666666667,7.55,7.55,7.55,0.0,0.043333333333333,0.005757307351638575,,,0.000272562358276641,0.012873576719576719,0.0,3.8620730158730154,3.8620730158730154,0.0,1.0,0.0,0.0,0.0,11.0
sick_mobility_multiplier,5_to_10,cumulative_cases,0.139282771635052,0.11142621730804161,0.1671393259620624,40.22,39.88333333333333,40.29666666666667,39.88333333333333,40.29666666666667,0.413333333333334,0.413333333333334,0.010276810873528941,,,0.019837188208616966,0.17145471957671954,0.0,51.43641587301586,51.43641587301586,0.0,1.0,0.0,0.0,0.0,14.0
sick_mobility_multiplier,5_to_10,final_week_cases,0.139282771635052,0.11142621730804161,0.1671393259620624,7.003333333333333,6.89,7.003333333333333,6.89,6.986666666666666,0.09666666666666668,0.11333333333333329,0.016182770109471674,,,0.0016090702947845826,0.025533354497354496,0.0,7.660006349206348,7.660006349206348,0.0,1.0,0.0,0.0,0.0,13.0
sick_mobility_multiplier,5_to_10,outbreak_indicator,0.139282771635052,0.11142621730804161,0.1671393259620624,0.0033333333333333335,0.0033333333333333335,0.006666666666666667,0.0033333333333333335,0.0033333333333333335,0.0,0.0033333333333333335,1.0,0.33333333333333337,0.0,2.267573696145125e-06,1.4216931216931217e-05,0.0,0.004265079365079365,0.004265079365079365,0.0,1.0,0.0,0.0,0.0,10.0
sick_mobility_multiplier,5_to_10,peak_weekly_cases,0.139282771635052,0.11142621730804161,0.1671393259620624,10.126666666666667,10.073333333333334,10.136666666666667,10.073333333333334,10.13,0.05666666666666664,0.06333333333333258,0.00625411454904535,,,0.00039274376417232983,0.013161502645502645,0.0,3.9484507936507933,3.9484507936507933,0.0,1.0,0.0,0.0,0.0,13.0
sick_mobility_multiplier,all ages combined,cumulative_cases,0.139282771635052,0.11142621730804161,0.1671393259620624,131.17,130.51333333333332,131.44666666666666,130.51333333333332,131.44666666666666,0.9333333333333371,0.9333333333333371,0.007115448146171664,,,0.08919501133786775,0.6824131111111111,0.0,204.72393333333335,204.72393333333335,0.0,1.0,0.0,0.0,0.0,14.0
sick_mobility_multiplier,all ages combined,final_week_cases,0.139282771635052,0.11142621730804161,0.1671393259620624,22.49,22.323333333333334,22.553333333333335,22.323333333333334,22.553333333333335,0.23000000000000043,0.23000000000000043,0.010226767452200998,,,0.005345124716553283,0.09205638624338625,0.0,27.616915873015873,27.616915873015873,0.0,1.0,0.0,0.0,0.0,14.0
sick_mobility_multiplier,all ages combined,outbreak_indicator,0.139282771635052,0.11142621730804161,0.1671393259620624,1.0,1.0,1.0,1.0,1.0,0.0,0.0,0.0,0.0,0.0,0.0,0.0,0.0,0.0,0.0,0.0,0.0,0.0,0.0,0.0,2.0
sick_mobility_multiplier,all ages combined,peak_weekly_cases,0.139282771635052,0.11142621730804161,0.1671393259620624,28.093333333333334,28.023333333333333,28.186666666666667,28.063333333333333,28.186666666666667,0.12333333333333485,0.163333333333334,0.005813953488372116,,,0.002160997732426323,0.04475207936507937,0.0,13.425623809523811,13.425623809523811,0.0,1.0,0.0,0.0,0.0,13.0
sick_mobility_multiplier,under_1,cumulative_cases,0.139282771635052,0.11142621730804161,0.1671393259620624,13.743333333333334,13.606666666666667,13.746666666666666,13.733333333333333,13.63,-0.10333333333333172,0.1399999999999988,0.010186757215619607,,,0.003014965986394507,0.05236671428571429,0.0,15.710014285714285,15.710014285714285,0.0,1.0,0.0,0.0,0.0,12.0
sick_mobility_multiplier,under_1,final_week_cases,0.139282771635052,0.11142621730804161,0.1671393259620624,2.183333333333333,2.15,2.21,2.15,2.17,0.020000000000000018,0.06000000000000005,0.027480916030534378,,,0.0005292517006802729,0.007615185185185187,0.0,2.284555555555556,2.284555555555556,0.0,1.0,0.0,0.0,0.0,13.0
sick_mobility_multiplier,under_1,outbreak_indicator,0.139282771635052,0.11142621730804161,0.1671393259620624,0.0,0.0,0.0,0.0,0.0,0.0,0.0,0.0,0.0,0.0,0.0,0.0,0.0,0.0,0.0,0.0,0.0,0.0,0.0,0.0,1.0
sick_mobility_multiplier,under_1,peak_weekly_cases,0.139282771635052,0.11142621730804161,0.1671393259620624,4.33,4.29,4.333333333333333,4.303333333333334,4.293333333333333,-0.010000000000000675,0.043333333333333,0.010007698229407159,,,0.0002471655328798172,0.005889179894179895,0.0,1.7667539682539684,1.7667539682539684,0.0,1.0,0.0,0.0,0.0,12.0
sigma,11_to_14,cumulative_cases,0.09,0.072,0.108,7.16,6.46,8.046666666666667,6.46,8.046666666666667,1.586666666666667,1.586666666666667,0.22160148975791435,,,0.3179473922902495,0.02544978306878307,0.2924976092214664,7.634934920634921,7.927432529856387,0.03689689040176104,0.963103109598239,11.493127797236376,0.14510527183335967,14.510527183335967,2.0
sigma,11_to_14,final_week_cases,0.09,0.072,0.108,1.2666666666666666,0.92,1.56,0.92,1.56,0.64,0.64,0.5052631578947369,,,0.04775192743764173,0.004139862433862434,0.043612065003779295,1.2419587301587303,1.2855707951625095,0.033924281080347875,0.9660757189196522,10.534665269804592,0.16837876231448598,16.837876231448597,1.0
sigma,11_to_14,outbreak_indicator,0.09,0.072,0.108,0.0,0.0,0.0,0.0,0.0,0.0,0.0,0.0,0.0,0.0,0.0,0.0,0.0,0.0,0.0,0.0,0.0,0.0,0.0,0.0,1.0
sigma,11_to_14,peak_weekly_cases,0.09,0.072,0.108,2.6933333333333334,2.4566666666666666,2.8633333333333333,2.47,2.8466666666666667,0.3766666666666665,0.40666666666666673,0.150990099009901,,,0.023542403628117905,0.0032369259259259256,0.02030547770219198,0.9710777777777777,0.9913832554799696,0.020481965566748712,0.9795180344332514,6.273074567309902,0.14360612257630065,14.360612257630065,2.0
sigma,15_to_24,cumulative_cases,0.09,0.072,0.108,10.686666666666667,9.506666666666666,11.83,9.506666666666666,11.83,2.323333333333334,2.323333333333334,0.21740486587648167,,,0.6200126984126986,0.036964894179894174,0.5830478042328044,11.089468253968253,11.672516058201058,0.04995048208335148,0.9500495179166485,15.77301429284042,0.11921132662500179,11.92113266250018,3.0
sigma,15_to_24,final_week_cases,0.09,0.072,0.108,1.9466666666666668,1.43,2.1666666666666665,1.43,2.1666666666666665,0.7366666666666666,0.7366666666666666,0.37842465753424653,,,0.05240634920634919,0.006522862433862434,0.045883486772486756,1.9568587301587301,2.002742216931217,0.02291033083768194,0.977089669162318,7.034256392452754,0.15697339881863795,15.697339881863796,2.0
sigma,15_to_24,outbreak_indicator,0.09,0.072,0.108,0.0,0.0,0.0,0.0,0.0,0.0,0.0,0.0,0.0,0.0,0.0,0.0,0.0,0.0,0.0,0.0,0.0,0.0,0.0,0.0,1.0
sigma,15_to_24,peak_weekly_cases,0.09,0.072,0.108,3.5366666666666666,3.27,3.8933333333333335,3.27,3.8933333333333335,0.6233333333333335,0.6233333333333335,0.17624882186616406,,,0.03920634920634924,0.0045767830687830705,0.03462956613756617,1.373034920634921,1.4076644867724872,0.02460072443609437,0.9753992755639056,7.566355148830309,0.12091233680962096,12.091233680962096,2.0
sigma,1_to_4,cumulative_cases,0.09,0.072,0.108,15.04,13.05,16.866666666666667,13.05,16.866666666666667,3.8166666666666664,3.8166666666666664,0.2537677304964539,,,1.6406022675736962,0.052188910052910056,1.5884133575207862,15.656673015873016,17.245086373393804,0.09210817059005481,0.9078918294099452,30.435840792812574,0.15662242048590283,15.662242048590283,2.0
sigma,1_to_4,final_week_cases,0.09,0.072,0.108,2.19,1.5666666666666667,2.83,1.5666666666666667,2.83,1.2633333333333334,1.2633333333333334,0.5768645357686454,,,0.15748526077097505,0.007366280423280425,0.15011898034769464,2.2098841269841274,2.360003107331822,0.06360965368279388,0.9363903463172062,20.379210635704005,0.2086081422640872,20.86081422640872,1.0
sigma,1_to_4,outbreak_indicator,0.09,0.072,0.108,0.0,0.0,0.0,0.0,0.0,0.0,0.0,0.0,0.0,0.0,0.0,0.0,0.0,0.0,0.0,0.0,0.0,0.0,0.0,0.0,1.0
sigma,1_to_4,peak_weekly_cases,0.09,0.072,0.108,4.823333333333333,4.403333333333333,5.12,4.403333333333333,5.12,0.7166666666666668,0.7166666666666668,0.1485832757429164,,,0.05222176870748298,0.006795296296296297,0.04542647241118668,2.038588888888889,2.0840153613000756,0.021797570811977213,0.9782024291880228,6.684987737171356,0.141369442274909,14.1369442274909,2.0
sigma,25_to_34,cumulative_cases,0.09,0.072,0.108,16.313333333333333,14.356666666666667,18.046666666666667,14.356666666666667,18.046666666666667,3.6899999999999995,3.6899999999999995,0.22619534123416427,,,1.412895238095238,0.06852797883597883,1.344367259259259,20.55839365079365,21.90276091005291,0.06137889486992586,0.9386211051300742,19.61778651719747,0.12548112189367847,12.548112189367847,2.0
sigma,25_to_34,final_week_cases,0.09,0.072,0.108,2.9,2.3366666666666664,3.3633333333333333,2.3366666666666664,3.3633333333333333,1.0266666666666668,1.0266666666666668,0.3540229885057472,,,0.10599002267573701,0.011027640211640212,0.0949623824640968,3.308292063492064,3.4032544459561604,0.027903403630878582,0.9720965963691215,8.611305831673704,0.12562876787382246,12.562876787382246,3.0
sigma,25_to_34,outbreak_indicator,0.09,0.072,0.108,0.0,0.0,0.0,0.0,0.0,0.0,0.0,0.0,0.0,0.0,0.0,0.0,0.0,0.0,0.0,0.0,0.0,0.0,0.0,0.0,1.0
sigma,25_to_34,peak_weekly_cases,0.09,0.072,0.108,4.973333333333334,4.41,5.4366666666666665,4.41,5.4366666666666665,1.0266666666666664,1.0266666666666664,0.20643431635388734,,,0.10539954648526072,0.0068815291005291015,0.09851801738473162,2.0644587301587305,2.1629767475434623,0.045547423242815986,0.954452576757184,14.316297431214357,0.1421122003126617,14.21122003126617,2.0
sigma,35_and_over,cumulative_cases,0.09,0.072,0.108,28.006666666666668,25.35333333333333,30.046666666666667,25.35333333333333,30.046666666666667,4.693333333333335,4.693333333333335,0.16757914782194722,,,2.295707482993198,0.12994953439153442,2.1657579486016636,38.984860317460324,41.15061826606199,0.05263002209587266,0.9473699779041272,16.666146275494096,0.10069463491806241,10.069463491806241,5.0
sigma,35_and_over,final_week_cases,0.09,0.072,0.108,5.0,4.3566666666666665,5.886666666666667,4.3566666666666665,5.886666666666667,1.5300000000000002,1.5300000000000002,0.30600000000000005,,,0.24381859410430845,0.019063772486772483,0.22475482161753596,5.719131746031745,5.9438865676492805,0.037812770997482745,0.9621872290025173,11.789629873808213,0.131226474249721,13.1226474249721,3.0
sigma,35_and_over,outbreak_indicator,0.09,0.072,0.108,0.0,0.0,0.0033333333333333335,0.0,0.0033333333333333335,0.0033333333333333335,0.0033333333333333335,3333333333.3333335,0.33333333333333337,0.33333333333333337,2.7210884353741494e-06,6.3280423280423275e-06,0.0,0.0018984126984126983,0.0018984126984126983,0.0,1.0,0.0,0.0,0.0,2.0
sigma,35_and_over,peak_weekly_cases,0.09,0.072,0.108,7.526666666666666,7.0,8.316666666666666,7.0,8.316666666666666,1.3166666666666664,1.3166666666666664,0.174933569530558,,,0.16790748299319716,0.012821317460317458,0.1550861655328797,3.8463952380952375,4.001481403628118,0.038757187623629605,0.9612428123763703,12.095961745965516,0.13008506007134804,13.008506007134804,3.0
sigma,5_to_10,cumulative_cases,0.09,0.072,0.108,40.22,33.03,46.84,33.03,46.84,13.810000000000002,13.810000000000002,0.34336151168572854,,,21.709672562358282,0.1727045714285714,21.53696799092971,51.81137142857142,73.34833941950113,0.2936258429485818,0.7063741570514182,124.7040991027684,0.16119790174580115,16.119790174580114,2.0
sigma,5_to_10,final_week_cases,0.09,0.072,0.108,7.003333333333333,4.71,9.03,4.71,9.03,4.319999999999999,4.319999999999999,0.6168491194669204,,,2.1383006802721085,0.026405343915343917,2.1118953363567647,7.921603174603175,10.033498510959939,0.21048444209662942,0.7895155579033706,79.97984586481984,0.16200945853852397,16.200945853852396,2.0
sigma,5_to_10,outbreak_indicator,0.09,0.072,0.108,0.0033333333333333335,0.0,0.06,0.0033333333333333335,0.06,0.056666666666666664,0.06,17.999999999999996,6.0,5.666666666666666,0.0006340136054421768,6.626455026455026e-05,0.0005677490551776265,0.01987936507936508,0.020447114134542706,0.02776670836978844,0.9722332916302115,8.567915316877308,0.1726401919600841,17.26401919600841,3.0
sigma,5_to_10,peak_weekly_cases,0.09,0.072,0.108,10.126666666666667,8.726666666666667,11.713333333333333,8.726666666666667,11.713333333333333,2.9866666666666664,2.9866666666666664,0.2949308755760368,,,1.1208435374149661,0.015090820105820106,1.105752717309146,4.5272460317460315,5.632998749055178,0.1962991235342656,0.8037008764657344,73.27320248703303,0.1552292620339282,15.52292620339282,2.0
sigma,all ages combined,cumulative_cases,0.09,0.072,0.108,131.17,113.45,147.64,113.45,147.64,34.18999999999998,34.18999999999998,0.26065411298315155,,,128.37248843537404,0.6362424232804232,127.73624601209362,190.87272698412698,318.6089729962206,0.4009185454221619,0.5990814545778381,200.7666281564409,0.14371788214098596,14.371788214098597,2.0
sigma,all ages combined,final_week_cases,0.09,0.072,0.108,22.49,16.873333333333335,27.803333333333335,16.873333333333335,27.803333333333335,10.93,10.93,0.48599377501111607,,,12.83418639455782,0.08996799470899472,12.744218399848826,26.990398412698415,39.734616812547245,0.32073339123845546,0.6792666087615444,141.65280043275988,0.16309383536730623,16.309383536730625,2.0
sigma,all ages combined,outbreak_indicator,0.09,0.072,0.108,1.0,1.0,1.0,1.0,1.0,0.0,0.0,0.0,0.0,0.0,0.0,0.0,0.0,0.0,0.0,0.0,0.0,0.0,0.0,0.0,2.0
sigma,all ages combined,peak_weekly_cases,0.09,0.072,0.108,28.093333333333334,24.946666666666665,31.963333333333335,24.946666666666665,31.963333333333335,7.016666666666669,7.016666666666669,0.2497626957759849,,,5.302725170068029,0.046711079365079365,5.25601409070295,14.01332380952381,19.26933790022676,0.2727656818266235,0.7272343181733765,112.52178631162785,0.14973641633500895,14.973641633500895,2.0
sigma,under_1,cumulative_cases,0.09,0.072,0.108,13.743333333333334,11.693333333333333,15.963333333333333,11.693333333333333,15.963333333333333,4.27,4.27,0.3106960950764006,,,1.9311673469387753,0.04900442328042328,1.8821629236583521,14.701326984126984,16.583489907785335,0.11349619013394438,0.8865038098660557,38.40802110633664,0.16392465879044496,16.392465879044497,2.0
sigma,under_1,final_week_cases,0.09,0.072,0.108,2.183333333333333,1.5533333333333332,2.966666666666667,1.5533333333333332,2.966666666666667,1.4133333333333336,1.4133333333333336,0.6473282442748093,,,0.24481814058956922,0.007793904761904761,0.23702423582766446,2.338171428571428,2.5751956643990925,0.09204125306065733,0.9079587469393426,30.411487318423156,0.20456256607696954,20.456256607696954,1.0
sigma,under_1,outbreak_indicator,0.09,0.072,0.108,0.0,0.0,0.0,0.0,0.0,0.0,0.0,0.0,0.0,0.0,0.0,0.0,0.0,0.0,0.0,0.0,0.0,0.0,0.0,0.0,1.0
sigma,under_1,peak_weekly_cases,0.09,0.072,0.108,4.33,3.8466666666666667,5.066666666666666,3.8466666666666667,5.066666666666666,1.2199999999999998,1.2199999999999998,0.2817551963048498,,,0.15033469387755102,0.006137058201058201,0.14419763567649282,1.8411174603174605,1.9853150959939534,0.07263211566136804,0.9273678843386319,23.496214465039472,0.18669671959568018,18.669671959568017,1.0
