date,year,region,age_group,synthetic_cases,annual_region_age_cases
2024-01-01,2024,East Midlands,11_to_14,0.6322624743677375,25.0
2024-01-08,2024,East Midlands,11_to_14,0.5553656869446343,25.0
2024-01-15,2024,East Midlands,11_to_14,0.45283663704716337,25.0
2024-01-22,2024,East Midlands,11_to_14,0.5553656869446343,25.0
2024-01-29,2024,East Midlands,11_to_14,0.5980861244019139,25.0
2024-02-05,2024,East Midlands,11_to_14,0.5980861244019139,25.0
2024-02-12,2024,East Midlands,11_to_14,0.6066302118933697,25.0
2024-02-19,2024,East Midlands,11_to_14,0.4955570745044429,25.0
2024-02-26,2024,East Midlands,11_to_14,0.6664388243335612,25.0
2024-03-04,2024,East Midlands,11_to_14,0.4955570745044429,25.0
2024-03-11,2024,East Midlands,11_to_14,0.7518796992481203,25.0
2024-03-18,2024,East Midlands,11_to_14,0.6578947368421053,25.0
2024-03-25,2024,East Midlands,11_to_14,0.6151742993848257,25.0
2024-04-01,2024,East Midlands,11_to_14,0.7689678742310321,25.0
2024-04-08,2024,East Midlands,11_to_14,0.9056732740943267,25.0
2024-04-15,2024,East Midlands,11_to_14,0.7177033492822966,25.0
2024-04-22,2024,East Midlands,11_to_14,0.7006151742993848,25.0
2024-04-29,2024,East Midlands,11_to_14,0.692071086807929,25.0
2024-05-06,2024,East Midlands,11_to_14,0.7433356117566644,25.0
2024-05-13,2024,East Midlands,11_to_14,0.8885850991114149,25.0
2024-05-20,2024,East Midlands,11_to_14,0.8287764866712235,25.0
2024-05-27,2024,East Midlands,11_to_14,0.6066302118933697,25.0
2024-06-03,2024,East Midlands,11_to_14,0.6578947368421053,25.0
2024-06-10,2024,East Midlands,11_to_14,0.4955570745044429,25.0
2024-06-17,2024,East Midlands,11_to_14,0.683526999316473,25.0
2024-06-24,2024,East Midlands,11_to_14,0.6237183868762816,25.0
2024-07-01,2024,East Midlands,11_to_14,0.6578947368421053,25.0
2024-07-08,2024,East Midlands,11_to_14,0.7433356117566644,25.0
2024-07-15,2024,East Midlands,11_to_14,0.7177033492822966,25.0
2024-07-22,2024,East Midlands,11_to_14,0.5126452494873548,25.0
2024-07-29,2024,East Midlands,11_to_14,0.5724538619275461,25.0
2024-08-05,2024,East Midlands,11_to_14,0.44429254955570746,25.0
2024-08-12,2024,East Midlands,11_to_14,0.3417634996582365,25.0
2024-08-19,2024,East Midlands,11_to_14,0.2734107997265892,25.0
2024-08-26,2024,East Midlands,11_to_14,0.19651401230348597,25.0
2024-09-02,2024,East Midlands,11_to_14,0.23923444976076555,25.0
2024-09-09,2024,East Midlands,11_to_14,0.19651401230348597,25.0
2024-09-16,2024,East Midlands,11_to_14,0.19651401230348597,25.0
2024-09-23,2024,East Midlands,11_to_14,0.11961722488038277,25.0
2024-09-30,2024,East Midlands,11_to_14,0.14524948735475052,25.0
2024-10-07,2024,East Midlands,11_to_14,0.11961722488038277,25.0
2024-10-14,2024,East Midlands,11_to_14,0.10252904989747096,25.0
2024-10-21,2024,East Midlands,11_to_14,0.23069036226930964,25.0
2024-10-28,2024,East Midlands,11_to_14,0.15379357484620643,25.0
2024-11-04,2024,East Midlands,11_to_14,0.29049897470950103,25.0
2024-11-11,2024,East Midlands,11_to_14,0.23923444976076555,25.0
2024-11-18,2024,East Midlands,11_to_14,0.24777853725222146,25.0
2024-11-25,2024,East Midlands,11_to_14,0.24777853725222146,25.0
2024-12-02,2024,East Midlands,11_to_14,0.2819548872180451,25.0
2024-12-09,2024,East Midlands,11_to_14,0.22214627477785373,25.0
2024-12-16,2024,East Midlands,11_to_14,0.18796992481203006,25.0
2024-12-23,2024,East Midlands,11_to_14,0.1367053998632946,25.0
2024-12-30,2024,East Midlands,11_to_14,0.18796992481203006,25.0
2024-01-01,2024,East Midlands,15_to_24,0.556390977443609,22.0
2024-01-08,2024,East Midlands,15_to_24,0.48872180451127817,22.0
2024-01-15,2024,East Midlands,15_to_24,0.39849624060150374,22.0
2024-01-22,2024,East Midlands,15_to_24,0.48872180451127817,22.0
2024-01-29,2024,East Midlands,15_to_24,0.5263157894736842,22.0
2024-02-05,2024,East Midlands,15_to_24,0.5263157894736842,22.0
2024-02-12,2024,East Midlands,15_to_24,0.5338345864661654,22.0
2024-02-19,2024,East Midlands,15_to_24,0.43609022556390975,22.0
2024-02-26,2024,East Midlands,15_to_24,0.5864661654135338,22.0
2024-03-04,2024,East Midlands,15_to_24,0.43609022556390975,22.0
2024-03-11,2024,East Midlands,15_to_24,0.6616541353383458,22.0
2024-03-18,2024,East Midlands,15_to_24,0.5789473684210527,22.0
2024-03-25,2024,East Midlands,15_to_24,0.5413533834586466,22.0
2024-04-01,2024,East Midlands,15_to_24,0.6766917293233082,22.0
2024-04-08,2024,East Midlands,15_to_24,0.7969924812030075,22.0
2024-04-15,2024,East Midlands,15_to_24,0.631578947368421,22.0
2024-04-22,2024,East Midlands,15_to_24,0.6165413533834586,22.0
2024-04-29,2024,East Midlands,15_to_24,0.6090225563909775,22.0
2024-05-06,2024,East Midlands,15_to_24,0.6541353383458647,22.0
2024-05-13,2024,East Midlands,15_to_24,0.7819548872180451,22.0
2024-05-20,2024,East Midlands,15_to_24,0.7293233082706767,22.0
2024-05-27,2024,East Midlands,15_to_24,0.5338345864661654,22.0
2024-06-03,2024,East Midlands,15_to_24,0.5789473684210527,22.0
2024-06-10,2024,East Midlands,15_to_24,0.43609022556390975,22.0
2024-06-17,2024,East Midlands,15_to_24,0.6015037593984962,22.0
2024-06-24,2024,East Midlands,15_to_24,0.5488721804511278,22.0
2024-07-01,2024,East Midlands,15_to_24,0.5789473684210527,22.0
2024-07-08,2024,East Midlands,15_to_24,0.6541353383458647,22.0
2024-07-15,2024,East Midlands,15_to_24,0.631578947368421,22.0
2024-07-22,2024,East Midlands,15_to_24,0.45112781954887216,22.0
2024-07-29,2024,East Midlands,15_to_24,0.5037593984962406,22.0
2024-08-05,2024,East Midlands,15_to_24,0.39097744360902253,22.0
2024-08-12,2024,East Midlands,15_to_24,0.3007518796992481,22.0
2024-08-19,2024,East Midlands,15_to_24,0.24060150375939848,22.0
2024-08-26,2024,East Midlands,15_to_24,0.17293233082706766,22.0
2024-09-02,2024,East Midlands,15_to_24,0.21052631578947367,22.0
2024-09-09,2024,East Midlands,15_to_24,0.17293233082706766,22.0
2024-09-16,2024,East Midlands,15_to_24,0.17293233082706766,22.0
2024-09-23,2024,East Midlands,15_to_24,0.10526315789473684,22.0
2024-09-30,2024,East Midlands,15_to_24,0.12781954887218044,22.0
2024-10-07,2024,East Midlands,15_to_24,0.10526315789473684,22.0
2024-10-14,2024,East Midlands,15_to_24,0.09022556390977443,22.0
2024-10-21,2024,East Midlands,15_to_24,0.20300751879699247,22.0
2024-10-28,2024,East Midlands,15_to_24,0.13533834586466165,22.0
2024-11-04,2024,East Midlands,15_to_24,0.2556390977443609,22.0
2024-11-11,2024,East Midlands,15_to_24,0.21052631578947367,22.0
2024-11-18,2024,East Midlands,15_to_24,0.21804511278195488,22.0
2024-11-25,2024,East Midlands,15_to_24,0.21804511278195488,22.0
2024-12-02,2024,East Midlands,15_to_24,0.24812030075187969,22.0
2024-12-09,2024,East Midlands,15_to_24,0.19548872180451127,22.0
2024-12-16,2024,East Midlands,15_to_24,0.16541353383458646,22.0
2024-12-23,2024,East Midlands,15_to_24,0.12030075187969924,22.0
2024-12-30,2024,East Midlands,15_to_24,0.16541353383458646,22.0
2024-01-01,2024,East Midlands,1_to_4,1.4415584415584415,57.0
2024-01-08,2024,East Midlands,1_to_4,1.2662337662337662,57.0
2024-01-15,2024,East Midlands,1_to_4,1.0324675324675325,57.0
2024-01-22,2024,East Midlands,1_to_4,1.2662337662337662,57.0
2024-01-29,2024,East Midlands,1_to_4,1.3636363636363635,57.0
2024-02-05,2024,East Midlands,1_to_4,1.3636363636363635,57.0
2024-02-12,2024,East Midlands,1_to_4,1.3831168831168832,57.0
2024-02-19,2024,East Midlands,1_to_4,1.12987012987013,57.0
2024-02-26,2024,East Midlands,1_to_4,1.5194805194805194,57.0
2024-03-04,2024,East Midlands,1_to_4,1.12987012987013,57.0
2024-03-11,2024,East Midlands,1_to_4,1.7142857142857142,57.0
2024-03-18,2024,East Midlands,1_to_4,1.5,57.0
2024-03-25,2024,East Midlands,1_to_4,1.4025974025974026,57.0
2024-04-01,2024,East Midlands,1_to_4,1.7532467532467533,57.0
2024-04-08,2024,East Midlands,1_to_4,2.064935064935065,57.0
2024-04-15,2024,East Midlands,1_to_4,1.6363636363636365,57.0
2024-04-22,2024,East Midlands,1_to_4,1.5974025974025974,57.0
2024-04-29,2024,East Midlands,1_to_4,1.577922077922078,57.0
2024-05-06,2024,East Midlands,1_to_4,1.6948051948051948,57.0
2024-05-13,2024,East Midlands,1_to_4,2.0259740259740258,57.0
2024-05-20,2024,East Midlands,1_to_4,1.8896103896103895,57.0
2024-05-27,2024,East Midlands,1_to_4,1.3831168831168832,57.0
2024-06-03,2024,East Midlands,1_to_4,1.5,57.0
2024-06-10,2024,East Midlands,1_to_4,1.12987012987013,57.0
2024-06-17,2024,East Midlands,1_to_4,1.5584415584415585,57.0
2024-06-24,2024,East Midlands,1_to_4,1.422077922077922,57.0
2024-07-01,2024,East Midlands,1_to_4,1.5,57.0
2024-07-08,2024,East Midlands,1_to_4,1.6948051948051948,57.0
2024-07-15,2024,East Midlands,1_to_4,1.6363636363636365,57.0
2024-07-22,2024,East Midlands,1_to_4,1.1688311688311688,57.0
2024-07-29,2024,East Midlands,1_to_4,1.3051948051948052,57.0
2024-08-05,2024,East Midlands,1_to_4,1.0129870129870129,57.0
2024-08-12,2024,East Midlands,1_to_4,0.7792207792207793,57.0
2024-08-19,2024,East Midlands,1_to_4,0.6233766233766234,57.0
2024-08-26,2024,East Midlands,1_to_4,0.44805194805194803,57.0
2024-09-02,2024,East Midlands,1_to_4,0.5454545454545454,57.0
2024-09-09,2024,East Midlands,1_to_4,0.44805194805194803,57.0
2024-09-16,2024,East Midlands,1_to_4,0.44805194805194803,57.0
2024-09-23,2024,East Midlands,1_to_4,0.2727272727272727,57.0
2024-09-30,2024,East Midlands,1_to_4,0.33116883116883117,57.0
2024-10-07,2024,East Midlands,1_to_4,0.2727272727272727,57.0
2024-10-14,2024,East Midlands,1_to_4,0.23376623376623376,57.0
2024-10-21,2024,East Midlands,1_to_4,0.525974025974026,57.0
2024-10-28,2024,East Midlands,1_to_4,0.35064935064935066,57.0
2024-11-04,2024,East Midlands,1_to_4,0.6623376623376623,57.0
2024-11-11,2024,East Midlands,1_to_4,0.5454545454545454,57.0
2024-11-18,2024,East Midlands,1_to_4,0.564935064935065,57.0
2024-11-25,2024,East Midlands,1_to_4,0.564935064935065,57.0
2024-12-02,2024,East Midlands,1_to_4,0.6428571428571429,57.0
2024-12-09,2024,East Midlands,1_to_4,0.5064935064935064,57.0
2024-12-16,2024,East Midlands,1_to_4,0.42857142857142855,57.0
2024-12-23,2024,East Midlands,1_to_4,0.3116883116883117,57.0
2024-12-30,2024,East Midlands,1_to_4,0.42857142857142855,57.0
2024-01-01,2024,East Midlands,25_to_34,0.40464798359535203,16.0
2024-01-08,2024,East Midlands,25_to_34,0.35543403964456594,16.0
2024-01-15,2024,East Midlands,25_to_34,0.2898154477101845,16.0
2024-01-22,2024,East Midlands,25_to_34,0.35543403964456594,16.0
2024-01-29,2024,East Midlands,25_to_34,0.3827751196172249,16.0
2024-02-05,2024,East Midlands,25_to_34,0.3827751196172249,16.0
2024-02-12,2024,East Midlands,25_to_34,0.38824333561175667,16.0
2024-02-19,2024,East Midlands,25_to_34,0.31715652768284347,16.0
2024-02-26,2024,East Midlands,25_to_34,0.42652084757347913,16.0
2024-03-04,2024,East Midlands,25_to_34,0.31715652768284347,16.0
2024-03-11,2024,East Midlands,25_to_34,0.48120300751879697,16.0
2024-03-18,2024,East Midlands,25_to_34,0.42105263157894735,16.0
2024-03-25,2024,East Midlands,25_to_34,0.39371155160628846,16.0
2024-04-01,2024,East Midlands,25_to_34,0.49213943950786054,16.0
2024-04-08,2024,East Midlands,25_to_34,0.579630895420369,16.0
2024-04-15,2024,East Midlands,25_to_34,0.45933014354066987,16.0
2024-04-22,2024,East Midlands,25_to_34,0.4483937115516063,16.0
2024-04-29,2024,East Midlands,25_to_34,0.4429254955570745,16.0
2024-05-06,2024,East Midlands,25_to_34,0.47573479152426523,16.0
2024-05-13,2024,East Midlands,25_to_34,0.5686944634313056,16.0
2024-05-20,2024,East Midlands,25_to_34,0.530416951469583,16.0
2024-05-27,2024,East Midlands,25_to_34,0.38824333561175667,16.0
2024-06-03,2024,East Midlands,25_to_34,0.42105263157894735,16.0
2024-06-10,2024,East Midlands,25_to_34,0.31715652768284347,16.0
2024-06-17,2024,East Midlands,25_to_34,0.4374572795625427,16.0
2024-06-24,2024,East Midlands,25_to_34,0.39917976760082025,16.0
2024-07-01,2024,East Midlands,25_to_34,0.42105263157894735,16.0
2024-07-08,2024,East Midlands,25_to_34,0.47573479152426523,16.0
2024-07-15,2024,East Midlands,25_to_34,0.45933014354066987,16.0
2024-07-22,2024,East Midlands,25_to_34,0.32809295967190705,16.0
2024-07-29,2024,East Midlands,25_to_34,0.3663704716336295,16.0
2024-08-05,2024,East Midlands,25_to_34,0.2843472317156528,16.0
2024-08-12,2024,East Midlands,25_to_34,0.21872863978127136,16.0
2024-08-19,2024,East Midlands,25_to_34,0.1749829118250171,16.0
2024-08-26,2024,East Midlands,25_to_34,0.12576896787423103,16.0
2024-09-02,2024,East Midlands,25_to_34,0.15311004784688995,16.0
2024-09-09,2024,East Midlands,25_to_34,0.12576896787423103,16.0
2024-09-16,2024,East Midlands,25_to_34,0.12576896787423103,16.0
2024-09-23,2024,East Midlands,25_to_34,0.07655502392344497,16.0
2024-09-30,2024,East Midlands,25_to_34,0.09295967190704033,16.0
2024-10-07,2024,East Midlands,25_to_34,0.07655502392344497,16.0
2024-10-14,2024,East Midlands,25_to_34,0.06561859193438141,16.0
2024-10-21,2024,East Midlands,25_to_34,0.14764183185235816,16.0
2024-10-28,2024,East Midlands,25_to_34,0.09842788790157211,16.0
2024-11-04,2024,East Midlands,25_to_34,0.18591934381408065,16.0
2024-11-11,2024,East Midlands,25_to_34,0.15311004784688995,16.0
2024-11-18,2024,East Midlands,25_to_34,0.15857826384142173,16.0
2024-11-25,2024,East Midlands,25_to_34,0.15857826384142173,16.0
2024-12-02,2024,East Midlands,25_to_34,0.18045112781954886,16.0
2024-12-09,2024,East Midlands,25_to_34,0.1421736158578264,16.0
2024-12-16,2024,East Midlands,25_to_34,0.12030075187969924,16.0
2024-12-23,2024,East Midlands,25_to_34,0.08749145591250855,16.0
2024-12-30,2024,East Midlands,25_to_34,0.12030075187969924,16.0
2024-01-01,2024,East Midlands,35_and_over,0.3287764866712235,13.0
2024-01-08,2024,East Midlands,35_and_over,0.2887901572112098,13.0
2024-01-15,2024,East Midlands,35_and_over,0.23547505126452495,13.0
2024-01-22,2024,East Midlands,35_and_over,0.2887901572112098,13.0
2024-01-29,2024,East Midlands,35_and_over,0.31100478468899523,13.0
2024-02-05,2024,East Midlands,35_and_over,0.31100478468899523,13.0
2024-02-12,2024,East Midlands,35_and_over,0.3154477101845523,13.0
2024-02-19,2024,East Midlands,35_and_over,0.2576896787423103,13.0
2024-02-26,2024,East Midlands,35_and_over,0.3465481886534518,13.0
2024-03-04,2024,East Midlands,35_and_over,0.2576896787423103,13.0
2024-03-11,2024,East Midlands,35_and_over,0.39097744360902253,13.0
2024-03-18,2024,East Midlands,35_and_over,0.34210526315789475,13.0
2024-03-25,2024,East Midlands,35_and_over,0.3198906356801094,13.0
2024-04-01,2024,East Midlands,35_and_over,0.3998632946001367,13.0
2024-04-08,2024,East Midlands,35_and_over,0.4709501025290499,13.0
2024-04-15,2024,East Midlands,35_and_over,0.37320574162679426,13.0
2024-04-22,2024,East Midlands,35_and_over,0.3643198906356801,13.0
2024-04-29,2024,East Midlands,35_and_over,0.359876965140123,13.0
2024-05-06,2024,East Midlands,35_and_over,0.3865345181134655,13.0
2024-05-13,2024,East Midlands,35_and_over,0.46206425153793573,13.0
2024-05-20,2024,East Midlands,35_and_over,0.4309637730690362,13.0
2024-05-27,2024,East Midlands,35_and_over,0.3154477101845523,13.0
2024-06-03,2024,East Midlands,35_and_over,0.34210526315789475,13.0
2024-06-10,2024,East Midlands,35_and_over,0.2576896787423103,13.0
2024-06-17,2024,East Midlands,35_and_over,0.35543403964456594,13.0
2024-06-24,2024,East Midlands,35_and_over,0.3243335611756664,13.0
2024-07-01,2024,East Midlands,35_and_over,0.34210526315789475,13.0
2024-07-08,2024,East Midlands,35_and_over,0.3865345181134655,13.0
2024-07-15,2024,East Midlands,35_and_over,0.37320574162679426,13.0
2024-07-22,2024,East Midlands,35_and_over,0.26657552973342447,13.0
2024-07-29,2024,East Midlands,35_and_over,0.297676008202324,13.0
2024-08-05,2024,East Midlands,35_and_over,0.23103212576896787,13.0
2024-08-12,2024,East Midlands,35_and_over,0.17771701982228297,13.0
2024-08-19,2024,East Midlands,35_and_over,0.1421736158578264,13.0
2024-08-26,2024,East Midlands,35_and_over,0.10218728639781272,13.0
2024-09-02,2024,East Midlands,35_and_over,0.12440191387559808,13.0
2024-09-09,2024,East Midlands,35_and_over,0.10218728639781272,13.0
2024-09-16,2024,East Midlands,35_and_over,0.10218728639781272,13.0
2024-09-23,2024,East Midlands,35_and_over,0.06220095693779904,13.0
2024-09-30,2024,East Midlands,35_and_over,0.07552973342447027,13.0
2024-10-07,2024,East Midlands,35_and_over,0.06220095693779904,13.0
2024-10-14,2024,East Midlands,35_and_over,0.05331510594668489,13.0
2024-10-21,2024,East Midlands,35_and_over,0.11995898838004102,13.0
2024-10-28,2024,East Midlands,35_and_over,0.07997265892002735,13.0
2024-11-04,2024,East Midlands,35_and_over,0.15105946684894053,13.0
2024-11-11,2024,East Midlands,35_and_over,0.12440191387559808,13.0
2024-11-18,2024,East Midlands,35_and_over,0.12884483937115515,13.0
2024-11-25,2024,East Midlands,35_and_over,0.12884483937115515,13.0
2024-12-02,2024,East Midlands,35_and_over,0.14661654135338345,13.0
2024-12-09,2024,East Midlands,35_and_over,0.11551606288448393,13.0
2024-12-16,2024,East Midlands,35_and_over,0.09774436090225563,13.0
2024-12-23,2024,East Midlands,35_and_over,0.0710868079289132,13.0
2024-12-30,2024,East Midlands,35_and_over,0.09774436090225563,13.0
2024-01-01,2024,East Midlands,5_to_10,1.719753930280246,68.0
2024-01-08,2024,East Midlands,5_to_10,1.5105946684894054,68.0
2024-01-15,2024,East Midlands,5_to_10,1.2317156527682844,68.0
2024-01-22,2024,East Midlands,5_to_10,1.5105946684894054,68.0
2024-01-29,2024,East Midlands,5_to_10,1.6267942583732058,68.0
2024-02-05,2024,East Midlands,5_to_10,1.6267942583732058,68.0
2024-02-12,2024,East Midlands,5_to_10,1.6500341763499657,68.0
2024-02-19,2024,East Midlands,5_to_10,1.3479152426520848,68.0
2024-02-26,2024,East Midlands,5_to_10,1.8127136021872865,68.0
2024-03-04,2024,East Midlands,5_to_10,1.3479152426520848,68.0
2024-03-11,2024,East Midlands,5_to_10,2.045112781954887,68.0
2024-03-18,2024,East Midlands,5_to_10,1.7894736842105263,68.0
2024-03-25,2024,East Midlands,5_to_10,1.673274094326726,68.0
2024-04-01,2024,East Midlands,5_to_10,2.0915926179084074,68.0
2024-04-08,2024,East Midlands,5_to_10,2.463431305536569,68.0
2024-04-15,2024,East Midlands,5_to_10,1.9521531100478469,68.0
2024-04-22,2024,East Midlands,5_to_10,1.9056732740943267,68.0
2024-04-29,2024,East Midlands,5_to_10,1.8824333561175666,68.0
2024-05-06,2024,East Midlands,5_to_10,2.021872863978127,68.0
2024-05-13,2024,East Midlands,5_to_10,2.4169514695830485,68.0
2024-05-20,2024,East Midlands,5_to_10,2.2542720437457278,68.0
2024-05-27,2024,East Midlands,5_to_10,1.6500341763499657,68.0
2024-06-03,2024,East Midlands,5_to_10,1.7894736842105263,68.0
2024-06-10,2024,East Midlands,5_to_10,1.3479152426520848,68.0
2024-06-17,2024,East Midlands,5_to_10,1.8591934381408066,68.0
2024-06-24,2024,East Midlands,5_to_10,1.696514012303486,68.0
2024-07-01,2024,East Midlands,5_to_10,1.7894736842105263,68.0
2024-07-08,2024,East Midlands,5_to_10,2.021872863978127,68.0
2024-07-15,2024,East Midlands,5_to_10,1.9521531100478469,68.0
2024-07-22,2024,East Midlands,5_to_10,1.394395078605605,68.0
2024-07-29,2024,East Midlands,5_to_10,1.5570745044429255,68.0
2024-08-05,2024,East Midlands,5_to_10,1.2084757347915243,68.0
2024-08-12,2024,East Midlands,5_to_10,0.9295967190704033,68.0
2024-08-19,2024,East Midlands,5_to_10,0.7436773752563226,68.0
2024-08-26,2024,East Midlands,5_to_10,0.5345181134654818,68.0
2024-09-02,2024,East Midlands,5_to_10,0.6507177033492823,68.0
2024-09-09,2024,East Midlands,5_to_10,0.5345181134654818,68.0
2024-09-16,2024,East Midlands,5_to_10,0.5345181134654818,68.0
2024-09-23,2024,East Midlands,5_to_10,0.3253588516746411,68.0
2024-09-30,2024,East Midlands,5_to_10,0.3950786056049214,68.0
2024-10-07,2024,East Midlands,5_to_10,0.3253588516746411,68.0
2024-10-14,2024,East Midlands,5_to_10,0.278879015721121,68.0
2024-10-21,2024,East Midlands,5_to_10,0.6274777853725222,68.0
2024-10-28,2024,East Midlands,5_to_10,0.4183185235816815,68.0
2024-11-04,2024,East Midlands,5_to_10,0.7901572112098428,68.0
2024-11-11,2024,East Midlands,5_to_10,0.6507177033492823,68.0
2024-11-18,2024,East Midlands,5_to_10,0.6739576213260424,68.0
2024-11-25,2024,East Midlands,5_to_10,0.6739576213260424,68.0
2024-12-02,2024,East Midlands,5_to_10,0.7669172932330827,68.0
2024-12-09,2024,East Midlands,5_to_10,0.6042378673957621,68.0
2024-12-16,2024,East Midlands,5_to_10,0.5112781954887218,68.0
2024-12-23,2024,East Midlands,5_to_10,0.3718386876281613,68.0
2024-12-30,2024,East Midlands,5_to_10,0.5112781954887218,68.0
2024-01-01,2024,East Midlands,under_1,0.3287764866712235,13.0
2024-01-08,2024,East Midlands,under_1,0.2887901572112098,13.0
2024-01-15,2024,East Midlands,under_1,0.23547505126452495,13.0
2024-01-22,2024,East Midlands,under_1,0.2887901572112098,13.0
2024-01-29,2024,East Midlands,under_1,0.31100478468899523,13.0
2024-02-05,2024,East Midlands,under_1,0.31100478468899523,13.0
2024-02-12,2024,East Midlands,under_1,0.3154477101845523,13.0
2024-02-19,2024,East Midlands,under_1,0.2576896787423103,13.0
2024-02-26,2024,East Midlands,under_1,0.3465481886534518,13.0
2024-03-04,2024,East Midlands,under_1,0.2576896787423103,13.0
2024-03-11,2024,East Midlands,under_1,0.39097744360902253,13.0
2024-03-18,2024,East Midlands,under_1,0.34210526315789475,13.0
2024-03-25,2024,East Midlands,under_1,0.3198906356801094,13.0
2024-04-01,2024,East Midlands,under_1,0.3998632946001367,13.0
2024-04-08,2024,East Midlands,under_1,0.4709501025290499,13.0
2024-04-15,2024,East Midlands,under_1,0.37320574162679426,13.0
2024-04-22,2024,East Midlands,under_1,0.3643198906356801,13.0
2024-04-29,2024,East Midlands,under_1,0.359876965140123,13.0
2024-05-06,2024,East Midlands,under_1,0.3865345181134655,13.0
2024-05-13,2024,East Midlands,under_1,0.46206425153793573,13.0
2024-05-20,2024,East Midlands,under_1,0.4309637730690362,13.0
2024-05-27,2024,East Midlands,under_1,0.3154477101845523,13.0
2024-06-03,2024,East Midlands,under_1,0.34210526315789475,13.0
2024-06-10,2024,East Midlands,under_1,0.2576896787423103,13.0
2024-06-17,2024,East Midlands,under_1,0.35543403964456594,13.0
2024-06-24,2024,East Midlands,under_1,0.3243335611756664,13.0
2024-07-01,2024,East Midlands,under_1,0.34210526315789475,13.0
2024-07-08,2024,East Midlands,under_1,0.3865345181134655,13.0
2024-07-15,2024,East Midlands,under_1,0.37320574162679426,13.0
2024-07-22,2024,East Midlands,under_1,0.26657552973342447,13.0
2024-07-29,2024,East Midlands,under_1,0.297676008202324,13.0
2024-08-05,2024,East Midlands,under_1,0.23103212576896787,13.0
2024-08-12,2024,East Midlands,under_1,0.17771701982228297,13.0
2024-08-19,2024,East Midlands,under_1,0.1421736158578264,13.0
2024-08-26,2024,East Midlands,under_1,0.10218728639781272,13.0
2024-09-02,2024,East Midlands,under_1,0.12440191387559808,13.0
2024-09-09,2024,East Midlands,under_1,0.10218728639781272,13.0
2024-09-16,2024,East Midlands,under_1,0.10218728639781272,13.0
2024-09-23,2024,East Midlands,under_1,0.06220095693779904,13.0
2024-09-30,2024,East Midlands,under_1,0.07552973342447027,13.0
2024-10-07,2024,East Midlands,under_1,0.06220095693779904,13.0
2024-10-14,2024,East Midlands,under_1,0.05331510594668489,13.0
2024-10-21,2024,East Midlands,under_1,0.11995898838004102,13.0
2024-10-28,2024,East Midlands,under_1,0.07997265892002735,13.0
2024-11-04,2024,East Midlands,under_1,0.15105946684894053,13.0
2024-11-11,2024,East Midlands,under_1,0.12440191387559808,13.0
2024-11-18,2024,East Midlands,under_1,0.12884483937115515,13.0
2024-11-25,2024,East Midlands,under_1,0.12884483937115515,13.0
2024-12-02,2024,East Midlands,under_1,0.14661654135338345,13.0
2024-12-09,2024,East Midlands,under_1,0.11551606288448393,13.0
2024-12-16,2024,East Midlands,under_1,0.09774436090225563,13.0
2024-12-23,2024,East Midlands,under_1,0.0710868079289132,13.0
2024-12-30,2024,East Midlands,under_1,0.09774436090225563,13.0
2024-01-01,2024,East of England,11_to_14,0.4805194805194805,19.0
2024-01-08,2024,East of England,11_to_14,0.42207792207792205,19.0
2024-01-15,2024,East of England,11_to_14,0.34415584415584416,19.0
2024-01-22,2024,East of England,11_to_14,0.42207792207792205,19.0
2024-01-29,2024,East of England,11_to_14,0.45454545454545453,19.0
2024-02-05,2024,East of England,11_to_14,0.45454545454545453,19.0
2024-02-12,2024,East of England,11_to_14,0.461038961038961,19.0
2024-02-19,2024,East of England,11_to_14,0.37662337662337664,19.0
2024-02-26,2024,East of England,11_to_14,0.5064935064935064,19.0
2024-03-04,2024,East of England,11_to_14,0.37662337662337664,19.0
2024-03-11,2024,East of England,11_to_14,0.5714285714285714,19.0
2024-03-18,2024,East of England,11_to_14,0.5,19.0
2024-03-25,2024,East of England,11_to_14,0.4675324675324675,19.0
2024-04-01,2024,East of England,11_to_14,0.5844155844155844,19.0
2024-04-08,2024,East of England,11_to_14,0.6883116883116883,19.0
2024-04-15,2024,East of England,11_to_14,0.5454545454545454,19.0
2024-04-22,2024,East of England,11_to_14,0.5324675324675324,19.0
2024-04-29,2024,East of England,11_to_14,0.525974025974026,19.0
2024-05-06,2024,East of England,11_to_14,0.564935064935065,19.0
2024-05-13,2024,East of England,11_to_14,0.6753246753246753,19.0
2024-05-20,2024,East of England,11_to_14,0.6298701298701299,19.0
2024-05-27,2024,East of England,11_to_14,0.461038961038961,19.0
2024-06-03,2024,East of England,11_to_14,0.5,19.0
2024-06-10,2024,East of England,11_to_14,0.37662337662337664,19.0
2024-06-17,2024,East of England,11_to_14,0.5194805194805194,19.0
2024-06-24,2024,East of England,11_to_14,0.474025974025974,19.0
2024-07-01,2024,East of England,11_to_14,0.5,19.0
2024-07-08,2024,East of England,11_to_14,0.564935064935065,19.0
2024-07-15,2024,East of England,11_to_14,0.5454545454545454,19.0
2024-07-22,2024,East of England,11_to_14,0.38961038961038963,19.0
2024-07-29,2024,East of England,11_to_14,0.43506493506493504,19.0
2024-08-05,2024,East of England,11_to_14,0.33766233766233766,19.0
2024-08-12,2024,East of England,11_to_14,0.2597402597402597,19.0
2024-08-19,2024,East of England,11_to_14,0.2077922077922078,19.0
2024-08-26,2024,East of England,11_to_14,0.14935064935064934,19.0
2024-09-02,2024,East of England,11_to_14,0.18181818181818182,19.0
2024-09-09,2024,East of England,11_to_14,0.14935064935064934,19.0
2024-09-16,2024,East of England,11_to_14,0.14935064935064934,19.0
2024-09-23,2024,East of England,11_to_14,0.09090909090909091,19.0
2024-09-30,2024,East of England,11_to_14,0.11038961038961038,19.0
2024-10-07,2024,East of England,11_to_14,0.09090909090909091,19.0
2024-10-14,2024,East of England,11_to_14,0.07792207792207792,19.0
2024-10-21,2024,East of England,11_to_14,0.17532467532467533,19.0
2024-10-28,2024,East of England,11_to_14,0.11688311688311688,19.0
2024-11-04,2024,East of England,11_to_14,0.22077922077922077,19.0
2024-11-11,2024,East of England,11_to_14,0.18181818181818182,19.0
2024-11-18,2024,East of England,11_to_14,0.18831168831168832,19.0
2024-11-25,2024,East of England,11_to_14,0.18831168831168832,19.0
2024-12-02,2024,East of England,11_to_14,0.21428571428571427,19.0
2024-12-09,2024,East of England,11_to_14,0.16883116883116883,19.0
2024-12-16,2024,East of England,11_to_14,0.14285714285714285,19.0
2024-12-23,2024,East of England,11_to_14,0.1038961038961039,19.0
2024-12-30,2024,East of England,11_to_14,0.14285714285714285,19.0
2024-01-01,2024,East of England,15_to_24,0.7081339712918661,28.0
2024-01-08,2024,East of England,15_to_24,0.6220095693779905,28.0
2024-01-15,2024,East of England,15_to_24,0.507177033492823,28.0
2024-01-22,2024,East of England,15_to_24,0.6220095693779905,28.0
2024-01-29,2024,East of England,15_to_24,0.6698564593301436,28.0
2024-02-05,2024,East of England,15_to_24,0.6698564593301436,28.0
2024-02-12,2024,East of England,15_to_24,0.6794258373205742,28.0
2024-02-19,2024,East of England,15_to_24,0.5550239234449761,28.0
2024-02-26,2024,East of England,15_to_24,0.7464114832535885,28.0
2024-03-04,2024,East of England,15_to_24,0.5550239234449761,28.0
2024-03-11,2024,East of England,15_to_24,0.8421052631578947,28.0
2024-03-18,2024,East of England,15_to_24,0.7368421052631579,28.0
2024-03-25,2024,East of England,15_to_24,0.6889952153110048,28.0
2024-04-01,2024,East of England,15_to_24,0.861244019138756,28.0
2024-04-08,2024,East of England,15_to_24,1.014354066985646,28.0
2024-04-15,2024,East of England,15_to_24,0.8038277511961722,28.0
2024-04-22,2024,East of England,15_to_24,0.784688995215311,28.0
2024-04-29,2024,East of England,15_to_24,0.7751196172248804,28.0
2024-05-06,2024,East of England,15_to_24,0.8325358851674641,28.0
2024-05-13,2024,East of England,15_to_24,0.9952153110047847,28.0
2024-05-20,2024,East of England,15_to_24,0.9282296650717703,28.0
2024-05-27,2024,East of England,15_to_24,0.6794258373205742,28.0
2024-06-03,2024,East of England,15_to_24,0.7368421052631579,28.0
2024-06-10,2024,East of England,15_to_24,0.5550239234449761,28.0
2024-06-17,2024,East of England,15_to_24,0.7655502392344498,28.0
2024-06-24,2024,East of England,15_to_24,0.6985645933014354,28.0
2024-07-01,2024,East of England,15_to_24,0.7368421052631579,28.0
2024-07-08,2024,East of England,15_to_24,0.8325358851674641,28.0
2024-07-15,2024,East of England,15_to_24,0.8038277511961722,28.0
2024-07-22,2024,East of England,15_to_24,0.5741626794258373,28.0
2024-07-29,2024,East of England,15_to_24,0.6411483253588517,28.0
2024-08-05,2024,East of England,15_to_24,0.49760765550239233,28.0
2024-08-12,2024,East of England,15_to_24,0.3827751196172249,28.0
2024-08-19,2024,East of England,15_to_24,0.3062200956937799,28.0
2024-08-26,2024,East of England,15_to_24,0.22009569377990432,28.0
2024-09-02,2024,East of England,15_to_24,0.2679425837320574,28.0
2024-09-09,2024,East of England,15_to_24,0.22009569377990432,28.0
2024-09-16,2024,East of England,15_to_24,0.22009569377990432,28.0
2024-09-23,2024,East of England,15_to_24,0.1339712918660287,28.0
2024-09-30,2024,East of England,15_to_24,0.16267942583732056,28.0
2024-10-07,2024,East of England,15_to_24,0.1339712918660287,28.0
2024-10-14,2024,East of England,15_to_24,0.11483253588516747,28.0
2024-10-21,2024,East of England,15_to_24,0.2583732057416268,28.0
2024-10-28,2024,East of England,15_to_24,0.1722488038277512,28.0
2024-11-04,2024,East of England,15_to_24,0.3253588516746411,28.0
2024-11-11,2024,East of England,15_to_24,0.2679425837320574,28.0
2024-11-18,2024,East of England,15_to_24,0.27751196172248804,28.0
2024-11-25,2024,East of England,15_to_24,0.27751196172248804,28.0
2024-12-02,2024,East of England,15_to_24,0.3157894736842105,28.0
2024-12-09,2024,East of England,15_to_24,0.24880382775119617,28.0
2024-12-16,2024,East of England,15_to_24,0.21052631578947367,28.0
2024-12-23,2024,East of England,15_to_24,0.15311004784688995,28.0
2024-12-30,2024,East of England,15_to_24,0.21052631578947367,28.0
2024-01-01,2024,East of England,1_to_4,1.669172932330827,66.0
2024-01-08,2024,East of England,1_to_4,1.4661654135338347,66.0
2024-01-15,2024,East of England,1_to_4,1.1954887218045114,66.0
2024-01-22,2024,East of England,1_to_4,1.4661654135338347,66.0
2024-01-29,2024,East of England,1_to_4,1.5789473684210527,66.0
2024-02-05,2024,East of England,1_to_4,1.5789473684210527,66.0
2024-02-12,2024,East of England,1_to_4,1.6015037593984962,66.0
2024-02-19,2024,East of England,1_to_4,1.3082706766917294,66.0
2024-02-26,2024,East of England,1_to_4,1.7593984962406015,66.0
2024-03-04,2024,East of England,1_to_4,1.3082706766917294,66.0
2024-03-11,2024,East of England,1_to_4,1.9849624060150375,66.0
2024-03-18,2024,East of England,1_to_4,1.736842105263158,66.0
2024-03-25,2024,East of England,1_to_4,1.6240601503759398,66.0
2024-04-01,2024,East of England,1_to_4,2.030075187969925,66.0
2024-04-08,2024,East of England,1_to_4,2.3909774436090228,66.0
2024-04-15,2024,East of England,1_to_4,1.894736842105263,66.0
2024-04-22,2024,East of England,1_to_4,1.849624060150376,66.0
2024-04-29,2024,East of England,1_to_4,1.8270676691729324,66.0
2024-05-06,2024,East of England,1_to_4,1.962406015037594,66.0
2024-05-13,2024,East of England,1_to_4,2.345864661654135,66.0
2024-05-20,2024,East of England,1_to_4,2.18796992481203,66.0
2024-05-27,2024,East of England,1_to_4,1.6015037593984962,66.0
2024-06-03,2024,East of England,1_to_4,1.736842105263158,66.0
2024-06-10,2024,East of England,1_to_4,1.3082706766917294,66.0
2024-06-17,2024,East of England,1_to_4,1.8045112781954886,66.0
2024-06-24,2024,East of England,1_to_4,1.6466165413533835,66.0
2024-07-01,2024,East of England,1_to_4,1.736842105263158,66.0
2024-07-08,2024,East of England,1_to_4,1.962406015037594,66.0
2024-07-15,2024,East of England,1_to_4,1.894736842105263,66.0
2024-07-22,2024,East of England,1_to_4,1.3533834586466165,66.0
2024-07-29,2024,East of England,1_to_4,1.5112781954887218,66.0
2024-08-05,2024,East of England,1_to_4,1.1729323308270676,66.0
2024-08-12,2024,East of England,1_to_4,0.9022556390977443,66.0
2024-08-19,2024,East of England,1_to_4,0.7218045112781954,66.0
2024-08-26,2024,East of England,1_to_4,0.518796992481203,66.0
2024-09-02,2024,East of England,1_to_4,0.631578947368421,66.0
2024-09-09,2024,East of England,1_to_4,0.518796992481203,66.0
2024-09-16,2024,East of England,1_to_4,0.518796992481203,66.0
2024-09-23,2024,East of England,1_to_4,0.3157894736842105,66.0
2024-09-30,2024,East of England,1_to_4,0.38345864661654133,66.0
2024-10-07,2024,East of England,1_to_4,0.3157894736842105,66.0
2024-10-14,2024,East of England,1_to_4,0.2706766917293233,66.0
2024-10-21,2024,East of England,1_to_4,0.6090225563909775,66.0
2024-10-28,2024,East of England,1_to_4,0.40601503759398494,66.0
2024-11-04,2024,East of England,1_to_4,0.7669172932330827,66.0
2024-11-11,2024,East of England,1_to_4,0.631578947368421,66.0
2024-11-18,2024,East of England,1_to_4,0.6541353383458647,66.0
2024-11-25,2024,East of England,1_to_4,0.6541353383458647,66.0
2024-12-02,2024,East of England,1_to_4,0.7443609022556391,66.0
2024-12-09,2024,East of England,1_to_4,0.5864661654135338,66.0
2024-12-16,2024,East of England,1_to_4,0.49624060150375937,66.0
2024-12-23,2024,East of England,1_to_4,0.3609022556390977,66.0
2024-12-30,2024,East of England,1_to_4,0.49624060150375937,66.0
2024-01-01,2024,East of England,25_to_34,0.7334244702665755,29.0
2024-01-08,2024,East of England,25_to_34,0.6442241968557758,29.0
2024-01-15,2024,East of England,25_to_34,0.5252904989747095,29.0
2024-01-22,2024,East of England,25_to_34,0.6442241968557758,29.0
2024-01-29,2024,East of England,25_to_34,0.69377990430622,29.0
2024-02-05,2024,East of England,25_to_34,0.69377990430622,29.0
2024-02-12,2024,East of England,25_to_34,0.7036910457963089,29.0
2024-02-19,2024,East of England,25_to_34,0.5748462064251538,29.0
2024-02-26,2024,East of England,25_to_34,0.773069036226931,29.0
2024-03-04,2024,East of England,25_to_34,0.5748462064251538,29.0
2024-03-11,2024,East of England,25_to_34,0.8721804511278195,29.0
2024-03-18,2024,East of England,25_to_34,0.7631578947368421,29.0
2024-03-25,2024,East of England,25_to_34,0.7136021872863978,29.0
2024-04-01,2024,East of England,25_to_34,0.8920027341079972,29.0
2024-04-08,2024,East of England,25_to_34,1.050580997949419,29.0
2024-04-15,2024,East of England,25_to_34,0.8325358851674641,29.0
2024-04-22,2024,East of England,25_to_34,0.8127136021872864,29.0
2024-04-29,2024,East of England,25_to_34,0.8028024606971975,29.0
2024-05-06,2024,East of England,25_to_34,0.8622693096377307,29.0
2024-05-13,2024,East of England,25_to_34,1.0307587149692412,29.0
2024-05-20,2024,East of England,25_to_34,0.9613807245386192,29.0
2024-05-27,2024,East of England,25_to_34,0.7036910457963089,29.0
2024-06-03,2024,East of England,25_to_34,0.7631578947368421,29.0
2024-06-10,2024,East of England,25_to_34,0.5748462064251538,29.0
2024-06-17,2024,East of England,25_to_34,0.7928913192071086,29.0
2024-06-24,2024,East of England,25_to_34,0.7235133287764867,29.0
2024-07-01,2024,East of England,25_to_34,0.7631578947368421,29.0
2024-07-08,2024,East of England,25_to_34,0.8622693096377307,29.0
2024-07-15,2024,East of England,25_to_34,0.8325358851674641,29.0
2024-07-22,2024,East of England,25_to_34,0.5946684894053315,29.0
2024-07-29,2024,East of England,25_to_34,0.6640464798359536,29.0
2024-08-05,2024,East of England,25_to_34,0.5153793574846206,29.0
2024-08-12,2024,East of England,25_to_34,0.3964456596035543,29.0
2024-08-19,2024,East of England,25_to_34,0.31715652768284347,29.0
2024-08-26,2024,East of England,25_to_34,0.22795625427204375,29.0
2024-09-02,2024,East of England,25_to_34,0.27751196172248804,29.0
2024-09-09,2024,East of England,25_to_34,0.22795625427204375,29.0
2024-09-16,2024,East of England,25_to_34,0.22795625427204375,29.0
2024-09-23,2024,East of England,25_to_34,0.13875598086124402,29.0
2024-09-30,2024,East of England,25_to_34,0.1684894053315106,29.0
2024-10-07,2024,East of England,25_to_34,0.13875598086124402,29.0
2024-10-14,2024,East of England,25_to_34,0.11893369788106631,29.0
2024-10-21,2024,East of England,25_to_34,0.2676008202323992,29.0
2024-10-28,2024,East of England,25_to_34,0.17840054682159945,29.0
2024-11-04,2024,East of England,25_to_34,0.3369788106630212,29.0
2024-11-11,2024,East of England,25_to_34,0.27751196172248804,29.0
2024-11-18,2024,East of England,25_to_34,0.2874231032125769,29.0
2024-11-25,2024,East of England,25_to_34,0.2874231032125769,29.0
2024-12-02,2024,East of England,25_to_34,0.32706766917293234,29.0
2024-12-09,2024,East of England,25_to_34,0.2576896787423103,29.0
2024-12-16,2024,East of England,25_to_34,0.21804511278195488,29.0
2024-12-23,2024,East of England,25_to_34,0.15857826384142173,29.0
2024-12-30,2024,East of England,25_to_34,0.21804511278195488,29.0
2024-01-01,2024,East of England,35_and_over,0.556390977443609,22.0
2024-01-08,2024,East of England,35_and_over,0.48872180451127817,22.0
2024-01-15,2024,East of England,35_and_over,0.39849624060150374,22.0
2024-01-22,2024,East of England,35_and_over,0.48872180451127817,22.0
2024-01-29,2024,East of England,35_and_over,0.5263157894736842,22.0
2024-02-05,2024,East of England,35_and_over,0.5263157894736842,22.0
2024-02-12,2024,East of England,35_and_over,0.5338345864661654,22.0
2024-02-19,2024,East of England,35_and_over,0.43609022556390975,22.0
2024-02-26,2024,East of England,35_and_over,0.5864661654135338,22.0
2024-03-04,2024,East of England,35_and_over,0.43609022556390975,22.0
2024-03-11,2024,East of England,35_and_over,0.6616541353383458,22.0
2024-03-18,2024,East of England,35_and_over,0.5789473684210527,22.0
2024-03-25,2024,East of England,35_and_over,0.5413533834586466,22.0
2024-04-01,2024,East of England,35_and_over,0.6766917293233082,22.0
2024-04-08,2024,East of England,35_and_over,0.7969924812030075,22.0
2024-04-15,2024,East of England,35_and_over,0.631578947368421,22.0
2024-04-22,2024,East of England,35_and_over,0.6165413533834586,22.0
2024-04-29,2024,East of England,35_and_over,0.6090225563909775,22.0
2024-05-06,2024,East of England,35_and_over,0.6541353383458647,22.0
2024-05-13,2024,East of England,35_and_over,0.7819548872180451,22.0
2024-05-20,2024,East of England,35_and_over,0.7293233082706767,22.0
2024-05-27,2024,East of England,35_and_over,0.5338345864661654,22.0
2024-06-03,2024,East of England,35_and_over,0.5789473684210527,22.0
2024-06-10,2024,East of England,35_and_over,0.43609022556390975,22.0
2024-06-17,2024,East of England,35_and_over,0.6015037593984962,22.0
2024-06-24,2024,East of England,35_and_over,0.5488721804511278,22.0
2024-07-01,2024,East of England,35_and_over,0.5789473684210527,22.0
2024-07-08,2024,East of England,35_and_over,0.6541353383458647,22.0
2024-07-15,2024,East of England,35_and_over,0.631578947368421,22.0
2024-07-22,2024,East of England,35_and_over,0.45112781954887216,22.0
2024-07-29,2024,East of England,35_and_over,0.5037593984962406,22.0
2024-08-05,2024,East of England,35_and_over,0.39097744360902253,22.0
2024-08-12,2024,East of England,35_and_over,0.3007518796992481,22.0
2024-08-19,2024,East of England,35_and_over,0.24060150375939848,22.0
2024-08-26,2024,East of England,35_and_over,0.17293233082706766,22.0
2024-09-02,2024,East of England,35_and_over,0.21052631578947367,22.0
2024-09-09,2024,East of England,35_and_over,0.17293233082706766,22.0
2024-09-16,2024,East of England,35_and_over,0.17293233082706766,22.0
2024-09-23,2024,East of England,35_and_over,0.10526315789473684,22.0
2024-09-30,2024,East of England,35_and_over,0.12781954887218044,22.0
2024-10-07,2024,East of England,35_and_over,0.10526315789473684,22.0
2024-10-14,2024,East of England,35_and_over,0.09022556390977443,22.0
2024-10-21,2024,East of England,35_and_over,0.20300751879699247,22.0
2024-10-28,2024,East of England,35_and_over,0.13533834586466165,22.0
2024-11-04,2024,East of England,35_and_over,0.2556390977443609,22.0
2024-11-11,2024,East of England,35_and_over,0.21052631578947367,22.0
2024-11-18,2024,East of England,35_and_over,0.21804511278195488,22.0
2024-11-25,2024,East of England,35_and_over,0.21804511278195488,22.0
2024-12-02,2024,East of England,35_and_over,0.24812030075187969,22.0
2024-12-09,2024,East of England,35_and_over,0.19548872180451127,22.0
2024-12-16,2024,East of England,35_and_over,0.16541353383458646,22.0
2024-12-23,2024,East of England,35_and_over,0.12030075187969924,22.0
2024-12-30,2024,East of England,35_and_over,0.16541353383458646,22.0
2024-01-01,2024,East of England,5_to_10,1.5933014354066986,63.0
2024-01-08,2024,East of England,5_to_10,1.3995215311004785,63.0
2024-01-15,2024,East of England,5_to_10,1.1411483253588517,63.0
2024-01-22,2024,East of England,5_to_10,1.3995215311004785,63.0
2024-01-29,2024,East of England,5_to_10,1.507177033492823,63.0
2024-02-05,2024,East of England,5_to_10,1.507177033492823,63.0
2024-02-12,2024,East of England,5_to_10,1.5287081339712918,63.0
2024-02-19,2024,East of England,5_to_10,1.2488038277511961,63.0
2024-02-26,2024,East of England,5_to_10,1.6794258373205742,63.0
2024-03-04,2024,East of England,5_to_10,1.2488038277511961,63.0
2024-03-11,2024,East of England,5_to_10,1.894736842105263,63.0
2024-03-18,2024,East of England,5_to_10,1.6578947368421053,63.0
2024-03-25,2024,East of England,5_to_10,1.5502392344497609,63.0
2024-04-01,2024,East of England,5_to_10,1.937799043062201,63.0
2024-04-08,2024,East of England,5_to_10,2.2822966507177034,63.0
2024-04-15,2024,East of England,5_to_10,1.8086124401913874,63.0
2024-04-22,2024,East of England,5_to_10,1.7655502392344498,63.0
2024-04-29,2024,East of England,5_to_10,1.744019138755981,63.0
2024-05-06,2024,East of England,5_to_10,1.8732057416267942,63.0
2024-05-13,2024,East of England,5_to_10,2.2392344497607657,63.0
2024-05-20,2024,East of England,5_to_10,2.088516746411483,63.0
2024-05-27,2024,East of England,5_to_10,1.5287081339712918,63.0
2024-06-03,2024,East of England,5_to_10,1.6578947368421053,63.0
2024-06-10,2024,East of England,5_to_10,1.2488038277511961,63.0
2024-06-17,2024,East of England,5_to_10,1.722488038277512,63.0
2024-06-24,2024,East of England,5_to_10,1.5717703349282297,63.0
2024-07-01,2024,East of England,5_to_10,1.6578947368421053,63.0
2024-07-08,2024,East of England,5_to_10,1.8732057416267942,63.0
2024-07-15,2024,East of England,5_to_10,1.8086124401913874,63.0
2024-07-22,2024,East of England,5_to_10,1.291866028708134,63.0
2024-07-29,2024,East of England,5_to_10,1.4425837320574162,63.0
2024-08-05,2024,East of England,5_to_10,1.1196172248803828,63.0
2024-08-12,2024,East of England,5_to_10,0.861244019138756,63.0
2024-08-19,2024,East of England,5_to_10,0.6889952153110048,63.0
2024-08-26,2024,East of England,5_to_10,0.49521531100478466,63.0
2024-09-02,2024,East of England,5_to_10,0.6028708133971292,63.0
2024-09-09,2024,East of England,5_to_10,0.49521531100478466,63.0
2024-09-16,2024,East of England,5_to_10,0.49521531100478466,63.0
2024-09-23,2024,East of England,5_to_10,0.3014354066985646,63.0
2024-09-30,2024,East of England,5_to_10,0.3660287081339713,63.0
2024-10-07,2024,East of England,5_to_10,0.3014354066985646,63.0
2024-10-14,2024,East of England,5_to_10,0.2583732057416268,63.0
2024-10-21,2024,East of England,5_to_10,0.5813397129186603,63.0
2024-10-28,2024,East of England,5_to_10,0.3875598086124402,63.0
2024-11-04,2024,East of England,5_to_10,0.7320574162679426,63.0
2024-11-11,2024,East of England,5_to_10,0.6028708133971292,63.0
2024-11-18,2024,East of England,5_to_10,0.6244019138755981,63.0
2024-11-25,2024,East of England,5_to_10,0.6244019138755981,63.0
2024-12-02,2024,East of England,5_to_10,0.7105263157894737,63.0
2024-12-09,2024,East of England,5_to_10,0.5598086124401914,63.0
2024-12-16,2024,East of England,5_to_10,0.47368421052631576,63.0
2024-12-23,2024,East of England,5_to_10,0.3444976076555024,63.0
2024-12-30,2024,East of England,5_to_10,0.47368421052631576,63.0
2024-01-01,2024,East of England,under_1,0.6322624743677375,25.0
2024-01-08,2024,East of England,under_1,0.5553656869446343,25.0
2024-01-15,2024,East of England,under_1,0.45283663704716337,25.0
2024-01-22,2024,East of England,under_1,0.5553656869446343,25.0
2024-01-29,2024,East of England,under_1,0.5980861244019139,25.0
2024-02-05,2024,East of England,under_1,0.5980861244019139,25.0
2024-02-12,2024,East of England,under_1,0.6066302118933697,25.0
2024-02-19,2024,East of England,under_1,0.4955570745044429,25.0
2024-02-26,2024,East of England,under_1,0.6664388243335612,25.0
2024-03-04,2024,East of England,under_1,0.4955570745044429,25.0
2024-03-11,2024,East of England,under_1,0.7518796992481203,25.0
2024-03-18,2024,East of England,under_1,0.6578947368421053,25.0
2024-03-25,2024,East of England,under_1,0.6151742993848257,25.0
2024-04-01,2024,East of England,under_1,0.7689678742310321,25.0
2024-04-08,2024,East of England,under_1,0.9056732740943267,25.0
2024-04-15,2024,East of England,under_1,0.7177033492822966,25.0
2024-04-22,2024,East of England,under_1,0.7006151742993848,25.0
2024-04-29,2024,East of England,under_1,0.692071086807929,25.0
2024-05-06,2024,East of England,under_1,0.7433356117566644,25.0
2024-05-13,2024,East of England,under_1,0.8885850991114149,25.0
2024-05-20,2024,East of England,under_1,0.8287764866712235,25.0
2024-05-27,2024,East of England,under_1,0.6066302118933697,25.0
2024-06-03,2024,East of England,under_1,0.6578947368421053,25.0
2024-06-10,2024,East of England,under_1,0.4955570745044429,25.0
2024-06-17,2024,East of England,under_1,0.683526999316473,25.0
2024-06-24,2024,East of England,under_1,0.6237183868762816,25.0
2024-07-01,2024,East of England,under_1,0.6578947368421053,25.0
2024-07-08,2024,East of England,under_1,0.7433356117566644,25.0
2024-07-15,2024,East of England,under_1,0.7177033492822966,25.0
2024-07-22,2024,East of England,under_1,0.5126452494873548,25.0
2024-07-29,2024,East of England,under_1,0.5724538619275461,25.0
2024-08-05,2024,East of England,under_1,0.44429254955570746,25.0
2024-08-12,2024,East of England,under_1,0.3417634996582365,25.0
2024-08-19,2024,East of England,under_1,0.2734107997265892,25.0
2024-08-26,2024,East of England,under_1,0.19651401230348597,25.0
2024-09-02,2024,East of England,under_1,0.23923444976076555,25.0
2024-09-09,2024,East of England,under_1,0.19651401230348597,25.0
2024-09-16,2024,East of England,under_1,0.19651401230348597,25.0
2024-09-23,2024,East of England,under_1,0.11961722488038277,25.0
2024-09-30,2024,East of England,under_1,0.14524948735475052,25.0
2024-10-07,2024,East of England,under_1,0.11961722488038277,25.0
2024-10-14,2024,East of England,under_1,0.10252904989747096,25.0
2024-10-21,2024,East of England,under_1,0.23069036226930964,25.0
2024-10-28,2024,East of England,under_1,0.15379357484620643,25.0
2024-11-04,2024,East of England,under_1,0.29049897470950103,25.0
2024-11-11,2024,East of England,under_1,0.23923444976076555,25.0
2024-11-18,2024,East of England,under_1,0.24777853725222146,25.0
2024-11-25,2024,East of England,under_1,0.24777853725222146,25.0
2024-12-02,2024,East of England,under_1,0.2819548872180451,25.0
2024-12-09,2024,East of England,under_1,0.22214627477785373,25.0
2024-12-16,2024,East of England,under_1,0.18796992481203006,25.0
2024-12-23,2024,East of England,under_1,0.1367053998632946,25.0
2024-12-30,2024,East of England,under_1,0.18796992481203006,25.0
2024-01-01,2024,London,11_to_14,1.972658920027341,78.0
2024-01-08,2024,London,11_to_14,1.7327409432672591,78.0
2024-01-15,2024,London,11_to_14,1.4128503075871497,78.0
2024-01-22,2024,London,11_to_14,1.7327409432672591,78.0
2024-01-29,2024,London,11_to_14,1.8660287081339713,78.0
2024-02-05,2024,London,11_to_14,1.8660287081339713,78.0
2024-02-12,2024,London,11_to_14,1.8926862611073136,78.0
2024-02-19,2024,London,11_to_14,1.546138072453862,78.0
2024-02-26,2024,London,11_to_14,2.079289131920711,78.0
2024-03-04,2024,London,11_to_14,1.546138072453862,78.0
2024-03-11,2024,London,11_to_14,2.345864661654135,78.0
2024-03-18,2024,London,11_to_14,2.0526315789473686,78.0
2024-03-25,2024,London,11_to_14,1.9193438140806562,78.0
2024-04-01,2024,London,11_to_14,2.3991797676008204,78.0
2024-04-08,2024,London,11_to_14,2.8257006151742994,78.0
2024-04-15,2024,London,11_to_14,2.2392344497607657,78.0
2024-04-22,2024,London,11_to_14,2.1859193438140805,78.0
2024-04-29,2024,London,11_to_14,2.159261790840738,78.0
2024-05-06,2024,London,11_to_14,2.319207108680793,78.0
2024-05-13,2024,London,11_to_14,2.7723855092276146,78.0
2024-05-20,2024,London,11_to_14,2.5857826384142175,78.0
2024-05-27,2024,London,11_to_14,1.8926862611073136,78.0
2024-06-03,2024,London,11_to_14,2.0526315789473686,78.0
2024-06-10,2024,London,11_to_14,1.546138072453862,78.0
2024-06-17,2024,London,11_to_14,2.1326042378673957,78.0
2024-06-24,2024,London,11_to_14,1.9460013670539986,78.0
2024-07-01,2024,London,11_to_14,2.0526315789473686,78.0
2024-07-08,2024,London,11_to_14,2.319207108680793,78.0
2024-07-15,2024,London,11_to_14,2.2392344497607657,78.0
2024-07-22,2024,London,11_to_14,1.5994531784005468,78.0
2024-07-29,2024,London,11_to_14,1.786056049213944,78.0
2024-08-05,2024,London,11_to_14,1.3861927546138073,78.0
2024-08-12,2024,London,11_to_14,1.0663021189336979,78.0
2024-08-19,2024,London,11_to_14,0.8530416951469583,78.0
2024-08-26,2024,London,11_to_14,0.6131237183868763,78.0
2024-09-02,2024,London,11_to_14,0.7464114832535885,78.0
2024-09-09,2024,London,11_to_14,0.6131237183868763,78.0
2024-09-16,2024,London,11_to_14,0.6131237183868763,78.0
2024-09-23,2024,London,11_to_14,0.37320574162679426,78.0
2024-09-30,2024,London,11_to_14,0.4531784005468216,78.0
2024-10-07,2024,London,11_to_14,0.37320574162679426,78.0
2024-10-14,2024,London,11_to_14,0.3198906356801094,78.0
2024-10-21,2024,London,11_to_14,0.719753930280246,78.0
2024-10-28,2024,London,11_to_14,0.47983595352016406,78.0
2024-11-04,2024,London,11_to_14,0.9063568010936432,78.0
2024-11-11,2024,London,11_to_14,0.7464114832535885,78.0
2024-11-18,2024,London,11_to_14,0.773069036226931,78.0
2024-11-25,2024,London,11_to_14,0.773069036226931,78.0
2024-12-02,2024,London,11_to_14,0.8796992481203008,78.0
2024-12-09,2024,London,11_to_14,0.6930963773069037,78.0
2024-12-16,2024,London,11_to_14,0.5864661654135338,78.0
2024-12-23,2024,London,11_to_14,0.42652084757347913,78.0
2024-12-30,2024,London,11_to_14,0.5864661654135338,78.0
2024-01-01,2024,London,15_to_24,3.085440874914559,122.0
2024-01-08,2024,London,15_to_24,2.7101845522898156,122.0
2024-01-15,2024,London,15_to_24,2.2098427887901573,122.0
2024-01-22,2024,London,15_to_24,2.7101845522898156,122.0
2024-01-29,2024,London,15_to_24,2.9186602870813396,122.0
2024-02-05,2024,London,15_to_24,2.9186602870813396,122.0
2024-02-12,2024,London,15_to_24,2.9603554340396445,122.0
2024-02-19,2024,London,15_to_24,2.4183185235816813,122.0
2024-02-26,2024,London,15_to_24,3.2522214627477783,122.0
2024-03-04,2024,London,15_to_24,2.4183185235816813,122.0
2024-03-11,2024,London,15_to_24,3.669172932330827,122.0
2024-03-18,2024,London,15_to_24,3.210526315789474,122.0
2024-03-25,2024,London,15_to_24,3.0020505809979494,122.0
2024-04-01,2024,London,15_to_24,3.7525632262474367,122.0
2024-04-08,2024,London,15_to_24,4.4196855775803146,122.0
2024-04-15,2024,London,15_to_24,3.5023923444976077,122.0
2024-04-22,2024,London,15_to_24,3.419002050580998,122.0
2024-04-29,2024,London,15_to_24,3.377306903622693,122.0
2024-05-06,2024,London,15_to_24,3.6274777853725224,122.0
2024-05-13,2024,London,15_to_24,4.336295283663705,122.0
2024-05-20,2024,London,15_to_24,4.0444292549555705,122.0
2024-05-27,2024,London,15_to_24,2.9603554340396445,122.0
2024-06-03,2024,London,15_to_24,3.210526315789474,122.0
2024-06-10,2024,London,15_to_24,2.4183185235816813,122.0
2024-06-17,2024,London,15_to_24,3.335611756664388,122.0
2024-06-24,2024,London,15_to_24,3.0437457279562543,122.0
2024-07-01,2024,London,15_to_24,3.210526315789474,122.0
2024-07-08,2024,London,15_to_24,3.6274777853725224,122.0
2024-07-15,2024,London,15_to_24,3.5023923444976077,122.0
2024-07-22,2024,London,15_to_24,2.501708817498291,122.0
2024-07-29,2024,London,15_to_24,2.793574846206425,122.0
2024-08-05,2024,London,15_to_24,2.1681476418318524,122.0
2024-08-12,2024,London,15_to_24,1.667805878332194,122.0
2024-08-19,2024,London,15_to_24,1.3342447026657553,122.0
2024-08-26,2024,London,15_to_24,0.9589883800410116,122.0
2024-09-02,2024,London,15_to_24,1.167464114832536,122.0
2024-09-09,2024,London,15_to_24,0.9589883800410116,122.0
2024-09-16,2024,London,15_to_24,0.9589883800410116,122.0
2024-09-23,2024,London,15_to_24,0.583732057416268,122.0
2024-09-30,2024,London,15_to_24,0.7088174982911825,122.0
2024-10-07,2024,London,15_to_24,0.583732057416268,122.0
2024-10-14,2024,London,15_to_24,0.5003417634996582,122.0
2024-10-21,2024,London,15_to_24,1.125768967874231,122.0
2024-10-28,2024,London,15_to_24,0.7505126452494874,122.0
2024-11-04,2024,London,15_to_24,1.417634996582365,122.0
2024-11-11,2024,London,15_to_24,1.167464114832536,122.0
2024-11-18,2024,London,15_to_24,1.2091592617908407,122.0
2024-11-25,2024,London,15_to_24,1.2091592617908407,122.0
2024-12-02,2024,London,15_to_24,1.3759398496240602,122.0
2024-12-09,2024,London,15_to_24,1.0840738209159262,122.0
2024-12-16,2024,London,15_to_24,0.9172932330827067,122.0
2024-12-23,2024,London,15_to_24,0.6671223513328777,122.0
2024-12-30,2024,London,15_to_24,0.9172932330827067,122.0
2024-01-01,2024,London,1_to_4,8.269993164730007,327.0
2024-01-08,2024,London,1_to_4,7.264183185235817,327.0
2024-01-15,2024,London,1_to_4,5.923103212576897,327.0
2024-01-22,2024,London,1_to_4,7.264183185235817,327.0
2024-01-29,2024,London,1_to_4,7.822966507177034,327.0
2024-02-05,2024,London,1_to_4,7.822966507177034,327.0
2024-02-12,2024,London,1_to_4,7.934723171565277,327.0
2024-02-19,2024,London,1_to_4,6.481886534518114,327.0
2024-02-26,2024,London,1_to_4,8.71701982228298,327.0
2024-03-04,2024,London,1_to_4,6.481886534518114,327.0
2024-03-11,2024,London,1_to_4,9.834586466165414,327.0
2024-03-18,2024,London,1_to_4,8.605263157894736,327.0
2024-03-25,2024,London,1_to_4,8.04647983595352,327.0
2024-04-01,2024,London,1_to_4,10.0580997949419,327.0
2024-04-08,2024,London,1_to_4,11.846206425153794,327.0
2024-04-15,2024,London,1_to_4,9.38755980861244,327.0
2024-04-22,2024,London,1_to_4,9.164046479835953,327.0
2024-04-29,2024,London,1_to_4,9.05228981544771,327.0
2024-05-06,2024,London,1_to_4,9.72282980177717,327.0
2024-05-13,2024,London,1_to_4,11.622693096377306,327.0
2024-05-20,2024,London,1_to_4,10.840396445659604,327.0
2024-05-27,2024,London,1_to_4,7.934723171565277,327.0
2024-06-03,2024,London,1_to_4,8.605263157894736,327.0
2024-06-10,2024,London,1_to_4,6.481886534518114,327.0
2024-06-17,2024,London,1_to_4,8.940533151059467,327.0
2024-06-24,2024,London,1_to_4,8.158236500341763,327.0
2024-07-01,2024,London,1_to_4,8.605263157894736,327.0
2024-07-08,2024,London,1_to_4,9.72282980177717,327.0
2024-07-15,2024,London,1_to_4,9.38755980861244,327.0
2024-07-22,2024,London,1_to_4,6.7053998632946,327.0
2024-07-29,2024,London,1_to_4,7.4876965140123035,327.0
2024-08-05,2024,London,1_to_4,5.811346548188653,327.0
2024-08-12,2024,London,1_to_4,4.470266575529734,327.0
2024-08-19,2024,London,1_to_4,3.5762132604237866,327.0
2024-08-26,2024,London,1_to_4,2.5704032809295967,327.0
2024-09-02,2024,London,1_to_4,3.1291866028708135,327.0
2024-09-09,2024,London,1_to_4,2.5704032809295967,327.0
2024-09-16,2024,London,1_to_4,2.5704032809295967,327.0
2024-09-23,2024,London,1_to_4,1.5645933014354068,327.0
2024-09-30,2024,London,1_to_4,1.8998632946001368,327.0
2024-10-07,2024,London,1_to_4,1.5645933014354068,327.0
2024-10-14,2024,London,1_to_4,1.34107997265892,327.0
2024-10-21,2024,London,1_to_4,3.0174299384825702,327.0
2024-10-28,2024,London,1_to_4,2.01161995898838,327.0
2024-11-04,2024,London,1_to_4,3.7997265892002736,327.0
2024-11-11,2024,London,1_to_4,3.1291866028708135,327.0
2024-11-18,2024,London,1_to_4,3.240943267259057,327.0
2024-11-25,2024,London,1_to_4,3.240943267259057,327.0
2024-12-02,2024,London,1_to_4,3.68796992481203,327.0
2024-12-09,2024,London,1_to_4,2.9056732740943265,327.0
2024-12-16,2024,London,1_to_4,2.4586466165413534,327.0
2024-12-23,2024,London,1_to_4,1.7881066302118933,327.0
2024-12-30,2024,London,1_to_4,2.4586466165413534,327.0
2024-01-01,2024,London,25_to_34,3.6418318523581683,144.0
2024-01-08,2024,London,25_to_34,3.1989063568010936,144.0
2024-01-15,2024,London,25_to_34,2.608339029391661,144.0
2024-01-22,2024,London,25_to_34,3.1989063568010936,144.0
2024-01-29,2024,London,25_to_34,3.444976076555024,144.0
2024-02-05,2024,London,25_to_34,3.444976076555024,144.0
2024-02-12,2024,London,25_to_34,3.49419002050581,144.0
2024-02-19,2024,London,25_to_34,2.854408749145591,144.0
2024-02-26,2024,London,25_to_34,3.8386876281613125,144.0
2024-03-04,2024,London,25_to_34,2.854408749145591,144.0
2024-03-11,2024,London,25_to_34,4.330827067669173,144.0
2024-03-18,2024,London,25_to_34,3.789473684210526,144.0
2024-03-25,2024,London,25_to_34,3.543403964456596,144.0
2024-04-01,2024,London,25_to_34,4.4292549555707454,144.0
2024-04-08,2024,London,25_to_34,5.216678058783322,144.0
2024-04-15,2024,London,25_to_34,4.133971291866029,144.0
2024-04-22,2024,London,25_to_34,4.035543403964456,144.0
2024-04-29,2024,London,25_to_34,3.9863294600136707,144.0
2024-05-06,2024,London,25_to_34,4.281613123718387,144.0
2024-05-13,2024,London,25_to_34,5.11825017088175,144.0
2024-05-20,2024,London,25_to_34,4.773752563226248,144.0
2024-05-27,2024,London,25_to_34,3.49419002050581,144.0
2024-06-03,2024,London,25_to_34,3.789473684210526,144.0
2024-06-10,2024,London,25_to_34,2.854408749145591,144.0
2024-06-17,2024,London,25_to_34,3.9371155160628843,144.0
2024-06-24,2024,London,25_to_34,3.592617908407382,144.0
2024-07-01,2024,London,25_to_34,3.789473684210526,144.0
2024-07-08,2024,London,25_to_34,4.281613123718387,144.0
2024-07-15,2024,London,25_to_34,4.133971291866029,144.0
2024-07-22,2024,London,25_to_34,2.9528366370471635,144.0
2024-07-29,2024,London,25_to_34,3.297334244702666,144.0
2024-08-05,2024,London,25_to_34,2.559125085440875,144.0
2024-08-12,2024,London,25_to_34,1.9685577580314422,144.0
2024-08-19,2024,London,25_to_34,1.5748462064251538,144.0
2024-08-26,2024,London,25_to_34,1.1319207108680793,144.0
2024-09-02,2024,London,25_to_34,1.3779904306220097,144.0
2024-09-09,2024,London,25_to_34,1.1319207108680793,144.0
2024-09-16,2024,London,25_to_34,1.1319207108680793,144.0
2024-09-23,2024,London,25_to_34,0.6889952153110048,144.0
2024-09-30,2024,London,25_to_34,0.836637047163363,144.0
2024-10-07,2024,London,25_to_34,0.6889952153110048,144.0
2024-10-14,2024,London,25_to_34,0.5905673274094326,144.0
2024-10-21,2024,London,25_to_34,1.3287764866712235,144.0
2024-10-28,2024,London,25_to_34,0.885850991114149,144.0
2024-11-04,2024,London,25_to_34,1.673274094326726,144.0
2024-11-11,2024,London,25_to_34,1.3779904306220097,144.0
2024-11-18,2024,London,25_to_34,1.4272043745727956,144.0
2024-11-25,2024,London,25_to_34,1.4272043745727956,144.0
2024-12-02,2024,London,25_to_34,1.6240601503759398,144.0
2024-12-09,2024,London,25_to_34,1.2795625427204376,144.0
2024-12-16,2024,London,25_to_34,1.0827067669172932,144.0
2024-12-23,2024,London,25_to_34,0.7874231032125769,144.0
2024-12-30,2024,London,25_to_34,1.0827067669172932,144.0
2024-01-01,2024,London,35_and_over,3.0601503759398496,121.0
2024-01-08,2024,London,35_and_over,2.68796992481203,121.0
2024-01-15,2024,London,35_and_over,2.191729323308271,121.0
2024-01-22,2024,London,35_and_over,2.68796992481203,121.0
2024-01-29,2024,London,35_and_over,2.8947368421052633,121.0
2024-02-05,2024,London,35_and_over,2.8947368421052633,121.0
2024-02-12,2024,London,35_and_over,2.93609022556391,121.0
2024-02-19,2024,London,35_and_over,2.398496240601504,121.0
2024-02-26,2024,London,35_and_over,3.225563909774436,121.0
2024-03-04,2024,London,35_and_over,2.398496240601504,121.0
2024-03-11,2024,London,35_and_over,3.6390977443609023,121.0
2024-03-18,2024,London,35_and_over,3.1842105263157894,121.0
2024-03-25,2024,London,35_and_over,2.9774436090225564,121.0
2024-04-01,2024,London,35_and_over,3.7218045112781954,121.0
2024-04-08,2024,London,35_and_over,4.383458646616542,121.0
2024-04-15,2024,London,35_and_over,3.473684210526316,121.0
2024-04-22,2024,London,35_and_over,3.3909774436090228,121.0
2024-04-29,2024,London,35_and_over,3.3496240601503757,121.0
2024-05-06,2024,London,35_and_over,3.5977443609022557,121.0
2024-05-13,2024,London,35_and_over,4.3007518796992485,121.0
2024-05-20,2024,London,35_and_over,4.011278195488722,121.0
2024-05-27,2024,London,35_and_over,2.93609022556391,121.0
2024-06-03,2024,London,35_and_over,3.1842105263157894,121.0
2024-06-10,2024,London,35_and_over,2.398496240601504,121.0
2024-06-17,2024,London,35_and_over,3.308270676691729,121.0
2024-06-24,2024,London,35_and_over,3.018796992481203,121.0
2024-07-01,2024,London,35_and_over,3.1842105263157894,121.0
2024-07-08,2024,London,35_and_over,3.5977443609022557,121.0
2024-07-15,2024,London,35_and_over,3.473684210526316,121.0
2024-07-22,2024,London,35_and_over,2.481203007518797,121.0
2024-07-29,2024,London,35_and_over,2.7706766917293235,121.0
2024-08-05,2024,London,35_and_over,2.1503759398496243,121.0
2024-08-12,2024,London,35_and_over,1.6541353383458646,121.0
2024-08-19,2024,London,35_and_over,1.3233082706766917,121.0
2024-08-26,2024,London,35_and_over,0.9511278195488722,121.0
2024-09-02,2024,London,35_and_over,1.1578947368421053,121.0
2024-09-09,2024,London,35_and_over,0.9511278195488722,121.0
2024-09-16,2024,London,35_and_over,0.9511278195488722,121.0
2024-09-23,2024,London,35_and_over,0.5789473684210527,121.0
2024-09-30,2024,London,35_and_over,0.7030075187969925,121.0
2024-10-07,2024,London,35_and_over,0.5789473684210527,121.0
2024-10-14,2024,London,35_and_over,0.49624060150375937,121.0
2024-10-21,2024,London,35_and_over,1.1165413533834587,121.0
2024-10-28,2024,London,35_and_over,0.7443609022556391,121.0
2024-11-04,2024,London,35_and_over,1.406015037593985,121.0
2024-11-11,2024,London,35_and_over,1.1578947368421053,121.0
2024-11-18,2024,London,35_and_over,1.199248120300752,121.0
2024-11-25,2024,London,35_and_over,1.199248120300752,121.0
2024-12-02,2024,London,35_and_over,1.3646616541353382,121.0
2024-12-09,2024,London,35_and_over,1.0751879699248121,121.0
2024-12-16,2024,London,35_and_over,0.9097744360902256,121.0
2024-12-23,2024,London,35_and_over,0.6616541353383458,121.0
2024-12-30,2024,London,35_and_over,0.9097744360902256,121.0
2024-01-01,2024,London,5_to_10,9.15516062884484,362.0
2024-01-08,2024,London,5_to_10,8.041695146958304,362.0
2024-01-15,2024,London,5_to_10,6.557074504442926,362.0
2024-01-22,2024,London,5_to_10,8.041695146958304,362.0
2024-01-29,2024,London,5_to_10,8.660287081339712,362.0
2024-02-05,2024,London,5_to_10,8.660287081339712,362.0
2024-02-12,2024,London,5_to_10,8.784005468215994,362.0
2024-02-19,2024,London,5_to_10,7.175666438824334,362.0
2024-02-26,2024,London,5_to_10,9.650034176349966,362.0
2024-03-04,2024,London,5_to_10,7.175666438824334,362.0
2024-03-11,2024,London,5_to_10,10.887218045112782,362.0
2024-03-18,2024,London,5_to_10,9.526315789473685,362.0
2024-03-25,2024,London,5_to_10,8.907723855092277,362.0
2024-04-01,2024,London,5_to_10,11.134654818865345,362.0
2024-04-08,2024,London,5_to_10,13.114149008885851,362.0
2024-04-15,2024,London,5_to_10,10.392344497607656,362.0
2024-04-22,2024,London,5_to_10,10.144907723855093,362.0
2024-04-29,2024,London,5_to_10,10.02118933697881,362.0
2024-05-06,2024,London,5_to_10,10.7634996582365,362.0
2024-05-13,2024,London,5_to_10,12.866712235133289,362.0
2024-05-20,2024,London,5_to_10,12.000683526999316,362.0
2024-05-27,2024,London,5_to_10,8.784005468215994,362.0
2024-06-03,2024,London,5_to_10,9.526315789473685,362.0
2024-06-10,2024,London,5_to_10,7.175666438824334,362.0
2024-06-17,2024,London,5_to_10,9.897470950102528,362.0
2024-06-24,2024,London,5_to_10,9.031442241968557,362.0
2024-07-01,2024,London,5_to_10,9.526315789473685,362.0
2024-07-08,2024,London,5_to_10,10.7634996582365,362.0
2024-07-15,2024,London,5_to_10,10.392344497607656,362.0
2024-07-22,2024,London,5_to_10,7.423103212576897,362.0
2024-07-29,2024,London,5_to_10,8.289131920710869,362.0
2024-08-05,2024,London,5_to_10,6.433356117566644,362.0
2024-08-12,2024,London,5_to_10,4.948735475051264,362.0
2024-08-19,2024,London,5_to_10,3.9589883800410117,362.0
2024-08-26,2024,London,5_to_10,2.845522898154477,362.0
2024-09-02,2024,London,5_to_10,3.464114832535885,362.0
2024-09-09,2024,London,5_to_10,2.845522898154477,362.0
2024-09-16,2024,London,5_to_10,2.845522898154477,362.0
2024-09-23,2024,London,5_to_10,1.7320574162679425,362.0
2024-09-30,2024,London,5_to_10,2.1032125768967873,362.0
2024-10-07,2024,London,5_to_10,1.7320574162679425,362.0
2024-10-14,2024,London,5_to_10,1.4846206425153794,362.0
2024-10-21,2024,London,5_to_10,3.3403964456596036,362.0
2024-10-28,2024,London,5_to_10,2.226930963773069,362.0
2024-11-04,2024,London,5_to_10,4.206425153793575,362.0
2024-11-11,2024,London,5_to_10,3.464114832535885,362.0
2024-11-18,2024,London,5_to_10,3.587833219412167,362.0
2024-11-25,2024,London,5_to_10,3.587833219412167,362.0
2024-12-02,2024,London,5_to_10,4.082706766917293,362.0
2024-12-09,2024,London,5_to_10,3.216678058783322,362.0
2024-12-16,2024,London,5_to_10,2.7218045112781954,362.0
2024-12-23,2024,London,5_to_10,1.9794941900205059,362.0
2024-12-30,2024,London,5_to_10,2.7218045112781954,362.0
2024-01-01,2024,London,under_1,3.8188653451811345,151.0
2024-01-08,2024,London,under_1,3.354408749145591,151.0
2024-01-15,2024,London,under_1,2.735133287764867,151.0
2024-01-22,2024,London,under_1,3.354408749145591,151.0
2024-01-29,2024,London,under_1,3.61244019138756,151.0
2024-02-05,2024,London,under_1,3.61244019138756,151.0
2024-02-12,2024,London,under_1,3.6640464798359536,151.0
2024-02-19,2024,London,under_1,2.993164730006835,151.0
2024-02-26,2024,London,under_1,4.02529049897471,151.0
2024-03-04,2024,London,under_1,2.993164730006835,151.0
2024-03-11,2024,London,under_1,4.541353383458647,151.0
2024-03-18,2024,London,under_1,3.973684210526316,151.0
2024-03-25,2024,London,under_1,3.715652768284347,151.0
2024-04-01,2024,London,under_1,4.644565960355434,151.0
2024-04-08,2024,London,under_1,5.470266575529734,151.0
2024-04-15,2024,London,under_1,4.3349282296650715,151.0
2024-04-22,2024,London,under_1,4.231715652768284,151.0
2024-04-29,2024,London,under_1,4.1801093643198906,151.0
2024-05-06,2024,London,under_1,4.4897470950102525,151.0
2024-05-13,2024,London,under_1,5.367053998632946,151.0
2024-05-20,2024,London,under_1,5.00580997949419,151.0
2024-05-27,2024,London,under_1,3.6640464798359536,151.0
2024-06-03,2024,London,under_1,3.973684210526316,151.0
2024-06-10,2024,London,under_1,2.993164730006835,151.0
2024-06-17,2024,London,under_1,4.128503075871497,151.0
2024-06-24,2024,London,under_1,3.767259056732741,151.0
2024-07-01,2024,London,under_1,3.973684210526316,151.0
2024-07-08,2024,London,under_1,4.4897470950102525,151.0
2024-07-15,2024,London,under_1,4.3349282296650715,151.0
2024-07-22,2024,London,under_1,3.096377306903623,151.0
2024-07-29,2024,London,under_1,3.4576213260423785,151.0
2024-08-05,2024,London,under_1,2.683526999316473,151.0
2024-08-12,2024,London,under_1,2.0642515379357484,151.0
2024-08-19,2024,London,under_1,1.6514012303485988,151.0
2024-08-26,2024,London,under_1,1.1869446343130554,151.0
2024-09-02,2024,London,under_1,1.444976076555024,151.0
2024-09-09,2024,London,under_1,1.1869446343130554,151.0
2024-09-16,2024,London,under_1,1.1869446343130554,151.0
2024-09-23,2024,London,under_1,0.722488038277512,151.0
2024-09-30,2024,London,under_1,0.8773069036226931,151.0
2024-10-07,2024,London,under_1,0.722488038277512,151.0
2024-10-14,2024,London,under_1,0.6192754613807245,151.0
2024-10-21,2024,London,under_1,1.3933697881066303,151.0
2024-10-28,2024,London,under_1,0.9289131920710868,151.0
2024-11-04,2024,London,under_1,1.7546138072453863,151.0
2024-11-11,2024,London,under_1,1.444976076555024,151.0
2024-11-18,2024,London,under_1,1.4965823650034176,151.0
2024-11-25,2024,London,under_1,1.4965823650034176,151.0
2024-12-02,2024,London,under_1,1.7030075187969924,151.0
2024-12-09,2024,London,under_1,1.3417634996582366,151.0
2024-12-16,2024,London,under_1,1.1353383458646618,151.0
2024-12-23,2024,London,under_1,0.8257006151742994,151.0
2024-12-30,2024,London,under_1,1.1353383458646618,151.0
2024-01-01,2024,North East,11_to_14,0.17703349282296652,7.0
2024-01-08,2024,North East,11_to_14,0.15550239234449761,7.0
2024-01-15,2024,North East,11_to_14,0.12679425837320574,7.0
2024-01-22,2024,North East,11_to_14,0.15550239234449761,7.0
2024-01-29,2024,North East,11_to_14,0.1674641148325359,7.0
2024-02-05,2024,North East,11_to_14,0.1674641148325359,7.0
2024-02-12,2024,North East,11_to_14,0.16985645933014354,7.0
2024-02-19,2024,North East,11_to_14,0.13875598086124402,7.0
2024-02-26,2024,North East,11_to_14,0.18660287081339713,7.0
2024-03-04,2024,North East,11_to_14,0.13875598086124402,7.0
2024-03-11,2024,North East,11_to_14,0.21052631578947367,7.0
2024-03-18,2024,North East,11_to_14,0.18421052631578946,7.0
2024-03-25,2024,North East,11_to_14,0.1722488038277512,7.0
2024-04-01,2024,North East,11_to_14,0.215311004784689,7.0
2024-04-08,2024,North East,11_to_14,0.2535885167464115,7.0
2024-04-15,2024,North East,11_to_14,0.20095693779904306,7.0
2024-04-22,2024,North East,11_to_14,0.19617224880382775,7.0
2024-04-29,2024,North East,11_to_14,0.1937799043062201,7.0
2024-05-06,2024,North East,11_to_14,0.20813397129186603,7.0
2024-05-13,2024,North East,11_to_14,0.24880382775119617,7.0
2024-05-20,2024,North East,11_to_14,0.23205741626794257,7.0
2024-05-27,2024,North East,11_to_14,0.16985645933014354,7.0
2024-06-03,2024,North East,11_to_14,0.18421052631578946,7.0
2024-06-10,2024,North East,11_to_14,0.13875598086124402,7.0
2024-06-17,2024,North East,11_to_14,0.19138755980861244,7.0
2024-06-24,2024,North East,11_to_14,0.17464114832535885,7.0
2024-07-01,2024,North East,11_to_14,0.18421052631578946,7.0
2024-07-08,2024,North East,11_to_14,0.20813397129186603,7.0
2024-07-15,2024,North East,11_to_14,0.20095693779904306,7.0
2024-07-22,2024,North East,11_to_14,0.14354066985645933,7.0
2024-07-29,2024,North East,11_to_14,0.16028708133971292,7.0
2024-08-05,2024,North East,11_to_14,0.12440191387559808,7.0
2024-08-12,2024,North East,11_to_14,0.09569377990430622,7.0
2024-08-19,2024,North East,11_to_14,0.07655502392344497,7.0
2024-08-26,2024,North East,11_to_14,0.05502392344497608,7.0
2024-09-02,2024,North East,11_to_14,0.06698564593301436,7.0
2024-09-09,2024,North East,11_to_14,0.05502392344497608,7.0
2024-09-16,2024,North East,11_to_14,0.05502392344497608,7.0
2024-09-23,2024,North East,11_to_14,0.03349282296650718,7.0
2024-09-30,2024,North East,11_to_14,0.04066985645933014,7.0
2024-10-07,2024,North East,11_to_14,0.03349282296650718,7.0
2024-10-14,2024,North East,11_to_14,0.028708133971291867,7.0
2024-10-21,2024,North East,11_to_14,0.0645933014354067,7.0
2024-10-28,2024,North East,11_to_14,0.0430622009569378,7.0
2024-11-04,2024,North East,11_to_14,0.08133971291866028,7.0
2024-11-11,2024,North East,11_to_14,0.06698564593301436,7.0
2024-11-18,2024,North East,11_to_14,0.06937799043062201,7.0
2024-11-25,2024,North East,11_to_14,0.06937799043062201,7.0
2024-12-02,2024,North East,11_to_14,0.07894736842105263,7.0
2024-12-09,2024,North East,11_to_14,0.06220095693779904,7.0
2024-12-16,2024,North East,11_to_14,0.05263157894736842,7.0
2024-12-23,2024,North East,11_to_14,0.03827751196172249,7.0
2024-12-30,2024,North East,11_to_14,0.05263157894736842,7.0
2024-01-01,2024,North East,15_to_24,0.10116199589883801,4.0
2024-01-08,2024,North East,15_to_24,0.08885850991114148,4.0
2024-01-15,2024,North East,15_to_24,0.07245386192754613,4.0
2024-01-22,2024,North East,15_to_24,0.08885850991114148,4.0
2024-01-29,2024,North East,15_to_24,0.09569377990430622,4.0
2024-02-05,2024,North East,15_to_24,0.09569377990430622,4.0
2024-02-12,2024,North East,15_to_24,0.09706083390293917,4.0
2024-02-19,2024,North East,15_to_24,0.07928913192071087,4.0
2024-02-26,2024,North East,15_to_24,0.10663021189336978,4.0
2024-03-04,2024,North East,15_to_24,0.07928913192071087,4.0
2024-03-11,2024,North East,15_to_24,0.12030075187969924,4.0
2024-03-18,2024,North East,15_to_24,0.10526315789473684,4.0
2024-03-25,2024,North East,15_to_24,0.09842788790157211,4.0
2024-04-01,2024,North East,15_to_24,0.12303485987696514,4.0
2024-04-08,2024,North East,15_to_24,0.14490772385509226,4.0
2024-04-15,2024,North East,15_to_24,0.11483253588516747,4.0
2024-04-22,2024,North East,15_to_24,0.11209842788790157,4.0
2024-04-29,2024,North East,15_to_24,0.11073137388926863,4.0
2024-05-06,2024,North East,15_to_24,0.11893369788106631,4.0
2024-05-13,2024,North East,15_to_24,0.1421736158578264,4.0
2024-05-20,2024,North East,15_to_24,0.13260423786739575,4.0
2024-05-27,2024,North East,15_to_24,0.09706083390293917,4.0
2024-06-03,2024,North East,15_to_24,0.10526315789473684,4.0
2024-06-10,2024,North East,15_to_24,0.07928913192071087,4.0
2024-06-17,2024,North East,15_to_24,0.10936431989063568,4.0
2024-06-24,2024,North East,15_to_24,0.09979494190020506,4.0
2024-07-01,2024,North East,15_to_24,0.10526315789473684,4.0
2024-07-08,2024,North East,15_to_24,0.11893369788106631,4.0
2024-07-15,2024,North East,15_to_24,0.11483253588516747,4.0
2024-07-22,2024,North East,15_to_24,0.08202323991797676,4.0
2024-07-29,2024,North East,15_to_24,0.09159261790840738,4.0
2024-08-05,2024,North East,15_to_24,0.0710868079289132,4.0
2024-08-12,2024,North East,15_to_24,0.05468215994531784,4.0
2024-08-19,2024,North East,15_to_24,0.043745727956254275,4.0
2024-08-26,2024,North East,15_to_24,0.03144224196855776,4.0
2024-09-02,2024,North East,15_to_24,0.03827751196172249,4.0
2024-09-09,2024,North East,15_to_24,0.03144224196855776,4.0
2024-09-16,2024,North East,15_to_24,0.03144224196855776,4.0
2024-09-23,2024,North East,15_to_24,0.019138755980861243,4.0
2024-09-30,2024,North East,15_to_24,0.02323991797676008,4.0
2024-10-07,2024,North East,15_to_24,0.019138755980861243,4.0
2024-10-14,2024,North East,15_to_24,0.016404647983595352,4.0
2024-10-21,2024,North East,15_to_24,0.03691045796308954,4.0
2024-10-28,2024,North East,15_to_24,0.02460697197539303,4.0
2024-11-04,2024,North East,15_to_24,0.04647983595352016,4.0
2024-11-11,2024,North East,15_to_24,0.03827751196172249,4.0
2024-11-18,2024,North East,15_to_24,0.039644565960355434,4.0
2024-11-25,2024,North East,15_to_24,0.039644565960355434,4.0
2024-12-02,2024,North East,15_to_24,0.045112781954887216,4.0
2024-12-09,2024,North East,15_to_24,0.0355434039644566,4.0
2024-12-16,2024,North East,15_to_24,0.03007518796992481,4.0
2024-12-23,2024,North East,15_to_24,0.021872863978127138,4.0
2024-12-30,2024,North East,15_to_24,0.03007518796992481,4.0
2024-01-01,2024,North East,1_to_4,0.40464798359535203,16.0
2024-01-08,2024,North East,1_to_4,0.35543403964456594,16.0
2024-01-15,2024,North East,1_to_4,0.2898154477101845,16.0
2024-01-22,2024,North East,1_to_4,0.35543403964456594,16.0
2024-01-29,2024,North East,1_to_4,0.3827751196172249,16.0
2024-02-05,2024,North East,1_to_4,0.3827751196172249,16.0
2024-02-12,2024,North East,1_to_4,0.38824333561175667,16.0
2024-02-19,2024,North East,1_to_4,0.31715652768284347,16.0
2024-02-26,2024,North East,1_to_4,0.42652084757347913,16.0
2024-03-04,2024,North East,1_to_4,0.31715652768284347,16.0
2024-03-11,2024,North East,1_to_4,0.48120300751879697,16.0
2024-03-18,2024,North East,1_to_4,0.42105263157894735,16.0
2024-03-25,2024,North East,1_to_4,0.39371155160628846,16.0
2024-04-01,2024,North East,1_to_4,0.49213943950786054,16.0
2024-04-08,2024,North East,1_to_4,0.579630895420369,16.0
2024-04-15,2024,North East,1_to_4,0.45933014354066987,16.0
2024-04-22,2024,North East,1_to_4,0.4483937115516063,16.0
2024-04-29,2024,North East,1_to_4,0.4429254955570745,16.0
2024-05-06,2024,North East,1_to_4,0.47573479152426523,16.0
2024-05-13,2024,North East,1_to_4,0.5686944634313056,16.0
2024-05-20,2024,North East,1_to_4,0.530416951469583,16.0
2024-05-27,2024,North East,1_to_4,0.38824333561175667,16.0
2024-06-03,2024,North East,1_to_4,0.42105263157894735,16.0
2024-06-10,2024,North East,1_to_4,0.31715652768284347,16.0
2024-06-17,2024,North East,1_to_4,0.4374572795625427,16.0
2024-06-24,2024,North East,1_to_4,0.39917976760082025,16.0
2024-07-01,2024,North East,1_to_4,0.42105263157894735,16.0
2024-07-08,2024,North East,1_to_4,0.47573479152426523,16.0
2024-07-15,2024,North East,1_to_4,0.45933014354066987,16.0
2024-07-22,2024,North East,1_to_4,0.32809295967190705,16.0
2024-07-29,2024,North East,1_to_4,0.3663704716336295,16.0
2024-08-05,2024,North East,1_to_4,0.2843472317156528,16.0
2024-08-12,2024,North East,1_to_4,0.21872863978127136,16.0
2024-08-19,2024,North East,1_to_4,0.1749829118250171,16.0
2024-08-26,2024,North East,1_to_4,0.12576896787423103,16.0
2024-09-02,2024,North East,1_to_4,0.15311004784688995,16.0
2024-09-09,2024,North East,1_to_4,0.12576896787423103,16.0
2024-09-16,2024,North East,1_to_4,0.12576896787423103,16.0
2024-09-23,2024,North East,1_to_4,0.07655502392344497,16.0
2024-09-30,2024,North East,1_to_4,0.09295967190704033,16.0
2024-10-07,2024,North East,1_to_4,0.07655502392344497,16.0
2024-10-14,2024,North East,1_to_4,0.06561859193438141,16.0
2024-10-21,2024,North East,1_to_4,0.14764183185235816,16.0
2024-10-28,2024,North East,1_to_4,0.09842788790157211,16.0
2024-11-04,2024,North East,1_to_4,0.18591934381408065,16.0
2024-11-11,2024,North East,1_to_4,0.15311004784688995,16.0
2024-11-18,2024,North East,1_to_4,0.15857826384142173,16.0
2024-11-25,2024,North East,1_to_4,0.15857826384142173,16.0
2024-12-02,2024,North East,1_to_4,0.18045112781954886,16.0
2024-12-09,2024,North East,1_to_4,0.1421736158578264,16.0
2024-12-16,2024,North East,1_to_4,0.12030075187969924,16.0
2024-12-23,2024,North East,1_to_4,0.08749145591250855,16.0
2024-12-30,2024,North East,1_to_4,0.12030075187969924,16.0
2024-01-01,2024,North East,25_to_34,0.20232399179767602,8.0
2024-01-08,2024,North East,25_to_34,0.17771701982228297,8.0
2024-01-15,2024,North East,25_to_34,0.14490772385509226,8.0
2024-01-22,2024,North East,25_to_34,0.17771701982228297,8.0
2024-01-29,2024,North East,25_to_34,0.19138755980861244,8.0
2024-02-05,2024,North East,25_to_34,0.19138755980861244,8.0
2024-02-12,2024,North East,25_to_34,0.19412166780587833,8.0
2024-02-19,2024,North East,25_to_34,0.15857826384142173,8.0
2024-02-26,2024,North East,25_to_34,0.21326042378673957,8.0
2024-03-04,2024,North East,25_to_34,0.15857826384142173,8.0
2024-03-11,2024,North East,25_to_34,0.24060150375939848,8.0
2024-03-18,2024,North East,25_to_34,0.21052631578947367,8.0
2024-03-25,2024,North East,25_to_34,0.19685577580314423,8.0
2024-04-01,2024,North East,25_to_34,0.24606971975393027,8.0
2024-04-08,2024,North East,25_to_34,0.2898154477101845,8.0
2024-04-15,2024,North East,25_to_34,0.22966507177033493,8.0
2024-04-22,2024,North East,25_to_34,0.22419685577580314,8.0
2024-04-29,2024,North East,25_to_34,0.22146274777853725,8.0
2024-05-06,2024,North East,25_to_34,0.23786739576213262,8.0
2024-05-13,2024,North East,25_to_34,0.2843472317156528,8.0
2024-05-20,2024,North East,25_to_34,0.2652084757347915,8.0
2024-05-27,2024,North East,25_to_34,0.19412166780587833,8.0
2024-06-03,2024,North East,25_to_34,0.21052631578947367,8.0
2024-06-10,2024,North East,25_to_34,0.15857826384142173,8.0
2024-06-17,2024,North East,25_to_34,0.21872863978127136,8.0
2024-06-24,2024,North East,25_to_34,0.19958988380041012,8.0
2024-07-01,2024,North East,25_to_34,0.21052631578947367,8.0
2024-07-08,2024,North East,25_to_34,0.23786739576213262,8.0
2024-07-15,2024,North East,25_to_34,0.22966507177033493,8.0
2024-07-22,2024,North East,25_to_34,0.16404647983595352,8.0
2024-07-29,2024,North East,25_to_34,0.18318523581681476,8.0
2024-08-05,2024,North East,25_to_34,0.1421736158578264,8.0
2024-08-12,2024,North East,25_to_34,0.10936431989063568,8.0
2024-08-19,2024,North East,25_to_34,0.08749145591250855,8.0
2024-08-26,2024,North East,25_to_34,0.06288448393711552,8.0
2024-09-02,2024,North East,25_to_34,0.07655502392344497,8.0
2024-09-09,2024,North East,25_to_34,0.06288448393711552,8.0
2024-09-16,2024,North East,25_to_34,0.06288448393711552,8.0
2024-09-23,2024,North East,25_to_34,0.03827751196172249,8.0
2024-09-30,2024,North East,25_to_34,0.04647983595352016,8.0
2024-10-07,2024,North East,25_to_34,0.03827751196172249,8.0
2024-10-14,2024,North East,25_to_34,0.032809295967190705,8.0
2024-10-21,2024,North East,25_to_34,0.07382091592617908,8.0
2024-10-28,2024,North East,25_to_34,0.04921394395078606,8.0
2024-11-04,2024,North East,25_to_34,0.09295967190704033,8.0
2024-11-11,2024,North East,25_to_34,0.07655502392344497,8.0
2024-11-18,2024,North East,25_to_34,0.07928913192071087,8.0
2024-11-25,2024,North East,25_to_34,0.07928913192071087,8.0
2024-12-02,2024,North East,25_to_34,0.09022556390977443,8.0
2024-12-09,2024,North East,25_to_34,0.0710868079289132,8.0
2024-12-16,2024,North East,25_to_34,0.06015037593984962,8.0
2024-12-23,2024,North East,25_to_34,0.043745727956254275,8.0
2024-12-30,2024,North East,25_to_34,0.06015037593984962,8.0
2024-01-01,2024,North East,35_and_over,0.22761449077238552,9.0
2024-01-08,2024,North East,35_and_over,0.19993164730006835,9.0
2024-01-15,2024,North East,35_and_over,0.16302118933697882,9.0
2024-01-22,2024,North East,35_and_over,0.19993164730006835,9.0
2024-01-29,2024,North East,35_and_over,0.215311004784689,9.0
2024-02-05,2024,North East,35_and_over,0.215311004784689,9.0
2024-02-12,2024,North East,35_and_over,0.21838687628161313,9.0
2024-02-19,2024,North East,35_and_over,0.17840054682159945,9.0
2024-02-26,2024,North East,35_and_over,0.23991797676008203,9.0
2024-03-04,2024,North East,35_and_over,0.17840054682159945,9.0
2024-03-11,2024,North East,35_and_over,0.2706766917293233,9.0
2024-03-18,2024,North East,35_and_over,0.23684210526315788,9.0
2024-03-25,2024,North East,35_and_over,0.22146274777853725,9.0
2024-04-01,2024,North East,35_and_over,0.2768284347231716,9.0
2024-04-08,2024,North East,35_and_over,0.32604237867395763,9.0
2024-04-15,2024,North East,35_and_over,0.2583732057416268,9.0
2024-04-22,2024,North East,35_and_over,0.2522214627477785,9.0
2024-04-29,2024,North East,35_and_over,0.24914559125085442,9.0
2024-05-06,2024,North East,35_and_over,0.2676008202323992,9.0
2024-05-13,2024,North East,35_and_over,0.3198906356801094,9.0
2024-05-20,2024,North East,35_and_over,0.2983595352016405,9.0
2024-05-27,2024,North East,35_and_over,0.21838687628161313,9.0
2024-06-03,2024,North East,35_and_over,0.23684210526315788,9.0
2024-06-10,2024,North East,35_and_over,0.17840054682159945,9.0
2024-06-17,2024,North East,35_and_over,0.24606971975393027,9.0
2024-06-24,2024,North East,35_and_over,0.22453861927546137,9.0
2024-07-01,2024,North East,35_and_over,0.23684210526315788,9.0
2024-07-08,2024,North East,35_and_over,0.2676008202323992,9.0
2024-07-15,2024,North East,35_and_over,0.2583732057416268,9.0
2024-07-22,2024,North East,35_and_over,0.18455228981544772,9.0
2024-07-29,2024,North East,35_and_over,0.20608339029391662,9.0
2024-08-05,2024,North East,35_and_over,0.1599453178400547,9.0
2024-08-12,2024,North East,35_and_over,0.12303485987696514,9.0
2024-08-19,2024,North East,35_and_over,0.09842788790157211,9.0
2024-08-26,2024,North East,35_and_over,0.07074504442925496,9.0
2024-09-02,2024,North East,35_and_over,0.0861244019138756,9.0
2024-09-09,2024,North East,35_and_over,0.07074504442925496,9.0
2024-09-16,2024,North East,35_and_over,0.07074504442925496,9.0
2024-09-23,2024,North East,35_and_over,0.0430622009569378,9.0
2024-09-30,2024,North East,35_and_over,0.052289815447710185,9.0
2024-10-07,2024,North East,35_and_over,0.0430622009569378,9.0
2024-10-14,2024,North East,35_and_over,0.03691045796308954,9.0
2024-10-21,2024,North East,35_and_over,0.08304853041695147,9.0
2024-10-28,2024,North East,35_and_over,0.05536568694463431,9.0
2024-11-04,2024,North East,35_and_over,0.10457963089542037,9.0
2024-11-11,2024,North East,35_and_over,0.0861244019138756,9.0
2024-11-18,2024,North East,35_and_over,0.08920027341079972,9.0
2024-11-25,2024,North East,35_and_over,0.08920027341079972,9.0
2024-12-02,2024,North East,35_and_over,0.10150375939849623,9.0
2024-12-09,2024,North East,35_and_over,0.07997265892002735,9.0
2024-12-16,2024,North East,35_and_over,0.06766917293233082,9.0
2024-12-23,2024,North East,35_and_over,0.04921394395078606,9.0
2024-12-30,2024,North East,35_and_over,0.06766917293233082,9.0
2024-01-01,2024,North East,5_to_10,0.50580997949419,20.0
2024-01-08,2024,North East,5_to_10,0.44429254955570746,20.0
2024-01-15,2024,North East,5_to_10,0.3622693096377307,20.0
2024-01-22,2024,North East,5_to_10,0.44429254955570746,20.0
2024-01-29,2024,North East,5_to_10,0.4784688995215311,20.0
2024-02-05,2024,North East,5_to_10,0.4784688995215311,20.0
2024-02-12,2024,North East,5_to_10,0.48530416951469585,20.0
2024-02-19,2024,North East,5_to_10,0.3964456596035543,20.0
2024-02-26,2024,North East,5_to_10,0.5331510594668489,20.0
2024-03-04,2024,North East,5_to_10,0.3964456596035543,20.0
2024-03-11,2024,North East,5_to_10,0.6015037593984962,20.0
2024-03-18,2024,North East,5_to_10,0.5263157894736842,20.0
2024-03-25,2024,North East,5_to_10,0.49213943950786054,20.0
2024-04-01,2024,North East,5_to_10,0.6151742993848257,20.0
2024-04-08,2024,North East,5_to_10,0.7245386192754614,20.0
2024-04-15,2024,North East,5_to_10,0.5741626794258373,20.0
2024-04-22,2024,North East,5_to_10,0.5604921394395078,20.0
2024-04-29,2024,North East,5_to_10,0.5536568694463432,20.0
2024-05-06,2024,North East,5_to_10,0.5946684894053315,20.0
2024-05-13,2024,North East,5_to_10,0.7108680792891319,20.0
2024-05-20,2024,North East,5_to_10,0.6630211893369788,20.0
2024-05-27,2024,North East,5_to_10,0.48530416951469585,20.0
2024-06-03,2024,North East,5_to_10,0.5263157894736842,20.0
2024-06-10,2024,North East,5_to_10,0.3964456596035543,20.0
2024-06-17,2024,North East,5_to_10,0.5468215994531784,20.0
2024-06-24,2024,North East,5_to_10,0.4989747095010253,20.0
2024-07-01,2024,North East,5_to_10,0.5263157894736842,20.0
2024-07-08,2024,North East,5_to_10,0.5946684894053315,20.0
2024-07-15,2024,North East,5_to_10,0.5741626794258373,20.0
2024-07-22,2024,North East,5_to_10,0.4101161995898838,20.0
2024-07-29,2024,North East,5_to_10,0.4579630895420369,20.0
2024-08-05,2024,North East,5_to_10,0.35543403964456594,20.0
2024-08-12,2024,North East,5_to_10,0.2734107997265892,20.0
2024-08-19,2024,North East,5_to_10,0.21872863978127136,20.0
2024-08-26,2024,North East,5_to_10,0.1572112098427888,20.0
2024-09-02,2024,North East,5_to_10,0.19138755980861244,20.0
2024-09-09,2024,North East,5_to_10,0.1572112098427888,20.0
2024-09-16,2024,North East,5_to_10,0.1572112098427888,20.0
2024-09-23,2024,North East,5_to_10,0.09569377990430622,20.0
2024-09-30,2024,North East,5_to_10,0.11619958988380041,20.0
2024-10-07,2024,North East,5_to_10,0.09569377990430622,20.0
2024-10-14,2024,North East,5_to_10,0.08202323991797676,20.0
2024-10-21,2024,North East,5_to_10,0.18455228981544772,20.0
2024-10-28,2024,North East,5_to_10,0.12303485987696514,20.0
2024-11-04,2024,North East,5_to_10,0.23239917976760083,20.0
2024-11-11,2024,North East,5_to_10,0.19138755980861244,20.0
2024-11-18,2024,North East,5_to_10,0.19822282980177716,20.0
2024-11-25,2024,North East,5_to_10,0.19822282980177716,20.0
2024-12-02,2024,North East,5_to_10,0.22556390977443608,20.0
2024-12-09,2024,North East,5_to_10,0.17771701982228297,20.0
2024-12-16,2024,North East,5_to_10,0.15037593984962405,20.0
2024-12-23,2024,North East,5_to_10,0.10936431989063568,20.0
2024-12-30,2024,North East,5_to_10,0.15037593984962405,20.0
2024-01-01,2024,North East,under_1,0.3793574846206425,15.0
2024-01-08,2024,North East,under_1,0.3332194121667806,15.0
2024-01-15,2024,North East,under_1,0.271701982228298,15.0
2024-01-22,2024,North East,under_1,0.3332194121667806,15.0
2024-01-29,2024,North East,under_1,0.3588516746411483,15.0
2024-02-05,2024,North East,under_1,0.3588516746411483,15.0
2024-02-12,2024,North East,under_1,0.3639781271360219,15.0
2024-02-19,2024,North East,under_1,0.29733424470266573,15.0
2024-02-26,2024,North East,under_1,0.3998632946001367,15.0
2024-03-04,2024,North East,under_1,0.29733424470266573,15.0
2024-03-11,2024,North East,under_1,0.45112781954887216,15.0
2024-03-18,2024,North East,under_1,0.39473684210526316,15.0
2024-03-25,2024,North East,under_1,0.36910457963089544,15.0
2024-04-01,2024,North East,under_1,0.4613807245386193,15.0
2024-04-08,2024,North East,under_1,0.543403964456596,15.0
2024-04-15,2024,North East,under_1,0.430622009569378,15.0
2024-04-22,2024,North East,under_1,0.4203691045796309,15.0
2024-04-29,2024,North East,under_1,0.41524265208475736,15.0
2024-05-06,2024,North East,under_1,0.4460013670539986,15.0
2024-05-13,2024,North East,under_1,0.5331510594668489,15.0
2024-05-20,2024,North East,under_1,0.49726589200273413,15.0
2024-05-27,2024,North East,under_1,0.3639781271360219,15.0
2024-06-03,2024,North East,under_1,0.39473684210526316,15.0
2024-06-10,2024,North East,under_1,0.29733424470266573,15.0
2024-06-17,2024,North East,under_1,0.4101161995898838,15.0
2024-06-24,2024,North East,under_1,0.37423103212576897,15.0
2024-07-01,2024,North East,under_1,0.39473684210526316,15.0
2024-07-08,2024,North East,under_1,0.4460013670539986,15.0
2024-07-15,2024,North East,under_1,0.430622009569378,15.0
2024-07-22,2024,North East,under_1,0.30758714969241285,15.0
2024-07-29,2024,North East,under_1,0.3434723171565277,15.0
2024-08-05,2024,North East,under_1,0.26657552973342447,15.0
2024-08-12,2024,North East,under_1,0.2050580997949419,15.0
2024-08-19,2024,North East,under_1,0.16404647983595352,15.0
2024-08-26,2024,North East,under_1,0.11790840738209159,15.0
2024-09-02,2024,North East,under_1,0.14354066985645933,15.0
2024-09-09,2024,North East,under_1,0.11790840738209159,15.0
2024-09-16,2024,North East,under_1,0.11790840738209159,15.0
2024-09-23,2024,North East,under_1,0.07177033492822966,15.0
2024-09-30,2024,North East,under_1,0.08714969241285031,15.0
2024-10-07,2024,North East,under_1,0.07177033492822966,15.0
2024-10-14,2024,North East,under_1,0.06151742993848257,15.0
2024-10-21,2024,North East,under_1,0.1384142173615858,15.0
2024-10-28,2024,North East,under_1,0.09227614490772386,15.0
2024-11-04,2024,North East,under_1,0.17429938482570062,15.0
2024-11-11,2024,North East,under_1,0.14354066985645933,15.0
2024-11-18,2024,North East,under_1,0.14866712235133286,15.0
2024-11-25,2024,North East,under_1,0.14866712235133286,15.0
2024-12-02,2024,North East,under_1,0.16917293233082706,15.0
2024-12-09,2024,North East,under_1,0.13328776486671223,15.0
2024-12-16,2024,North East,under_1,0.11278195488721804,15.0
2024-12-23,2024,North East,under_1,0.08202323991797676,15.0
2024-12-30,2024,North East,under_1,0.11278195488721804,15.0
2024-01-01,2024,North West,11_to_14,0.1264524948735475,5.0
2024-01-08,2024,North West,11_to_14,0.11107313738892687,5.0
2024-01-15,2024,North West,11_to_14,0.09056732740943267,5.0
2024-01-22,2024,North West,11_to_14,0.11107313738892687,5.0
2024-01-29,2024,North West,11_to_14,0.11961722488038277,5.0
2024-02-05,2024,North West,11_to_14,0.11961722488038277,5.0
2024-02-12,2024,North West,11_to_14,0.12132604237867396,5.0
2024-02-19,2024,North West,11_to_14,0.09911141490088858,5.0
2024-02-26,2024,North West,11_to_14,0.13328776486671223,5.0
2024-03-04,2024,North West,11_to_14,0.09911141490088858,5.0
2024-03-11,2024,North West,11_to_14,0.15037593984962405,5.0
2024-03-18,2024,North West,11_to_14,0.13157894736842105,5.0
2024-03-25,2024,North West,11_to_14,0.12303485987696514,5.0
2024-04-01,2024,North West,11_to_14,0.15379357484620643,5.0
2024-04-08,2024,North West,11_to_14,0.18113465481886534,5.0
2024-04-15,2024,North West,11_to_14,0.14354066985645933,5.0
2024-04-22,2024,North West,11_to_14,0.14012303485987695,5.0
2024-04-29,2024,North West,11_to_14,0.1384142173615858,5.0
2024-05-06,2024,North West,11_to_14,0.14866712235133286,5.0
2024-05-13,2024,North West,11_to_14,0.17771701982228297,5.0
2024-05-20,2024,North West,11_to_14,0.1657552973342447,5.0
2024-05-27,2024,North West,11_to_14,0.12132604237867396,5.0
2024-06-03,2024,North West,11_to_14,0.13157894736842105,5.0
2024-06-10,2024,North West,11_to_14,0.09911141490088858,5.0
2024-06-17,2024,North West,11_to_14,0.1367053998632946,5.0
2024-06-24,2024,North West,11_to_14,0.12474367737525632,5.0
2024-07-01,2024,North West,11_to_14,0.13157894736842105,5.0
2024-07-08,2024,North West,11_to_14,0.14866712235133286,5.0
2024-07-15,2024,North West,11_to_14,0.14354066985645933,5.0
2024-07-22,2024,North West,11_to_14,0.10252904989747096,5.0
2024-07-29,2024,North West,11_to_14,0.11449077238550923,5.0
2024-08-05,2024,North West,11_to_14,0.08885850991114148,5.0
2024-08-12,2024,North West,11_to_14,0.0683526999316473,5.0
2024-08-19,2024,North West,11_to_14,0.05468215994531784,5.0
2024-08-26,2024,North West,11_to_14,0.0393028024606972,5.0
2024-09-02,2024,North West,11_to_14,0.04784688995215311,5.0
2024-09-09,2024,North West,11_to_14,0.0393028024606972,5.0
2024-09-16,2024,North West,11_to_14,0.0393028024606972,5.0
2024-09-23,2024,North West,11_to_14,0.023923444976076555,5.0
2024-09-30,2024,North West,11_to_14,0.029049897470950103,5.0
2024-10-07,2024,North West,11_to_14,0.023923444976076555,5.0
2024-10-14,2024,North West,11_to_14,0.02050580997949419,5.0
2024-10-21,2024,North West,11_to_14,0.04613807245386193,5.0
2024-10-28,2024,North West,11_to_14,0.030758714969241284,5.0
2024-11-04,2024,North West,11_to_14,0.05809979494190021,5.0
2024-11-11,2024,North West,11_to_14,0.04784688995215311,5.0
2024-11-18,2024,North West,11_to_14,0.04955570745044429,5.0
2024-11-25,2024,North West,11_to_14,0.04955570745044429,5.0
2024-12-02,2024,North West,11_to_14,0.05639097744360902,5.0
2024-12-09,2024,North West,11_to_14,0.04442925495557074,5.0
2024-12-16,2024,North West,11_to_14,0.03759398496240601,5.0
2024-12-23,2024,North West,11_to_14,0.02734107997265892,5.0
2024-12-30,2024,North West,11_to_14,0.03759398496240601,5.0
2024-01-01,2024,North West,15_to_24,0.303485987696514,12.0
2024-01-08,2024,North West,15_to_24,0.26657552973342447,12.0
2024-01-15,2024,North West,15_to_24,0.21736158578263842,12.0
2024-01-22,2024,North West,15_to_24,0.26657552973342447,12.0
2024-01-29,2024,North West,15_to_24,0.28708133971291866,12.0
2024-02-05,2024,North West,15_to_24,0.28708133971291866,12.0
2024-02-12,2024,North West,15_to_24,0.2911825017088175,12.0
2024-02-19,2024,North West,15_to_24,0.23786739576213262,12.0
2024-02-26,2024,North West,15_to_24,0.3198906356801094,12.0
2024-03-04,2024,North West,15_to_24,0.23786739576213262,12.0
2024-03-11,2024,North West,15_to_24,0.3609022556390977,12.0
2024-03-18,2024,North West,15_to_24,0.3157894736842105,12.0
2024-03-25,2024,North West,15_to_24,0.2952836637047163,12.0
2024-04-01,2024,North West,15_to_24,0.36910457963089544,12.0
2024-04-08,2024,North West,15_to_24,0.43472317156527684,12.0
2024-04-15,2024,North West,15_to_24,0.3444976076555024,12.0
2024-04-22,2024,North West,15_to_24,0.3362952836637047,12.0
2024-04-29,2024,North West,15_to_24,0.3321941216678059,12.0
2024-05-06,2024,North West,15_to_24,0.3568010936431989,12.0
2024-05-13,2024,North West,15_to_24,0.42652084757347913,12.0
2024-05-20,2024,North West,15_to_24,0.3978127136021873,12.0
2024-05-27,2024,North West,15_to_24,0.2911825017088175,12.0
2024-06-03,2024,North West,15_to_24,0.3157894736842105,12.0
2024-06-10,2024,North West,15_to_24,0.23786739576213262,12.0
2024-06-17,2024,North West,15_to_24,0.32809295967190705,12.0
2024-06-24,2024,North West,15_to_24,0.2993848257006152,12.0
2024-07-01,2024,North West,15_to_24,0.3157894736842105,12.0
2024-07-08,2024,North West,15_to_24,0.3568010936431989,12.0
2024-07-15,2024,North West,15_to_24,0.3444976076555024,12.0
2024-07-22,2024,North West,15_to_24,0.24606971975393027,12.0
2024-07-29,2024,North West,15_to_24,0.2747778537252221,12.0
2024-08-05,2024,North West,15_to_24,0.21326042378673957,12.0
2024-08-12,2024,North West,15_to_24,0.16404647983595352,12.0
2024-08-19,2024,North West,15_to_24,0.13123718386876282,12.0
2024-08-26,2024,North West,15_to_24,0.09432672590567327,12.0
2024-09-02,2024,North West,15_to_24,0.11483253588516747,12.0
2024-09-09,2024,North West,15_to_24,0.09432672590567327,12.0
2024-09-16,2024,North West,15_to_24,0.09432672590567327,12.0
2024-09-23,2024,North West,15_to_24,0.05741626794258373,12.0
2024-09-30,2024,North West,15_to_24,0.06971975393028025,12.0
2024-10-07,2024,North West,15_to_24,0.05741626794258373,12.0
2024-10-14,2024,North West,15_to_24,0.04921394395078606,12.0
2024-10-21,2024,North West,15_to_24,0.11073137388926863,12.0
2024-10-28,2024,North West,15_to_24,0.07382091592617908,12.0
2024-11-04,2024,North West,15_to_24,0.1394395078605605,12.0
2024-11-11,2024,North West,15_to_24,0.11483253588516747,12.0
2024-11-18,2024,North West,15_to_24,0.11893369788106631,12.0
2024-11-25,2024,North West,15_to_24,0.11893369788106631,12.0
2024-12-02,2024,North West,15_to_24,0.13533834586466165,12.0
2024-12-09,2024,North West,15_to_24,0.10663021189336978,12.0
2024-12-16,2024,North West,15_to_24,0.09022556390977443,12.0
2024-12-23,2024,North West,15_to_24,0.06561859193438141,12.0
2024-12-30,2024,North West,15_to_24,0.09022556390977443,12.0
2024-01-01,2024,North West,1_to_4,0.5816814764183186,23.0
2024-01-08,2024,North West,1_to_4,0.5109364319890636,23.0
2024-01-15,2024,North West,1_to_4,0.4166097060833903,23.0
2024-01-22,2024,North West,1_to_4,0.5109364319890636,23.0
2024-01-29,2024,North West,1_to_4,0.5502392344497608,23.0
2024-02-05,2024,North West,1_to_4,0.5502392344497608,23.0
2024-02-12,2024,North West,1_to_4,0.5580997949419002,23.0
2024-02-19,2024,North West,1_to_4,0.4559125085440875,23.0
2024-02-26,2024,North West,1_to_4,0.6131237183868763,23.0
2024-03-04,2024,North West,1_to_4,0.4559125085440875,23.0
2024-03-11,2024,North West,1_to_4,0.6917293233082706,23.0
2024-03-18,2024,North West,1_to_4,0.6052631578947368,23.0
2024-03-25,2024,North West,1_to_4,0.5659603554340397,23.0
2024-04-01,2024,North West,1_to_4,0.7074504442925496,23.0
2024-04-08,2024,North West,1_to_4,0.8332194121667806,23.0
2024-04-15,2024,North West,1_to_4,0.6602870813397129,23.0
2024-04-22,2024,North West,1_to_4,0.644565960355434,23.0
2024-04-29,2024,North West,1_to_4,0.6367053998632946,23.0
2024-05-06,2024,North West,1_to_4,0.6838687628161313,23.0
2024-05-13,2024,North West,1_to_4,0.8174982911825017,23.0
2024-05-20,2024,North West,1_to_4,0.7624743677375256,23.0
2024-05-27,2024,North West,1_to_4,0.5580997949419002,23.0
2024-06-03,2024,North West,1_to_4,0.6052631578947368,23.0
2024-06-10,2024,North West,1_to_4,0.4559125085440875,23.0
2024-06-17,2024,North West,1_to_4,0.6288448393711552,23.0
2024-06-24,2024,North West,1_to_4,0.5738209159261791,23.0
2024-07-01,2024,North West,1_to_4,0.6052631578947368,23.0
2024-07-08,2024,North West,1_to_4,0.6838687628161313,23.0
2024-07-15,2024,North West,1_to_4,0.6602870813397129,23.0
2024-07-22,2024,North West,1_to_4,0.47163362952836635,23.0
2024-07-29,2024,North West,1_to_4,0.5266575529733425,23.0
2024-08-05,2024,North West,1_to_4,0.40874914559125086,23.0
2024-08-12,2024,North West,1_to_4,0.3144224196855776,23.0
2024-08-19,2024,North West,1_to_4,0.25153793574846206,23.0
2024-08-26,2024,North West,1_to_4,0.18079289131920712,23.0
2024-09-02,2024,North West,1_to_4,0.22009569377990432,23.0
2024-09-09,2024,North West,1_to_4,0.18079289131920712,23.0
2024-09-16,2024,North West,1_to_4,0.18079289131920712,23.0
2024-09-23,2024,North West,1_to_4,0.11004784688995216,23.0
2024-09-30,2024,North West,1_to_4,0.13362952836637046,23.0
2024-10-07,2024,North West,1_to_4,0.11004784688995216,23.0
2024-10-14,2024,North West,1_to_4,0.09432672590567327,23.0
2024-10-21,2024,North West,1_to_4,0.21223513328776486,23.0
2024-10-28,2024,North West,1_to_4,0.14149008885850992,23.0
2024-11-04,2024,North West,1_to_4,0.2672590567327409,23.0
2024-11-11,2024,North West,1_to_4,0.22009569377990432,23.0
2024-11-18,2024,North West,1_to_4,0.22795625427204375,23.0
2024-11-25,2024,North West,1_to_4,0.22795625427204375,23.0
2024-12-02,2024,North West,1_to_4,0.2593984962406015,23.0
2024-12-09,2024,North West,1_to_4,0.20437457279562543,23.0
2024-12-16,2024,North West,1_to_4,0.17293233082706766,23.0
2024-12-23,2024,North West,1_to_4,0.12576896787423103,23.0
2024-12-30,2024,North West,1_to_4,0.17293233082706766,23.0
2024-01-01,2024,North West,25_to_34,0.4299384825700615,17.0
2024-01-08,2024,North West,25_to_34,0.37764866712235134,17.0
2024-01-15,2024,North West,25_to_34,0.3079289131920711,17.0
2024-01-22,2024,North West,25_to_34,0.37764866712235134,17.0
2024-01-29,2024,North West,25_to_34,0.40669856459330145,17.0
2024-02-05,2024,North West,25_to_34,0.40669856459330145,17.0
2024-02-12,2024,North West,25_to_34,0.41250854408749144,17.0
2024-02-19,2024,North West,25_to_34,0.3369788106630212,17.0
2024-02-26,2024,North West,25_to_34,0.4531784005468216,17.0
2024-03-04,2024,North West,25_to_34,0.3369788106630212,17.0
2024-03-11,2024,North West,25_to_34,0.5112781954887218,17.0
2024-03-18,2024,North West,25_to_34,0.4473684210526316,17.0
2024-03-25,2024,North West,25_to_34,0.4183185235816815,17.0
2024-04-01,2024,North West,25_to_34,0.5228981544771019,17.0
2024-04-08,2024,North West,25_to_34,0.6158578263841422,17.0
2024-04-15,2024,North West,25_to_34,0.4880382775119617,17.0
2024-04-22,2024,North West,25_to_34,0.4764183185235817,17.0
2024-04-29,2024,North West,25_to_34,0.47060833902939164,17.0
2024-05-06,2024,North West,25_to_34,0.5054682159945317,17.0
2024-05-13,2024,North West,25_to_34,0.6042378673957621,17.0
2024-05-20,2024,North West,25_to_34,0.5635680109364319,17.0
2024-05-27,2024,North West,25_to_34,0.41250854408749144,17.0
2024-06-03,2024,North West,25_to_34,0.4473684210526316,17.0
2024-06-10,2024,North West,25_to_34,0.3369788106630212,17.0
2024-06-17,2024,North West,25_to_34,0.46479835953520166,17.0
2024-06-24,2024,North West,25_to_34,0.4241285030758715,17.0
2024-07-01,2024,North West,25_to_34,0.4473684210526316,17.0
2024-07-08,2024,North West,25_to_34,0.5054682159945317,17.0
2024-07-15,2024,North West,25_to_34,0.4880382775119617,17.0
2024-07-22,2024,North West,25_to_34,0.34859876965140124,17.0
2024-07-29,2024,North West,25_to_34,0.3892686261107314,17.0
2024-08-05,2024,North West,25_to_34,0.30211893369788106,17.0
2024-08-12,2024,North West,25_to_34,0.23239917976760083,17.0
2024-08-19,2024,North West,25_to_34,0.18591934381408065,17.0
2024-08-26,2024,North West,25_to_34,0.13362952836637046,17.0
2024-09-02,2024,North West,25_to_34,0.16267942583732056,17.0
2024-09-09,2024,North West,25_to_34,0.13362952836637046,17.0
2024-09-16,2024,North West,25_to_34,0.13362952836637046,17.0
2024-09-23,2024,North West,25_to_34,0.08133971291866028,17.0
2024-09-30,2024,North West,25_to_34,0.09876965140123035,17.0
2024-10-07,2024,North West,25_to_34,0.08133971291866028,17.0
2024-10-14,2024,North West,25_to_34,0.06971975393028025,17.0
2024-10-21,2024,North West,25_to_34,0.15686944634313055,17.0
2024-10-28,2024,North West,25_to_34,0.10457963089542037,17.0
2024-11-04,2024,North West,25_to_34,0.1975393028024607,17.0
2024-11-11,2024,North West,25_to_34,0.16267942583732056,17.0
2024-11-18,2024,North West,25_to_34,0.1684894053315106,17.0
2024-11-25,2024,North West,25_to_34,0.1684894053315106,17.0
2024-12-02,2024,North West,25_to_34,0.19172932330827067,17.0
2024-12-09,2024,North West,25_to_34,0.15105946684894053,17.0
2024-12-16,2024,North West,25_to_34,0.12781954887218044,17.0
2024-12-23,2024,North West,25_to_34,0.09295967190704033,17.0
2024-12-30,2024,North West,25_to_34,0.12781954887218044,17.0
2024-01-01,2024,North West,35_and_over,0.45522898154477104,18.0
2024-01-08,2024,North West,35_and_over,0.3998632946001367,18.0
2024-01-15,2024,North West,35_and_over,0.32604237867395763,18.0
2024-01-22,2024,North West,35_and_over,0.3998632946001367,18.0
2024-01-29,2024,North West,35_and_over,0.430622009569378,18.0
2024-02-05,2024,North West,35_and_over,0.430622009569378,18.0
2024-02-12,2024,North West,35_and_over,0.43677375256322626,18.0
2024-02-19,2024,North West,35_and_over,0.3568010936431989,18.0
2024-02-26,2024,North West,35_and_over,0.47983595352016406,18.0
2024-03-04,2024,North West,35_and_over,0.3568010936431989,18.0
2024-03-11,2024,North West,35_and_over,0.5413533834586466,18.0
2024-03-18,2024,North West,35_and_over,0.47368421052631576,18.0
2024-03-25,2024,North West,35_and_over,0.4429254955570745,18.0
2024-04-01,2024,North West,35_and_over,0.5536568694463432,18.0
2024-04-08,2024,North West,35_and_over,0.6520847573479153,18.0
2024-04-15,2024,North West,35_and_over,0.5167464114832536,18.0
2024-04-22,2024,North West,35_and_over,0.504442925495557,18.0
2024-04-29,2024,North West,35_and_over,0.49829118250170884,18.0
2024-05-06,2024,North West,35_and_over,0.5352016404647983,18.0
2024-05-13,2024,North West,35_and_over,0.6397812713602188,18.0
2024-05-20,2024,North West,35_and_over,0.596719070403281,18.0
2024-05-27,2024,North West,35_and_over,0.43677375256322626,18.0
2024-06-03,2024,North West,35_and_over,0.47368421052631576,18.0
2024-06-10,2024,North West,35_and_over,0.3568010936431989,18.0
2024-06-17,2024,North West,35_and_over,0.49213943950786054,18.0
2024-06-24,2024,North West,35_and_over,0.44907723855092274,18.0
2024-07-01,2024,North West,35_and_over,0.47368421052631576,18.0
2024-07-08,2024,North West,35_and_over,0.5352016404647983,18.0
2024-07-15,2024,North West,35_and_over,0.5167464114832536,18.0
2024-07-22,2024,North West,35_and_over,0.36910457963089544,18.0
2024-07-29,2024,North West,35_and_over,0.41216678058783324,18.0
2024-08-05,2024,North West,35_and_over,0.3198906356801094,18.0
2024-08-12,2024,North West,35_and_over,0.24606971975393027,18.0
2024-08-19,2024,North West,35_and_over,0.19685577580314423,18.0
2024-08-26,2024,North West,35_and_over,0.14149008885850992,18.0
2024-09-02,2024,North West,35_and_over,0.1722488038277512,18.0
2024-09-09,2024,North West,35_and_over,0.14149008885850992,18.0
2024-09-16,2024,North West,35_and_over,0.14149008885850992,18.0
2024-09-23,2024,North West,35_and_over,0.0861244019138756,18.0
2024-09-30,2024,North West,35_and_over,0.10457963089542037,18.0
2024-10-07,2024,North West,35_and_over,0.0861244019138756,18.0
2024-10-14,2024,North West,35_and_over,0.07382091592617908,18.0
2024-10-21,2024,North West,35_and_over,0.16609706083390294,18.0
2024-10-28,2024,North West,35_and_over,0.11073137388926863,18.0
2024-11-04,2024,North West,35_and_over,0.20915926179084074,18.0
2024-11-11,2024,North West,35_and_over,0.1722488038277512,18.0
2024-11-18,2024,North West,35_and_over,0.17840054682159945,18.0
2024-11-25,2024,North West,35_and_over,0.17840054682159945,18.0
2024-12-02,2024,North West,35_and_over,0.20300751879699247,18.0
2024-12-09,2024,North West,35_and_over,0.1599453178400547,18.0
2024-12-16,2024,North West,35_and_over,0.13533834586466165,18.0
2024-12-23,2024,North West,35_and_over,0.09842788790157211,18.0
2024-12-30,2024,North West,35_and_over,0.13533834586466165,18.0
2024-01-01,2024,North West,5_to_10,0.3287764866712235,13.0
2024-01-08,2024,North West,5_to_10,0.2887901572112098,13.0
2024-01-15,2024,North West,5_to_10,0.23547505126452495,13.0
2024-01-22,2024,North West,5_to_10,0.2887901572112098,13.0
2024-01-29,2024,North West,5_to_10,0.31100478468899523,13.0
2024-02-05,2024,North West,5_to_10,0.31100478468899523,13.0
2024-02-12,2024,North West,5_to_10,0.3154477101845523,13.0
2024-02-19,2024,North West,5_to_10,0.2576896787423103,13.0
2024-02-26,2024,North West,5_to_10,0.3465481886534518,13.0
2024-03-04,2024,North West,5_to_10,0.2576896787423103,13.0
2024-03-11,2024,North West,5_to_10,0.39097744360902253,13.0
2024-03-18,2024,North West,5_to_10,0.34210526315789475,13.0
2024-03-25,2024,North West,5_to_10,0.3198906356801094,13.0
2024-04-01,2024,North West,5_to_10,0.3998632946001367,13.0
2024-04-08,2024,North West,5_to_10,0.4709501025290499,13.0
2024-04-15,2024,North West,5_to_10,0.37320574162679426,13.0
2024-04-22,2024,North West,5_to_10,0.3643198906356801,13.0
2024-04-29,2024,North West,5_to_10,0.359876965140123,13.0
2024-05-06,2024,North West,5_to_10,0.3865345181134655,13.0
2024-05-13,2024,North West,5_to_10,0.46206425153793573,13.0
2024-05-20,2024,North West,5_to_10,0.4309637730690362,13.0
2024-05-27,2024,North West,5_to_10,0.3154477101845523,13.0
2024-06-03,2024,North West,5_to_10,0.34210526315789475,13.0
2024-06-10,2024,North West,5_to_10,0.2576896787423103,13.0
2024-06-17,2024,North West,5_to_10,0.35543403964456594,13.0
2024-06-24,2024,North West,5_to_10,0.3243335611756664,13.0
2024-07-01,2024,North West,5_to_10,0.34210526315789475,13.0
2024-07-08,2024,North West,5_to_10,0.3865345181134655,13.0
2024-07-15,2024,North West,5_to_10,0.37320574162679426,13.0
2024-07-22,2024,North West,5_to_10,0.26657552973342447,13.0
2024-07-29,2024,North West,5_to_10,0.297676008202324,13.0
2024-08-05,2024,North West,5_to_10,0.23103212576896787,13.0
2024-08-12,2024,North West,5_to_10,0.17771701982228297,13.0
2024-08-19,2024,North West,5_to_10,0.1421736158578264,13.0
2024-08-26,2024,North West,5_to_10,0.10218728639781272,13.0
2024-09-02,2024,North West,5_to_10,0.12440191387559808,13.0
2024-09-09,2024,North West,5_to_10,0.10218728639781272,13.0
2024-09-16,2024,North West,5_to_10,0.10218728639781272,13.0
2024-09-23,2024,North West,5_to_10,0.06220095693779904,13.0
2024-09-30,2024,North West,5_to_10,0.07552973342447027,13.0
2024-10-07,2024,North West,5_to_10,0.06220095693779904,13.0
2024-10-14,2024,North West,5_to_10,0.05331510594668489,13.0
2024-10-21,2024,North West,5_to_10,0.11995898838004102,13.0
2024-10-28,2024,North West,5_to_10,0.07997265892002735,13.0
2024-11-04,2024,North West,5_to_10,0.15105946684894053,13.0
2024-11-11,2024,North West,5_to_10,0.12440191387559808,13.0
2024-11-18,2024,North West,5_to_10,0.12884483937115515,13.0
2024-11-25,2024,North West,5_to_10,0.12884483937115515,13.0
2024-12-02,2024,North West,5_to_10,0.14661654135338345,13.0
2024-12-09,2024,North West,5_to_10,0.11551606288448393,13.0
2024-12-16,2024,North West,5_to_10,0.09774436090225563,13.0
2024-12-23,2024,North West,5_to_10,0.0710868079289132,13.0
2024-12-30,2024,North West,5_to_10,0.09774436090225563,13.0
2024-01-01,2024,North West,under_1,0.2781954887218045,11.0
2024-01-08,2024,North West,under_1,0.24436090225563908,11.0
2024-01-15,2024,North West,under_1,0.19924812030075187,11.0
2024-01-22,2024,North West,under_1,0.24436090225563908,11.0
2024-01-29,2024,North West,under_1,0.2631578947368421,11.0
2024-02-05,2024,North West,under_1,0.2631578947368421,11.0
2024-02-12,2024,North West,under_1,0.2669172932330827,11.0
2024-02-19,2024,North West,under_1,0.21804511278195488,11.0
2024-02-26,2024,North West,under_1,0.2932330827067669,11.0
2024-03-04,2024,North West,under_1,0.21804511278195488,11.0
2024-03-11,2024,North West,under_1,0.3308270676691729,11.0
2024-03-18,2024,North West,under_1,0.2894736842105263,11.0
2024-03-25,2024,North West,under_1,0.2706766917293233,11.0
2024-04-01,2024,North West,under_1,0.3383458646616541,11.0
2024-04-08,2024,North West,under_1,0.39849624060150374,11.0
2024-04-15,2024,North West,under_1,0.3157894736842105,11.0
2024-04-22,2024,North West,under_1,0.3082706766917293,11.0
2024-04-29,2024,North West,under_1,0.30451127819548873,11.0
2024-05-06,2024,North West,under_1,0.32706766917293234,11.0
2024-05-13,2024,North West,under_1,0.39097744360902253,11.0
2024-05-20,2024,North West,under_1,0.36466165413533835,11.0
2024-05-27,2024,North West,under_1,0.2669172932330827,11.0
2024-06-03,2024,North West,under_1,0.2894736842105263,11.0
2024-06-10,2024,North West,under_1,0.21804511278195488,11.0
2024-06-17,2024,North West,under_1,0.3007518796992481,11.0
2024-06-24,2024,North West,under_1,0.2744360902255639,11.0
2024-07-01,2024,North West,under_1,0.2894736842105263,11.0
2024-07-08,2024,North West,under_1,0.32706766917293234,11.0
2024-07-15,2024,North West,under_1,0.3157894736842105,11.0
2024-07-22,2024,North West,under_1,0.22556390977443608,11.0
2024-07-29,2024,North West,under_1,0.2518796992481203,11.0
2024-08-05,2024,North West,under_1,0.19548872180451127,11.0
2024-08-12,2024,North West,under_1,0.15037593984962405,11.0
2024-08-19,2024,North West,under_1,0.12030075187969924,11.0
2024-08-26,2024,North West,under_1,0.08646616541353383,11.0
2024-09-02,2024,North West,under_1,0.10526315789473684,11.0
2024-09-09,2024,North West,under_1,0.08646616541353383,11.0
2024-09-16,2024,North West,under_1,0.08646616541353383,11.0
2024-09-23,2024,North West,under_1,0.05263157894736842,11.0
2024-09-30,2024,North West,under_1,0.06390977443609022,11.0
2024-10-07,2024,North West,under_1,0.05263157894736842,11.0
2024-10-14,2024,North West,under_1,0.045112781954887216,11.0
2024-10-21,2024,North West,under_1,0.10150375939849623,11.0
2024-10-28,2024,North West,under_1,0.06766917293233082,11.0
2024-11-04,2024,North West,under_1,0.12781954887218044,11.0
2024-11-11,2024,North West,under_1,0.10526315789473684,11.0
2024-11-18,2024,North West,under_1,0.10902255639097744,11.0
2024-11-25,2024,North West,under_1,0.10902255639097744,11.0
2024-12-02,2024,North West,under_1,0.12406015037593984,11.0
2024-12-09,2024,North West,under_1,0.09774436090225563,11.0
2024-12-16,2024,North West,under_1,0.08270676691729323,11.0
2024-12-23,2024,North West,under_1,0.06015037593984962,11.0
2024-12-30,2024,North West,under_1,0.08270676691729323,11.0
2024-01-01,2024,South East,11_to_14,0.20232399179767602,8.0
2024-01-08,2024,South East,11_to_14,0.17771701982228297,8.0
2024-01-15,2024,South East,11_to_14,0.14490772385509226,8.0
2024-01-22,2024,South East,11_to_14,0.17771701982228297,8.0
2024-01-29,2024,South East,11_to_14,0.19138755980861244,8.0
2024-02-05,2024,South East,11_to_14,0.19138755980861244,8.0
2024-02-12,2024,South East,11_to_14,0.19412166780587833,8.0
2024-02-19,2024,South East,11_to_14,0.15857826384142173,8.0
2024-02-26,2024,South East,11_to_14,0.21326042378673957,8.0
2024-03-04,2024,South East,11_to_14,0.15857826384142173,8.0
2024-03-11,2024,South East,11_to_14,0.24060150375939848,8.0
2024-03-18,2024,South East,11_to_14,0.21052631578947367,8.0
2024-03-25,2024,South East,11_to_14,0.19685577580314423,8.0
2024-04-01,2024,South East,11_to_14,0.24606971975393027,8.0
2024-04-08,2024,South East,11_to_14,0.2898154477101845,8.0
2024-04-15,2024,South East,11_to_14,0.22966507177033493,8.0
2024-04-22,2024,South East,11_to_14,0.22419685577580314,8.0
2024-04-29,2024,South East,11_to_14,0.22146274777853725,8.0
2024-05-06,2024,South East,11_to_14,0.23786739576213262,8.0
2024-05-13,2024,South East,11_to_14,0.2843472317156528,8.0
2024-05-20,2024,South East,11_to_14,0.2652084757347915,8.0
2024-05-27,2024,South East,11_to_14,0.19412166780587833,8.0
2024-06-03,2024,South East,11_to_14,0.21052631578947367,8.0
2024-06-10,2024,South East,11_to_14,0.15857826384142173,8.0
2024-06-17,2024,South East,11_to_14,0.21872863978127136,8.0
2024-06-24,2024,South East,11_to_14,0.19958988380041012,8.0
2024-07-01,2024,South East,11_to_14,0.21052631578947367,8.0
2024-07-08,2024,South East,11_to_14,0.23786739576213262,8.0
2024-07-15,2024,South East,11_to_14,0.22966507177033493,8.0
2024-07-22,2024,South East,11_to_14,0.16404647983595352,8.0
2024-07-29,2024,South East,11_to_14,0.18318523581681476,8.0
2024-08-05,2024,South East,11_to_14,0.1421736158578264,8.0
2024-08-12,2024,South East,11_to_14,0.10936431989063568,8.0
2024-08-19,2024,South East,11_to_14,0.08749145591250855,8.0
2024-08-26,2024,South East,11_to_14,0.06288448393711552,8.0
2024-09-02,2024,South East,11_to_14,0.07655502392344497,8.0
2024-09-09,2024,South East,11_to_14,0.06288448393711552,8.0
2024-09-16,2024,South East,11_to_14,0.06288448393711552,8.0
2024-09-23,2024,South East,11_to_14,0.03827751196172249,8.0
2024-09-30,2024,South East,11_to_14,0.04647983595352016,8.0
2024-10-07,2024,South East,11_to_14,0.03827751196172249,8.0
2024-10-14,2024,South East,11_to_14,0.032809295967190705,8.0
2024-10-21,2024,South East,11_to_14,0.07382091592617908,8.0
2024-10-28,2024,South East,11_to_14,0.04921394395078606,8.0
2024-11-04,2024,South East,11_to_14,0.09295967190704033,8.0
2024-11-11,2024,South East,11_to_14,0.07655502392344497,8.0
2024-11-18,2024,South East,11_to_14,0.07928913192071087,8.0
2024-11-25,2024,South East,11_to_14,0.07928913192071087,8.0
2024-12-02,2024,South East,11_to_14,0.09022556390977443,8.0
2024-12-09,2024,South East,11_to_14,0.0710868079289132,8.0
2024-12-16,2024,South East,11_to_14,0.06015037593984962,8.0
2024-12-23,2024,South East,11_to_14,0.043745727956254275,8.0
2024-12-30,2024,South East,11_to_14,0.06015037593984962,8.0
2024-01-01,2024,South East,15_to_24,0.40464798359535203,16.0
2024-01-08,2024,South East,15_to_24,0.35543403964456594,16.0
2024-01-15,2024,South East,15_to_24,0.2898154477101845,16.0
2024-01-22,2024,South East,15_to_24,0.35543403964456594,16.0
2024-01-29,2024,South East,15_to_24,0.3827751196172249,16.0
2024-02-05,2024,South East,15_to_24,0.3827751196172249,16.0
2024-02-12,2024,South East,15_to_24,0.38824333561175667,16.0
2024-02-19,2024,South East,15_to_24,0.31715652768284347,16.0
2024-02-26,2024,South East,15_to_24,0.42652084757347913,16.0
2024-03-04,2024,South East,15_to_24,0.31715652768284347,16.0
2024-03-11,2024,South East,15_to_24,0.48120300751879697,16.0
2024-03-18,2024,South East,15_to_24,0.42105263157894735,16.0
2024-03-25,2024,South East,15_to_24,0.39371155160628846,16.0
2024-04-01,2024,South East,15_to_24,0.49213943950786054,16.0
2024-04-08,2024,South East,15_to_24,0.579630895420369,16.0
2024-04-15,2024,South East,15_to_24,0.45933014354066987,16.0
2024-04-22,2024,South East,15_to_24,0.4483937115516063,16.0
2024-04-29,2024,South East,15_to_24,0.4429254955570745,16.0
2024-05-06,2024,South East,15_to_24,0.47573479152426523,16.0
2024-05-13,2024,South East,15_to_24,0.5686944634313056,16.0
2024-05-20,2024,South East,15_to_24,0.530416951469583,16.0
2024-05-27,2024,South East,15_to_24,0.38824333561175667,16.0
2024-06-03,2024,South East,15_to_24,0.42105263157894735,16.0
2024-06-10,2024,South East,15_to_24,0.31715652768284347,16.0
2024-06-17,2024,South East,15_to_24,0.4374572795625427,16.0
2024-06-24,2024,South East,15_to_24,0.39917976760082025,16.0
2024-07-01,2024,South East,15_to_24,0.42105263157894735,16.0
2024-07-08,2024,South East,15_to_24,0.47573479152426523,16.0
2024-07-15,2024,South East,15_to_24,0.45933014354066987,16.0
2024-07-22,2024,South East,15_to_24,0.32809295967190705,16.0
2024-07-29,2024,South East,15_to_24,0.3663704716336295,16.0
2024-08-05,2024,South East,15_to_24,0.2843472317156528,16.0
2024-08-12,2024,South East,15_to_24,0.21872863978127136,16.0
2024-08-19,2024,South East,15_to_24,0.1749829118250171,16.0
2024-08-26,2024,South East,15_to_24,0.12576896787423103,16.0
2024-09-02,2024,South East,15_to_24,0.15311004784688995,16.0
2024-09-09,2024,South East,15_to_24,0.12576896787423103,16.0
2024-09-16,2024,South East,15_to_24,0.12576896787423103,16.0
2024-09-23,2024,South East,15_to_24,0.07655502392344497,16.0
2024-09-30,2024,South East,15_to_24,0.09295967190704033,16.0
2024-10-07,2024,South East,15_to_24,0.07655502392344497,16.0
2024-10-14,2024,South East,15_to_24,0.06561859193438141,16.0
2024-10-21,2024,South East,15_to_24,0.14764183185235816,16.0
2024-10-28,2024,South East,15_to_24,0.09842788790157211,16.0
2024-11-04,2024,South East,15_to_24,0.18591934381408065,16.0
2024-11-11,2024,South East,15_to_24,0.15311004784688995,16.0
2024-11-18,2024,South East,15_to_24,0.15857826384142173,16.0
2024-11-25,2024,South East,15_to_24,0.15857826384142173,16.0
2024-12-02,2024,South East,15_to_24,0.18045112781954886,16.0
2024-12-09,2024,South East,15_to_24,0.1421736158578264,16.0
2024-12-16,2024,South East,15_to_24,0.12030075187969924,16.0
2024-12-23,2024,South East,15_to_24,0.08749145591250855,16.0
2024-12-30,2024,South East,15_to_24,0.12030075187969924,16.0
2024-01-01,2024,South East,1_to_4,0.40464798359535203,16.0
2024-01-08,2024,South East,1_to_4,0.35543403964456594,16.0
2024-01-15,2024,South East,1_to_4,0.2898154477101845,16.0
2024-01-22,2024,South East,1_to_4,0.35543403964456594,16.0
2024-01-29,2024,South East,1_to_4,0.3827751196172249,16.0
2024-02-05,2024,South East,1_to_4,0.3827751196172249,16.0
2024-02-12,2024,South East,1_to_4,0.38824333561175667,16.0
2024-02-19,2024,South East,1_to_4,0.31715652768284347,16.0
2024-02-26,2024,South East,1_to_4,0.42652084757347913,16.0
2024-03-04,2024,South East,1_to_4,0.31715652768284347,16.0
2024-03-11,2024,South East,1_to_4,0.48120300751879697,16.0
2024-03-18,2024,South East,1_to_4,0.42105263157894735,16.0
2024-03-25,2024,South East,1_to_4,0.39371155160628846,16.0
2024-04-01,2024,South East,1_to_4,0.49213943950786054,16.0
2024-04-08,2024,South East,1_to_4,0.579630895420369,16.0
2024-04-15,2024,South East,1_to_4,0.45933014354066987,16.0
2024-04-22,2024,South East,1_to_4,0.4483937115516063,16.0
2024-04-29,2024,South East,1_to_4,0.4429254955570745,16.0
2024-05-06,2024,South East,1_to_4,0.47573479152426523,16.0
2024-05-13,2024,South East,1_to_4,0.5686944634313056,16.0
2024-05-20,2024,South East,1_to_4,0.530416951469583,16.0
2024-05-27,2024,South East,1_to_4,0.38824333561175667,16.0
2024-06-03,2024,South East,1_to_4,0.42105263157894735,16.0
2024-06-10,2024,South East,1_to_4,0.31715652768284347,16.0
2024-06-17,2024,South East,1_to_4,0.4374572795625427,16.0
2024-06-24,2024,South East,1_to_4,0.39917976760082025,16.0
2024-07-01,2024,South East,1_to_4,0.42105263157894735,16.0
2024-07-08,2024,South East,1_to_4,0.47573479152426523,16.0
2024-07-15,2024,South East,1_to_4,0.45933014354066987,16.0
2024-07-22,2024,South East,1_to_4,0.32809295967190705,16.0
2024-07-29,2024,South East,1_to_4,0.3663704716336295,16.0
2024-08-05,2024,South East,1_to_4,0.2843472317156528,16.0
2024-08-12,2024,South East,1_to_4,0.21872863978127136,16.0
2024-08-19,2024,South East,1_to_4,0.1749829118250171,16.0
2024-08-26,2024,South East,1_to_4,0.12576896787423103,16.0
2024-09-02,2024,South East,1_to_4,0.15311004784688995,16.0
2024-09-09,2024,South East,1_to_4,0.12576896787423103,16.0
2024-09-16,2024,South East,1_to_4,0.12576896787423103,16.0
2024-09-23,2024,South East,1_to_4,0.07655502392344497,16.0
2024-09-30,2024,South East,1_to_4,0.09295967190704033,16.0
2024-10-07,2024,South East,1_to_4,0.07655502392344497,16.0
2024-10-14,2024,South East,1_to_4,0.06561859193438141,16.0
2024-10-21,2024,South East,1_to_4,0.14764183185235816,16.0
2024-10-28,2024,South East,1_to_4,0.09842788790157211,16.0
2024-11-04,2024,South East,1_to_4,0.18591934381408065,16.0
2024-11-11,2024,South East,1_to_4,0.15311004784688995,16.0
2024-11-18,2024,South East,1_to_4,0.15857826384142173,16.0
2024-11-25,2024,South East,1_to_4,0.15857826384142173,16.0
2024-12-02,2024,South East,1_to_4,0.18045112781954886,16.0
2024-12-09,2024,South East,1_to_4,0.1421736158578264,16.0
2024-12-16,2024,South East,1_to_4,0.12030075187969924,16.0
2024-12-23,2024,South East,1_to_4,0.08749145591250855,16.0
2024-12-30,2024,South East,1_to_4,0.12030075187969924,16.0
2024-01-01,2024,South East,25_to_34,0.657552973342447,26.0
2024-01-08,2024,South East,25_to_34,0.5775803144224196,26.0
2024-01-15,2024,South East,25_to_34,0.4709501025290499,26.0
2024-01-22,2024,South East,25_to_34,0.5775803144224196,26.0
2024-01-29,2024,South East,25_to_34,0.6220095693779905,26.0
2024-02-05,2024,South East,25_to_34,0.6220095693779905,26.0
2024-02-12,2024,South East,25_to_34,0.6308954203691046,26.0
2024-02-19,2024,South East,25_to_34,0.5153793574846206,26.0
2024-02-26,2024,South East,25_to_34,0.6930963773069037,26.0
2024-03-04,2024,South East,25_to_34,0.5153793574846206,26.0
2024-03-11,2024,South East,25_to_34,0.7819548872180451,26.0
2024-03-18,2024,South East,25_to_34,0.6842105263157895,26.0
2024-03-25,2024,South East,25_to_34,0.6397812713602188,26.0
2024-04-01,2024,South East,25_to_34,0.7997265892002734,26.0
2024-04-08,2024,South East,25_to_34,0.9419002050580998,26.0
2024-04-15,2024,South East,25_to_34,0.7464114832535885,26.0
2024-04-22,2024,South East,25_to_34,0.7286397812713602,26.0
2024-04-29,2024,South East,25_to_34,0.719753930280246,26.0
2024-05-06,2024,South East,25_to_34,0.773069036226931,26.0
2024-05-13,2024,South East,25_to_34,0.9241285030758715,26.0
2024-05-20,2024,South East,25_to_34,0.8619275461380724,26.0
2024-05-27,2024,South East,25_to_34,0.6308954203691046,26.0
2024-06-03,2024,South East,25_to_34,0.6842105263157895,26.0
2024-06-10,2024,South East,25_to_34,0.5153793574846206,26.0
2024-06-17,2024,South East,25_to_34,0.7108680792891319,26.0
2024-06-24,2024,South East,25_to_34,0.6486671223513328,26.0
2024-07-01,2024,South East,25_to_34,0.6842105263157895,26.0
2024-07-08,2024,South East,25_to_34,0.773069036226931,26.0
2024-07-15,2024,South East,25_to_34,0.7464114832535885,26.0
2024-07-22,2024,South East,25_to_34,0.5331510594668489,26.0
2024-07-29,2024,South East,25_to_34,0.595352016404648,26.0
2024-08-05,2024,South East,25_to_34,0.46206425153793573,26.0
2024-08-12,2024,South East,25_to_34,0.35543403964456594,26.0
2024-08-19,2024,South East,25_to_34,0.2843472317156528,26.0
2024-08-26,2024,South East,25_to_34,0.20437457279562543,26.0
2024-09-02,2024,South East,25_to_34,0.24880382775119617,26.0
2024-09-09,2024,South East,25_to_34,0.20437457279562543,26.0
2024-09-16,2024,South East,25_to_34,0.20437457279562543,26.0
2024-09-23,2024,South East,25_to_34,0.12440191387559808,26.0
2024-09-30,2024,South East,25_to_34,0.15105946684894053,26.0
2024-10-07,2024,South East,25_to_34,0.12440191387559808,26.0
2024-10-14,2024,South East,25_to_34,0.10663021189336978,26.0
2024-10-21,2024,South East,25_to_34,0.23991797676008203,26.0
2024-10-28,2024,South East,25_to_34,0.1599453178400547,26.0
2024-11-04,2024,South East,25_to_34,0.30211893369788106,26.0
2024-11-11,2024,South East,25_to_34,0.24880382775119617,26.0
2024-11-18,2024,South East,25_to_34,0.2576896787423103,26.0
2024-11-25,2024,South East,25_to_34,0.2576896787423103,26.0
2024-12-02,2024,South East,25_to_34,0.2932330827067669,26.0
2024-12-09,2024,South East,25_to_34,0.23103212576896787,26.0
2024-12-16,2024,South East,25_to_34,0.19548872180451127,26.0
2024-12-23,2024,South East,25_to_34,0.1421736158578264,26.0
2024-12-30,2024,South East,25_to_34,0.19548872180451127,26.0
2024-01-01,2024,South East,35_and_over,0.657552973342447,26.0
2024-01-08,2024,South East,35_and_over,0.5775803144224196,26.0
2024-01-15,2024,South East,35_and_over,0.4709501025290499,26.0
2024-01-22,2024,South East,35_and_over,0.5775803144224196,26.0
2024-01-29,2024,South East,35_and_over,0.6220095693779905,26.0
2024-02-05,2024,South East,35_and_over,0.6220095693779905,26.0
2024-02-12,2024,South East,35_and_over,0.6308954203691046,26.0
2024-02-19,2024,South East,35_and_over,0.5153793574846206,26.0
2024-02-26,2024,South East,35_and_over,0.6930963773069037,26.0
2024-03-04,2024,South East,35_and_over,0.5153793574846206,26.0
2024-03-11,2024,South East,35_and_over,0.7819548872180451,26.0
2024-03-18,2024,South East,35_and_over,0.6842105263157895,26.0
2024-03-25,2024,South East,35_and_over,0.6397812713602188,26.0
2024-04-01,2024,South East,35_and_over,0.7997265892002734,26.0
2024-04-08,2024,South East,35_and_over,0.9419002050580998,26.0
2024-04-15,2024,South East,35_and_over,0.7464114832535885,26.0
2024-04-22,2024,South East,35_and_over,0.7286397812713602,26.0
2024-04-29,2024,South East,35_and_over,0.719753930280246,26.0
2024-05-06,2024,South East,35_and_over,0.773069036226931,26.0
2024-05-13,2024,South East,35_and_over,0.9241285030758715,26.0
2024-05-20,2024,South East,35_and_over,0.8619275461380724,26.0
2024-05-27,2024,South East,35_and_over,0.6308954203691046,26.0
2024-06-03,2024,South East,35_and_over,0.6842105263157895,26.0
2024-06-10,2024,South East,35_and_over,0.5153793574846206,26.0
2024-06-17,2024,South East,35_and_over,0.7108680792891319,26.0
2024-06-24,2024,South East,35_and_over,0.6486671223513328,26.0
2024-07-01,2024,South East,35_and_over,0.6842105263157895,26.0
2024-07-08,2024,South East,35_and_over,0.773069036226931,26.0
2024-07-15,2024,South East,35_and_over,0.7464114832535885,26.0
2024-07-22,2024,South East,35_and_over,0.5331510594668489,26.0
2024-07-29,2024,South East,35_and_over,0.595352016404648,26.0
2024-08-05,2024,South East,35_and_over,0.46206425153793573,26.0
2024-08-12,2024,South East,35_and_over,0.35543403964456594,26.0
2024-08-19,2024,South East,35_and_over,0.2843472317156528,26.0
2024-08-26,2024,South East,35_and_over,0.20437457279562543,26.0
2024-09-02,2024,South East,35_and_over,0.24880382775119617,26.0
2024-09-09,2024,South East,35_and_over,0.20437457279562543,26.0
2024-09-16,2024,South East,35_and_over,0.20437457279562543,26.0
2024-09-23,2024,South East,35_and_over,0.12440191387559808,26.0
2024-09-30,2024,South East,35_and_over,0.15105946684894053,26.0
2024-10-07,2024,South East,35_and_over,0.12440191387559808,26.0
2024-10-14,2024,South East,35_and_over,0.10663021189336978,26.0
2024-10-21,2024,South East,35_and_over,0.23991797676008203,26.0
2024-10-28,2024,South East,35_and_over,0.1599453178400547,26.0
2024-11-04,2024,South East,35_and_over,0.30211893369788106,26.0
2024-11-11,2024,South East,35_and_over,0.24880382775119617,26.0
2024-11-18,2024,South East,35_and_over,0.2576896787423103,26.0
2024-11-25,2024,South East,35_and_over,0.2576896787423103,26.0
2024-12-02,2024,South East,35_and_over,0.2932330827067669,26.0
2024-12-09,2024,South East,35_and_over,0.23103212576896787,26.0
2024-12-16,2024,South East,35_and_over,0.19548872180451127,26.0
2024-12-23,2024,South East,35_and_over,0.1421736158578264,26.0
2024-12-30,2024,South East,35_and_over,0.19548872180451127,26.0
2024-01-01,2024,South East,5_to_10,0.35406698564593303,14.0
2024-01-08,2024,South East,5_to_10,0.31100478468899523,14.0
2024-01-15,2024,South East,5_to_10,0.2535885167464115,14.0
2024-01-22,2024,South East,5_to_10,0.31100478468899523,14.0
2024-01-29,2024,South East,5_to_10,0.3349282296650718,14.0
2024-02-05,2024,South East,5_to_10,0.3349282296650718,14.0
2024-02-12,2024,South East,5_to_10,0.3397129186602871,14.0
2024-02-19,2024,South East,5_to_10,0.27751196172248804,14.0
2024-02-26,2024,South East,5_to_10,0.37320574162679426,14.0
2024-03-04,2024,South East,5_to_10,0.27751196172248804,14.0
2024-03-11,2024,South East,5_to_10,0.42105263157894735,14.0
2024-03-18,2024,South East,5_to_10,0.3684210526315789,14.0
2024-03-25,2024,South East,5_to_10,0.3444976076555024,14.0
2024-04-01,2024,South East,5_to_10,0.430622009569378,14.0
2024-04-08,2024,South East,5_to_10,0.507177033492823,14.0
2024-04-15,2024,South East,5_to_10,0.4019138755980861,14.0
2024-04-22,2024,South East,5_to_10,0.3923444976076555,14.0
2024-04-29,2024,South East,5_to_10,0.3875598086124402,14.0
2024-05-06,2024,South East,5_to_10,0.41626794258373206,14.0
2024-05-13,2024,South East,5_to_10,0.49760765550239233,14.0
2024-05-20,2024,South East,5_to_10,0.46411483253588515,14.0
2024-05-27,2024,South East,5_to_10,0.3397129186602871,14.0
2024-06-03,2024,South East,5_to_10,0.3684210526315789,14.0
2024-06-10,2024,South East,5_to_10,0.27751196172248804,14.0
2024-06-17,2024,South East,5_to_10,0.3827751196172249,14.0
2024-06-24,2024,South East,5_to_10,0.3492822966507177,14.0
2024-07-01,2024,South East,5_to_10,0.3684210526315789,14.0
2024-07-08,2024,South East,5_to_10,0.41626794258373206,14.0
2024-07-15,2024,South East,5_to_10,0.4019138755980861,14.0
2024-07-22,2024,South East,5_to_10,0.28708133971291866,14.0
2024-07-29,2024,South East,5_to_10,0.32057416267942584,14.0
2024-08-05,2024,South East,5_to_10,0.24880382775119617,14.0
2024-08-12,2024,South East,5_to_10,0.19138755980861244,14.0
2024-08-19,2024,South East,5_to_10,0.15311004784688995,14.0
2024-08-26,2024,South East,5_to_10,0.11004784688995216,14.0
2024-09-02,2024,South East,5_to_10,0.1339712918660287,14.0
2024-09-09,2024,South East,5_to_10,0.11004784688995216,14.0
2024-09-16,2024,South East,5_to_10,0.11004784688995216,14.0
2024-09-23,2024,South East,5_to_10,0.06698564593301436,14.0
2024-09-30,2024,South East,5_to_10,0.08133971291866028,14.0
2024-10-07,2024,South East,5_to_10,0.06698564593301436,14.0
2024-10-14,2024,South East,5_to_10,0.05741626794258373,14.0
2024-10-21,2024,South East,5_to_10,0.1291866028708134,14.0
2024-10-28,2024,South East,5_to_10,0.0861244019138756,14.0
2024-11-04,2024,South East,5_to_10,0.16267942583732056,14.0
2024-11-11,2024,South East,5_to_10,0.1339712918660287,14.0
2024-11-18,2024,South East,5_to_10,0.13875598086124402,14.0
2024-11-25,2024,South East,5_to_10,0.13875598086124402,14.0
2024-12-02,2024,South East,5_to_10,0.15789473684210525,14.0
2024-12-09,2024,South East,5_to_10,0.12440191387559808,14.0
2024-12-16,2024,South East,5_to_10,0.10526315789473684,14.0
2024-12-23,2024,South East,5_to_10,0.07655502392344497,14.0
2024-12-30,2024,South East,5_to_10,0.10526315789473684,14.0
2024-01-01,2024,South East,under_1,0.3793574846206425,15.0
2024-01-08,2024,South East,under_1,0.3332194121667806,15.0
2024-01-15,2024,South East,under_1,0.271701982228298,15.0
2024-01-22,2024,South East,under_1,0.3332194121667806,15.0
2024-01-29,2024,South East,under_1,0.3588516746411483,15.0
2024-02-05,2024,South East,under_1,0.3588516746411483,15.0
2024-02-12,2024,South East,under_1,0.3639781271360219,15.0
2024-02-19,2024,South East,under_1,0.29733424470266573,15.0
2024-02-26,2024,South East,under_1,0.3998632946001367,15.0
2024-03-04,2024,South East,under_1,0.29733424470266573,15.0
2024-03-11,2024,South East,under_1,0.45112781954887216,15.0
2024-03-18,2024,South East,under_1,0.39473684210526316,15.0
2024-03-25,2024,South East,under_1,0.36910457963089544,15.0
2024-04-01,2024,South East,under_1,0.4613807245386193,15.0
2024-04-08,2024,South East,under_1,0.543403964456596,15.0
2024-04-15,2024,South East,under_1,0.430622009569378,15.0
2024-04-22,2024,South East,under_1,0.4203691045796309,15.0
2024-04-29,2024,South East,under_1,0.41524265208475736,15.0
2024-05-06,2024,South East,under_1,0.4460013670539986,15.0
2024-05-13,2024,South East,under_1,0.5331510594668489,15.0
2024-05-20,2024,South East,under_1,0.49726589200273413,15.0
2024-05-27,2024,South East,under_1,0.3639781271360219,15.0
2024-06-03,2024,South East,under_1,0.39473684210526316,15.0
2024-06-10,2024,South East,under_1,0.29733424470266573,15.0
2024-06-17,2024,South East,under_1,0.4101161995898838,15.0
2024-06-24,2024,South East,under_1,0.37423103212576897,15.0
2024-07-01,2024,South East,under_1,0.39473684210526316,15.0
2024-07-08,2024,South East,under_1,0.4460013670539986,15.0
2024-07-15,2024,South East,under_1,0.430622009569378,15.0
2024-07-22,2024,South East,under_1,0.30758714969241285,15.0
2024-07-29,2024,South East,under_1,0.3434723171565277,15.0
2024-08-05,2024,South East,under_1,0.26657552973342447,15.0
2024-08-12,2024,South East,under_1,0.2050580997949419,15.0
2024-08-19,2024,South East,under_1,0.16404647983595352,15.0
2024-08-26,2024,South East,under_1,0.11790840738209159,15.0
2024-09-02,2024,South East,under_1,0.14354066985645933,15.0
2024-09-09,2024,South East,under_1,0.11790840738209159,15.0
2024-09-16,2024,South East,under_1,0.11790840738209159,15.0
2024-09-23,2024,South East,under_1,0.07177033492822966,15.0
2024-09-30,2024,South East,under_1,0.08714969241285031,15.0
2024-10-07,2024,South East,under_1,0.07177033492822966,15.0
2024-10-14,2024,South East,under_1,0.06151742993848257,15.0
2024-10-21,2024,South East,under_1,0.1384142173615858,15.0
2024-10-28,2024,South East,under_1,0.09227614490772386,15.0
2024-11-04,2024,South East,under_1,0.17429938482570062,15.0
2024-11-11,2024,South East,under_1,0.14354066985645933,15.0
2024-11-18,2024,South East,under_1,0.14866712235133286,15.0
2024-11-25,2024,South East,under_1,0.14866712235133286,15.0
2024-12-02,2024,South East,under_1,0.16917293233082706,15.0
2024-12-09,2024,South East,under_1,0.13328776486671223,15.0
2024-12-16,2024,South East,under_1,0.11278195488721804,15.0
2024-12-23,2024,South East,under_1,0.08202323991797676,15.0
2024-12-30,2024,South East,under_1,0.11278195488721804,15.0
2024-01-01,2024,South West,11_to_14,0.252904989747095,10.0
2024-01-08,2024,South West,11_to_14,0.22214627477785373,10.0
2024-01-15,2024,South West,11_to_14,0.18113465481886534,10.0
2024-01-22,2024,South West,11_to_14,0.22214627477785373,10.0
2024-01-29,2024,South West,11_to_14,0.23923444976076555,10.0
2024-02-05,2024,South West,11_to_14,0.23923444976076555,10.0
2024-02-12,2024,South West,11_to_14,0.24265208475734792,10.0
2024-02-19,2024,South West,11_to_14,0.19822282980177716,10.0
2024-02-26,2024,South West,11_to_14,0.26657552973342447,10.0
2024-03-04,2024,South West,11_to_14,0.19822282980177716,10.0
2024-03-11,2024,South West,11_to_14,0.3007518796992481,10.0
2024-03-18,2024,South West,11_to_14,0.2631578947368421,10.0
2024-03-25,2024,South West,11_to_14,0.24606971975393027,10.0
2024-04-01,2024,South West,11_to_14,0.30758714969241285,10.0
2024-04-08,2024,South West,11_to_14,0.3622693096377307,10.0
2024-04-15,2024,South West,11_to_14,0.28708133971291866,10.0
2024-04-22,2024,South West,11_to_14,0.2802460697197539,10.0
2024-04-29,2024,South West,11_to_14,0.2768284347231716,10.0
2024-05-06,2024,South West,11_to_14,0.29733424470266573,10.0
2024-05-13,2024,South West,11_to_14,0.35543403964456594,10.0
2024-05-20,2024,South West,11_to_14,0.3315105946684894,10.0
2024-05-27,2024,South West,11_to_14,0.24265208475734792,10.0
2024-06-03,2024,South West,11_to_14,0.2631578947368421,10.0
2024-06-10,2024,South West,11_to_14,0.19822282980177716,10.0
2024-06-17,2024,South West,11_to_14,0.2734107997265892,10.0
2024-06-24,2024,South West,11_to_14,0.24948735475051265,10.0
2024-07-01,2024,South West,11_to_14,0.2631578947368421,10.0
2024-07-08,2024,South West,11_to_14,0.29733424470266573,10.0
2024-07-15,2024,South West,11_to_14,0.28708133971291866,10.0
2024-07-22,2024,South West,11_to_14,0.2050580997949419,10.0
2024-07-29,2024,South West,11_to_14,0.22898154477101845,10.0
2024-08-05,2024,South West,11_to_14,0.17771701982228297,10.0
2024-08-12,2024,South West,11_to_14,0.1367053998632946,10.0
2024-08-19,2024,South West,11_to_14,0.10936431989063568,10.0
2024-08-26,2024,South West,11_to_14,0.0786056049213944,10.0
2024-09-02,2024,South West,11_to_14,0.09569377990430622,10.0
2024-09-09,2024,South West,11_to_14,0.0786056049213944,10.0
2024-09-16,2024,South West,11_to_14,0.0786056049213944,10.0
2024-09-23,2024,South West,11_to_14,0.04784688995215311,10.0
2024-09-30,2024,South West,11_to_14,0.05809979494190021,10.0
2024-10-07,2024,South West,11_to_14,0.04784688995215311,10.0
2024-10-14,2024,South West,11_to_14,0.04101161995898838,10.0
2024-10-21,2024,South West,11_to_14,0.09227614490772386,10.0
2024-10-28,2024,South West,11_to_14,0.06151742993848257,10.0
2024-11-04,2024,South West,11_to_14,0.11619958988380041,10.0
2024-11-11,2024,South West,11_to_14,0.09569377990430622,10.0
2024-11-18,2024,South West,11_to_14,0.09911141490088858,10.0
2024-11-25,2024,South West,11_to_14,0.09911141490088858,10.0
2024-12-02,2024,South West,11_to_14,0.11278195488721804,10.0
2024-12-09,2024,South West,11_to_14,0.08885850991114148,10.0
2024-12-16,2024,South West,11_to_14,0.07518796992481203,10.0
2024-12-23,2024,South West,11_to_14,0.05468215994531784,10.0
2024-12-30,2024,South West,11_to_14,0.07518796992481203,10.0
2024-01-01,2024,South West,15_to_24,0.606971975393028,24.0
2024-01-08,2024,South West,15_to_24,0.5331510594668489,24.0
2024-01-15,2024,South West,15_to_24,0.43472317156527684,24.0
2024-01-22,2024,South West,15_to_24,0.5331510594668489,24.0
2024-01-29,2024,South West,15_to_24,0.5741626794258373,24.0
2024-02-05,2024,South West,15_to_24,0.5741626794258373,24.0
2024-02-12,2024,South West,15_to_24,0.582365003417635,24.0
2024-02-19,2024,South West,15_to_24,0.47573479152426523,24.0
2024-02-26,2024,South West,15_to_24,0.6397812713602188,24.0
2024-03-04,2024,South West,15_to_24,0.47573479152426523,24.0
2024-03-11,2024,South West,15_to_24,0.7218045112781954,24.0
2024-03-18,2024,South West,15_to_24,0.631578947368421,24.0
2024-03-25,2024,South West,15_to_24,0.5905673274094326,24.0
2024-04-01,2024,South West,15_to_24,0.7382091592617909,24.0
2024-04-08,2024,South West,15_to_24,0.8694463431305537,24.0
2024-04-15,2024,South West,15_to_24,0.6889952153110048,24.0
2024-04-22,2024,South West,15_to_24,0.6725905673274094,24.0
2024-04-29,2024,South West,15_to_24,0.6643882433356118,24.0
2024-05-06,2024,South West,15_to_24,0.7136021872863978,24.0
2024-05-13,2024,South West,15_to_24,0.8530416951469583,24.0
2024-05-20,2024,South West,15_to_24,0.7956254272043746,24.0
2024-05-27,2024,South West,15_to_24,0.582365003417635,24.0
2024-06-03,2024,South West,15_to_24,0.631578947368421,24.0
2024-06-10,2024,South West,15_to_24,0.47573479152426523,24.0
2024-06-17,2024,South West,15_to_24,0.6561859193438141,24.0
2024-06-24,2024,South West,15_to_24,0.5987696514012304,24.0
2024-07-01,2024,South West,15_to_24,0.631578947368421,24.0
2024-07-08,2024,South West,15_to_24,0.7136021872863978,24.0
2024-07-15,2024,South West,15_to_24,0.6889952153110048,24.0
2024-07-22,2024,South West,15_to_24,0.49213943950786054,24.0
2024-07-29,2024,South West,15_to_24,0.5495557074504442,24.0
2024-08-05,2024,South West,15_to_24,0.42652084757347913,24.0
2024-08-12,2024,South West,15_to_24,0.32809295967190705,24.0
2024-08-19,2024,South West,15_to_24,0.26247436773752564,24.0
2024-08-26,2024,South West,15_to_24,0.18865345181134655,24.0
2024-09-02,2024,South West,15_to_24,0.22966507177033493,24.0
2024-09-09,2024,South West,15_to_24,0.18865345181134655,24.0
2024-09-16,2024,South West,15_to_24,0.18865345181134655,24.0
2024-09-23,2024,South West,15_to_24,0.11483253588516747,24.0
2024-09-30,2024,South West,15_to_24,0.1394395078605605,24.0
2024-10-07,2024,South West,15_to_24,0.11483253588516747,24.0
2024-10-14,2024,South West,15_to_24,0.09842788790157211,24.0
2024-10-21,2024,South West,15_to_24,0.22146274777853725,24.0
2024-10-28,2024,South West,15_to_24,0.14764183185235816,24.0
2024-11-04,2024,South West,15_to_24,0.278879015721121,24.0
2024-11-11,2024,South West,15_to_24,0.22966507177033493,24.0
2024-11-18,2024,South West,15_to_24,0.23786739576213262,24.0
2024-11-25,2024,South West,15_to_24,0.23786739576213262,24.0
2024-12-02,2024,South West,15_to_24,0.2706766917293233,24.0
2024-12-09,2024,South West,15_to_24,0.21326042378673957,24.0
2024-12-16,2024,South West,15_to_24,0.18045112781954886,24.0
2024-12-23,2024,South West,15_to_24,0.13123718386876282,24.0
2024-12-30,2024,South West,15_to_24,0.18045112781954886,24.0
2024-01-01,2024,South West,1_to_4,0.252904989747095,10.0
2024-01-08,2024,South West,1_to_4,0.22214627477785373,10.0
2024-01-15,2024,South West,1_to_4,0.18113465481886534,10.0
2024-01-22,2024,South West,1_to_4,0.22214627477785373,10.0
2024-01-29,2024,South West,1_to_4,0.23923444976076555,10.0
2024-02-05,2024,South West,1_to_4,0.23923444976076555,10.0
2024-02-12,2024,South West,1_to_4,0.24265208475734792,10.0
2024-02-19,2024,South West,1_to_4,0.19822282980177716,10.0
2024-02-26,2024,South West,1_to_4,0.26657552973342447,10.0
2024-03-04,2024,South West,1_to_4,0.19822282980177716,10.0
2024-03-11,2024,South West,1_to_4,0.3007518796992481,10.0
2024-03-18,2024,South West,1_to_4,0.2631578947368421,10.0
2024-03-25,2024,South West,1_to_4,0.24606971975393027,10.0
2024-04-01,2024,South West,1_to_4,0.30758714969241285,10.0
2024-04-08,2024,South West,1_to_4,0.3622693096377307,10.0
2024-04-15,2024,South West,1_to_4,0.28708133971291866,10.0
2024-04-22,2024,South West,1_to_4,0.2802460697197539,10.0
2024-04-29,2024,South West,1_to_4,0.2768284347231716,10.0
2024-05-06,2024,South West,1_to_4,0.29733424470266573,10.0
2024-05-13,2024,South West,1_to_4,0.35543403964456594,10.0
2024-05-20,2024,South West,1_to_4,0.3315105946684894,10.0
2024-05-27,2024,South West,1_to_4,0.24265208475734792,10.0
2024-06-03,2024,South West,1_to_4,0.2631578947368421,10.0
2024-06-10,2024,South West,1_to_4,0.19822282980177716,10.0
2024-06-17,2024,South West,1_to_4,0.2734107997265892,10.0
2024-06-24,2024,South West,1_to_4,0.24948735475051265,10.0
2024-07-01,2024,South West,1_to_4,0.2631578947368421,10.0
2024-07-08,2024,South West,1_to_4,0.29733424470266573,10.0
2024-07-15,2024,South West,1_to_4,0.28708133971291866,10.0
2024-07-22,2024,South West,1_to_4,0.2050580997949419,10.0
2024-07-29,2024,South West,1_to_4,0.22898154477101845,10.0
2024-08-05,2024,South West,1_to_4,0.17771701982228297,10.0
2024-08-12,2024,South West,1_to_4,0.1367053998632946,10.0
2024-08-19,2024,South West,1_to_4,0.10936431989063568,10.0
2024-08-26,2024,South West,1_to_4,0.0786056049213944,10.0
2024-09-02,2024,South West,1_to_4,0.09569377990430622,10.0
2024-09-09,2024,South West,1_to_4,0.0786056049213944,10.0
2024-09-16,2024,South West,1_to_4,0.0786056049213944,10.0
2024-09-23,2024,South West,1_to_4,0.04784688995215311,10.0
2024-09-30,2024,South West,1_to_4,0.05809979494190021,10.0
2024-10-07,2024,South West,1_to_4,0.04784688995215311,10.0
2024-10-14,2024,South West,1_to_4,0.04101161995898838,10.0
2024-10-21,2024,South West,1_to_4,0.09227614490772386,10.0
2024-10-28,2024,South West,1_to_4,0.06151742993848257,10.0
2024-11-04,2024,South West,1_to_4,0.11619958988380041,10.0
2024-11-11,2024,South West,1_to_4,0.09569377990430622,10.0
2024-11-18,2024,South West,1_to_4,0.09911141490088858,10.0
2024-11-25,2024,South West,1_to_4,0.09911141490088858,10.0
2024-12-02,2024,South West,1_to_4,0.11278195488721804,10.0
2024-12-09,2024,South West,1_to_4,0.08885850991114148,10.0
2024-12-16,2024,South West,1_to_4,0.07518796992481203,10.0
2024-12-23,2024,South West,1_to_4,0.05468215994531784,10.0
2024-12-30,2024,South West,1_to_4,0.07518796992481203,10.0
2024-01-01,2024,South West,25_to_34,0.4805194805194805,19.0
2024-01-08,2024,South West,25_to_34,0.42207792207792205,19.0
2024-01-15,2024,South West,25_to_34,0.34415584415584416,19.0
2024-01-22,2024,South West,25_to_34,0.42207792207792205,19.0
2024-01-29,2024,South West,25_to_34,0.45454545454545453,19.0
2024-02-05,2024,South West,25_to_34,0.45454545454545453,19.0
2024-02-12,2024,South West,25_to_34,0.461038961038961,19.0
2024-02-19,2024,South West,25_to_34,0.37662337662337664,19.0
2024-02-26,2024,South West,25_to_34,0.5064935064935064,19.0
2024-03-04,2024,South West,25_to_34,0.37662337662337664,19.0
2024-03-11,2024,South West,25_to_34,0.5714285714285714,19.0
2024-03-18,2024,South West,25_to_34,0.5,19.0
2024-03-25,2024,South West,25_to_34,0.4675324675324675,19.0
2024-04-01,2024,South West,25_to_34,0.5844155844155844,19.0
2024-04-08,2024,South West,25_to_34,0.6883116883116883,19.0
2024-04-15,2024,South West,25_to_34,0.5454545454545454,19.0
2024-04-22,2024,South West,25_to_34,0.5324675324675324,19.0
2024-04-29,2024,South West,25_to_34,0.525974025974026,19.0
2024-05-06,2024,South West,25_to_34,0.564935064935065,19.0
2024-05-13,2024,South West,25_to_34,0.6753246753246753,19.0
2024-05-20,2024,South West,25_to_34,0.6298701298701299,19.0
2024-05-27,2024,South West,25_to_34,0.461038961038961,19.0
2024-06-03,2024,South West,25_to_34,0.5,19.0
2024-06-10,2024,South West,25_to_34,0.37662337662337664,19.0
2024-06-17,2024,South West,25_to_34,0.5194805194805194,19.0
2024-06-24,2024,South West,25_to_34,0.474025974025974,19.0
2024-07-01,2024,South West,25_to_34,0.5,19.0
2024-07-08,2024,South West,25_to_34,0.564935064935065,19.0
2024-07-15,2024,South West,25_to_34,0.5454545454545454,19.0
2024-07-22,2024,South West,25_to_34,0.38961038961038963,19.0
2024-07-29,2024,South West,25_to_34,0.43506493506493504,19.0
2024-08-05,2024,South West,25_to_34,0.33766233766233766,19.0
2024-08-12,2024,South West,25_to_34,0.2597402597402597,19.0
2024-08-19,2024,South West,25_to_34,0.2077922077922078,19.0
2024-08-26,2024,South West,25_to_34,0.14935064935064934,19.0
2024-09-02,2024,South West,25_to_34,0.18181818181818182,19.0
2024-09-09,2024,South West,25_to_34,0.14935064935064934,19.0
2024-09-16,2024,South West,25_to_34,0.14935064935064934,19.0
2024-09-23,2024,South West,25_to_34,0.09090909090909091,19.0
2024-09-30,2024,South West,25_to_34,0.11038961038961038,19.0
2024-10-07,2024,South West,25_to_34,0.09090909090909091,19.0
2024-10-14,2024,South West,25_to_34,0.07792207792207792,19.0
2024-10-21,2024,South West,25_to_34,0.17532467532467533,19.0
2024-10-28,2024,South West,25_to_34,0.11688311688311688,19.0
2024-11-04,2024,South West,25_to_34,0.22077922077922077,19.0
2024-11-11,2024,South West,25_to_34,0.18181818181818182,19.0
2024-11-18,2024,South West,25_to_34,0.18831168831168832,19.0
2024-11-25,2024,South West,25_to_34,0.18831168831168832,19.0
2024-12-02,2024,South West,25_to_34,0.21428571428571427,19.0
2024-12-09,2024,South West,25_to_34,0.16883116883116883,19.0
2024-12-16,2024,South West,25_to_34,0.14285714285714285,19.0
2024-12-23,2024,South West,25_to_34,0.1038961038961039,19.0
2024-12-30,2024,South West,25_to_34,0.14285714285714285,19.0
2024-01-01,2024,South West,35_and_over,0.4805194805194805,19.0
2024-01-08,2024,South West,35_and_over,0.42207792207792205,19.0
2024-01-15,2024,South West,35_and_over,0.34415584415584416,19.0
2024-01-22,2024,South West,35_and_over,0.42207792207792205,19.0
2024-01-29,2024,South West,35_and_over,0.45454545454545453,19.0
2024-02-05,2024,South West,35_and_over,0.45454545454545453,19.0
2024-02-12,2024,South West,35_and_over,0.461038961038961,19.0
2024-02-19,2024,South West,35_and_over,0.37662337662337664,19.0
2024-02-26,2024,South West,35_and_over,0.5064935064935064,19.0
2024-03-04,2024,South West,35_and_over,0.37662337662337664,19.0
2024-03-11,2024,South West,35_and_over,0.5714285714285714,19.0
2024-03-18,2024,South West,35_and_over,0.5,19.0
2024-03-25,2024,South West,35_and_over,0.4675324675324675,19.0
2024-04-01,2024,South West,35_and_over,0.5844155844155844,19.0
2024-04-08,2024,South West,35_and_over,0.6883116883116883,19.0
2024-04-15,2024,South West,35_and_over,0.5454545454545454,19.0
2024-04-22,2024,South West,35_and_over,0.5324675324675324,19.0
2024-04-29,2024,South West,35_and_over,0.525974025974026,19.0
2024-05-06,2024,South West,35_and_over,0.564935064935065,19.0
2024-05-13,2024,South West,35_and_over,0.6753246753246753,19.0
2024-05-20,2024,South West,35_and_over,0.6298701298701299,19.0
2024-05-27,2024,South West,35_and_over,0.461038961038961,19.0
2024-06-03,2024,South West,35_and_over,0.5,19.0
2024-06-10,2024,South West,35_and_over,0.37662337662337664,19.0
2024-06-17,2024,South West,35_and_over,0.5194805194805194,19.0
2024-06-24,2024,South West,35_and_over,0.474025974025974,19.0
2024-07-01,2024,South West,35_and_over,0.5,19.0
2024-07-08,2024,South West,35_and_over,0.564935064935065,19.0
2024-07-15,2024,South West,35_and_over,0.5454545454545454,19.0
2024-07-22,2024,South West,35_and_over,0.38961038961038963,19.0
2024-07-29,2024,South West,35_and_over,0.43506493506493504,19.0
2024-08-05,2024,South West,35_and_over,0.33766233766233766,19.0
2024-08-12,2024,South West,35_and_over,0.2597402597402597,19.0
2024-08-19,2024,South West,35_and_over,0.2077922077922078,19.0
2024-08-26,2024,South West,35_and_over,0.14935064935064934,19.0
2024-09-02,2024,South West,35_and_over,0.18181818181818182,19.0
2024-09-09,2024,South West,35_and_over,0.14935064935064934,19.0
2024-09-16,2024,South West,35_and_over,0.14935064935064934,19.0
2024-09-23,2024,South West,35_and_over,0.09090909090909091,19.0
2024-09-30,2024,South West,35_and_over,0.11038961038961038,19.0
2024-10-07,2024,South West,35_and_over,0.09090909090909091,19.0
2024-10-14,2024,South West,35_and_over,0.07792207792207792,19.0
2024-10-21,2024,South West,35_and_over,0.17532467532467533,19.0
2024-10-28,2024,South West,35_and_over,0.11688311688311688,19.0
2024-11-04,2024,South West,35_and_over,0.22077922077922077,19.0
2024-11-11,2024,South West,35_and_over,0.18181818181818182,19.0
2024-11-18,2024,South West,35_and_over,0.18831168831168832,19.0
2024-11-25,2024,South West,35_and_over,0.18831168831168832,19.0
2024-12-02,2024,South West,35_and_over,0.21428571428571427,19.0
2024-12-09,2024,South West,35_and_over,0.16883116883116883,19.0
2024-12-16,2024,South West,35_and_over,0.14285714285714285,19.0
2024-12-23,2024,South West,35_and_over,0.1038961038961039,19.0
2024-12-30,2024,South West,35_and_over,0.14285714285714285,19.0
2024-01-01,2024,South West,5_to_10,0.50580997949419,20.0
2024-01-08,2024,South West,5_to_10,0.44429254955570746,20.0
2024-01-15,2024,South West,5_to_10,0.3622693096377307,20.0
2024-01-22,2024,South West,5_to_10,0.44429254955570746,20.0
2024-01-29,2024,South West,5_to_10,0.4784688995215311,20.0
2024-02-05,2024,South West,5_to_10,0.4784688995215311,20.0
2024-02-12,2024,South West,5_to_10,0.48530416951469585,20.0
2024-02-19,2024,South West,5_to_10,0.3964456596035543,20.0
2024-02-26,2024,South West,5_to_10,0.5331510594668489,20.0
2024-03-04,2024,South West,5_to_10,0.3964456596035543,20.0
2024-03-11,2024,South West,5_to_10,0.6015037593984962,20.0
2024-03-18,2024,South West,5_to_10,0.5263157894736842,20.0
2024-03-25,2024,South West,5_to_10,0.49213943950786054,20.0
2024-04-01,2024,South West,5_to_10,0.6151742993848257,20.0
2024-04-08,2024,South West,5_to_10,0.7245386192754614,20.0
2024-04-15,2024,South West,5_to_10,0.5741626794258373,20.0
2024-04-22,2024,South West,5_to_10,0.5604921394395078,20.0
2024-04-29,2024,South West,5_to_10,0.5536568694463432,20.0
2024-05-06,2024,South West,5_to_10,0.5946684894053315,20.0
2024-05-13,2024,South West,5_to_10,0.7108680792891319,20.0
2024-05-20,2024,South West,5_to_10,0.6630211893369788,20.0
2024-05-27,2024,South West,5_to_10,0.48530416951469585,20.0
2024-06-03,2024,South West,5_to_10,0.5263157894736842,20.0
2024-06-10,2024,South West,5_to_10,0.3964456596035543,20.0
2024-06-17,2024,South West,5_to_10,0.5468215994531784,20.0
2024-06-24,2024,South West,5_to_10,0.4989747095010253,20.0
2024-07-01,2024,South West,5_to_10,0.5263157894736842,20.0
2024-07-08,2024,South West,5_to_10,0.5946684894053315,20.0
2024-07-15,2024,South West,5_to_10,0.5741626794258373,20.0
2024-07-22,2024,South West,5_to_10,0.4101161995898838,20.0
2024-07-29,2024,South West,5_to_10,0.4579630895420369,20.0
2024-08-05,2024,South West,5_to_10,0.35543403964456594,20.0
2024-08-12,2024,South West,5_to_10,0.2734107997265892,20.0
2024-08-19,2024,South West,5_to_10,0.21872863978127136,20.0
2024-08-26,2024,South West,5_to_10,0.1572112098427888,20.0
2024-09-02,2024,South West,5_to_10,0.19138755980861244,20.0
2024-09-09,2024,South West,5_to_10,0.1572112098427888,20.0
2024-09-16,2024,South West,5_to_10,0.1572112098427888,20.0
2024-09-23,2024,South West,5_to_10,0.09569377990430622,20.0
2024-09-30,2024,South West,5_to_10,0.11619958988380041,20.0
2024-10-07,2024,South West,5_to_10,0.09569377990430622,20.0
2024-10-14,2024,South West,5_to_10,0.08202323991797676,20.0
2024-10-21,2024,South West,5_to_10,0.18455228981544772,20.0
2024-10-28,2024,South West,5_to_10,0.12303485987696514,20.0
2024-11-04,2024,South West,5_to_10,0.23239917976760083,20.0
2024-11-11,2024,South West,5_to_10,0.19138755980861244,20.0
2024-11-18,2024,South West,5_to_10,0.19822282980177716,20.0
2024-11-25,2024,South West,5_to_10,0.19822282980177716,20.0
2024-12-02,2024,South West,5_to_10,0.22556390977443608,20.0
2024-12-09,2024,South West,5_to_10,0.17771701982228297,20.0
2024-12-16,2024,South West,5_to_10,0.15037593984962405,20.0
2024-12-23,2024,South West,5_to_10,0.10936431989063568,20.0
2024-12-30,2024,South West,5_to_10,0.15037593984962405,20.0
2024-01-01,2024,South West,under_1,0.252904989747095,10.0
2024-01-08,2024,South West,under_1,0.22214627477785373,10.0
2024-01-15,2024,South West,under_1,0.18113465481886534,10.0
2024-01-22,2024,South West,under_1,0.22214627477785373,10.0
2024-01-29,2024,South West,under_1,0.23923444976076555,10.0
2024-02-05,2024,South West,under_1,0.23923444976076555,10.0
2024-02-12,2024,South West,under_1,0.24265208475734792,10.0
2024-02-19,2024,South West,under_1,0.19822282980177716,10.0
2024-02-26,2024,South West,under_1,0.26657552973342447,10.0
2024-03-04,2024,South West,under_1,0.19822282980177716,10.0
2024-03-11,2024,South West,under_1,0.3007518796992481,10.0
2024-03-18,2024,South West,under_1,0.2631578947368421,10.0
2024-03-25,2024,South West,under_1,0.24606971975393027,10.0
2024-04-01,2024,South West,under_1,0.30758714969241285,10.0
2024-04-08,2024,South West,under_1,0.3622693096377307,10.0
2024-04-15,2024,South West,under_1,0.28708133971291866,10.0
2024-04-22,2024,South West,under_1,0.2802460697197539,10.0
2024-04-29,2024,South West,under_1,0.2768284347231716,10.0
2024-05-06,2024,South West,under_1,0.29733424470266573,10.0
2024-05-13,2024,South West,under_1,0.35543403964456594,10.0
2024-05-20,2024,South West,under_1,0.3315105946684894,10.0
2024-05-27,2024,South West,under_1,0.24265208475734792,10.0
2024-06-03,2024,South West,under_1,0.2631578947368421,10.0
2024-06-10,2024,South West,under_1,0.19822282980177716,10.0
2024-06-17,2024,South West,under_1,0.2734107997265892,10.0
2024-06-24,2024,South West,under_1,0.24948735475051265,10.0
2024-07-01,2024,South West,under_1,0.2631578947368421,10.0
2024-07-08,2024,South West,under_1,0.29733424470266573,10.0
2024-07-15,2024,South West,under_1,0.28708133971291866,10.0
2024-07-22,2024,South West,under_1,0.2050580997949419,10.0
2024-07-29,2024,South West,under_1,0.22898154477101845,10.0
2024-08-05,2024,South West,under_1,0.17771701982228297,10.0
2024-08-12,2024,South West,under_1,0.1367053998632946,10.0
2024-08-19,2024,South West,under_1,0.10936431989063568,10.0
2024-08-26,2024,South West,under_1,0.0786056049213944,10.0
2024-09-02,2024,South West,under_1,0.09569377990430622,10.0
2024-09-09,2024,South West,under_1,0.0786056049213944,10.0
2024-09-16,2024,South West,under_1,0.0786056049213944,10.0
2024-09-23,2024,South West,under_1,0.04784688995215311,10.0
2024-09-30,2024,South West,under_1,0.05809979494190021,10.0
2024-10-07,2024,South West,under_1,0.04784688995215311,10.0
2024-10-14,2024,South West,under_1,0.04101161995898838,10.0
2024-10-21,2024,South West,under_1,0.09227614490772386,10.0
2024-10-28,2024,South West,under_1,0.06151742993848257,10.0
2024-11-04,2024,South West,under_1,0.11619958988380041,10.0
2024-11-11,2024,South West,under_1,0.09569377990430622,10.0
2024-11-18,2024,South West,under_1,0.09911141490088858,10.0
2024-11-25,2024,South West,under_1,0.09911141490088858,10.0
2024-12-02,2024,South West,under_1,0.11278195488721804,10.0
2024-12-09,2024,South West,under_1,0.08885850991114148,10.0
2024-12-16,2024,South West,under_1,0.07518796992481203,10.0
2024-12-23,2024,South West,under_1,0.05468215994531784,10.0
2024-12-30,2024,South West,under_1,0.07518796992481203,10.0
2024-01-01,2024,West Midlands,11_to_14,1.2392344497607655,49.0
2024-01-08,2024,West Midlands,11_to_14,1.0885167464114833,49.0
2024-01-15,2024,West Midlands,11_to_14,0.8875598086124402,49.0
2024-01-22,2024,West Midlands,11_to_14,1.0885167464114833,49.0
2024-01-29,2024,West Midlands,11_to_14,1.1722488038277512,49.0
2024-02-05,2024,West Midlands,11_to_14,1.1722488038277512,49.0
2024-02-12,2024,West Midlands,11_to_14,1.1889952153110048,49.0
2024-02-19,2024,West Midlands,11_to_14,0.9712918660287081,49.0
2024-02-26,2024,West Midlands,11_to_14,1.30622009569378,49.0
2024-03-04,2024,West Midlands,11_to_14,0.9712918660287081,49.0
2024-03-11,2024,West Midlands,11_to_14,1.4736842105263157,49.0
2024-03-18,2024,West Midlands,11_to_14,1.2894736842105263,49.0
2024-03-25,2024,West Midlands,11_to_14,1.2057416267942584,49.0
2024-04-01,2024,West Midlands,11_to_14,1.507177033492823,49.0
2024-04-08,2024,West Midlands,11_to_14,1.7751196172248804,49.0
2024-04-15,2024,West Midlands,11_to_14,1.4066985645933014,49.0
2024-04-22,2024,West Midlands,11_to_14,1.3732057416267942,49.0
2024-04-29,2024,West Midlands,11_to_14,1.3564593301435406,49.0
2024-05-06,2024,West Midlands,11_to_14,1.4569377990430623,49.0
2024-05-13,2024,West Midlands,11_to_14,1.7416267942583732,49.0
2024-05-20,2024,West Midlands,11_to_14,1.624401913875598,49.0
2024-05-27,2024,West Midlands,11_to_14,1.1889952153110048,49.0
2024-06-03,2024,West Midlands,11_to_14,1.2894736842105263,49.0
2024-06-10,2024,West Midlands,11_to_14,0.9712918660287081,49.0
2024-06-17,2024,West Midlands,11_to_14,1.3397129186602872,49.0
2024-06-24,2024,West Midlands,11_to_14,1.222488038277512,49.0
2024-07-01,2024,West Midlands,11_to_14,1.2894736842105263,49.0
2024-07-08,2024,West Midlands,11_to_14,1.4569377990430623,49.0
2024-07-15,2024,West Midlands,11_to_14,1.4066985645933014,49.0
2024-07-22,2024,West Midlands,11_to_14,1.0047846889952152,49.0
2024-07-29,2024,West Midlands,11_to_14,1.1220095693779903,49.0
2024-08-05,2024,West Midlands,11_to_14,0.8708133971291866,49.0
2024-08-12,2024,West Midlands,11_to_14,0.6698564593301436,49.0
2024-08-19,2024,West Midlands,11_to_14,0.5358851674641149,49.0
2024-08-26,2024,West Midlands,11_to_14,0.38516746411483255,49.0
2024-09-02,2024,West Midlands,11_to_14,0.4688995215311005,49.0
2024-09-09,2024,West Midlands,11_to_14,0.38516746411483255,49.0
2024-09-16,2024,West Midlands,11_to_14,0.38516746411483255,49.0
2024-09-23,2024,West Midlands,11_to_14,0.23444976076555024,49.0
2024-09-30,2024,West Midlands,11_to_14,0.284688995215311,49.0
2024-10-07,2024,West Midlands,11_to_14,0.23444976076555024,49.0
2024-10-14,2024,West Midlands,11_to_14,0.20095693779904306,49.0
2024-10-21,2024,West Midlands,11_to_14,0.45215311004784686,49.0
2024-10-28,2024,West Midlands,11_to_14,0.3014354066985646,49.0
2024-11-04,2024,West Midlands,11_to_14,0.569377990430622,49.0
2024-11-11,2024,West Midlands,11_to_14,0.4688995215311005,49.0
2024-11-18,2024,West Midlands,11_to_14,0.48564593301435405,49.0
2024-11-25,2024,West Midlands,11_to_14,0.48564593301435405,49.0
2024-12-02,2024,West Midlands,11_to_14,0.5526315789473685,49.0
2024-12-09,2024,West Midlands,11_to_14,0.4354066985645933,49.0
2024-12-16,2024,West Midlands,11_to_14,0.3684210526315789,49.0
2024-12-23,2024,West Midlands,11_to_14,0.2679425837320574,49.0
2024-12-30,2024,West Midlands,11_to_14,0.3684210526315789,49.0
2024-01-01,2024,West Midlands,15_to_24,2.124401913875598,84.0
2024-01-08,2024,West Midlands,15_to_24,1.8660287081339713,84.0
2024-01-15,2024,West Midlands,15_to_24,1.5215311004784688,84.0
2024-01-22,2024,West Midlands,15_to_24,1.8660287081339713,84.0
2024-01-29,2024,West Midlands,15_to_24,2.0095693779904304,84.0
2024-02-05,2024,West Midlands,15_to_24,2.0095693779904304,84.0
2024-02-12,2024,West Midlands,15_to_24,2.0382775119617227,84.0
2024-02-19,2024,West Midlands,15_to_24,1.6650717703349283,84.0
2024-02-26,2024,West Midlands,15_to_24,2.2392344497607657,84.0
2024-03-04,2024,West Midlands,15_to_24,1.6650717703349283,84.0
2024-03-11,2024,West Midlands,15_to_24,2.526315789473684,84.0
2024-03-18,2024,West Midlands,15_to_24,2.210526315789474,84.0
2024-03-25,2024,West Midlands,15_to_24,2.0669856459330145,84.0
2024-04-01,2024,West Midlands,15_to_24,2.583732057416268,84.0
2024-04-08,2024,West Midlands,15_to_24,3.0430622009569377,84.0
2024-04-15,2024,West Midlands,15_to_24,2.411483253588517,84.0
2024-04-22,2024,West Midlands,15_to_24,2.354066985645933,84.0
2024-04-29,2024,West Midlands,15_to_24,2.325358851674641,84.0
2024-05-06,2024,West Midlands,15_to_24,2.4976076555023923,84.0
2024-05-13,2024,West Midlands,15_to_24,2.985645933014354,84.0
2024-05-20,2024,West Midlands,15_to_24,2.784688995215311,84.0
2024-05-27,2024,West Midlands,15_to_24,2.0382775119617227,84.0
2024-06-03,2024,West Midlands,15_to_24,2.210526315789474,84.0
2024-06-10,2024,West Midlands,15_to_24,1.6650717703349283,84.0
2024-06-17,2024,West Midlands,15_to_24,2.2966507177033493,84.0
2024-06-24,2024,West Midlands,15_to_24,2.0956937799043063,84.0
2024-07-01,2024,West Midlands,15_to_24,2.210526315789474,84.0
2024-07-08,2024,West Midlands,15_to_24,2.4976076555023923,84.0
2024-07-15,2024,West Midlands,15_to_24,2.411483253588517,84.0
2024-07-22,2024,West Midlands,15_to_24,1.722488038277512,84.0
2024-07-29,2024,West Midlands,15_to_24,1.923444976076555,84.0
2024-08-05,2024,West Midlands,15_to_24,1.492822966507177,84.0
2024-08-12,2024,West Midlands,15_to_24,1.1483253588516746,84.0
2024-08-19,2024,West Midlands,15_to_24,0.9186602870813397,84.0
2024-08-26,2024,West Midlands,15_to_24,0.6602870813397129,84.0
2024-09-02,2024,West Midlands,15_to_24,0.8038277511961722,84.0
2024-09-09,2024,West Midlands,15_to_24,0.6602870813397129,84.0
2024-09-16,2024,West Midlands,15_to_24,0.6602870813397129,84.0
2024-09-23,2024,West Midlands,15_to_24,0.4019138755980861,84.0
2024-09-30,2024,West Midlands,15_to_24,0.4880382775119617,84.0
2024-10-07,2024,West Midlands,15_to_24,0.4019138755980861,84.0
2024-10-14,2024,West Midlands,15_to_24,0.3444976076555024,84.0
2024-10-21,2024,West Midlands,15_to_24,0.7751196172248804,84.0
2024-10-28,2024,West Midlands,15_to_24,0.5167464114832536,84.0
2024-11-04,2024,West Midlands,15_to_24,0.9760765550239234,84.0
2024-11-11,2024,West Midlands,15_to_24,0.8038277511961722,84.0
2024-11-18,2024,West Midlands,15_to_24,0.8325358851674641,84.0
2024-11-25,2024,West Midlands,15_to_24,0.8325358851674641,84.0
2024-12-02,2024,West Midlands,15_to_24,0.9473684210526315,84.0
2024-12-09,2024,West Midlands,15_to_24,0.7464114832535885,84.0
2024-12-16,2024,West Midlands,15_to_24,0.631578947368421,84.0
2024-12-23,2024,West Midlands,15_to_24,0.45933014354066987,84.0
2024-12-30,2024,West Midlands,15_to_24,0.631578947368421,84.0
2024-01-01,2024,West Midlands,1_to_4,3.9706083390293916,157.0
2024-01-08,2024,West Midlands,1_to_4,3.4876965140123035,157.0
2024-01-15,2024,West Midlands,1_to_4,2.843814080656186,157.0
2024-01-22,2024,West Midlands,1_to_4,3.4876965140123035,157.0
2024-01-29,2024,West Midlands,1_to_4,3.7559808612440193,157.0
2024-02-05,2024,West Midlands,1_to_4,3.7559808612440193,157.0
2024-02-12,2024,West Midlands,1_to_4,3.8096377306903624,157.0
2024-02-19,2024,West Midlands,1_to_4,3.1120984278879016,157.0
2024-02-26,2024,West Midlands,1_to_4,4.185235816814764,157.0
2024-03-04,2024,West Midlands,1_to_4,3.1120984278879016,157.0
2024-03-11,2024,West Midlands,1_to_4,4.7218045112781954,157.0
2024-03-18,2024,West Midlands,1_to_4,4.131578947368421,157.0
2024-03-25,2024,West Midlands,1_to_4,3.8632946001367054,157.0
2024-04-01,2024,West Midlands,1_to_4,4.829118250170882,157.0
2024-04-08,2024,West Midlands,1_to_4,5.687628161312372,157.0
2024-04-15,2024,West Midlands,1_to_4,4.507177033492823,157.0
2024-04-22,2024,West Midlands,1_to_4,4.399863294600137,157.0
2024-04-29,2024,West Midlands,1_to_4,4.3462064251537935,157.0
2024-05-06,2024,West Midlands,1_to_4,4.668147641831852,157.0
2024-05-13,2024,West Midlands,1_to_4,5.5803144224196854,157.0
2024-05-20,2024,West Midlands,1_to_4,5.2047163362952835,157.0
2024-05-27,2024,West Midlands,1_to_4,3.8096377306903624,157.0
2024-06-03,2024,West Midlands,1_to_4,4.131578947368421,157.0
2024-06-10,2024,West Midlands,1_to_4,3.1120984278879016,157.0
2024-06-17,2024,West Midlands,1_to_4,4.29254955570745,157.0
2024-06-24,2024,West Midlands,1_to_4,3.9169514695830485,157.0
2024-07-01,2024,West Midlands,1_to_4,4.131578947368421,157.0
2024-07-08,2024,West Midlands,1_to_4,4.668147641831852,157.0
2024-07-15,2024,West Midlands,1_to_4,4.507177033492823,157.0
2024-07-22,2024,West Midlands,1_to_4,3.2194121667805877,157.0
2024-07-29,2024,West Midlands,1_to_4,3.5950102529049897,157.0
2024-08-05,2024,West Midlands,1_to_4,2.7901572112098427,157.0
2024-08-12,2024,West Midlands,1_to_4,2.146274777853725,157.0
2024-08-19,2024,West Midlands,1_to_4,1.7170198222829802,157.0
2024-08-26,2024,West Midlands,1_to_4,1.234107997265892,157.0
2024-09-02,2024,West Midlands,1_to_4,1.5023923444976077,157.0
2024-09-09,2024,West Midlands,1_to_4,1.234107997265892,157.0
2024-09-16,2024,West Midlands,1_to_4,1.234107997265892,157.0
2024-09-23,2024,West Midlands,1_to_4,0.7511961722488039,157.0
2024-09-30,2024,West Midlands,1_to_4,0.9121667805878332,157.0
2024-10-07,2024,West Midlands,1_to_4,0.7511961722488039,157.0
2024-10-14,2024,West Midlands,1_to_4,0.6438824333561176,157.0
2024-10-21,2024,West Midlands,1_to_4,1.4487354750512644,157.0
2024-10-28,2024,West Midlands,1_to_4,0.9658236500341764,157.0
2024-11-04,2024,West Midlands,1_to_4,1.8243335611756664,157.0
2024-11-11,2024,West Midlands,1_to_4,1.5023923444976077,157.0
2024-11-18,2024,West Midlands,1_to_4,1.5560492139439508,157.0
2024-11-25,2024,West Midlands,1_to_4,1.5560492139439508,157.0
2024-12-02,2024,West Midlands,1_to_4,1.7706766917293233,157.0
2024-12-09,2024,West Midlands,1_to_4,1.3950786056049214,157.0
2024-12-16,2024,West Midlands,1_to_4,1.1804511278195489,157.0
2024-12-23,2024,West Midlands,1_to_4,0.8585099111414901,157.0
2024-12-30,2024,West Midlands,1_to_4,1.1804511278195489,157.0
2024-01-01,2024,West Midlands,25_to_34,1.1886534518113465,47.0
2024-01-08,2024,West Midlands,25_to_34,1.0440874914559124,47.0
2024-01-15,2024,West Midlands,25_to_34,0.8513328776486672,47.0
2024-01-22,2024,West Midlands,25_to_34,1.0440874914559124,47.0
2024-01-29,2024,West Midlands,25_to_34,1.124401913875598,47.0
2024-02-05,2024,West Midlands,25_to_34,1.124401913875598,47.0
2024-02-12,2024,West Midlands,25_to_34,1.1404647983595353,47.0
2024-02-19,2024,West Midlands,25_to_34,0.9316473000683527,47.0
2024-02-26,2024,West Midlands,25_to_34,1.252904989747095,47.0
2024-03-04,2024,West Midlands,25_to_34,0.9316473000683527,47.0
2024-03-11,2024,West Midlands,25_to_34,1.413533834586466,47.0
2024-03-18,2024,West Midlands,25_to_34,1.236842105263158,47.0
2024-03-25,2024,West Midlands,25_to_34,1.1565276828434723,47.0
2024-04-01,2024,West Midlands,25_to_34,1.4456596035543403,47.0
2024-04-08,2024,West Midlands,25_to_34,1.7026657552973343,47.0
2024-04-15,2024,West Midlands,25_to_34,1.3492822966507176,47.0
2024-04-22,2024,West Midlands,25_to_34,1.3171565276828434,47.0
2024-04-29,2024,West Midlands,25_to_34,1.3010936431989064,47.0
2024-05-06,2024,West Midlands,25_to_34,1.397470950102529,47.0
2024-05-13,2024,West Midlands,25_to_34,1.67053998632946,47.0
2024-05-20,2024,West Midlands,25_to_34,1.5580997949419002,47.0
2024-05-27,2024,West Midlands,25_to_34,1.1404647983595353,47.0
2024-06-03,2024,West Midlands,25_to_34,1.236842105263158,47.0
2024-06-10,2024,West Midlands,25_to_34,0.9316473000683527,47.0
2024-06-17,2024,West Midlands,25_to_34,1.2850307587149692,47.0
2024-06-24,2024,West Midlands,25_to_34,1.1725905673274095,47.0
2024-07-01,2024,West Midlands,25_to_34,1.236842105263158,47.0
2024-07-08,2024,West Midlands,25_to_34,1.397470950102529,47.0
2024-07-15,2024,West Midlands,25_to_34,1.3492822966507176,47.0
2024-07-22,2024,West Midlands,25_to_34,0.963773069036227,47.0
2024-07-29,2024,West Midlands,25_to_34,1.0762132604237868,47.0
2024-08-05,2024,West Midlands,25_to_34,0.83526999316473,47.0
2024-08-12,2024,West Midlands,25_to_34,0.6425153793574846,47.0
2024-08-19,2024,West Midlands,25_to_34,0.5140123034859877,47.0
2024-08-26,2024,West Midlands,25_to_34,0.36944634313055363,47.0
2024-09-02,2024,West Midlands,25_to_34,0.44976076555023925,47.0
2024-09-09,2024,West Midlands,25_to_34,0.36944634313055363,47.0
2024-09-16,2024,West Midlands,25_to_34,0.36944634313055363,47.0
2024-09-23,2024,West Midlands,25_to_34,0.22488038277511962,47.0
2024-09-30,2024,West Midlands,25_to_34,0.27306903622693096,47.0
2024-10-07,2024,West Midlands,25_to_34,0.22488038277511962,47.0
2024-10-14,2024,West Midlands,25_to_34,0.19275461380724537,47.0
2024-10-21,2024,West Midlands,25_to_34,0.43369788106630214,47.0
2024-10-28,2024,West Midlands,25_to_34,0.2891319207108681,47.0
2024-11-04,2024,West Midlands,25_to_34,0.5461380724538619,47.0
2024-11-11,2024,West Midlands,25_to_34,0.44976076555023925,47.0
2024-11-18,2024,West Midlands,25_to_34,0.46582365003417636,47.0
2024-11-25,2024,West Midlands,25_to_34,0.46582365003417636,47.0
2024-12-02,2024,West Midlands,25_to_34,0.5300751879699248,47.0
2024-12-09,2024,West Midlands,25_to_34,0.417634996582365,47.0
2024-12-16,2024,West Midlands,25_to_34,0.3533834586466165,47.0
2024-12-23,2024,West Midlands,25_to_34,0.25700615174299385,47.0
2024-12-30,2024,West Midlands,25_to_34,0.3533834586466165,47.0
2024-01-01,2024,West Midlands,35_and_over,0.9863294600136705,39.0
2024-01-08,2024,West Midlands,35_and_over,0.8663704716336296,39.0
2024-01-15,2024,West Midlands,35_and_over,0.7064251537935748,39.0
2024-01-22,2024,West Midlands,35_and_over,0.8663704716336296,39.0
2024-01-29,2024,West Midlands,35_and_over,0.9330143540669856,39.0
2024-02-05,2024,West Midlands,35_and_over,0.9330143540669856,39.0
2024-02-12,2024,West Midlands,35_and_over,0.9463431305536568,39.0
2024-02-19,2024,West Midlands,35_and_over,0.773069036226931,39.0
2024-02-26,2024,West Midlands,35_and_over,1.0396445659603555,39.0
2024-03-04,2024,West Midlands,35_and_over,0.773069036226931,39.0
2024-03-11,2024,West Midlands,35_and_over,1.1729323308270676,39.0
2024-03-18,2024,West Midlands,35_and_over,1.0263157894736843,39.0
2024-03-25,2024,West Midlands,35_and_over,0.9596719070403281,39.0
2024-04-01,2024,West Midlands,35_and_over,1.1995898838004102,39.0
2024-04-08,2024,West Midlands,35_and_over,1.4128503075871497,39.0
2024-04-15,2024,West Midlands,35_and_over,1.1196172248803828,39.0
2024-04-22,2024,West Midlands,35_and_over,1.0929596719070402,39.0
2024-04-29,2024,West Midlands,35_and_over,1.079630895420369,39.0
2024-05-06,2024,West Midlands,35_and_over,1.1596035543403964,39.0
2024-05-13,2024,West Midlands,35_and_over,1.3861927546138073,39.0
2024-05-20,2024,West Midlands,35_and_over,1.2928913192071088,39.0
2024-05-27,2024,West Midlands,35_and_over,0.9463431305536568,39.0
2024-06-03,2024,West Midlands,35_and_over,1.0263157894736843,39.0
2024-06-10,2024,West Midlands,35_and_over,0.773069036226931,39.0
2024-06-17,2024,West Midlands,35_and_over,1.0663021189336979,39.0
2024-06-24,2024,West Midlands,35_and_over,0.9730006835269993,39.0
2024-07-01,2024,West Midlands,35_and_over,1.0263157894736843,39.0
2024-07-08,2024,West Midlands,35_and_over,1.1596035543403964,39.0
2024-07-15,2024,West Midlands,35_and_over,1.1196172248803828,39.0
2024-07-22,2024,West Midlands,35_and_over,0.7997265892002734,39.0
2024-07-29,2024,West Midlands,35_and_over,0.893028024606972,39.0
2024-08-05,2024,West Midlands,35_and_over,0.6930963773069037,39.0
2024-08-12,2024,West Midlands,35_and_over,0.5331510594668489,39.0
2024-08-19,2024,West Midlands,35_and_over,0.42652084757347913,39.0
2024-08-26,2024,West Midlands,35_and_over,0.30656185919343815,39.0
2024-09-02,2024,West Midlands,35_and_over,0.37320574162679426,39.0
2024-09-09,2024,West Midlands,35_and_over,0.30656185919343815,39.0
2024-09-16,2024,West Midlands,35_and_over,0.30656185919343815,39.0
2024-09-23,2024,West Midlands,35_and_over,0.18660287081339713,39.0
2024-09-30,2024,West Midlands,35_and_over,0.2265892002734108,39.0
2024-10-07,2024,West Midlands,35_and_over,0.18660287081339713,39.0
2024-10-14,2024,West Midlands,35_and_over,0.1599453178400547,39.0
2024-10-21,2024,West Midlands,35_and_over,0.359876965140123,39.0
2024-10-28,2024,West Midlands,35_and_over,0.23991797676008203,39.0
2024-11-04,2024,West Midlands,35_and_over,0.4531784005468216,39.0
2024-11-11,2024,West Midlands,35_and_over,0.37320574162679426,39.0
2024-11-18,2024,West Midlands,35_and_over,0.3865345181134655,39.0
2024-11-25,2024,West Midlands,35_and_over,0.3865345181134655,39.0
2024-12-02,2024,West Midlands,35_and_over,0.4398496240601504,39.0
2024-12-09,2024,West Midlands,35_and_over,0.3465481886534518,39.0
2024-12-16,2024,West Midlands,35_and_over,0.2932330827067669,39.0
2024-12-23,2024,West Midlands,35_and_over,0.21326042378673957,39.0
2024-12-30,2024,West Midlands,35_and_over,0.2932330827067669,39.0
2024-01-01,2024,West Midlands,5_to_10,2.933697881066302,116.0
2024-01-08,2024,West Midlands,5_to_10,2.5768967874231032,116.0
2024-01-15,2024,West Midlands,5_to_10,2.101161995898838,116.0
2024-01-22,2024,West Midlands,5_to_10,2.5768967874231032,116.0
2024-01-29,2024,West Midlands,5_to_10,2.77511961722488,116.0
2024-02-05,2024,West Midlands,5_to_10,2.77511961722488,116.0
2024-02-12,2024,West Midlands,5_to_10,2.8147641831852357,116.0
2024-02-19,2024,West Midlands,5_to_10,2.2993848257006153,116.0
2024-02-26,2024,West Midlands,5_to_10,3.092276144907724,116.0
2024-03-04,2024,West Midlands,5_to_10,2.2993848257006153,116.0
2024-03-11,2024,West Midlands,5_to_10,3.488721804511278,116.0
2024-03-18,2024,West Midlands,5_to_10,3.0526315789473686,116.0
2024-03-25,2024,West Midlands,5_to_10,2.854408749145591,116.0
2024-04-01,2024,West Midlands,5_to_10,3.568010936431989,116.0
2024-04-08,2024,West Midlands,5_to_10,4.202323991797676,116.0
2024-04-15,2024,West Midlands,5_to_10,3.3301435406698565,116.0
2024-04-22,2024,West Midlands,5_to_10,3.2508544087491456,116.0
2024-04-29,2024,West Midlands,5_to_10,3.21120984278879,116.0
2024-05-06,2024,West Midlands,5_to_10,3.449077238550923,116.0
2024-05-13,2024,West Midlands,5_to_10,4.123034859876965,116.0
2024-05-20,2024,West Midlands,5_to_10,3.845522898154477,116.0
2024-05-27,2024,West Midlands,5_to_10,2.8147641831852357,116.0
2024-06-03,2024,West Midlands,5_to_10,3.0526315789473686,116.0
2024-06-10,2024,West Midlands,5_to_10,2.2993848257006153,116.0
2024-06-17,2024,West Midlands,5_to_10,3.1715652768284346,116.0
2024-06-24,2024,West Midlands,5_to_10,2.8940533151059467,116.0
2024-07-01,2024,West Midlands,5_to_10,3.0526315789473686,116.0
2024-07-08,2024,West Midlands,5_to_10,3.449077238550923,116.0
2024-07-15,2024,West Midlands,5_to_10,3.3301435406698565,116.0
2024-07-22,2024,West Midlands,5_to_10,2.378673957621326,116.0
2024-07-29,2024,West Midlands,5_to_10,2.656185919343814,116.0
2024-08-05,2024,West Midlands,5_to_10,2.0615174299384824,116.0
2024-08-12,2024,West Midlands,5_to_10,1.5857826384142173,116.0
2024-08-19,2024,West Midlands,5_to_10,1.2686261107313739,116.0
2024-08-26,2024,West Midlands,5_to_10,0.911825017088175,116.0
2024-09-02,2024,West Midlands,5_to_10,1.1100478468899522,116.0
2024-09-09,2024,West Midlands,5_to_10,0.911825017088175,116.0
2024-09-16,2024,West Midlands,5_to_10,0.911825017088175,116.0
2024-09-23,2024,West Midlands,5_to_10,0.5550239234449761,116.0
2024-09-30,2024,West Midlands,5_to_10,0.6739576213260424,116.0
2024-10-07,2024,West Midlands,5_to_10,0.5550239234449761,116.0
2024-10-14,2024,West Midlands,5_to_10,0.47573479152426523,116.0
2024-10-21,2024,West Midlands,5_to_10,1.0704032809295967,116.0
2024-10-28,2024,West Midlands,5_to_10,0.7136021872863978,116.0
2024-11-04,2024,West Midlands,5_to_10,1.3479152426520848,116.0
2024-11-11,2024,West Midlands,5_to_10,1.1100478468899522,116.0
2024-11-18,2024,West Midlands,5_to_10,1.1496924128503077,116.0
2024-11-25,2024,West Midlands,5_to_10,1.1496924128503077,116.0
2024-12-02,2024,West Midlands,5_to_10,1.3082706766917294,116.0
2024-12-09,2024,West Midlands,5_to_10,1.0307587149692412,116.0
2024-12-16,2024,West Midlands,5_to_10,0.8721804511278195,116.0
2024-12-23,2024,West Midlands,5_to_10,0.6343130553656869,116.0
2024-12-30,2024,West Midlands,5_to_10,0.8721804511278195,116.0
2024-01-01,2024,West Midlands,under_1,1.770334928229665,70.0
2024-01-08,2024,West Midlands,under_1,1.555023923444976,70.0
2024-01-15,2024,West Midlands,under_1,1.2679425837320575,70.0
2024-01-22,2024,West Midlands,under_1,1.555023923444976,70.0
2024-01-29,2024,West Midlands,under_1,1.674641148325359,70.0
2024-02-05,2024,West Midlands,under_1,1.674641148325359,70.0
2024-02-12,2024,West Midlands,under_1,1.6985645933014355,70.0
2024-02-19,2024,West Midlands,under_1,1.38755980861244,70.0
2024-02-26,2024,West Midlands,under_1,1.8660287081339713,70.0
2024-03-04,2024,West Midlands,under_1,1.38755980861244,70.0
2024-03-11,2024,West Midlands,under_1,2.1052631578947367,70.0
2024-03-18,2024,West Midlands,under_1,1.8421052631578947,70.0
2024-03-25,2024,West Midlands,under_1,1.722488038277512,70.0
2024-04-01,2024,West Midlands,under_1,2.15311004784689,70.0
2024-04-08,2024,West Midlands,under_1,2.535885167464115,70.0
2024-04-15,2024,West Midlands,under_1,2.0095693779904304,70.0
2024-04-22,2024,West Midlands,under_1,1.9617224880382775,70.0
2024-04-29,2024,West Midlands,under_1,1.937799043062201,70.0
2024-05-06,2024,West Midlands,under_1,2.0813397129186604,70.0
2024-05-13,2024,West Midlands,under_1,2.488038277511962,70.0
2024-05-20,2024,West Midlands,under_1,2.3205741626794256,70.0
2024-05-27,2024,West Midlands,under_1,1.6985645933014355,70.0
2024-06-03,2024,West Midlands,under_1,1.8421052631578947,70.0
2024-06-10,2024,West Midlands,under_1,1.38755980861244,70.0
2024-06-17,2024,West Midlands,under_1,1.9138755980861244,70.0
2024-06-24,2024,West Midlands,under_1,1.7464114832535884,70.0
2024-07-01,2024,West Midlands,under_1,1.8421052631578947,70.0
2024-07-08,2024,West Midlands,under_1,2.0813397129186604,70.0
2024-07-15,2024,West Midlands,under_1,2.0095693779904304,70.0
2024-07-22,2024,West Midlands,under_1,1.4354066985645932,70.0
2024-07-29,2024,West Midlands,under_1,1.6028708133971292,70.0
2024-08-05,2024,West Midlands,under_1,1.244019138755981,70.0
2024-08-12,2024,West Midlands,under_1,0.9569377990430622,70.0
2024-08-19,2024,West Midlands,under_1,0.7655502392344498,70.0
2024-08-26,2024,West Midlands,under_1,0.5502392344497608,70.0
2024-09-02,2024,West Midlands,under_1,0.6698564593301436,70.0
2024-09-09,2024,West Midlands,under_1,0.5502392344497608,70.0
2024-09-16,2024,West Midlands,under_1,0.5502392344497608,70.0
2024-09-23,2024,West Midlands,under_1,0.3349282296650718,70.0
2024-09-30,2024,West Midlands,under_1,0.40669856459330145,70.0
2024-10-07,2024,West Midlands,under_1,0.3349282296650718,70.0
2024-10-14,2024,West Midlands,under_1,0.28708133971291866,70.0
2024-10-21,2024,West Midlands,under_1,0.645933014354067,70.0
2024-10-28,2024,West Midlands,under_1,0.430622009569378,70.0
2024-11-04,2024,West Midlands,under_1,0.8133971291866029,70.0
2024-11-11,2024,West Midlands,under_1,0.6698564593301436,70.0
2024-11-18,2024,West Midlands,under_1,0.69377990430622,70.0
2024-11-25,2024,West Midlands,under_1,0.69377990430622,70.0
2024-12-02,2024,West Midlands,under_1,0.7894736842105263,70.0
2024-12-09,2024,West Midlands,under_1,0.6220095693779905,70.0
2024-12-16,2024,West Midlands,under_1,0.5263157894736842,70.0
2024-12-23,2024,West Midlands,under_1,0.3827751196172249,70.0
2024-12-30,2024,West Midlands,under_1,0.5263157894736842,70.0
2024-01-01,2024,Yorkshire and The Humber,11_to_14,0.22761449077238552,9.0
2024-01-08,2024,Yorkshire and The Humber,11_to_14,0.19993164730006835,9.0
2024-01-15,2024,Yorkshire and The Humber,11_to_14,0.16302118933697882,9.0
2024-01-22,2024,Yorkshire and The Humber,11_to_14,0.19993164730006835,9.0
2024-01-29,2024,Yorkshire and The Humber,11_to_14,0.215311004784689,9.0
2024-02-05,2024,Yorkshire and The Humber,11_to_14,0.215311004784689,9.0
2024-02-12,2024,Yorkshire and The Humber,11_to_14,0.21838687628161313,9.0
2024-02-19,2024,Yorkshire and The Humber,11_to_14,0.17840054682159945,9.0
2024-02-26,2024,Yorkshire and The Humber,11_to_14,0.23991797676008203,9.0
2024-03-04,2024,Yorkshire and The Humber,11_to_14,0.17840054682159945,9.0
2024-03-11,2024,Yorkshire and The Humber,11_to_14,0.2706766917293233,9.0
2024-03-18,2024,Yorkshire and The Humber,11_to_14,0.23684210526315788,9.0
2024-03-25,2024,Yorkshire and The Humber,11_to_14,0.22146274777853725,9.0
2024-04-01,2024,Yorkshire and The Humber,11_to_14,0.2768284347231716,9.0
2024-04-08,2024,Yorkshire and The Humber,11_to_14,0.32604237867395763,9.0
2024-04-15,2024,Yorkshire and The Humber,11_to_14,0.2583732057416268,9.0
2024-04-22,2024,Yorkshire and The Humber,11_to_14,0.2522214627477785,9.0
2024-04-29,2024,Yorkshire and The Humber,11_to_14,0.24914559125085442,9.0
2024-05-06,2024,Yorkshire and The Humber,11_to_14,0.2676008202323992,9.0
2024-05-13,2024,Yorkshire and The Humber,11_to_14,0.3198906356801094,9.0
2024-05-20,2024,Yorkshire and The Humber,11_to_14,0.2983595352016405,9.0
2024-05-27,2024,Yorkshire and The Humber,11_to_14,0.21838687628161313,9.0
2024-06-03,2024,Yorkshire and The Humber,11_to_14,0.23684210526315788,9.0
2024-06-10,2024,Yorkshire and The Humber,11_to_14,0.17840054682159945,9.0
2024-06-17,2024,Yorkshire and The Humber,11_to_14,0.24606971975393027,9.0
2024-06-24,2024,Yorkshire and The Humber,11_to_14,0.22453861927546137,9.0
2024-07-01,2024,Yorkshire and The Humber,11_to_14,0.23684210526315788,9.0
2024-07-08,2024,Yorkshire and The Humber,11_to_14,0.2676008202323992,9.0
2024-07-15,2024,Yorkshire and The Humber,11_to_14,0.2583732057416268,9.0
2024-07-22,2024,Yorkshire and The Humber,11_to_14,0.18455228981544772,9.0
2024-07-29,2024,Yorkshire and The Humber,11_to_14,0.20608339029391662,9.0
2024-08-05,2024,Yorkshire and The Humber,11_to_14,0.1599453178400547,9.0
2024-08-12,2024,Yorkshire and The Humber,11_to_14,0.12303485987696514,9.0
2024-08-19,2024,Yorkshire and The Humber,11_to_14,0.09842788790157211,9.0
2024-08-26,2024,Yorkshire and The Humber,11_to_14,0.07074504442925496,9.0
2024-09-02,2024,Yorkshire and The Humber,11_to_14,0.0861244019138756,9.0
2024-09-09,2024,Yorkshire and The Humber,11_to_14,0.07074504442925496,9.0
2024-09-16,2024,Yorkshire and The Humber,11_to_14,0.07074504442925496,9.0
2024-09-23,2024,Yorkshire and The Humber,11_to_14,0.0430622009569378,9.0
2024-09-30,2024,Yorkshire and The Humber,11_to_14,0.052289815447710185,9.0
2024-10-07,2024,Yorkshire and The Humber,11_to_14,0.0430622009569378,9.0
2024-10-14,2024,Yorkshire and The Humber,11_to_14,0.03691045796308954,9.0
2024-10-21,2024,Yorkshire and The Humber,11_to_14,0.08304853041695147,9.0
2024-10-28,2024,Yorkshire and The Humber,11_to_14,0.05536568694463431,9.0
2024-11-04,2024,Yorkshire and The Humber,11_to_14,0.10457963089542037,9.0
2024-11-11,2024,Yorkshire and The Humber,11_to_14,0.0861244019138756,9.0
2024-11-18,2024,Yorkshire and The Humber,11_to_14,0.08920027341079972,9.0
2024-11-25,2024,Yorkshire and The Humber,11_to_14,0.08920027341079972,9.0
2024-12-02,2024,Yorkshire and The Humber,11_to_14,0.10150375939849623,9.0
2024-12-09,2024,Yorkshire and The Humber,11_to_14,0.07997265892002735,9.0
2024-12-16,2024,Yorkshire and The Humber,11_to_14,0.06766917293233082,9.0
2024-12-23,2024,Yorkshire and The Humber,11_to_14,0.04921394395078606,9.0
2024-12-30,2024,Yorkshire and The Humber,11_to_14,0.06766917293233082,9.0
2024-01-01,2024,Yorkshire and The Humber,15_to_24,0.40464798359535203,16.0
2024-01-08,2024,Yorkshire and The Humber,15_to_24,0.35543403964456594,16.0
2024-01-15,2024,Yorkshire and The Humber,15_to_24,0.2898154477101845,16.0
2024-01-22,2024,Yorkshire and The Humber,15_to_24,0.35543403964456594,16.0
2024-01-29,2024,Yorkshire and The Humber,15_to_24,0.3827751196172249,16.0
2024-02-05,2024,Yorkshire and The Humber,15_to_24,0.3827751196172249,16.0
2024-02-12,2024,Yorkshire and The Humber,15_to_24,0.38824333561175667,16.0
2024-02-19,2024,Yorkshire and The Humber,15_to_24,0.31715652768284347,16.0
2024-02-26,2024,Yorkshire and The Humber,15_to_24,0.42652084757347913,16.0
2024-03-04,2024,Yorkshire and The Humber,15_to_24,0.31715652768284347,16.0
2024-03-11,2024,Yorkshire and The Humber,15_to_24,0.48120300751879697,16.0
2024-03-18,2024,Yorkshire and The Humber,15_to_24,0.42105263157894735,16.0
2024-03-25,2024,Yorkshire and The Humber,15_to_24,0.39371155160628846,16.0
2024-04-01,2024,Yorkshire and The Humber,15_to_24,0.49213943950786054,16.0
2024-04-08,2024,Yorkshire and The Humber,15_to_24,0.579630895420369,16.0
2024-04-15,2024,Yorkshire and The Humber,15_to_24,0.45933014354066987,16.0
2024-04-22,2024,Yorkshire and The Humber,15_to_24,0.4483937115516063,16.0
2024-04-29,2024,Yorkshire and The Humber,15_to_24,0.4429254955570745,16.0
2024-05-06,2024,Yorkshire and The Humber,15_to_24,0.47573479152426523,16.0
2024-05-13,2024,Yorkshire and The Humber,15_to_24,0.5686944634313056,16.0
2024-05-20,2024,Yorkshire and The Humber,15_to_24,0.530416951469583,16.0
2024-05-27,2024,Yorkshire and The Humber,15_to_24,0.38824333561175667,16.0
2024-06-03,2024,Yorkshire and The Humber,15_to_24,0.42105263157894735,16.0
2024-06-10,2024,Yorkshire and The Humber,15_to_24,0.31715652768284347,16.0
2024-06-17,2024,Yorkshire and The Humber,15_to_24,0.4374572795625427,16.0
2024-06-24,2024,Yorkshire and The Humber,15_to_24,0.39917976760082025,16.0
2024-07-01,2024,Yorkshire and The Humber,15_to_24,0.42105263157894735,16.0
2024-07-08,2024,Yorkshire and The Humber,15_to_24,0.47573479152426523,16.0
2024-07-15,2024,Yorkshire and The Humber,15_to_24,0.45933014354066987,16.0
2024-07-22,2024,Yorkshire and The Humber,15_to_24,0.32809295967190705,16.0
2024-07-29,2024,Yorkshire and The Humber,15_to_24,0.3663704716336295,16.0
2024-08-05,2024,Yorkshire and The Humber,15_to_24,0.2843472317156528,16.0
2024-08-12,2024,Yorkshire and The Humber,15_to_24,0.21872863978127136,16.0
2024-08-19,2024,Yorkshire and The Humber,15_to_24,0.1749829118250171,16.0
2024-08-26,2024,Yorkshire and The Humber,15_to_24,0.12576896787423103,16.0
2024-09-02,2024,Yorkshire and The Humber,15_to_24,0.15311004784688995,16.0
2024-09-09,2024,Yorkshire and The Humber,15_to_24,0.12576896787423103,16.0
2024-09-16,2024,Yorkshire and The Humber,15_to_24,0.12576896787423103,16.0
2024-09-23,2024,Yorkshire and The Humber,15_to_24,0.07655502392344497,16.0
2024-09-30,2024,Yorkshire and The Humber,15_to_24,0.09295967190704033,16.0
2024-10-07,2024,Yorkshire and The Humber,15_to_24,0.07655502392344497,16.0
2024-10-14,2024,Yorkshire and The Humber,15_to_24,0.06561859193438141,16.0
2024-10-21,2024,Yorkshire and The Humber,15_to_24,0.14764183185235816,16.0
2024-10-28,2024,Yorkshire and The Humber,15_to_24,0.09842788790157211,16.0
2024-11-04,2024,Yorkshire and The Humber,15_to_24,0.18591934381408065,16.0
2024-11-11,2024,Yorkshire and The Humber,15_to_24,0.15311004784688995,16.0
2024-11-18,2024,Yorkshire and The Humber,15_to_24,0.15857826384142173,16.0
2024-11-25,2024,Yorkshire and The Humber,15_to_24,0.15857826384142173,16.0
2024-12-02,2024,Yorkshire and The Humber,15_to_24,0.18045112781954886,16.0
2024-12-09,2024,Yorkshire and The Humber,15_to_24,0.1421736158578264,16.0
2024-12-16,2024,Yorkshire and The Humber,15_to_24,0.12030075187969924,16.0
2024-12-23,2024,Yorkshire and The Humber,15_to_24,0.08749145591250855,16.0
2024-12-30,2024,Yorkshire and The Humber,15_to_24,0.12030075187969924,16.0
2024-01-01,2024,Yorkshire and The Humber,1_to_4,0.961038961038961,38.0
2024-01-08,2024,Yorkshire and The Humber,1_to_4,0.8441558441558441,38.0
2024-01-15,2024,Yorkshire and The Humber,1_to_4,0.6883116883116883,38.0
2024-01-22,2024,Yorkshire and The Humber,1_to_4,0.8441558441558441,38.0
2024-01-29,2024,Yorkshire and The Humber,1_to_4,0.9090909090909091,38.0
2024-02-05,2024,Yorkshire and The Humber,1_to_4,0.9090909090909091,38.0
2024-02-12,2024,Yorkshire and The Humber,1_to_4,0.922077922077922,38.0
2024-02-19,2024,Yorkshire and The Humber,1_to_4,0.7532467532467533,38.0
2024-02-26,2024,Yorkshire and The Humber,1_to_4,1.0129870129870129,38.0
2024-03-04,2024,Yorkshire and The Humber,1_to_4,0.7532467532467533,38.0
2024-03-11,2024,Yorkshire and The Humber,1_to_4,1.1428571428571428,38.0
2024-03-18,2024,Yorkshire and The Humber,1_to_4,1.0,38.0
2024-03-25,2024,Yorkshire and The Humber,1_to_4,0.935064935064935,38.0
2024-04-01,2024,Yorkshire and The Humber,1_to_4,1.1688311688311688,38.0
2024-04-08,2024,Yorkshire and The Humber,1_to_4,1.3766233766233766,38.0
2024-04-15,2024,Yorkshire and The Humber,1_to_4,1.0909090909090908,38.0
2024-04-22,2024,Yorkshire and The Humber,1_to_4,1.0649350649350648,38.0
2024-04-29,2024,Yorkshire and The Humber,1_to_4,1.051948051948052,38.0
2024-05-06,2024,Yorkshire and The Humber,1_to_4,1.12987012987013,38.0
2024-05-13,2024,Yorkshire and The Humber,1_to_4,1.3506493506493507,38.0
2024-05-20,2024,Yorkshire and The Humber,1_to_4,1.2597402597402598,38.0
2024-05-27,2024,Yorkshire and The Humber,1_to_4,0.922077922077922,38.0
2024-06-03,2024,Yorkshire and The Humber,1_to_4,1.0,38.0
2024-06-10,2024,Yorkshire and The Humber,1_to_4,0.7532467532467533,38.0
2024-06-17,2024,Yorkshire and The Humber,1_to_4,1.0389610389610389,38.0
2024-06-24,2024,Yorkshire and The Humber,1_to_4,0.948051948051948,38.0
2024-07-01,2024,Yorkshire and The Humber,1_to_4,1.0,38.0
2024-07-08,2024,Yorkshire and The Humber,1_to_4,1.12987012987013,38.0
2024-07-15,2024,Yorkshire and The Humber,1_to_4,1.0909090909090908,38.0
2024-07-22,2024,Yorkshire and The Humber,1_to_4,0.7792207792207793,38.0
2024-07-29,2024,Yorkshire and The Humber,1_to_4,0.8701298701298701,38.0
2024-08-05,2024,Yorkshire and The Humber,1_to_4,0.6753246753246753,38.0
2024-08-12,2024,Yorkshire and The Humber,1_to_4,0.5194805194805194,38.0
2024-08-19,2024,Yorkshire and The Humber,1_to_4,0.4155844155844156,38.0
2024-08-26,2024,Yorkshire and The Humber,1_to_4,0.2987012987012987,38.0
2024-09-02,2024,Yorkshire and The Humber,1_to_4,0.36363636363636365,38.0
2024-09-09,2024,Yorkshire and The Humber,1_to_4,0.2987012987012987,38.0
2024-09-16,2024,Yorkshire and The Humber,1_to_4,0.2987012987012987,38.0
2024-09-23,2024,Yorkshire and The Humber,1_to_4,0.18181818181818182,38.0
2024-09-30,2024,Yorkshire and The Humber,1_to_4,0.22077922077922077,38.0
2024-10-07,2024,Yorkshire and The Humber,1_to_4,0.18181818181818182,38.0
2024-10-14,2024,Yorkshire and The Humber,1_to_4,0.15584415584415584,38.0
2024-10-21,2024,Yorkshire and The Humber,1_to_4,0.35064935064935066,38.0
2024-10-28,2024,Yorkshire and The Humber,1_to_4,0.23376623376623376,38.0
2024-11-04,2024,Yorkshire and The Humber,1_to_4,0.44155844155844154,38.0
2024-11-11,2024,Yorkshire and The Humber,1_to_4,0.36363636363636365,38.0
2024-11-18,2024,Yorkshire and The Humber,1_to_4,0.37662337662337664,38.0
2024-11-25,2024,Yorkshire and The Humber,1_to_4,0.37662337662337664,38.0
2024-12-02,2024,Yorkshire and The Humber,1_to_4,0.42857142857142855,38.0
2024-12-09,2024,Yorkshire and The Humber,1_to_4,0.33766233766233766,38.0
2024-12-16,2024,Yorkshire and The Humber,1_to_4,0.2857142857142857,38.0
2024-12-23,2024,Yorkshire and The Humber,1_to_4,0.2077922077922078,38.0
2024-12-30,2024,Yorkshire and The Humber,1_to_4,0.2857142857142857,38.0
2024-01-01,2024,Yorkshire and The Humber,25_to_34,0.40464798359535203,16.0
2024-01-08,2024,Yorkshire and The Humber,25_to_34,0.35543403964456594,16.0
2024-01-15,2024,Yorkshire and The Humber,25_to_34,0.2898154477101845,16.0
2024-01-22,2024,Yorkshire and The Humber,25_to_34,0.35543403964456594,16.0
2024-01-29,2024,Yorkshire and The Humber,25_to_34,0.3827751196172249,16.0
2024-02-05,2024,Yorkshire and The Humber,25_to_34,0.3827751196172249,16.0
2024-02-12,2024,Yorkshire and The Humber,25_to_34,0.38824333561175667,16.0
2024-02-19,2024,Yorkshire and The Humber,25_to_34,0.31715652768284347,16.0
2024-02-26,2024,Yorkshire and The Humber,25_to_34,0.42652084757347913,16.0
2024-03-04,2024,Yorkshire and The Humber,25_to_34,0.31715652768284347,16.0
2024-03-11,2024,Yorkshire and The Humber,25_to_34,0.48120300751879697,16.0
2024-03-18,2024,Yorkshire and The Humber,25_to_34,0.42105263157894735,16.0
2024-03-25,2024,Yorkshire and The Humber,25_to_34,0.39371155160628846,16.0
2024-04-01,2024,Yorkshire and The Humber,25_to_34,0.49213943950786054,16.0
2024-04-08,2024,Yorkshire and The Humber,25_to_34,0.579630895420369,16.0
2024-04-15,2024,Yorkshire and The Humber,25_to_34,0.45933014354066987,16.0
2024-04-22,2024,Yorkshire and The Humber,25_to_34,0.4483937115516063,16.0
2024-04-29,2024,Yorkshire and The Humber,25_to_34,0.4429254955570745,16.0
2024-05-06,2024,Yorkshire and The Humber,25_to_34,0.47573479152426523,16.0
2024-05-13,2024,Yorkshire and The Humber,25_to_34,0.5686944634313056,16.0
2024-05-20,2024,Yorkshire and The Humber,25_to_34,0.530416951469583,16.0
2024-05-27,2024,Yorkshire and The Humber,25_to_34,0.38824333561175667,16.0
2024-06-03,2024,Yorkshire and The Humber,25_to_34,0.42105263157894735,16.0
2024-06-10,2024,Yorkshire and The Humber,25_to_34,0.31715652768284347,16.0
2024-06-17,2024,Yorkshire and The Humber,25_to_34,0.4374572795625427,16.0
2024-06-24,2024,Yorkshire and The Humber,25_to_34,0.39917976760082025,16.0
2024-07-01,2024,Yorkshire and The Humber,25_to_34,0.42105263157894735,16.0
2024-07-08,2024,Yorkshire and The Humber,25_to_34,0.47573479152426523,16.0
2024-07-15,2024,Yorkshire and The Humber,25_to_34,0.45933014354066987,16.0
2024-07-22,2024,Yorkshire and The Humber,25_to_34,0.32809295967190705,16.0
2024-07-29,2024,Yorkshire and The Humber,25_to_34,0.3663704716336295,16.0
2024-08-05,2024,Yorkshire and The Humber,25_to_34,0.2843472317156528,16.0
2024-08-12,2024,Yorkshire and The Humber,25_to_34,0.21872863978127136,16.0
2024-08-19,2024,Yorkshire and The Humber,25_to_34,0.1749829118250171,16.0
2024-08-26,2024,Yorkshire and The Humber,25_to_34,0.12576896787423103,16.0
2024-09-02,2024,Yorkshire and The Humber,25_to_34,0.15311004784688995,16.0
2024-09-09,2024,Yorkshire and The Humber,25_to_34,0.12576896787423103,16.0
2024-09-16,2024,Yorkshire and The Humber,25_to_34,0.12576896787423103,16.0
2024-09-23,2024,Yorkshire and The Humber,25_to_34,0.07655502392344497,16.0
2024-09-30,2024,Yorkshire and The Humber,25_to_34,0.09295967190704033,16.0
2024-10-07,2024,Yorkshire and The Humber,25_to_34,0.07655502392344497,16.0
2024-10-14,2024,Yorkshire and The Humber,25_to_34,0.06561859193438141,16.0
2024-10-21,2024,Yorkshire and The Humber,25_to_34,0.14764183185235816,16.0
2024-10-28,2024,Yorkshire and The Humber,25_to_34,0.09842788790157211,16.0
2024-11-04,2024,Yorkshire and The Humber,25_to_34,0.18591934381408065,16.0
2024-11-11,2024,Yorkshire and The Humber,25_to_34,0.15311004784688995,16.0
2024-11-18,2024,Yorkshire and The Humber,25_to_34,0.15857826384142173,16.0
2024-11-25,2024,Yorkshire and The Humber,25_to_34,0.15857826384142173,16.0
2024-12-02,2024,Yorkshire and The Humber,25_to_34,0.18045112781954886,16.0
2024-12-09,2024,Yorkshire and The Humber,25_to_34,0.1421736158578264,16.0
2024-12-16,2024,Yorkshire and The Humber,25_to_34,0.12030075187969924,16.0
2024-12-23,2024,Yorkshire and The Humber,25_to_34,0.08749145591250855,16.0
2024-12-30,2024,Yorkshire and The Humber,25_to_34,0.12030075187969924,16.0
2024-01-01,2024,Yorkshire and The Humber,35_and_over,0.303485987696514,12.0
2024-01-08,2024,Yorkshire and The Humber,35_and_over,0.26657552973342447,12.0
2024-01-15,2024,Yorkshire and The Humber,35_and_over,0.21736158578263842,12.0
2024-01-22,2024,Yorkshire and The Humber,35_and_over,0.26657552973342447,12.0
2024-01-29,2024,Yorkshire and The Humber,35_and_over,0.28708133971291866,12.0
2024-02-05,2024,Yorkshire and The Humber,35_and_over,0.28708133971291866,12.0
2024-02-12,2024,Yorkshire and The Humber,35_and_over,0.2911825017088175,12.0
2024-02-19,2024,Yorkshire and The Humber,35_and_over,0.23786739576213262,12.0
2024-02-26,2024,Yorkshire and The Humber,35_and_over,0.3198906356801094,12.0
2024-03-04,2024,Yorkshire and The Humber,35_and_over,0.23786739576213262,12.0
2024-03-11,2024,Yorkshire and The Humber,35_and_over,0.3609022556390977,12.0
2024-03-18,2024,Yorkshire and The Humber,35_and_over,0.3157894736842105,12.0
2024-03-25,2024,Yorkshire and The Humber,35_and_over,0.2952836637047163,12.0
2024-04-01,2024,Yorkshire and The Humber,35_and_over,0.36910457963089544,12.0
2024-04-08,2024,Yorkshire and The Humber,35_and_over,0.43472317156527684,12.0
2024-04-15,2024,Yorkshire and The Humber,35_and_over,0.3444976076555024,12.0
2024-04-22,2024,Yorkshire and The Humber,35_and_over,0.3362952836637047,12.0
2024-04-29,2024,Yorkshire and The Humber,35_and_over,0.3321941216678059,12.0
2024-05-06,2024,Yorkshire and The Humber,35_and_over,0.3568010936431989,12.0
2024-05-13,2024,Yorkshire and The Humber,35_and_over,0.42652084757347913,12.0
2024-05-20,2024,Yorkshire and The Humber,35_and_over,0.3978127136021873,12.0
2024-05-27,2024,Yorkshire and The Humber,35_and_over,0.2911825017088175,12.0
2024-06-03,2024,Yorkshire and The Humber,35_and_over,0.3157894736842105,12.0
2024-06-10,2024,Yorkshire and The Humber,35_and_over,0.23786739576213262,12.0
2024-06-17,2024,Yorkshire and The Humber,35_and_over,0.32809295967190705,12.0
2024-06-24,2024,Yorkshire and The Humber,35_and_over,0.2993848257006152,12.0
2024-07-01,2024,Yorkshire and The Humber,35_and_over,0.3157894736842105,12.0
2024-07-08,2024,Yorkshire and The Humber,35_and_over,0.3568010936431989,12.0
2024-07-15,2024,Yorkshire and The Humber,35_and_over,0.3444976076555024,12.0
2024-07-22,2024,Yorkshire and The Humber,35_and_over,0.24606971975393027,12.0
2024-07-29,2024,Yorkshire and The Humber,35_and_over,0.2747778537252221,12.0
2024-08-05,2024,Yorkshire and The Humber,35_and_over,0.21326042378673957,12.0
2024-08-12,2024,Yorkshire and The Humber,35_and_over,0.16404647983595352,12.0
2024-08-19,2024,Yorkshire and The Humber,35_and_over,0.13123718386876282,12.0
2024-08-26,2024,Yorkshire and The Humber,35_and_over,0.09432672590567327,12.0
2024-09-02,2024,Yorkshire and The Humber,35_and_over,0.11483253588516747,12.0
2024-09-09,2024,Yorkshire and The Humber,35_and_over,0.09432672590567327,12.0
2024-09-16,2024,Yorkshire and The Humber,35_and_over,0.09432672590567327,12.0
2024-09-23,2024,Yorkshire and The Humber,35_and_over,0.05741626794258373,12.0
2024-09-30,2024,Yorkshire and The Humber,35_and_over,0.06971975393028025,12.0
2024-10-07,2024,Yorkshire and The Humber,35_and_over,0.05741626794258373,12.0
2024-10-14,2024,Yorkshire and The Humber,35_and_over,0.04921394395078606,12.0
2024-10-21,2024,Yorkshire and The Humber,35_and_over,0.11073137388926863,12.0
2024-10-28,2024,Yorkshire and The Humber,35_and_over,0.07382091592617908,12.0
2024-11-04,2024,Yorkshire and The Humber,35_and_over,0.1394395078605605,12.0
2024-11-11,2024,Yorkshire and The Humber,35_and_over,0.11483253588516747,12.0
2024-11-18,2024,Yorkshire and The Humber,35_and_over,0.11893369788106631,12.0
2024-11-25,2024,Yorkshire and The Humber,35_and_over,0.11893369788106631,12.0
2024-12-02,2024,Yorkshire and The Humber,35_and_over,0.13533834586466165,12.0
2024-12-09,2024,Yorkshire and The Humber,35_and_over,0.10663021189336978,12.0
2024-12-16,2024,Yorkshire and The Humber,35_and_over,0.09022556390977443,12.0
2024-12-23,2024,Yorkshire and The Humber,35_and_over,0.06561859193438141,12.0
2024-12-30,2024,Yorkshire and The Humber,35_and_over,0.09022556390977443,12.0
2024-01-01,2024,Yorkshire and The Humber,5_to_10,1.365686944634313,54.0
2024-01-08,2024,Yorkshire and The Humber,5_to_10,1.1995898838004102,54.0
2024-01-15,2024,Yorkshire and The Humber,5_to_10,0.9781271360218728,54.0
2024-01-22,2024,Yorkshire and The Humber,5_to_10,1.1995898838004102,54.0
2024-01-29,2024,Yorkshire and The Humber,5_to_10,1.291866028708134,54.0
2024-02-05,2024,Yorkshire and The Humber,5_to_10,1.291866028708134,54.0
2024-02-12,2024,Yorkshire and The Humber,5_to_10,1.3103212576896788,54.0
2024-02-19,2024,Yorkshire and The Humber,5_to_10,1.0704032809295967,54.0
2024-02-26,2024,Yorkshire and The Humber,5_to_10,1.439507860560492,54.0
2024-03-04,2024,Yorkshire and The Humber,5_to_10,1.0704032809295967,54.0
2024-03-11,2024,Yorkshire and The Humber,5_to_10,1.6240601503759398,54.0
2024-03-18,2024,Yorkshire and The Humber,5_to_10,1.4210526315789473,54.0
2024-03-25,2024,Yorkshire and The Humber,5_to_10,1.3287764866712235,54.0
2024-04-01,2024,Yorkshire and The Humber,5_to_10,1.6609706083390294,54.0
2024-04-08,2024,Yorkshire and The Humber,5_to_10,1.9562542720437457,54.0
2024-04-15,2024,Yorkshire and The Humber,5_to_10,1.5502392344497609,54.0
2024-04-22,2024,Yorkshire and The Humber,5_to_10,1.5133287764866712,54.0
2024-04-29,2024,Yorkshire and The Humber,5_to_10,1.4948735475051265,54.0
2024-05-06,2024,Yorkshire and The Humber,5_to_10,1.605604921394395,54.0
2024-05-13,2024,Yorkshire and The Humber,5_to_10,1.9193438140806562,54.0
2024-05-20,2024,Yorkshire and The Humber,5_to_10,1.7901572112098427,54.0
2024-05-27,2024,Yorkshire and The Humber,5_to_10,1.3103212576896788,54.0
2024-06-03,2024,Yorkshire and The Humber,5_to_10,1.4210526315789473,54.0
2024-06-10,2024,Yorkshire and The Humber,5_to_10,1.0704032809295967,54.0
2024-06-17,2024,Yorkshire and The Humber,5_to_10,1.4764183185235817,54.0
2024-06-24,2024,Yorkshire and The Humber,5_to_10,1.3472317156527682,54.0
2024-07-01,2024,Yorkshire and The Humber,5_to_10,1.4210526315789473,54.0
2024-07-08,2024,Yorkshire and The Humber,5_to_10,1.605604921394395,54.0
2024-07-15,2024,Yorkshire and The Humber,5_to_10,1.5502392344497609,54.0
2024-07-22,2024,Yorkshire and The Humber,5_to_10,1.1073137388926864,54.0
2024-07-29,2024,Yorkshire and The Humber,5_to_10,1.2365003417634997,54.0
2024-08-05,2024,Yorkshire and The Humber,5_to_10,0.9596719070403281,54.0
2024-08-12,2024,Yorkshire and The Humber,5_to_10,0.7382091592617909,54.0
2024-08-19,2024,Yorkshire and The Humber,5_to_10,0.5905673274094326,54.0
2024-08-26,2024,Yorkshire and The Humber,5_to_10,0.4244702665755297,54.0
2024-09-02,2024,Yorkshire and The Humber,5_to_10,0.5167464114832536,54.0
2024-09-09,2024,Yorkshire and The Humber,5_to_10,0.4244702665755297,54.0
2024-09-16,2024,Yorkshire and The Humber,5_to_10,0.4244702665755297,54.0
2024-09-23,2024,Yorkshire and The Humber,5_to_10,0.2583732057416268,54.0
2024-09-30,2024,Yorkshire and The Humber,5_to_10,0.3137388926862611,54.0
2024-10-07,2024,Yorkshire and The Humber,5_to_10,0.2583732057416268,54.0
2024-10-14,2024,Yorkshire and The Humber,5_to_10,0.22146274777853725,54.0
2024-10-21,2024,Yorkshire and The Humber,5_to_10,0.49829118250170884,54.0
2024-10-28,2024,Yorkshire and The Humber,5_to_10,0.3321941216678059,54.0
2024-11-04,2024,Yorkshire and The Humber,5_to_10,0.6274777853725222,54.0
2024-11-11,2024,Yorkshire and The Humber,5_to_10,0.5167464114832536,54.0
2024-11-18,2024,Yorkshire and The Humber,5_to_10,0.5352016404647983,54.0
2024-11-25,2024,Yorkshire and The Humber,5_to_10,0.5352016404647983,54.0
2024-12-02,2024,Yorkshire and The Humber,5_to_10,0.6090225563909775,54.0
2024-12-09,2024,Yorkshire and The Humber,5_to_10,0.47983595352016406,54.0
2024-12-16,2024,Yorkshire and The Humber,5_to_10,0.40601503759398494,54.0
2024-12-23,2024,Yorkshire and The Humber,5_to_10,0.2952836637047163,54.0
2024-12-30,2024,Yorkshire and The Humber,5_to_10,0.40601503759398494,54.0
2024-01-01,2024,Yorkshire and The Humber,under_1,0.556390977443609,22.0
2024-01-08,2024,Yorkshire and The Humber,under_1,0.48872180451127817,22.0
2024-01-15,2024,Yorkshire and The Humber,under_1,0.39849624060150374,22.0
2024-01-22,2024,Yorkshire and The Humber,under_1,0.48872180451127817,22.0
2024-01-29,2024,Yorkshire and The Humber,under_1,0.5263157894736842,22.0
2024-02-05,2024,Yorkshire and The Humber,under_1,0.5263157894736842,22.0
2024-02-12,2024,Yorkshire and The Humber,under_1,0.5338345864661654,22.0
2024-02-19,2024,Yorkshire and The Humber,under_1,0.43609022556390975,22.0
2024-02-26,2024,Yorkshire and The Humber,under_1,0.5864661654135338,22.0
2024-03-04,2024,Yorkshire and The Humber,under_1,0.43609022556390975,22.0
2024-03-11,2024,Yorkshire and The Humber,under_1,0.6616541353383458,22.0
2024-03-18,2024,Yorkshire and The Humber,under_1,0.5789473684210527,22.0
2024-03-25,2024,Yorkshire and The Humber,under_1,0.5413533834586466,22.0
2024-04-01,2024,Yorkshire and The Humber,under_1,0.6766917293233082,22.0
2024-04-08,2024,Yorkshire and The Humber,under_1,0.7969924812030075,22.0
2024-04-15,2024,Yorkshire and The Humber,under_1,0.631578947368421,22.0
2024-04-22,2024,Yorkshire and The Humber,under_1,0.6165413533834586,22.0
2024-04-29,2024,Yorkshire and The Humber,under_1,0.6090225563909775,22.0
2024-05-06,2024,Yorkshire and The Humber,under_1,0.6541353383458647,22.0
2024-05-13,2024,Yorkshire and The Humber,under_1,0.7819548872180451,22.0
2024-05-20,2024,Yorkshire and The Humber,under_1,0.7293233082706767,22.0
2024-05-27,2024,Yorkshire and The Humber,under_1,0.5338345864661654,22.0
2024-06-03,2024,Yorkshire and The Humber,under_1,0.5789473684210527,22.0
2024-06-10,2024,Yorkshire and The Humber,under_1,0.43609022556390975,22.0
2024-06-17,2024,Yorkshire and The Humber,under_1,0.6015037593984962,22.0
2024-06-24,2024,Yorkshire and The Humber,under_1,0.5488721804511278,22.0
2024-07-01,2024,Yorkshire and The Humber,under_1,0.5789473684210527,22.0
2024-07-08,2024,Yorkshire and The Humber,under_1,0.6541353383458647,22.0
2024-07-15,2024,Yorkshire and The Humber,under_1,0.631578947368421,22.0
2024-07-22,2024,Yorkshire and The Humber,under_1,0.45112781954887216,22.0
2024-07-29,2024,Yorkshire and The Humber,under_1,0.5037593984962406,22.0
2024-08-05,2024,Yorkshire and The Humber,under_1,0.39097744360902253,22.0
2024-08-12,2024,Yorkshire and The Humber,under_1,0.3007518796992481,22.0
2024-08-19,2024,Yorkshire and The Humber,under_1,0.24060150375939848,22.0
2024-08-26,2024,Yorkshire and The Humber,under_1,0.17293233082706766,22.0
2024-09-02,2024,Yorkshire and The Humber,under_1,0.21052631578947367,22.0
2024-09-09,2024,Yorkshire and The Humber,under_1,0.17293233082706766,22.0
2024-09-16,2024,Yorkshire and The Humber,under_1,0.17293233082706766,22.0
2024-09-23,2024,Yorkshire and The Humber,under_1,0.10526315789473684,22.0
2024-09-30,2024,Yorkshire and The Humber,under_1,0.12781954887218044,22.0
2024-10-07,2024,Yorkshire and The Humber,under_1,0.10526315789473684,22.0
2024-10-14,2024,Yorkshire and The Humber,under_1,0.09022556390977443,22.0
2024-10-21,2024,Yorkshire and The Humber,under_1,0.20300751879699247,22.0
2024-10-28,2024,Yorkshire and The Humber,under_1,0.13533834586466165,22.0
2024-11-04,2024,Yorkshire and The Humber,under_1,0.2556390977443609,22.0
2024-11-11,2024,Yorkshire and The Humber,under_1,0.21052631578947367,22.0
2024-11-18,2024,Yorkshire and The Humber,under_1,0.21804511278195488,22.0
2024-11-25,2024,Yorkshire and The Humber,under_1,0.21804511278195488,22.0
2024-12-02,2024,Yorkshire and The Humber,under_1,0.24812030075187969,22.0
2024-12-09,2024,Yorkshire and The Humber,under_1,0.19548872180451127,22.0
2024-12-16,2024,Yorkshire and The Humber,under_1,0.16541353383458646,22.0
2024-12-23,2024,Yorkshire and The Humber,under_1,0.12030075187969924,22.0
2024-12-30,2024,Yorkshire and The Humber,under_1,0.16541353383458646,22.0
2025-01-06,2025,East Midlands,11_to_14,0.01993704092339979,1.0
2025-01-13,2025,East Midlands,11_to_14,0.023084994753410283,1.0
2025-01-20,2025,East Midlands,11_to_14,0.025183630640083946,1.0
2025-01-27,2025,East Midlands,11_to_14,0.014690451206715634,1.0
2025-02-03,2025,East Midlands,11_to_14,0.017838405036726127,1.0
2025-02-10,2025,East Midlands,11_to_14,0.017838405036726127,1.0
2025-02-17,2025,East Midlands,11_to_14,0.016789087093389297,1.0
2025-02-24,2025,East Midlands,11_to_14,0.01993704092339979,1.0
2025-03-03,2025,East Midlands,11_to_14,0.016789087093389297,1.0
2025-03-10,2025,East Midlands,11_to_14,0.013641133263378805,1.0
2025-03-17,2025,East Midlands,11_to_14,0.016789087093389297,1.0
2025-03-24,2025,East Midlands,11_to_14,0.014690451206715634,1.0
2025-03-31,2025,East Midlands,11_to_14,0.025183630640083946,1.0
2025-04-07,2025,East Midlands,11_to_14,0.02728226652675761,1.0
2025-04-14,2025,East Midlands,11_to_14,0.033578174186778595,1.0
2025-04-21,2025,East Midlands,11_to_14,0.01993704092339979,1.0
2025-04-28,2025,East Midlands,11_to_14,0.02728226652675761,1.0
2025-05-05,2025,East Midlands,11_to_14,0.02728226652675761,1.0
2025-05-12,2025,East Midlands,11_to_14,0.026232948583420776,1.0
2025-05-19,2025,East Midlands,11_to_14,0.033578174186778595,1.0
2025-05-26,2025,East Midlands,11_to_14,0.03462749213011543,1.0
2025-06-02,2025,East Midlands,11_to_14,0.033578174186778595,1.0
2025-06-09,2025,East Midlands,11_to_14,0.030430220356768102,1.0
2025-06-16,2025,East Midlands,11_to_14,0.025183630640083946,1.0
2025-06-23,2025,East Midlands,11_to_14,0.03252885624344176,1.0
2025-06-30,2025,East Midlands,11_to_14,0.03672612801678909,1.0
2025-07-07,2025,East Midlands,11_to_14,0.02938090241343127,1.0
2025-07-14,2025,East Midlands,11_to_14,0.040923399790136414,1.0
2025-07-21,2025,East Midlands,11_to_14,0.015739769150052464,1.0
2025-07-28,2025,East Midlands,11_to_14,0.01888772298006296,1.0
2025-08-04,2025,East Midlands,11_to_14,0.017838405036726127,1.0
2025-08-11,2025,East Midlands,11_to_14,0.015739769150052464,1.0
2025-08-18,2025,East Midlands,11_to_14,0.004197271773347324,1.0
2025-08-25,2025,East Midlands,11_to_14,0.007345225603357817,1.0
2025-09-01,2025,East Midlands,11_to_14,0.0062959076600209865,1.0
2025-09-08,2025,East Midlands,11_to_14,0.007345225603357817,1.0
2025-09-15,2025,East Midlands,11_to_14,0.00944386149003148,1.0
2025-09-22,2025,East Midlands,11_to_14,0.0062959076600209865,1.0
2025-09-29,2025,East Midlands,11_to_14,0.00944386149003148,1.0
2025-10-06,2025,East Midlands,11_to_14,0.015739769150052464,1.0
2025-10-13,2025,East Midlands,11_to_14,0.007345225603357817,1.0
2025-10-20,2025,East Midlands,11_to_14,0.012591815320041973,1.0
2025-10-27,2025,East Midlands,11_to_14,0.008394543546694649,1.0
2025-11-03,2025,East Midlands,11_to_14,0.013641133263378805,1.0
2025-11-10,2025,East Midlands,11_to_14,0.016789087093389297,1.0
2025-11-17,2025,East Midlands,11_to_14,0.02098635886673662,1.0
2025-11-24,2025,East Midlands,11_to_14,0.014690451206715634,1.0
2025-12-01,2025,East Midlands,11_to_14,0.02098635886673662,1.0
2025-12-08,2025,East Midlands,11_to_14,0.013641133263378805,1.0
2025-12-15,2025,East Midlands,11_to_14,0.011542497376705142,1.0
2025-12-22,2025,East Midlands,11_to_14,0.011542497376705142,1.0
2025-12-29,2025,East Midlands,11_to_14,0.012591815320041973,1.0
2025-01-06,2025,East Midlands,15_to_24,0.07974816369359916,4.0
2025-01-13,2025,East Midlands,15_to_24,0.09233997901364113,4.0
2025-01-20,2025,East Midlands,15_to_24,0.10073452256033578,4.0
2025-01-27,2025,East Midlands,15_to_24,0.05876180482686254,4.0
2025-02-03,2025,East Midlands,15_to_24,0.07135362014690451,4.0
2025-02-10,2025,East Midlands,15_to_24,0.07135362014690451,4.0
2025-02-17,2025,East Midlands,15_to_24,0.06715634837355719,4.0
2025-02-24,2025,East Midlands,15_to_24,0.07974816369359916,4.0
2025-03-03,2025,East Midlands,15_to_24,0.06715634837355719,4.0
2025-03-10,2025,East Midlands,15_to_24,0.05456453305351522,4.0
2025-03-17,2025,East Midlands,15_to_24,0.06715634837355719,4.0
2025-03-24,2025,East Midlands,15_to_24,0.05876180482686254,4.0
2025-03-31,2025,East Midlands,15_to_24,0.10073452256033578,4.0
2025-04-07,2025,East Midlands,15_to_24,0.10912906610703044,4.0
2025-04-14,2025,East Midlands,15_to_24,0.13431269674711438,4.0
2025-04-21,2025,East Midlands,15_to_24,0.07974816369359916,4.0
2025-04-28,2025,East Midlands,15_to_24,0.10912906610703044,4.0
2025-05-05,2025,East Midlands,15_to_24,0.10912906610703044,4.0
2025-05-12,2025,East Midlands,15_to_24,0.1049317943336831,4.0
2025-05-19,2025,East Midlands,15_to_24,0.13431269674711438,4.0
2025-05-26,2025,East Midlands,15_to_24,0.1385099685204617,4.0
2025-06-02,2025,East Midlands,15_to_24,0.13431269674711438,4.0
2025-06-09,2025,East Midlands,15_to_24,0.12172088142707241,4.0
2025-06-16,2025,East Midlands,15_to_24,0.10073452256033578,4.0
2025-06-23,2025,East Midlands,15_to_24,0.13011542497376705,4.0
2025-06-30,2025,East Midlands,15_to_24,0.14690451206715635,4.0
2025-07-07,2025,East Midlands,15_to_24,0.11752360965372508,4.0
2025-07-14,2025,East Midlands,15_to_24,0.16369359916054566,4.0
2025-07-21,2025,East Midlands,15_to_24,0.06295907660020986,4.0
2025-07-28,2025,East Midlands,15_to_24,0.07555089192025184,4.0
2025-08-04,2025,East Midlands,15_to_24,0.07135362014690451,4.0
2025-08-11,2025,East Midlands,15_to_24,0.06295907660020986,4.0
2025-08-18,2025,East Midlands,15_to_24,0.016789087093389297,4.0
2025-08-25,2025,East Midlands,15_to_24,0.02938090241343127,4.0
2025-09-01,2025,East Midlands,15_to_24,0.025183630640083946,4.0
2025-09-08,2025,East Midlands,15_to_24,0.02938090241343127,4.0
2025-09-15,2025,East Midlands,15_to_24,0.03777544596012592,4.0
2025-09-22,2025,East Midlands,15_to_24,0.025183630640083946,4.0
2025-09-29,2025,East Midlands,15_to_24,0.03777544596012592,4.0
2025-10-06,2025,East Midlands,15_to_24,0.06295907660020986,4.0
2025-10-13,2025,East Midlands,15_to_24,0.02938090241343127,4.0
2025-10-20,2025,East Midlands,15_to_24,0.05036726128016789,4.0
2025-10-27,2025,East Midlands,15_to_24,0.033578174186778595,4.0
2025-11-03,2025,East Midlands,15_to_24,0.05456453305351522,4.0
2025-11-10,2025,East Midlands,15_to_24,0.06715634837355719,4.0
2025-11-17,2025,East Midlands,15_to_24,0.08394543546694648,4.0
2025-11-24,2025,East Midlands,15_to_24,0.05876180482686254,4.0
2025-12-01,2025,East Midlands,15_to_24,0.08394543546694648,4.0
2025-12-08,2025,East Midlands,15_to_24,0.05456453305351522,4.0
2025-12-15,2025,East Midlands,15_to_24,0.046169989506820566,4.0
2025-12-22,2025,East Midlands,15_to_24,0.046169989506820566,4.0
2025-12-29,2025,East Midlands,15_to_24,0.05036726128016789,4.0
2025-01-06,2025,East Midlands,1_to_4,0.11962224554039874,6.0
2025-01-13,2025,East Midlands,1_to_4,0.1385099685204617,6.0
2025-01-20,2025,East Midlands,1_to_4,0.15110178384050368,6.0
2025-01-27,2025,East Midlands,1_to_4,0.08814270724029381,6.0
2025-02-03,2025,East Midlands,1_to_4,0.10703043022035677,6.0
2025-02-10,2025,East Midlands,1_to_4,0.10703043022035677,6.0
2025-02-17,2025,East Midlands,1_to_4,0.10073452256033578,6.0
2025-02-24,2025,East Midlands,1_to_4,0.11962224554039874,6.0
2025-03-03,2025,East Midlands,1_to_4,0.10073452256033578,6.0
2025-03-10,2025,East Midlands,1_to_4,0.08184679958027283,6.0
2025-03-17,2025,East Midlands,1_to_4,0.10073452256033578,6.0
2025-03-24,2025,East Midlands,1_to_4,0.08814270724029381,6.0
2025-03-31,2025,East Midlands,1_to_4,0.15110178384050368,6.0
2025-04-07,2025,East Midlands,1_to_4,0.16369359916054566,6.0
2025-04-14,2025,East Midlands,1_to_4,0.20146904512067157,6.0
2025-04-21,2025,East Midlands,1_to_4,0.11962224554039874,6.0
2025-04-28,2025,East Midlands,1_to_4,0.16369359916054566,6.0
2025-05-05,2025,East Midlands,1_to_4,0.16369359916054566,6.0
2025-05-12,2025,East Midlands,1_to_4,0.15739769150052466,6.0
2025-05-19,2025,East Midlands,1_to_4,0.20146904512067157,6.0
2025-05-26,2025,East Midlands,1_to_4,0.20776495278069254,6.0
2025-06-02,2025,East Midlands,1_to_4,0.20146904512067157,6.0
2025-06-09,2025,East Midlands,1_to_4,0.1825813221406086,6.0
2025-06-16,2025,East Midlands,1_to_4,0.15110178384050368,6.0
2025-06-23,2025,East Midlands,1_to_4,0.19517313746065057,6.0
2025-06-30,2025,East Midlands,1_to_4,0.2203567681007345,6.0
2025-07-07,2025,East Midlands,1_to_4,0.17628541448058763,6.0
2025-07-14,2025,East Midlands,1_to_4,0.24554039874081846,6.0
2025-07-21,2025,East Midlands,1_to_4,0.0944386149003148,6.0
2025-07-28,2025,East Midlands,1_to_4,0.11332633788037776,6.0
2025-08-04,2025,East Midlands,1_to_4,0.10703043022035677,6.0
2025-08-11,2025,East Midlands,1_to_4,0.0944386149003148,6.0
2025-08-18,2025,East Midlands,1_to_4,0.025183630640083946,6.0
2025-08-25,2025,East Midlands,1_to_4,0.04407135362014691,6.0
2025-09-01,2025,East Midlands,1_to_4,0.03777544596012592,6.0
2025-09-08,2025,East Midlands,1_to_4,0.04407135362014691,6.0
2025-09-15,2025,East Midlands,1_to_4,0.05666316894018888,6.0
2025-09-22,2025,East Midlands,1_to_4,0.03777544596012592,6.0
2025-09-29,2025,East Midlands,1_to_4,0.05666316894018888,6.0
2025-10-06,2025,East Midlands,1_to_4,0.0944386149003148,6.0
2025-10-13,2025,East Midlands,1_to_4,0.04407135362014691,6.0
2025-10-20,2025,East Midlands,1_to_4,0.07555089192025184,6.0
2025-10-27,2025,East Midlands,1_to_4,0.05036726128016789,6.0
2025-11-03,2025,East Midlands,1_to_4,0.08184679958027283,6.0
2025-11-10,2025,East Midlands,1_to_4,0.10073452256033578,6.0
2025-11-17,2025,East Midlands,1_to_4,0.1259181532004197,6.0
2025-11-24,2025,East Midlands,1_to_4,0.08814270724029381,6.0
2025-12-01,2025,East Midlands,1_to_4,0.1259181532004197,6.0
2025-12-08,2025,East Midlands,1_to_4,0.08184679958027283,6.0
2025-12-15,2025,East Midlands,1_to_4,0.06925498426023086,6.0
2025-12-22,2025,East Midlands,1_to_4,0.06925498426023086,6.0
2025-12-29,2025,East Midlands,1_to_4,0.07555089192025184,6.0
2025-01-06,2025,East Midlands,25_to_34,0.05981112277019937,3.0
2025-01-13,2025,East Midlands,25_to_34,0.06925498426023086,3.0
2025-01-20,2025,East Midlands,25_to_34,0.07555089192025184,3.0
2025-01-27,2025,East Midlands,25_to_34,0.04407135362014691,3.0
2025-02-03,2025,East Midlands,25_to_34,0.053515215110178385,3.0
2025-02-10,2025,East Midlands,25_to_34,0.053515215110178385,3.0
2025-02-17,2025,East Midlands,25_to_34,0.05036726128016789,3.0
2025-02-24,2025,East Midlands,25_to_34,0.05981112277019937,3.0
2025-03-03,2025,East Midlands,25_to_34,0.05036726128016789,3.0
2025-03-10,2025,East Midlands,25_to_34,0.040923399790136414,3.0
2025-03-17,2025,East Midlands,25_to_34,0.05036726128016789,3.0
2025-03-24,2025,East Midlands,25_to_34,0.04407135362014691,3.0
2025-03-31,2025,East Midlands,25_to_34,0.07555089192025184,3.0
2025-04-07,2025,East Midlands,25_to_34,0.08184679958027283,3.0
2025-04-14,2025,East Midlands,25_to_34,0.10073452256033578,3.0
2025-04-21,2025,East Midlands,25_to_34,0.05981112277019937,3.0
2025-04-28,2025,East Midlands,25_to_34,0.08184679958027283,3.0
2025-05-05,2025,East Midlands,25_to_34,0.08184679958027283,3.0
2025-05-12,2025,East Midlands,25_to_34,0.07869884575026233,3.0
2025-05-19,2025,East Midlands,25_to_34,0.10073452256033578,3.0
2025-05-26,2025,East Midlands,25_to_34,0.10388247639034627,3.0
2025-06-02,2025,East Midlands,25_to_34,0.10073452256033578,3.0
2025-06-09,2025,East Midlands,25_to_34,0.0912906610703043,3.0
2025-06-16,2025,East Midlands,25_to_34,0.07555089192025184,3.0
2025-06-23,2025,East Midlands,25_to_34,0.09758656873032528,3.0
2025-06-30,2025,East Midlands,25_to_34,0.11017838405036726,3.0
2025-07-07,2025,East Midlands,25_to_34,0.08814270724029381,3.0
2025-07-14,2025,East Midlands,25_to_34,0.12277019937040923,3.0
2025-07-21,2025,East Midlands,25_to_34,0.0472193074501574,3.0
2025-07-28,2025,East Midlands,25_to_34,0.05666316894018888,3.0
2025-08-04,2025,East Midlands,25_to_34,0.053515215110178385,3.0
2025-08-11,2025,East Midlands,25_to_34,0.0472193074501574,3.0
2025-08-18,2025,East Midlands,25_to_34,0.012591815320041973,3.0
2025-08-25,2025,East Midlands,25_to_34,0.022035676810073453,3.0
2025-09-01,2025,East Midlands,25_to_34,0.01888772298006296,3.0
2025-09-08,2025,East Midlands,25_to_34,0.022035676810073453,3.0
2025-09-15,2025,East Midlands,25_to_34,0.02833158447009444,3.0
2025-09-22,2025,East Midlands,25_to_34,0.01888772298006296,3.0
2025-09-29,2025,East Midlands,25_to_34,0.02833158447009444,3.0
2025-10-06,2025,East Midlands,25_to_34,0.0472193074501574,3.0
2025-10-13,2025,East Midlands,25_to_34,0.022035676810073453,3.0
2025-10-20,2025,East Midlands,25_to_34,0.03777544596012592,3.0
2025-10-27,2025,East Midlands,25_to_34,0.025183630640083946,3.0
2025-11-03,2025,East Midlands,25_to_34,0.040923399790136414,3.0
2025-11-10,2025,East Midlands,25_to_34,0.05036726128016789,3.0
2025-11-17,2025,East Midlands,25_to_34,0.06295907660020986,3.0
2025-11-24,2025,East Midlands,25_to_34,0.04407135362014691,3.0
2025-12-01,2025,East Midlands,25_to_34,0.06295907660020986,3.0
2025-12-08,2025,East Midlands,25_to_34,0.040923399790136414,3.0
2025-12-15,2025,East Midlands,25_to_34,0.03462749213011543,3.0
2025-12-22,2025,East Midlands,25_to_34,0.03462749213011543,3.0
2025-12-29,2025,East Midlands,25_to_34,0.03777544596012592,3.0
2025-01-06,2025,East Midlands,35_and_over,0.03987408184679958,2.0
2025-01-13,2025,East Midlands,35_and_over,0.046169989506820566,2.0
2025-01-20,2025,East Midlands,35_and_over,0.05036726128016789,2.0
2025-01-27,2025,East Midlands,35_and_over,0.02938090241343127,2.0
2025-02-03,2025,East Midlands,35_and_over,0.035676810073452254,2.0
2025-02-10,2025,East Midlands,35_and_over,0.035676810073452254,2.0
2025-02-17,2025,East Midlands,35_and_over,0.033578174186778595,2.0
2025-02-24,2025,East Midlands,35_and_over,0.03987408184679958,2.0
2025-03-03,2025,East Midlands,35_and_over,0.033578174186778595,2.0
2025-03-10,2025,East Midlands,35_and_over,0.02728226652675761,2.0
2025-03-17,2025,East Midlands,35_and_over,0.033578174186778595,2.0
2025-03-24,2025,East Midlands,35_and_over,0.02938090241343127,2.0
2025-03-31,2025,East Midlands,35_and_over,0.05036726128016789,2.0
2025-04-07,2025,East Midlands,35_and_over,0.05456453305351522,2.0
2025-04-14,2025,East Midlands,35_and_over,0.06715634837355719,2.0
2025-04-21,2025,East Midlands,35_and_over,0.03987408184679958,2.0
2025-04-28,2025,East Midlands,35_and_over,0.05456453305351522,2.0
2025-05-05,2025,East Midlands,35_and_over,0.05456453305351522,2.0
2025-05-12,2025,East Midlands,35_and_over,0.05246589716684155,2.0
2025-05-19,2025,East Midlands,35_and_over,0.06715634837355719,2.0
2025-05-26,2025,East Midlands,35_and_over,0.06925498426023086,2.0
2025-06-02,2025,East Midlands,35_and_over,0.06715634837355719,2.0
2025-06-09,2025,East Midlands,35_and_over,0.060860440713536204,2.0
2025-06-16,2025,East Midlands,35_and_over,0.05036726128016789,2.0
2025-06-23,2025,East Midlands,35_and_over,0.06505771248688352,2.0
2025-06-30,2025,East Midlands,35_and_over,0.07345225603357818,2.0
2025-07-07,2025,East Midlands,35_and_over,0.05876180482686254,2.0
2025-07-14,2025,East Midlands,35_and_over,0.08184679958027283,2.0
2025-07-21,2025,East Midlands,35_and_over,0.03147953830010493,2.0
2025-07-28,2025,East Midlands,35_and_over,0.03777544596012592,2.0
2025-08-04,2025,East Midlands,35_and_over,0.035676810073452254,2.0
2025-08-11,2025,East Midlands,35_and_over,0.03147953830010493,2.0
2025-08-18,2025,East Midlands,35_and_over,0.008394543546694649,2.0
2025-08-25,2025,East Midlands,35_and_over,0.014690451206715634,2.0
2025-09-01,2025,East Midlands,35_and_over,0.012591815320041973,2.0
2025-09-08,2025,East Midlands,35_and_over,0.014690451206715634,2.0
2025-09-15,2025,East Midlands,35_and_over,0.01888772298006296,2.0
2025-09-22,2025,East Midlands,35_and_over,0.012591815320041973,2.0
2025-09-29,2025,East Midlands,35_and_over,0.01888772298006296,2.0
2025-10-06,2025,East Midlands,35_and_over,0.03147953830010493,2.0
2025-10-13,2025,East Midlands,35_and_over,0.014690451206715634,2.0
2025-10-20,2025,East Midlands,35_and_over,0.025183630640083946,2.0
2025-10-27,2025,East Midlands,35_and_over,0.016789087093389297,2.0
2025-11-03,2025,East Midlands,35_and_over,0.02728226652675761,2.0
2025-11-10,2025,East Midlands,35_and_over,0.033578174186778595,2.0
2025-11-17,2025,East Midlands,35_and_over,0.04197271773347324,2.0
2025-11-24,2025,East Midlands,35_and_over,0.02938090241343127,2.0
2025-12-01,2025,East Midlands,35_and_over,0.04197271773347324,2.0
2025-12-08,2025,East Midlands,35_and_over,0.02728226652675761,2.0
2025-12-15,2025,East Midlands,35_and_over,0.023084994753410283,2.0
2025-12-22,2025,East Midlands,35_and_over,0.023084994753410283,2.0
2025-12-29,2025,East Midlands,35_and_over,0.025183630640083946,2.0
2025-01-06,2025,East Midlands,5_to_10,0.0,0.0
2025-01-13,2025,East Midlands,5_to_10,0.0,0.0
2025-01-20,2025,East Midlands,5_to_10,0.0,0.0
2025-01-27,2025,East Midlands,5_to_10,0.0,0.0
2025-02-03,2025,East Midlands,5_to_10,0.0,0.0
2025-02-10,2025,East Midlands,5_to_10,0.0,0.0
2025-02-17,2025,East Midlands,5_to_10,0.0,0.0
2025-02-24,2025,East Midlands,5_to_10,0.0,0.0
2025-03-03,2025,East Midlands,5_to_10,0.0,0.0
2025-03-10,2025,East Midlands,5_to_10,0.0,0.0
2025-03-17,2025,East Midlands,5_to_10,0.0,0.0
2025-03-24,2025,East Midlands,5_to_10,0.0,0.0
2025-03-31,2025,East Midlands,5_to_10,0.0,0.0
2025-04-07,2025,East Midlands,5_to_10,0.0,0.0
2025-04-14,2025,East Midlands,5_to_10,0.0,0.0
2025-04-21,2025,East Midlands,5_to_10,0.0,0.0
2025-04-28,2025,East Midlands,5_to_10,0.0,0.0
2025-05-05,2025,East Midlands,5_to_10,0.0,0.0
2025-05-12,2025,East Midlands,5_to_10,0.0,0.0
2025-05-19,2025,East Midlands,5_to_10,0.0,0.0
2025-05-26,2025,East Midlands,5_to_10,0.0,0.0
2025-06-02,2025,East Midlands,5_to_10,0.0,0.0
2025-06-09,2025,East Midlands,5_to_10,0.0,0.0
2025-06-16,2025,East Midlands,5_to_10,0.0,0.0
2025-06-23,2025,East Midlands,5_to_10,0.0,0.0
2025-06-30,2025,East Midlands,5_to_10,0.0,0.0
2025-07-07,2025,East Midlands,5_to_10,0.0,0.0
2025-07-14,2025,East Midlands,5_to_10,0.0,0.0
2025-07-21,2025,East Midlands,5_to_10,0.0,0.0
2025-07-28,2025,East Midlands,5_to_10,0.0,0.0
2025-08-04,2025,East Midlands,5_to_10,0.0,0.0
2025-08-11,2025,East Midlands,5_to_10,0.0,0.0
2025-08-18,2025,East Midlands,5_to_10,0.0,0.0
2025-08-25,2025,East Midlands,5_to_10,0.0,0.0
2025-09-01,2025,East Midlands,5_to_10,0.0,0.0
2025-09-08,2025,East Midlands,5_to_10,0.0,0.0
2025-09-15,2025,East Midlands,5_to_10,0.0,0.0
2025-09-22,2025,East Midlands,5_to_10,0.0,0.0
2025-09-29,2025,East Midlands,5_to_10,0.0,0.0
2025-10-06,2025,East Midlands,5_to_10,0.0,0.0
2025-10-13,2025,East Midlands,5_to_10,0.0,0.0
2025-10-20,2025,East Midlands,5_to_10,0.0,0.0
2025-10-27,2025,East Midlands,5_to_10,0.0,0.0
2025-11-03,2025,East Midlands,5_to_10,0.0,0.0
2025-11-10,2025,East Midlands,5_to_10,0.0,0.0
2025-11-17,2025,East Midlands,5_to_10,0.0,0.0
2025-11-24,2025,East Midlands,5_to_10,0.0,0.0
2025-12-01,2025,East Midlands,5_to_10,0.0,0.0
2025-12-08,2025,East Midlands,5_to_10,0.0,0.0
2025-12-15,2025,East Midlands,5_to_10,0.0,0.0
2025-12-22,2025,East Midlands,5_to_10,0.0,0.0
2025-12-29,2025,East Midlands,5_to_10,0.0,0.0
2025-01-06,2025,East Midlands,under_1,0.11962224554039874,6.0
2025-01-13,2025,East Midlands,under_1,0.1385099685204617,6.0
2025-01-20,2025,East Midlands,under_1,0.15110178384050368,6.0
2025-01-27,2025,East Midlands,under_1,0.08814270724029381,6.0
2025-02-03,2025,East Midlands,under_1,0.10703043022035677,6.0
2025-02-10,2025,East Midlands,under_1,0.10703043022035677,6.0
2025-02-17,2025,East Midlands,under_1,0.10073452256033578,6.0
2025-02-24,2025,East Midlands,under_1,0.11962224554039874,6.0
2025-03-03,2025,East Midlands,under_1,0.10073452256033578,6.0
2025-03-10,2025,East Midlands,under_1,0.08184679958027283,6.0
2025-03-17,2025,East Midlands,under_1,0.10073452256033578,6.0
2025-03-24,2025,East Midlands,under_1,0.08814270724029381,6.0
2025-03-31,2025,East Midlands,under_1,0.15110178384050368,6.0
2025-04-07,2025,East Midlands,under_1,0.16369359916054566,6.0
2025-04-14,2025,East Midlands,under_1,0.20146904512067157,6.0
2025-04-21,2025,East Midlands,under_1,0.11962224554039874,6.0
2025-04-28,2025,East Midlands,under_1,0.16369359916054566,6.0
2025-05-05,2025,East Midlands,under_1,0.16369359916054566,6.0
2025-05-12,2025,East Midlands,under_1,0.15739769150052466,6.0
2025-05-19,2025,East Midlands,under_1,0.20146904512067157,6.0
2025-05-26,2025,East Midlands,under_1,0.20776495278069254,6.0
2025-06-02,2025,East Midlands,under_1,0.20146904512067157,6.0
2025-06-09,2025,East Midlands,under_1,0.1825813221406086,6.0
2025-06-16,2025,East Midlands,under_1,0.15110178384050368,6.0
2025-06-23,2025,East Midlands,under_1,0.19517313746065057,6.0
2025-06-30,2025,East Midlands,under_1,0.2203567681007345,6.0
2025-07-07,2025,East Midlands,under_1,0.17628541448058763,6.0
2025-07-14,2025,East Midlands,under_1,0.24554039874081846,6.0
2025-07-21,2025,East Midlands,under_1,0.0944386149003148,6.0
2025-07-28,2025,East Midlands,under_1,0.11332633788037776,6.0
2025-08-04,2025,East Midlands,under_1,0.10703043022035677,6.0
2025-08-11,2025,East Midlands,under_1,0.0944386149003148,6.0
2025-08-18,2025,East Midlands,under_1,0.025183630640083946,6.0
2025-08-25,2025,East Midlands,under_1,0.04407135362014691,6.0
2025-09-01,2025,East Midlands,under_1,0.03777544596012592,6.0
2025-09-08,2025,East Midlands,under_1,0.04407135362014691,6.0
2025-09-15,2025,East Midlands,under_1,0.05666316894018888,6.0
2025-09-22,2025,East Midlands,under_1,0.03777544596012592,6.0
2025-09-29,2025,East Midlands,under_1,0.05666316894018888,6.0
2025-10-06,2025,East Midlands,under_1,0.0944386149003148,6.0
2025-10-13,2025,East Midlands,under_1,0.04407135362014691,6.0
2025-10-20,2025,East Midlands,under_1,0.07555089192025184,6.0
2025-10-27,2025,East Midlands,under_1,0.05036726128016789,6.0
2025-11-03,2025,East Midlands,under_1,0.08184679958027283,6.0
2025-11-10,2025,East Midlands,under_1,0.10073452256033578,6.0
2025-11-17,2025,East Midlands,under_1,0.1259181532004197,6.0
2025-11-24,2025,East Midlands,under_1,0.08814270724029381,6.0
2025-12-01,2025,East Midlands,under_1,0.1259181532004197,6.0
2025-12-08,2025,East Midlands,under_1,0.08184679958027283,6.0
2025-12-15,2025,East Midlands,under_1,0.06925498426023086,6.0
2025-12-22,2025,East Midlands,under_1,0.06925498426023086,6.0
2025-12-29,2025,East Midlands,under_1,0.07555089192025184,6.0
2025-01-06,2025,East of England,11_to_14,0.11962224554039874,6.0
2025-01-13,2025,East of England,11_to_14,0.1385099685204617,6.0
2025-01-20,2025,East of England,11_to_14,0.15110178384050368,6.0
2025-01-27,2025,East of England,11_to_14,0.08814270724029381,6.0
2025-02-03,2025,East of England,11_to_14,0.10703043022035677,6.0
2025-02-10,2025,East of England,11_to_14,0.10703043022035677,6.0
2025-02-17,2025,East of England,11_to_14,0.10073452256033578,6.0
2025-02-24,2025,East of England,11_to_14,0.11962224554039874,6.0
2025-03-03,2025,East of England,11_to_14,0.10073452256033578,6.0
2025-03-10,2025,East of England,11_to_14,0.08184679958027283,6.0
2025-03-17,2025,East of England,11_to_14,0.10073452256033578,6.0
2025-03-24,2025,East of England,11_to_14,0.08814270724029381,6.0
2025-03-31,2025,East of England,11_to_14,0.15110178384050368,6.0
2025-04-07,2025,East of England,11_to_14,0.16369359916054566,6.0
2025-04-14,2025,East of England,11_to_14,0.20146904512067157,6.0
2025-04-21,2025,East of England,11_to_14,0.11962224554039874,6.0
2025-04-28,2025,East of England,11_to_14,0.16369359916054566,6.0
2025-05-05,2025,East of England,11_to_14,0.16369359916054566,6.0
2025-05-12,2025,East of England,11_to_14,0.15739769150052466,6.0
2025-05-19,2025,East of England,11_to_14,0.20146904512067157,6.0
2025-05-26,2025,East of England,11_to_14,0.20776495278069254,6.0
2025-06-02,2025,East of England,11_to_14,0.20146904512067157,6.0
2025-06-09,2025,East of England,11_to_14,0.1825813221406086,6.0
2025-06-16,2025,East of England,11_to_14,0.15110178384050368,6.0
2025-06-23,2025,East of England,11_to_14,0.19517313746065057,6.0
2025-06-30,2025,East of England,11_to_14,0.2203567681007345,6.0
2025-07-07,2025,East of England,11_to_14,0.17628541448058763,6.0
2025-07-14,2025,East of England,11_to_14,0.24554039874081846,6.0
2025-07-21,2025,East of England,11_to_14,0.0944386149003148,6.0
2025-07-28,2025,East of England,11_to_14,0.11332633788037776,6.0
2025-08-04,2025,East of England,11_to_14,0.10703043022035677,6.0
2025-08-11,2025,East of England,11_to_14,0.0944386149003148,6.0
2025-08-18,2025,East of England,11_to_14,0.025183630640083946,6.0
2025-08-25,2025,East of England,11_to_14,0.04407135362014691,6.0
2025-09-01,2025,East of England,11_to_14,0.03777544596012592,6.0
2025-09-08,2025,East of England,11_to_14,0.04407135362014691,6.0
2025-09-15,2025,East of England,11_to_14,0.05666316894018888,6.0
2025-09-22,2025,East of England,11_to_14,0.03777544596012592,6.0
2025-09-29,2025,East of England,11_to_14,0.05666316894018888,6.0
2025-10-06,2025,East of England,11_to_14,0.0944386149003148,6.0
2025-10-13,2025,East of England,11_to_14,0.04407135362014691,6.0
2025-10-20,2025,East of England,11_to_14,0.07555089192025184,6.0
2025-10-27,2025,East of England,11_to_14,0.05036726128016789,6.0
2025-11-03,2025,East of England,11_to_14,0.08184679958027283,6.0
2025-11-10,2025,East of England,11_to_14,0.10073452256033578,6.0
2025-11-17,2025,East of England,11_to_14,0.1259181532004197,6.0
2025-11-24,2025,East of England,11_to_14,0.08814270724029381,6.0
2025-12-01,2025,East of England,11_to_14,0.1259181532004197,6.0
2025-12-08,2025,East of England,11_to_14,0.08184679958027283,6.0
2025-12-15,2025,East of England,11_to_14,0.06925498426023086,6.0
2025-12-22,2025,East of England,11_to_14,0.06925498426023086,6.0
2025-12-29,2025,East of England,11_to_14,0.07555089192025184,6.0
2025-01-06,2025,East of England,15_to_24,0.1993704092339979,10.0
2025-01-13,2025,East of England,15_to_24,0.23084994753410285,10.0
2025-01-20,2025,East of England,15_to_24,0.2518363064008394,10.0
2025-01-27,2025,East of England,15_to_24,0.14690451206715635,10.0
2025-02-03,2025,East of England,15_to_24,0.1783840503672613,10.0
2025-02-10,2025,East of England,15_to_24,0.1783840503672613,10.0
2025-02-17,2025,East of England,15_to_24,0.16789087093389296,10.0
2025-02-24,2025,East of England,15_to_24,0.1993704092339979,10.0
2025-03-03,2025,East of England,15_to_24,0.16789087093389296,10.0
2025-03-10,2025,East of England,15_to_24,0.13641133263378805,10.0
2025-03-17,2025,East of England,15_to_24,0.16789087093389296,10.0
2025-03-24,2025,East of England,15_to_24,0.14690451206715635,10.0
2025-03-31,2025,East of England,15_to_24,0.2518363064008394,10.0
2025-04-07,2025,East of England,15_to_24,0.2728226652675761,10.0
2025-04-14,2025,East of England,15_to_24,0.3357817418677859,10.0
2025-04-21,2025,East of England,15_to_24,0.1993704092339979,10.0
2025-04-28,2025,East of England,15_to_24,0.2728226652675761,10.0
2025-05-05,2025,East of England,15_to_24,0.2728226652675761,10.0
2025-05-12,2025,East of England,15_to_24,0.2623294858342078,10.0
2025-05-19,2025,East of England,15_to_24,0.3357817418677859,10.0
2025-05-26,2025,East of England,15_to_24,0.3462749213011542,10.0
2025-06-02,2025,East of England,15_to_24,0.3357817418677859,10.0
2025-06-09,2025,East of England,15_to_24,0.304302203567681,10.0
2025-06-16,2025,East of England,15_to_24,0.2518363064008394,10.0
2025-06-23,2025,East of England,15_to_24,0.3252885624344176,10.0
2025-06-30,2025,East of England,15_to_24,0.3672612801678909,10.0
2025-07-07,2025,East of England,15_to_24,0.2938090241343127,10.0
2025-07-14,2025,East of England,15_to_24,0.4092339979013641,10.0
2025-07-21,2025,East of England,15_to_24,0.15739769150052466,10.0
2025-07-28,2025,East of England,15_to_24,0.1888772298006296,10.0
2025-08-04,2025,East of England,15_to_24,0.1783840503672613,10.0
2025-08-11,2025,East of England,15_to_24,0.15739769150052466,10.0
2025-08-18,2025,East of England,15_to_24,0.04197271773347324,10.0
2025-08-25,2025,East of England,15_to_24,0.07345225603357818,10.0
2025-09-01,2025,East of England,15_to_24,0.06295907660020986,10.0
2025-09-08,2025,East of England,15_to_24,0.07345225603357818,10.0
2025-09-15,2025,East of England,15_to_24,0.0944386149003148,10.0
2025-09-22,2025,East of England,15_to_24,0.06295907660020986,10.0
2025-09-29,2025,East of England,15_to_24,0.0944386149003148,10.0
2025-10-06,2025,East of England,15_to_24,0.15739769150052466,10.0
2025-10-13,2025,East of England,15_to_24,0.07345225603357818,10.0
2025-10-20,2025,East of England,15_to_24,0.1259181532004197,10.0
2025-10-27,2025,East of England,15_to_24,0.08394543546694648,10.0
2025-11-03,2025,East of England,15_to_24,0.13641133263378805,10.0
2025-11-10,2025,East of England,15_to_24,0.16789087093389296,10.0
2025-11-17,2025,East of England,15_to_24,0.2098635886673662,10.0
2025-11-24,2025,East of England,15_to_24,0.14690451206715635,10.0
2025-12-01,2025,East of England,15_to_24,0.2098635886673662,10.0
2025-12-08,2025,East of England,15_to_24,0.13641133263378805,10.0
2025-12-15,2025,East of England,15_to_24,0.11542497376705142,10.0
2025-12-22,2025,East of England,15_to_24,0.11542497376705142,10.0
2025-12-29,2025,East of England,15_to_24,0.1259181532004197,10.0
2025-01-06,2025,East of England,1_to_4,0.3987408184679958,20.0
2025-01-13,2025,East of England,1_to_4,0.4616998950682057,20.0
2025-01-20,2025,East of England,1_to_4,0.5036726128016789,20.0
2025-01-27,2025,East of England,1_to_4,0.2938090241343127,20.0
2025-02-03,2025,East of England,1_to_4,0.3567681007345226,20.0
2025-02-10,2025,East of England,1_to_4,0.3567681007345226,20.0
2025-02-17,2025,East of England,1_to_4,0.3357817418677859,20.0
2025-02-24,2025,East of England,1_to_4,0.3987408184679958,20.0
2025-03-03,2025,East of England,1_to_4,0.3357817418677859,20.0
2025-03-10,2025,East of England,1_to_4,0.2728226652675761,20.0
2025-03-17,2025,East of England,1_to_4,0.3357817418677859,20.0
2025-03-24,2025,East of England,1_to_4,0.2938090241343127,20.0
2025-03-31,2025,East of England,1_to_4,0.5036726128016789,20.0
2025-04-07,2025,East of England,1_to_4,0.5456453305351522,20.0
2025-04-14,2025,East of England,1_to_4,0.6715634837355718,20.0
2025-04-21,2025,East of England,1_to_4,0.3987408184679958,20.0
2025-04-28,2025,East of England,1_to_4,0.5456453305351522,20.0
2025-05-05,2025,East of England,1_to_4,0.5456453305351522,20.0
2025-05-12,2025,East of England,1_to_4,0.5246589716684156,20.0
2025-05-19,2025,East of England,1_to_4,0.6715634837355718,20.0
2025-05-26,2025,East of England,1_to_4,0.6925498426023085,20.0
2025-06-02,2025,East of England,1_to_4,0.6715634837355718,20.0
2025-06-09,2025,East of England,1_to_4,0.608604407135362,20.0
2025-06-16,2025,East of England,1_to_4,0.5036726128016789,20.0
2025-06-23,2025,East of England,1_to_4,0.6505771248688352,20.0
2025-06-30,2025,East of England,1_to_4,0.7345225603357818,20.0
2025-07-07,2025,East of England,1_to_4,0.5876180482686254,20.0
2025-07-14,2025,East of England,1_to_4,0.8184679958027282,20.0
2025-07-21,2025,East of England,1_to_4,0.3147953830010493,20.0
2025-07-28,2025,East of England,1_to_4,0.3777544596012592,20.0
2025-08-04,2025,East of England,1_to_4,0.3567681007345226,20.0
2025-08-11,2025,East of England,1_to_4,0.3147953830010493,20.0
2025-08-18,2025,East of England,1_to_4,0.08394543546694648,20.0
2025-08-25,2025,East of England,1_to_4,0.14690451206715635,20.0
2025-09-01,2025,East of England,1_to_4,0.1259181532004197,20.0
2025-09-08,2025,East of England,1_to_4,0.14690451206715635,20.0
2025-09-15,2025,East of England,1_to_4,0.1888772298006296,20.0
2025-09-22,2025,East of England,1_to_4,0.1259181532004197,20.0
2025-09-29,2025,East of England,1_to_4,0.1888772298006296,20.0
2025-10-06,2025,East of England,1_to_4,0.3147953830010493,20.0
2025-10-13,2025,East of England,1_to_4,0.14690451206715635,20.0
2025-10-20,2025,East of England,1_to_4,0.2518363064008394,20.0
2025-10-27,2025,East of England,1_to_4,0.16789087093389296,20.0
2025-11-03,2025,East of England,1_to_4,0.2728226652675761,20.0
2025-11-10,2025,East of England,1_to_4,0.3357817418677859,20.0
2025-11-17,2025,East of England,1_to_4,0.4197271773347324,20.0
2025-11-24,2025,East of England,1_to_4,0.2938090241343127,20.0
2025-12-01,2025,East of England,1_to_4,0.4197271773347324,20.0
2025-12-08,2025,East of England,1_to_4,0.2728226652675761,20.0
2025-12-15,2025,East of England,1_to_4,0.23084994753410285,20.0
2025-12-22,2025,East of England,1_to_4,0.23084994753410285,20.0
2025-12-29,2025,East of England,1_to_4,0.2518363064008394,20.0
2025-01-06,2025,East of England,25_to_34,0.13955928646379853,7.0
2025-01-13,2025,East of England,25_to_34,0.161594963273872,7.0
2025-01-20,2025,East of England,25_to_34,0.17628541448058763,7.0
2025-01-27,2025,East of England,25_to_34,0.10283315844700944,7.0
2025-02-03,2025,East of England,25_to_34,0.1248688352570829,7.0
2025-02-10,2025,East of England,25_to_34,0.1248688352570829,7.0
2025-02-17,2025,East of England,25_to_34,0.11752360965372508,7.0
2025-02-24,2025,East of England,25_to_34,0.13955928646379853,7.0
2025-03-03,2025,East of England,25_to_34,0.11752360965372508,7.0
2025-03-10,2025,East of England,25_to_34,0.09548793284365163,7.0
2025-03-17,2025,East of England,25_to_34,0.11752360965372508,7.0
2025-03-24,2025,East of England,25_to_34,0.10283315844700944,7.0
2025-03-31,2025,East of England,25_to_34,0.17628541448058763,7.0
2025-04-07,2025,East of England,25_to_34,0.19097586568730326,7.0
2025-04-14,2025,East of England,25_to_34,0.23504721930745015,7.0
2025-04-21,2025,East of England,25_to_34,0.13955928646379853,7.0
2025-04-28,2025,East of England,25_to_34,0.19097586568730326,7.0
2025-05-05,2025,East of England,25_to_34,0.19097586568730326,7.0
2025-05-12,2025,East of England,25_to_34,0.18363064008394545,7.0
2025-05-19,2025,East of England,25_to_34,0.23504721930745015,7.0
2025-05-26,2025,East of England,25_to_34,0.24239244491080797,7.0
2025-06-02,2025,East of England,25_to_34,0.23504721930745015,7.0
2025-06-09,2025,East of England,25_to_34,0.2130115424973767,7.0
2025-06-16,2025,East of England,25_to_34,0.17628541448058763,7.0
2025-06-23,2025,East of England,25_to_34,0.22770199370409233,7.0
2025-06-30,2025,East of England,25_to_34,0.2570828961175236,7.0
2025-07-07,2025,East of England,25_to_34,0.20566631689401887,7.0
2025-07-14,2025,East of England,25_to_34,0.2864637985309549,7.0
2025-07-21,2025,East of England,25_to_34,0.11017838405036726,7.0
2025-07-28,2025,East of England,25_to_34,0.1322140608604407,7.0
2025-08-04,2025,East of England,25_to_34,0.1248688352570829,7.0
2025-08-11,2025,East of England,25_to_34,0.11017838405036726,7.0
2025-08-18,2025,East of England,25_to_34,0.02938090241343127,7.0
2025-08-25,2025,East of England,25_to_34,0.05141657922350472,7.0
2025-09-01,2025,East of England,25_to_34,0.04407135362014691,7.0
2025-09-08,2025,East of England,25_to_34,0.05141657922350472,7.0
2025-09-15,2025,East of England,25_to_34,0.06610703043022036,7.0
2025-09-22,2025,East of England,25_to_34,0.04407135362014691,7.0
2025-09-29,2025,East of England,25_to_34,0.06610703043022036,7.0
2025-10-06,2025,East of England,25_to_34,0.11017838405036726,7.0
2025-10-13,2025,East of England,25_to_34,0.05141657922350472,7.0
2025-10-20,2025,East of England,25_to_34,0.08814270724029381,7.0
2025-10-27,2025,East of England,25_to_34,0.05876180482686254,7.0
2025-11-03,2025,East of England,25_to_34,0.09548793284365163,7.0
2025-11-10,2025,East of England,25_to_34,0.11752360965372508,7.0
2025-11-17,2025,East of England,25_to_34,0.14690451206715635,7.0
2025-11-24,2025,East of England,25_to_34,0.10283315844700944,7.0
2025-12-01,2025,East of England,25_to_34,0.14690451206715635,7.0
2025-12-08,2025,East of England,25_to_34,0.09548793284365163,7.0
2025-12-15,2025,East of England,25_to_34,0.080797481636936,7.0
2025-12-22,2025,East of England,25_to_34,0.080797481636936,7.0
2025-12-29,2025,East of England,25_to_34,0.08814270724029381,7.0
2025-01-06,2025,East of England,35_and_over,0.05981112277019937,3.0
2025-01-13,2025,East of England,35_and_over,0.06925498426023086,3.0
2025-01-20,2025,East of England,35_and_over,0.07555089192025184,3.0
2025-01-27,2025,East of England,35_and_over,0.04407135362014691,3.0
2025-02-03,2025,East of England,35_and_over,0.053515215110178385,3.0
2025-02-10,2025,East of England,35_and_over,0.053515215110178385,3.0
2025-02-17,2025,East of England,35_and_over,0.05036726128016789,3.0
2025-02-24,2025,East of England,35_and_over,0.05981112277019937,3.0
2025-03-03,2025,East of England,35_and_over,0.05036726128016789,3.0
2025-03-10,2025,East of England,35_and_over,0.040923399790136414,3.0
2025-03-17,2025,East of England,35_and_over,0.05036726128016789,3.0
2025-03-24,2025,East of England,35_and_over,0.04407135362014691,3.0
2025-03-31,2025,East of England,35_and_over,0.07555089192025184,3.0
2025-04-07,2025,East of England,35_and_over,0.08184679958027283,3.0
2025-04-14,2025,East of England,35_and_over,0.10073452256033578,3.0
2025-04-21,2025,East of England,35_and_over,0.05981112277019937,3.0
2025-04-28,2025,East of England,35_and_over,0.08184679958027283,3.0
2025-05-05,2025,East of England,35_and_over,0.08184679958027283,3.0
2025-05-12,2025,East of England,35_and_over,0.07869884575026233,3.0
2025-05-19,2025,East of England,35_and_over,0.10073452256033578,3.0
2025-05-26,2025,East of England,35_and_over,0.10388247639034627,3.0
2025-06-02,2025,East of England,35_and_over,0.10073452256033578,3.0
2025-06-09,2025,East of England,35_and_over,0.0912906610703043,3.0
2025-06-16,2025,East of England,35_and_over,0.07555089192025184,3.0
2025-06-23,2025,East of England,35_and_over,0.09758656873032528,3.0
2025-06-30,2025,East of England,35_and_over,0.11017838405036726,3.0
2025-07-07,2025,East of England,35_and_over,0.08814270724029381,3.0
2025-07-14,2025,East of England,35_and_over,0.12277019937040923,3.0
2025-07-21,2025,East of England,35_and_over,0.0472193074501574,3.0
2025-07-28,2025,East of England,35_and_over,0.05666316894018888,3.0
2025-08-04,2025,East of England,35_and_over,0.053515215110178385,3.0
2025-08-11,2025,East of England,35_and_over,0.0472193074501574,3.0
2025-08-18,2025,East of England,35_and_over,0.012591815320041973,3.0
2025-08-25,2025,East of England,35_and_over,0.022035676810073453,3.0
2025-09-01,2025,East of England,35_and_over,0.01888772298006296,3.0
2025-09-08,2025,East of England,35_and_over,0.022035676810073453,3.0
2025-09-15,2025,East of England,35_and_over,0.02833158447009444,3.0
2025-09-22,2025,East of England,35_and_over,0.01888772298006296,3.0
2025-09-29,2025,East of England,35_and_over,0.02833158447009444,3.0
2025-10-06,2025,East of England,35_and_over,0.0472193074501574,3.0
2025-10-13,2025,East of England,35_and_over,0.022035676810073453,3.0
2025-10-20,2025,East of England,35_and_over,0.03777544596012592,3.0
2025-10-27,2025,East of England,35_and_over,0.025183630640083946,3.0
2025-11-03,2025,East of England,35_and_over,0.040923399790136414,3.0
2025-11-10,2025,East of England,35_and_over,0.05036726128016789,3.0
2025-11-17,2025,East of England,35_and_over,0.06295907660020986,3.0
2025-11-24,2025,East of England,35_and_over,0.04407135362014691,3.0
2025-12-01,2025,East of England,35_and_over,0.06295907660020986,3.0
2025-12-08,2025,East of England,35_and_over,0.040923399790136414,3.0
2025-12-15,2025,East of England,35_and_over,0.03462749213011543,3.0
2025-12-22,2025,East of England,35_and_over,0.03462749213011543,3.0
2025-12-29,2025,East of England,35_and_over,0.03777544596012592,3.0
2025-01-06,2025,East of England,5_to_10,0.45855194123819515,23.0
2025-01-13,2025,East of England,5_to_10,0.5309548793284365,23.0
2025-01-20,2025,East of England,5_to_10,0.5792235047219307,23.0
2025-01-27,2025,East of England,5_to_10,0.3378803777544596,23.0
2025-02-03,2025,East of England,5_to_10,0.41028331584470096,23.0
2025-02-10,2025,East of England,5_to_10,0.41028331584470096,23.0
2025-02-17,2025,East of England,5_to_10,0.3861490031479538,23.0
2025-02-24,2025,East of England,5_to_10,0.45855194123819515,23.0
2025-03-03,2025,East of England,5_to_10,0.3861490031479538,23.0
2025-03-10,2025,East of England,5_to_10,0.31374606505771246,23.0
2025-03-17,2025,East of England,5_to_10,0.3861490031479538,23.0
2025-03-24,2025,East of England,5_to_10,0.3378803777544596,23.0
2025-03-31,2025,East of England,5_to_10,0.5792235047219307,23.0
2025-04-07,2025,East of England,5_to_10,0.6274921301154249,23.0
2025-04-14,2025,East of England,5_to_10,0.7722980062959076,23.0
2025-04-21,2025,East of England,5_to_10,0.45855194123819515,23.0
2025-04-28,2025,East of England,5_to_10,0.6274921301154249,23.0
2025-05-05,2025,East of England,5_to_10,0.6274921301154249,23.0
2025-05-12,2025,East of England,5_to_10,0.6033578174186779,23.0
2025-05-19,2025,East of England,5_to_10,0.7722980062959076,23.0
2025-05-26,2025,East of England,5_to_10,0.7964323189926548,23.0
2025-06-02,2025,East of England,5_to_10,0.7722980062959076,23.0
2025-06-09,2025,East of England,5_to_10,0.6998950682056663,23.0
2025-06-16,2025,East of England,5_to_10,0.5792235047219307,23.0
2025-06-23,2025,East of England,5_to_10,0.7481636935991606,23.0
2025-06-30,2025,East of England,5_to_10,0.844700944386149,23.0
2025-07-07,2025,East of England,5_to_10,0.6757607555089192,23.0
2025-07-14,2025,East of England,5_to_10,0.9412381951731374,23.0
2025-07-21,2025,East of England,5_to_10,0.3620146904512067,23.0
2025-07-28,2025,East of England,5_to_10,0.43441762854144805,23.0
2025-08-04,2025,East of England,5_to_10,0.41028331584470096,23.0
2025-08-11,2025,East of England,5_to_10,0.3620146904512067,23.0
2025-08-18,2025,East of England,5_to_10,0.09653725078698845,23.0
2025-08-25,2025,East of England,5_to_10,0.1689401888772298,23.0
2025-09-01,2025,East of England,5_to_10,0.14480587618048268,23.0
2025-09-08,2025,East of England,5_to_10,0.1689401888772298,23.0
2025-09-15,2025,East of England,5_to_10,0.21720881427072403,23.0
2025-09-22,2025,East of England,5_to_10,0.14480587618048268,23.0
2025-09-29,2025,East of England,5_to_10,0.21720881427072403,23.0
2025-10-06,2025,East of England,5_to_10,0.3620146904512067,23.0
2025-10-13,2025,East of England,5_to_10,0.1689401888772298,23.0
2025-10-20,2025,East of England,5_to_10,0.28961175236096537,23.0
2025-10-27,2025,East of England,5_to_10,0.1930745015739769,23.0
2025-11-03,2025,East of England,5_to_10,0.31374606505771246,23.0
2025-11-10,2025,East of England,5_to_10,0.3861490031479538,23.0
2025-11-17,2025,East of England,5_to_10,0.4826862539349423,23.0
2025-11-24,2025,East of England,5_to_10,0.3378803777544596,23.0
2025-12-01,2025,East of England,5_to_10,0.4826862539349423,23.0
2025-12-08,2025,East of England,5_to_10,0.31374606505771246,23.0
2025-12-15,2025,East of England,5_to_10,0.2654774396642183,23.0
2025-12-22,2025,East of England,5_to_10,0.2654774396642183,23.0
2025-12-29,2025,East of England,5_to_10,0.28961175236096537,23.0
2025-01-06,2025,East of England,under_1,0.13955928646379853,7.0
2025-01-13,2025,East of England,under_1,0.161594963273872,7.0
2025-01-20,2025,East of England,under_1,0.17628541448058763,7.0
2025-01-27,2025,East of England,under_1,0.10283315844700944,7.0
2025-02-03,2025,East of England,under_1,0.1248688352570829,7.0
2025-02-10,2025,East of England,under_1,0.1248688352570829,7.0
2025-02-17,2025,East of England,under_1,0.11752360965372508,7.0
2025-02-24,2025,East of England,under_1,0.13955928646379853,7.0
2025-03-03,2025,East of England,under_1,0.11752360965372508,7.0
2025-03-10,2025,East of England,under_1,0.09548793284365163,7.0
2025-03-17,2025,East of England,under_1,0.11752360965372508,7.0
2025-03-24,2025,East of England,under_1,0.10283315844700944,7.0
2025-03-31,2025,East of England,under_1,0.17628541448058763,7.0
2025-04-07,2025,East of England,under_1,0.19097586568730326,7.0
2025-04-14,2025,East of England,under_1,0.23504721930745015,7.0
2025-04-21,2025,East of England,under_1,0.13955928646379853,7.0
2025-04-28,2025,East of England,under_1,0.19097586568730326,7.0
2025-05-05,2025,East of England,under_1,0.19097586568730326,7.0
2025-05-12,2025,East of England,under_1,0.18363064008394545,7.0
2025-05-19,2025,East of England,under_1,0.23504721930745015,7.0
2025-05-26,2025,East of England,under_1,0.24239244491080797,7.0
2025-06-02,2025,East of England,under_1,0.23504721930745015,7.0
2025-06-09,2025,East of England,under_1,0.2130115424973767,7.0
2025-06-16,2025,East of England,under_1,0.17628541448058763,7.0
2025-06-23,2025,East of England,under_1,0.22770199370409233,7.0
2025-06-30,2025,East of England,under_1,0.2570828961175236,7.0
2025-07-07,2025,East of England,under_1,0.20566631689401887,7.0
2025-07-14,2025,East of England,under_1,0.2864637985309549,7.0
2025-07-21,2025,East of England,under_1,0.11017838405036726,7.0
2025-07-28,2025,East of England,under_1,0.1322140608604407,7.0
2025-08-04,2025,East of England,under_1,0.1248688352570829,7.0
2025-08-11,2025,East of England,under_1,0.11017838405036726,7.0
2025-08-18,2025,East of England,under_1,0.02938090241343127,7.0
2025-08-25,2025,East of England,under_1,0.05141657922350472,7.0
2025-09-01,2025,East of England,under_1,0.04407135362014691,7.0
2025-09-08,2025,East of England,under_1,0.05141657922350472,7.0
2025-09-15,2025,East of England,under_1,0.06610703043022036,7.0
2025-09-22,2025,East of England,under_1,0.04407135362014691,7.0
2025-09-29,2025,East of England,under_1,0.06610703043022036,7.0
2025-10-06,2025,East of England,under_1,0.11017838405036726,7.0
2025-10-13,2025,East of England,under_1,0.05141657922350472,7.0
2025-10-20,2025,East of England,under_1,0.08814270724029381,7.0
2025-10-27,2025,East of England,under_1,0.05876180482686254,7.0
2025-11-03,2025,East of England,under_1,0.09548793284365163,7.0
2025-11-10,2025,East of England,under_1,0.11752360965372508,7.0
2025-11-17,2025,East of England,under_1,0.14690451206715635,7.0
2025-11-24,2025,East of England,under_1,0.10283315844700944,7.0
2025-12-01,2025,East of England,under_1,0.14690451206715635,7.0
2025-12-08,2025,East of England,under_1,0.09548793284365163,7.0
2025-12-15,2025,East of England,under_1,0.080797481636936,7.0
2025-12-22,2025,East of England,under_1,0.080797481636936,7.0
2025-12-29,2025,East of England,under_1,0.08814270724029381,7.0
2025-01-06,2025,London,11_to_14,0.6379853095487933,32.0
2025-01-13,2025,London,11_to_14,0.7387198321091291,32.0
2025-01-20,2025,London,11_to_14,0.8058761804826863,32.0
2025-01-27,2025,London,11_to_14,0.4700944386149003,32.0
2025-02-03,2025,London,11_to_14,0.5708289611752361,32.0
2025-02-10,2025,London,11_to_14,0.5708289611752361,32.0
2025-02-17,2025,London,11_to_14,0.5372507869884575,32.0
2025-02-24,2025,London,11_to_14,0.6379853095487933,32.0
2025-03-03,2025,London,11_to_14,0.5372507869884575,32.0
2025-03-10,2025,London,11_to_14,0.43651626442812175,32.0
2025-03-17,2025,London,11_to_14,0.5372507869884575,32.0
2025-03-24,2025,London,11_to_14,0.4700944386149003,32.0
2025-03-31,2025,London,11_to_14,0.8058761804826863,32.0
2025-04-07,2025,London,11_to_14,0.8730325288562435,32.0
2025-04-14,2025,London,11_to_14,1.074501573976915,32.0
2025-04-21,2025,London,11_to_14,0.6379853095487933,32.0
2025-04-28,2025,London,11_to_14,0.8730325288562435,32.0
2025-05-05,2025,London,11_to_14,0.8730325288562435,32.0
2025-05-12,2025,London,11_to_14,0.8394543546694648,32.0
2025-05-19,2025,London,11_to_14,1.074501573976915,32.0
2025-05-26,2025,London,11_to_14,1.1080797481636937,32.0
2025-06-02,2025,London,11_to_14,1.074501573976915,32.0
2025-06-09,2025,London,11_to_14,0.9737670514165793,32.0
2025-06-16,2025,London,11_to_14,0.8058761804826863,32.0
2025-06-23,2025,London,11_to_14,1.0409233997901364,32.0
2025-06-30,2025,London,11_to_14,1.1752360965372508,32.0
2025-07-07,2025,London,11_to_14,0.9401888772298006,32.0
2025-07-14,2025,London,11_to_14,1.3095487932843652,32.0
2025-07-21,2025,London,11_to_14,0.5036726128016789,32.0
2025-07-28,2025,London,11_to_14,0.6044071353620147,32.0
2025-08-04,2025,London,11_to_14,0.5708289611752361,32.0
2025-08-11,2025,London,11_to_14,0.5036726128016789,32.0
2025-08-18,2025,London,11_to_14,0.13431269674711438,32.0
2025-08-25,2025,London,11_to_14,0.23504721930745015,32.0
2025-09-01,2025,London,11_to_14,0.20146904512067157,32.0
2025-09-08,2025,London,11_to_14,0.23504721930745015,32.0
2025-09-15,2025,London,11_to_14,0.30220356768100737,32.0
2025-09-22,2025,London,11_to_14,0.20146904512067157,32.0
2025-09-29,2025,London,11_to_14,0.30220356768100737,32.0
2025-10-06,2025,London,11_to_14,0.5036726128016789,32.0
2025-10-13,2025,London,11_to_14,0.23504721930745015,32.0
2025-10-20,2025,London,11_to_14,0.40293809024134314,32.0
2025-10-27,2025,London,11_to_14,0.26862539349422876,32.0
2025-11-03,2025,London,11_to_14,0.43651626442812175,32.0
2025-11-10,2025,London,11_to_14,0.5372507869884575,32.0
2025-11-17,2025,London,11_to_14,0.6715634837355718,32.0
2025-11-24,2025,London,11_to_14,0.4700944386149003,32.0
2025-12-01,2025,London,11_to_14,0.6715634837355718,32.0
2025-12-08,2025,London,11_to_14,0.43651626442812175,32.0
2025-12-15,2025,London,11_to_14,0.36935991605456453,32.0
2025-12-22,2025,London,11_to_14,0.36935991605456453,32.0
2025-12-29,2025,London,11_to_14,0.40293809024134314,32.0
2025-01-06,2025,London,15_to_24,0.7376705141657922,37.0
2025-01-13,2025,London,15_to_24,0.8541448058761805,37.0
2025-01-20,2025,London,15_to_24,0.9317943336831059,37.0
2025-01-27,2025,London,15_to_24,0.5435466946484785,37.0
2025-02-03,2025,London,15_to_24,0.6600209863588667,37.0
2025-02-10,2025,London,15_to_24,0.6600209863588667,37.0
2025-02-17,2025,London,15_to_24,0.621196222455404,37.0
2025-02-24,2025,London,15_to_24,0.7376705141657922,37.0
2025-03-03,2025,London,15_to_24,0.621196222455404,37.0
2025-03-10,2025,London,15_to_24,0.5047219307450157,37.0
2025-03-17,2025,London,15_to_24,0.621196222455404,37.0
2025-03-24,2025,London,15_to_24,0.5435466946484785,37.0
2025-03-31,2025,London,15_to_24,0.9317943336831059,37.0
2025-04-07,2025,London,15_to_24,1.0094438614900314,37.0
2025-04-14,2025,London,15_to_24,1.242392444910808,37.0
2025-04-21,2025,London,15_to_24,0.7376705141657922,37.0
2025-04-28,2025,London,15_to_24,1.0094438614900314,37.0
2025-05-05,2025,London,15_to_24,1.0094438614900314,37.0
2025-05-12,2025,London,15_to_24,0.9706190975865687,37.0
2025-05-19,2025,London,15_to_24,1.242392444910808,37.0
2025-05-26,2025,London,15_to_24,1.2812172088142708,37.0
2025-06-02,2025,London,15_to_24,1.242392444910808,37.0
2025-06-09,2025,London,15_to_24,1.1259181532004197,37.0
2025-06-16,2025,London,15_to_24,0.9317943336831059,37.0
2025-06-23,2025,London,15_to_24,1.2035676810073452,37.0
2025-06-30,2025,London,15_to_24,1.3588667366211962,37.0
2025-07-07,2025,London,15_to_24,1.087093389296957,37.0
2025-07-14,2025,London,15_to_24,1.5141657922350473,37.0
2025-07-21,2025,London,15_to_24,0.5823714585519413,37.0
2025-07-28,2025,London,15_to_24,0.6988457502623295,37.0
2025-08-04,2025,London,15_to_24,0.6600209863588667,37.0
2025-08-11,2025,London,15_to_24,0.5823714585519413,37.0
2025-08-18,2025,London,15_to_24,0.155299055613851,37.0
2025-08-25,2025,London,15_to_24,0.27177334732423925,37.0
2025-09-01,2025,London,15_to_24,0.23294858342077648,37.0
2025-09-08,2025,London,15_to_24,0.27177334732423925,37.0
2025-09-15,2025,London,15_to_24,0.34942287513116477,37.0
2025-09-22,2025,London,15_to_24,0.23294858342077648,37.0
2025-09-29,2025,London,15_to_24,0.34942287513116477,37.0
2025-10-06,2025,London,15_to_24,0.5823714585519413,37.0
2025-10-13,2025,London,15_to_24,0.27177334732423925,37.0
2025-10-20,2025,London,15_to_24,0.46589716684155297,37.0
2025-10-27,2025,London,15_to_24,0.310598111227702,37.0
2025-11-03,2025,London,15_to_24,0.5047219307450157,37.0
2025-11-10,2025,London,15_to_24,0.621196222455404,37.0
2025-11-17,2025,London,15_to_24,0.776495278069255,37.0
2025-11-24,2025,London,15_to_24,0.5435466946484785,37.0
2025-12-01,2025,London,15_to_24,0.776495278069255,37.0
2025-12-08,2025,London,15_to_24,0.5047219307450157,37.0
2025-12-15,2025,London,15_to_24,0.42707240293809023,37.0
2025-12-22,2025,London,15_to_24,0.42707240293809023,37.0
2025-12-29,2025,London,15_to_24,0.46589716684155297,37.0
2025-01-06,2025,London,1_to_4,3.3095487932843652,166.0
2025-01-13,2025,London,1_to_4,3.832109129066107,166.0
2025-01-20,2025,London,1_to_4,4.180482686253935,166.0
2025-01-27,2025,London,1_to_4,2.4386149003147954,166.0
2025-02-03,2025,London,1_to_4,2.9611752360965373,166.0
2025-02-10,2025,London,1_to_4,2.9611752360965373,166.0
2025-02-17,2025,London,1_to_4,2.7869884575026234,166.0
2025-02-24,2025,London,1_to_4,3.3095487932843652,166.0
2025-03-03,2025,London,1_to_4,2.7869884575026234,166.0
2025-03-10,2025,London,1_to_4,2.2644281217208815,166.0
2025-03-17,2025,London,1_to_4,2.7869884575026234,166.0
2025-03-24,2025,London,1_to_4,2.4386149003147954,166.0
2025-03-31,2025,London,1_to_4,4.180482686253935,166.0
2025-04-07,2025,London,1_to_4,4.528856243441763,166.0
2025-04-14,2025,London,1_to_4,5.573976915005247,166.0
2025-04-21,2025,London,1_to_4,3.3095487932843652,166.0
2025-04-28,2025,London,1_to_4,4.528856243441763,166.0
2025-05-05,2025,London,1_to_4,4.528856243441763,166.0
2025-05-12,2025,London,1_to_4,4.354669464847849,166.0
2025-05-19,2025,London,1_to_4,5.573976915005247,166.0
2025-05-26,2025,London,1_to_4,5.74816369359916,166.0
2025-06-02,2025,London,1_to_4,5.573976915005247,166.0
2025-06-09,2025,London,1_to_4,5.051416579223504,166.0
2025-06-16,2025,London,1_to_4,4.180482686253935,166.0
2025-06-23,2025,London,1_to_4,5.399790136411332,166.0
2025-06-30,2025,London,1_to_4,6.096537250786988,166.0
2025-07-07,2025,London,1_to_4,4.877229800629591,166.0
2025-07-14,2025,London,1_to_4,6.793284365162644,166.0
2025-07-21,2025,London,1_to_4,2.6128016789087094,166.0
2025-07-28,2025,London,1_to_4,3.1353620146904513,166.0
2025-08-04,2025,London,1_to_4,2.9611752360965373,166.0
2025-08-11,2025,London,1_to_4,2.6128016789087094,166.0
2025-08-18,2025,London,1_to_4,0.6967471143756558,166.0
2025-08-25,2025,London,1_to_4,1.2193074501573977,166.0
2025-09-01,2025,London,1_to_4,1.0451206715634838,166.0
2025-09-08,2025,London,1_to_4,1.2193074501573977,166.0
2025-09-15,2025,London,1_to_4,1.5676810073452256,166.0
2025-09-22,2025,London,1_to_4,1.0451206715634838,166.0
2025-09-29,2025,London,1_to_4,1.5676810073452256,166.0
2025-10-06,2025,London,1_to_4,2.6128016789087094,166.0
2025-10-13,2025,London,1_to_4,1.2193074501573977,166.0
2025-10-20,2025,London,1_to_4,2.0902413431269675,166.0
2025-10-27,2025,London,1_to_4,1.3934942287513117,166.0
2025-11-03,2025,London,1_to_4,2.2644281217208815,166.0
2025-11-10,2025,London,1_to_4,2.7869884575026234,166.0
2025-11-17,2025,London,1_to_4,3.483735571878279,166.0
2025-11-24,2025,London,1_to_4,2.4386149003147954,166.0
2025-12-01,2025,London,1_to_4,3.483735571878279,166.0
2025-12-08,2025,London,1_to_4,2.2644281217208815,166.0
2025-12-15,2025,London,1_to_4,1.9160545645330536,166.0
2025-12-22,2025,London,1_to_4,1.9160545645330536,166.0
2025-12-29,2025,London,1_to_4,2.0902413431269675,166.0
2025-01-06,2025,London,25_to_34,0.8174186778593914,41.0
2025-01-13,2025,London,25_to_34,0.9464847848898216,41.0
2025-01-20,2025,London,25_to_34,1.0325288562434418,41.0
2025-01-27,2025,London,25_to_34,0.602308499475341,41.0
2025-02-03,2025,London,25_to_34,0.7313746065057712,41.0
2025-02-10,2025,London,25_to_34,0.7313746065057712,41.0
2025-02-17,2025,London,25_to_34,0.6883525708289612,41.0
2025-02-24,2025,London,25_to_34,0.8174186778593914,41.0
2025-03-03,2025,London,25_to_34,0.6883525708289612,41.0
2025-03-10,2025,London,25_to_34,0.559286463798531,41.0
2025-03-17,2025,London,25_to_34,0.6883525708289612,41.0
2025-03-24,2025,London,25_to_34,0.602308499475341,41.0
2025-03-31,2025,London,25_to_34,1.0325288562434418,41.0
2025-04-07,2025,London,25_to_34,1.118572927597062,41.0
2025-04-14,2025,London,25_to_34,1.3767051416579223,41.0
2025-04-21,2025,London,25_to_34,0.8174186778593914,41.0
2025-04-28,2025,London,25_to_34,1.118572927597062,41.0
2025-05-05,2025,London,25_to_34,1.118572927597062,41.0
2025-05-12,2025,London,25_to_34,1.0755508919202519,41.0
2025-05-19,2025,London,25_to_34,1.3767051416579223,41.0
2025-05-26,2025,London,25_to_34,1.4197271773347324,41.0
2025-06-02,2025,London,25_to_34,1.3767051416579223,41.0
2025-06-09,2025,London,25_to_34,1.2476390346274921,41.0
2025-06-16,2025,London,25_to_34,1.0325288562434418,41.0
2025-06-23,2025,London,25_to_34,1.3336831059811123,41.0
2025-06-30,2025,London,25_to_34,1.5057712486883525,41.0
2025-07-07,2025,London,25_to_34,1.204616998950682,41.0
2025-07-14,2025,London,25_to_34,1.6778593913955928,41.0
2025-07-21,2025,London,25_to_34,0.6453305351521511,41.0
2025-07-28,2025,London,25_to_34,0.7743966421825813,41.0
2025-08-04,2025,London,25_to_34,0.7313746065057712,41.0
2025-08-11,2025,London,25_to_34,0.6453305351521511,41.0
2025-08-18,2025,London,25_to_34,0.1720881427072403,41.0
2025-08-25,2025,London,25_to_34,0.3011542497376705,41.0
2025-09-01,2025,London,25_to_34,0.25813221406086045,41.0
2025-09-08,2025,London,25_to_34,0.3011542497376705,41.0
2025-09-15,2025,London,25_to_34,0.38719832109129065,41.0
2025-09-22,2025,London,25_to_34,0.25813221406086045,41.0
2025-09-29,2025,London,25_to_34,0.38719832109129065,41.0
2025-10-06,2025,London,25_to_34,0.6453305351521511,41.0
2025-10-13,2025,London,25_to_34,0.3011542497376705,41.0
2025-10-20,2025,London,25_to_34,0.5162644281217209,41.0
2025-10-27,2025,London,25_to_34,0.3441762854144806,41.0
2025-11-03,2025,London,25_to_34,0.559286463798531,41.0
2025-11-10,2025,London,25_to_34,0.6883525708289612,41.0
2025-11-17,2025,London,25_to_34,0.8604407135362014,41.0
2025-11-24,2025,London,25_to_34,0.602308499475341,41.0
2025-12-01,2025,London,25_to_34,0.8604407135362014,41.0
2025-12-08,2025,London,25_to_34,0.559286463798531,41.0
2025-12-15,2025,London,25_to_34,0.4732423924449108,41.0
2025-12-22,2025,London,25_to_34,0.4732423924449108,41.0
2025-12-29,2025,London,25_to_34,0.5162644281217209,41.0
2025-01-06,2025,London,35_and_over,0.47848898216159497,24.0
2025-01-13,2025,London,35_and_over,0.5540398740818469,24.0
2025-01-20,2025,London,35_and_over,0.6044071353620147,24.0
2025-01-27,2025,London,35_and_over,0.35257082896117525,24.0
2025-02-03,2025,London,35_and_over,0.4281217208814271,24.0
2025-02-10,2025,London,35_and_over,0.4281217208814271,24.0
2025-02-17,2025,London,35_and_over,0.40293809024134314,24.0
2025-02-24,2025,London,35_and_over,0.47848898216159497,24.0
2025-03-03,2025,London,35_and_over,0.40293809024134314,24.0
2025-03-10,2025,London,35_and_over,0.3273871983210913,24.0
2025-03-17,2025,London,35_and_over,0.40293809024134314,24.0
2025-03-24,2025,London,35_and_over,0.35257082896117525,24.0
2025-03-31,2025,London,35_and_over,0.6044071353620147,24.0
2025-04-07,2025,London,35_and_over,0.6547743966421826,24.0
2025-04-14,2025,London,35_and_over,0.8058761804826863,24.0
2025-04-21,2025,London,35_and_over,0.47848898216159497,24.0
2025-04-28,2025,London,35_and_over,0.6547743966421826,24.0
2025-05-05,2025,London,35_and_over,0.6547743966421826,24.0
2025-05-12,2025,London,35_and_over,0.6295907660020986,24.0
2025-05-19,2025,London,35_and_over,0.8058761804826863,24.0
2025-05-26,2025,London,35_and_over,0.8310598111227702,24.0
2025-06-02,2025,London,35_and_over,0.8058761804826863,24.0
2025-06-09,2025,London,35_and_over,0.7303252885624344,24.0
2025-06-16,2025,London,35_and_over,0.6044071353620147,24.0
2025-06-23,2025,London,35_and_over,0.7806925498426023,24.0
2025-06-30,2025,London,35_and_over,0.881427072402938,24.0
2025-07-07,2025,London,35_and_over,0.7051416579223505,24.0
2025-07-14,2025,London,35_and_over,0.9821615949632738,24.0
2025-07-21,2025,London,35_and_over,0.3777544596012592,24.0
2025-07-28,2025,London,35_and_over,0.453305351521511,24.0
2025-08-04,2025,London,35_and_over,0.4281217208814271,24.0
2025-08-11,2025,London,35_and_over,0.3777544596012592,24.0
2025-08-18,2025,London,35_and_over,0.10073452256033578,24.0
2025-08-25,2025,London,35_and_over,0.17628541448058763,24.0
2025-09-01,2025,London,35_and_over,0.15110178384050368,24.0
2025-09-08,2025,London,35_and_over,0.17628541448058763,24.0
2025-09-15,2025,London,35_and_over,0.2266526757607555,24.0
2025-09-22,2025,London,35_and_over,0.15110178384050368,24.0
2025-09-29,2025,London,35_and_over,0.2266526757607555,24.0
2025-10-06,2025,London,35_and_over,0.3777544596012592,24.0
2025-10-13,2025,London,35_and_over,0.17628541448058763,24.0
2025-10-20,2025,London,35_and_over,0.30220356768100737,24.0
2025-10-27,2025,London,35_and_over,0.20146904512067157,24.0
2025-11-03,2025,London,35_and_over,0.3273871983210913,24.0
2025-11-10,2025,London,35_and_over,0.40293809024134314,24.0
2025-11-17,2025,London,35_and_over,0.5036726128016789,24.0
2025-11-24,2025,London,35_and_over,0.35257082896117525,24.0
2025-12-01,2025,London,35_and_over,0.5036726128016789,24.0
2025-12-08,2025,London,35_and_over,0.3273871983210913,24.0
2025-12-15,2025,London,35_and_over,0.2770199370409234,24.0
2025-12-22,2025,London,35_and_over,0.2770199370409234,24.0
2025-12-29,2025,London,35_and_over,0.30220356768100737,24.0
2025-01-06,2025,London,5_to_10,2.87093389296957,144.0
2025-01-13,2025,London,5_to_10,3.3242392444910807,144.0
2025-01-20,2025,London,5_to_10,3.626442812172088,144.0
2025-01-27,2025,London,5_to_10,2.1154249737670514,144.0
2025-02-03,2025,London,5_to_10,2.5687303252885623,144.0
2025-02-10,2025,London,5_to_10,2.5687303252885623,144.0
2025-02-17,2025,London,5_to_10,2.417628541448059,144.0
2025-02-24,2025,London,5_to_10,2.87093389296957,144.0
2025-03-03,2025,London,5_to_10,2.417628541448059,144.0
2025-03-10,2025,London,5_to_10,1.9643231899265476,144.0
2025-03-17,2025,London,5_to_10,2.417628541448059,144.0
2025-03-24,2025,London,5_to_10,2.1154249737670514,144.0
2025-03-31,2025,London,5_to_10,3.626442812172088,144.0
2025-04-07,2025,London,5_to_10,3.9286463798530953,144.0
2025-04-14,2025,London,5_to_10,4.835257082896118,144.0
2025-04-21,2025,London,5_to_10,2.87093389296957,144.0
2025-04-28,2025,London,5_to_10,3.9286463798530953,144.0
2025-05-05,2025,London,5_to_10,3.9286463798530953,144.0
2025-05-12,2025,London,5_to_10,3.777544596012592,144.0
2025-05-19,2025,London,5_to_10,4.835257082896118,144.0
2025-05-26,2025,London,5_to_10,4.986358866736621,144.0
2025-06-02,2025,London,5_to_10,4.835257082896118,144.0
2025-06-09,2025,London,5_to_10,4.381951731374606,144.0
2025-06-16,2025,London,5_to_10,3.626442812172088,144.0
2025-06-23,2025,London,5_to_10,4.684155299055614,144.0
2025-06-30,2025,London,5_to_10,5.288562434417629,144.0
2025-07-07,2025,London,5_to_10,4.230849947534103,144.0
2025-07-14,2025,London,5_to_10,5.892969569779643,144.0
2025-07-21,2025,London,5_to_10,2.266526757607555,144.0
2025-07-28,2025,London,5_to_10,2.719832109129066,144.0
2025-08-04,2025,London,5_to_10,2.5687303252885623,144.0
2025-08-11,2025,London,5_to_10,2.266526757607555,144.0
2025-08-18,2025,London,5_to_10,0.6044071353620147,144.0
2025-08-25,2025,London,5_to_10,1.0577124868835257,144.0
2025-09-01,2025,London,5_to_10,0.906610703043022,144.0
2025-09-08,2025,London,5_to_10,1.0577124868835257,144.0
2025-09-15,2025,London,5_to_10,1.359916054564533,144.0
2025-09-22,2025,London,5_to_10,0.906610703043022,144.0
2025-09-29,2025,London,5_to_10,1.359916054564533,144.0
2025-10-06,2025,London,5_to_10,2.266526757607555,144.0
2025-10-13,2025,London,5_to_10,1.0577124868835257,144.0
2025-10-20,2025,London,5_to_10,1.813221406086044,144.0
2025-10-27,2025,London,5_to_10,1.2088142707240295,144.0
2025-11-03,2025,London,5_to_10,1.9643231899265476,144.0
2025-11-10,2025,London,5_to_10,2.417628541448059,144.0
2025-11-17,2025,London,5_to_10,3.0220356768100736,144.0
2025-11-24,2025,London,5_to_10,2.1154249737670514,144.0
2025-12-01,2025,London,5_to_10,3.0220356768100736,144.0
2025-12-08,2025,London,5_to_10,1.9643231899265476,144.0
2025-12-15,2025,London,5_to_10,1.6621196222455403,144.0
2025-12-22,2025,London,5_to_10,1.6621196222455403,144.0
2025-12-29,2025,London,5_to_10,1.813221406086044,144.0
2025-01-06,2025,London,under_1,0.9769150052465897,49.0
2025-01-13,2025,London,under_1,1.131164742917104,49.0
2025-01-20,2025,London,under_1,1.2339979013641134,49.0
2025-01-27,2025,London,under_1,0.7198321091290661,49.0
2025-02-03,2025,London,under_1,0.8740818467995802,49.0
2025-02-10,2025,London,under_1,0.8740818467995802,49.0
2025-02-17,2025,London,under_1,0.8226652675760755,49.0
2025-02-24,2025,London,under_1,0.9769150052465897,49.0
2025-03-03,2025,London,under_1,0.8226652675760755,49.0
2025-03-10,2025,London,under_1,0.6684155299055614,49.0
2025-03-17,2025,London,under_1,0.8226652675760755,49.0
2025-03-24,2025,London,under_1,0.7198321091290661,49.0
2025-03-31,2025,London,under_1,1.2339979013641134,49.0
2025-04-07,2025,London,under_1,1.3368310598111228,49.0
2025-04-14,2025,London,under_1,1.645330535152151,49.0
2025-04-21,2025,London,under_1,0.9769150052465897,49.0
2025-04-28,2025,London,under_1,1.3368310598111228,49.0
2025-05-05,2025,London,under_1,1.3368310598111228,49.0
2025-05-12,2025,London,under_1,1.285414480587618,49.0
2025-05-19,2025,London,under_1,1.645330535152151,49.0
2025-05-26,2025,London,under_1,1.6967471143756558,49.0
2025-06-02,2025,London,under_1,1.645330535152151,49.0
2025-06-09,2025,London,under_1,1.491080797481637,49.0
2025-06-16,2025,London,under_1,1.2339979013641134,49.0
2025-06-23,2025,London,under_1,1.5939139559286464,49.0
2025-06-30,2025,London,under_1,1.7995802728226653,49.0
2025-07-07,2025,London,under_1,1.4396642182581323,49.0
2025-07-14,2025,London,under_1,2.005246589716684,49.0
2025-07-21,2025,London,under_1,0.7712486883525709,49.0
2025-07-28,2025,London,under_1,0.925498426023085,49.0
2025-08-04,2025,London,under_1,0.8740818467995802,49.0
2025-08-11,2025,London,under_1,0.7712486883525709,49.0
2025-08-18,2025,London,under_1,0.20566631689401887,49.0
2025-08-25,2025,London,under_1,0.35991605456453307,49.0
2025-09-01,2025,London,under_1,0.30849947534102834,49.0
2025-09-08,2025,London,under_1,0.35991605456453307,49.0
2025-09-15,2025,London,under_1,0.4627492130115425,49.0
2025-09-22,2025,London,under_1,0.30849947534102834,49.0
2025-09-29,2025,London,under_1,0.4627492130115425,49.0
2025-10-06,2025,London,under_1,0.7712486883525709,49.0
2025-10-13,2025,London,under_1,0.35991605456453307,49.0
2025-10-20,2025,London,under_1,0.6169989506820567,49.0
2025-10-27,2025,London,under_1,0.41133263378803775,49.0
2025-11-03,2025,London,under_1,0.6684155299055614,49.0
2025-11-10,2025,London,under_1,0.8226652675760755,49.0
2025-11-17,2025,London,under_1,1.0283315844700944,49.0
2025-11-24,2025,London,under_1,0.7198321091290661,49.0
2025-12-01,2025,London,under_1,1.0283315844700944,49.0
2025-12-08,2025,London,under_1,0.6684155299055614,49.0
2025-12-15,2025,London,under_1,0.565582371458552,49.0
2025-12-22,2025,London,under_1,0.565582371458552,49.0
2025-12-29,2025,London,under_1,0.6169989506820567,49.0
2025-01-06,2025,North East,11_to_14,0.0,0.0
2025-01-13,2025,North East,11_to_14,0.0,0.0
2025-01-20,2025,North East,11_to_14,0.0,0.0
2025-01-27,2025,North East,11_to_14,0.0,0.0
2025-02-03,2025,North East,11_to_14,0.0,0.0
2025-02-10,2025,North East,11_to_14,0.0,0.0
2025-02-17,2025,North East,11_to_14,0.0,0.0
2025-02-24,2025,North East,11_to_14,0.0,0.0
2025-03-03,2025,North East,11_to_14,0.0,0.0
2025-03-10,2025,North East,11_to_14,0.0,0.0
2025-03-17,2025,North East,11_to_14,0.0,0.0
2025-03-24,2025,North East,11_to_14,0.0,0.0
2025-03-31,2025,North East,11_to_14,0.0,0.0
2025-04-07,2025,North East,11_to_14,0.0,0.0
2025-04-14,2025,North East,11_to_14,0.0,0.0
2025-04-21,2025,North East,11_to_14,0.0,0.0
2025-04-28,2025,North East,11_to_14,0.0,0.0
2025-05-05,2025,North East,11_to_14,0.0,0.0
2025-05-12,2025,North East,11_to_14,0.0,0.0
2025-05-19,2025,North East,11_to_14,0.0,0.0
2025-05-26,2025,North East,11_to_14,0.0,0.0
2025-06-02,2025,North East,11_to_14,0.0,0.0
2025-06-09,2025,North East,11_to_14,0.0,0.0
2025-06-16,2025,North East,11_to_14,0.0,0.0
2025-06-23,2025,North East,11_to_14,0.0,0.0
2025-06-30,2025,North East,11_to_14,0.0,0.0
2025-07-07,2025,North East,11_to_14,0.0,0.0
2025-07-14,2025,North East,11_to_14,0.0,0.0
2025-07-21,2025,North East,11_to_14,0.0,0.0
2025-07-28,2025,North East,11_to_14,0.0,0.0
2025-08-04,2025,North East,11_to_14,0.0,0.0
2025-08-11,2025,North East,11_to_14,0.0,0.0
2025-08-18,2025,North East,11_to_14,0.0,0.0
2025-08-25,2025,North East,11_to_14,0.0,0.0
2025-09-01,2025,North East,11_to_14,0.0,0.0
2025-09-08,2025,North East,11_to_14,0.0,0.0
2025-09-15,2025,North East,11_to_14,0.0,0.0
2025-09-22,2025,North East,11_to_14,0.0,0.0
2025-09-29,2025,North East,11_to_14,0.0,0.0
2025-10-06,2025,North East,11_to_14,0.0,0.0
2025-10-13,2025,North East,11_to_14,0.0,0.0
2025-10-20,2025,North East,11_to_14,0.0,0.0
2025-10-27,2025,North East,11_to_14,0.0,0.0
2025-11-03,2025,North East,11_to_14,0.0,0.0
2025-11-10,2025,North East,11_to_14,0.0,0.0
2025-11-17,2025,North East,11_to_14,0.0,0.0
2025-11-24,2025,North East,11_to_14,0.0,0.0
2025-12-01,2025,North East,11_to_14,0.0,0.0
2025-12-08,2025,North East,11_to_14,0.0,0.0
2025-12-15,2025,North East,11_to_14,0.0,0.0
2025-12-22,2025,North East,11_to_14,0.0,0.0
2025-12-29,2025,North East,11_to_14,0.0,0.0
2025-01-06,2025,North East,15_to_24,0.0,0.0
2025-01-13,2025,North East,15_to_24,0.0,0.0
2025-01-20,2025,North East,15_to_24,0.0,0.0
2025-01-27,2025,North East,15_to_24,0.0,0.0
2025-02-03,2025,North East,15_to_24,0.0,0.0
2025-02-10,2025,North East,15_to_24,0.0,0.0
2025-02-17,2025,North East,15_to_24,0.0,0.0
2025-02-24,2025,North East,15_to_24,0.0,0.0
2025-03-03,2025,North East,15_to_24,0.0,0.0
2025-03-10,2025,North East,15_to_24,0.0,0.0
2025-03-17,2025,North East,15_to_24,0.0,0.0
2025-03-24,2025,North East,15_to_24,0.0,0.0
2025-03-31,2025,North East,15_to_24,0.0,0.0
2025-04-07,2025,North East,15_to_24,0.0,0.0
2025-04-14,2025,North East,15_to_24,0.0,0.0
2025-04-21,2025,North East,15_to_24,0.0,0.0
2025-04-28,2025,North East,15_to_24,0.0,0.0
2025-05-05,2025,North East,15_to_24,0.0,0.0
2025-05-12,2025,North East,15_to_24,0.0,0.0
2025-05-19,2025,North East,15_to_24,0.0,0.0
2025-05-26,2025,North East,15_to_24,0.0,0.0
2025-06-02,2025,North East,15_to_24,0.0,0.0
2025-06-09,2025,North East,15_to_24,0.0,0.0
2025-06-16,2025,North East,15_to_24,0.0,0.0
2025-06-23,2025,North East,15_to_24,0.0,0.0
2025-06-30,2025,North East,15_to_24,0.0,0.0
2025-07-07,2025,North East,15_to_24,0.0,0.0
2025-07-14,2025,North East,15_to_24,0.0,0.0
2025-07-21,2025,North East,15_to_24,0.0,0.0
2025-07-28,2025,North East,15_to_24,0.0,0.0
2025-08-04,2025,North East,15_to_24,0.0,0.0
2025-08-11,2025,North East,15_to_24,0.0,0.0
2025-08-18,2025,North East,15_to_24,0.0,0.0
2025-08-25,2025,North East,15_to_24,0.0,0.0
2025-09-01,2025,North East,15_to_24,0.0,0.0
2025-09-08,2025,North East,15_to_24,0.0,0.0
2025-09-15,2025,North East,15_to_24,0.0,0.0
2025-09-22,2025,North East,15_to_24,0.0,0.0
2025-09-29,2025,North East,15_to_24,0.0,0.0
2025-10-06,2025,North East,15_to_24,0.0,0.0
2025-10-13,2025,North East,15_to_24,0.0,0.0
2025-10-20,2025,North East,15_to_24,0.0,0.0
2025-10-27,2025,North East,15_to_24,0.0,0.0
2025-11-03,2025,North East,15_to_24,0.0,0.0
2025-11-10,2025,North East,15_to_24,0.0,0.0
2025-11-17,2025,North East,15_to_24,0.0,0.0
2025-11-24,2025,North East,15_to_24,0.0,0.0
2025-12-01,2025,North East,15_to_24,0.0,0.0
2025-12-08,2025,North East,15_to_24,0.0,0.0
2025-12-15,2025,North East,15_to_24,0.0,0.0
2025-12-22,2025,North East,15_to_24,0.0,0.0
2025-12-29,2025,North East,15_to_24,0.0,0.0
2025-01-06,2025,North East,1_to_4,0.03987408184679958,2.0
2025-01-13,2025,North East,1_to_4,0.046169989506820566,2.0
2025-01-20,2025,North East,1_to_4,0.05036726128016789,2.0
2025-01-27,2025,North East,1_to_4,0.02938090241343127,2.0
2025-02-03,2025,North East,1_to_4,0.035676810073452254,2.0
2025-02-10,2025,North East,1_to_4,0.035676810073452254,2.0
2025-02-17,2025,North East,1_to_4,0.033578174186778595,2.0
2025-02-24,2025,North East,1_to_4,0.03987408184679958,2.0
2025-03-03,2025,North East,1_to_4,0.033578174186778595,2.0
2025-03-10,2025,North East,1_to_4,0.02728226652675761,2.0
2025-03-17,2025,North East,1_to_4,0.033578174186778595,2.0
2025-03-24,2025,North East,1_to_4,0.02938090241343127,2.0
2025-03-31,2025,North East,1_to_4,0.05036726128016789,2.0
2025-04-07,2025,North East,1_to_4,0.05456453305351522,2.0
2025-04-14,2025,North East,1_to_4,0.06715634837355719,2.0
2025-04-21,2025,North East,1_to_4,0.03987408184679958,2.0
2025-04-28,2025,North East,1_to_4,0.05456453305351522,2.0
2025-05-05,2025,North East,1_to_4,0.05456453305351522,2.0
2025-05-12,2025,North East,1_to_4,0.05246589716684155,2.0
2025-05-19,2025,North East,1_to_4,0.06715634837355719,2.0
2025-05-26,2025,North East,1_to_4,0.06925498426023086,2.0
2025-06-02,2025,North East,1_to_4,0.06715634837355719,2.0
2025-06-09,2025,North East,1_to_4,0.060860440713536204,2.0
2025-06-16,2025,North East,1_to_4,0.05036726128016789,2.0
2025-06-23,2025,North East,1_to_4,0.06505771248688352,2.0
2025-06-30,2025,North East,1_to_4,0.07345225603357818,2.0
2025-07-07,2025,North East,1_to_4,0.05876180482686254,2.0
2025-07-14,2025,North East,1_to_4,0.08184679958027283,2.0
2025-07-21,2025,North East,1_to_4,0.03147953830010493,2.0
2025-07-28,2025,North East,1_to_4,0.03777544596012592,2.0
2025-08-04,2025,North East,1_to_4,0.035676810073452254,2.0
2025-08-11,2025,North East,1_to_4,0.03147953830010493,2.0
2025-08-18,2025,North East,1_to_4,0.008394543546694649,2.0
2025-08-25,2025,North East,1_to_4,0.014690451206715634,2.0
2025-09-01,2025,North East,1_to_4,0.012591815320041973,2.0
2025-09-08,2025,North East,1_to_4,0.014690451206715634,2.0
2025-09-15,2025,North East,1_to_4,0.01888772298006296,2.0
2025-09-22,2025,North East,1_to_4,0.012591815320041973,2.0
2025-09-29,2025,North East,1_to_4,0.01888772298006296,2.0
2025-10-06,2025,North East,1_to_4,0.03147953830010493,2.0
2025-10-13,2025,North East,1_to_4,0.014690451206715634,2.0
2025-10-20,2025,North East,1_to_4,0.025183630640083946,2.0
2025-10-27,2025,North East,1_to_4,0.016789087093389297,2.0
2025-11-03,2025,North East,1_to_4,0.02728226652675761,2.0
2025-11-10,2025,North East,1_to_4,0.033578174186778595,2.0
2025-11-17,2025,North East,1_to_4,0.04197271773347324,2.0
2025-11-24,2025,North East,1_to_4,0.02938090241343127,2.0
2025-12-01,2025,North East,1_to_4,0.04197271773347324,2.0
2025-12-08,2025,North East,1_to_4,0.02728226652675761,2.0
2025-12-15,2025,North East,1_to_4,0.023084994753410283,2.0
2025-12-22,2025,North East,1_to_4,0.023084994753410283,2.0
2025-12-29,2025,North East,1_to_4,0.025183630640083946,2.0
2025-01-06,2025,North East,25_to_34,0.0,0.0
2025-01-13,2025,North East,25_to_34,0.0,0.0
2025-01-20,2025,North East,25_to_34,0.0,0.0
2025-01-27,2025,North East,25_to_34,0.0,0.0
2025-02-03,2025,North East,25_to_34,0.0,0.0
2025-02-10,2025,North East,25_to_34,0.0,0.0
2025-02-17,2025,North East,25_to_34,0.0,0.0
2025-02-24,2025,North East,25_to_34,0.0,0.0
2025-03-03,2025,North East,25_to_34,0.0,0.0
2025-03-10,2025,North East,25_to_34,0.0,0.0
2025-03-17,2025,North East,25_to_34,0.0,0.0
2025-03-24,2025,North East,25_to_34,0.0,0.0
2025-03-31,2025,North East,25_to_34,0.0,0.0
2025-04-07,2025,North East,25_to_34,0.0,0.0
2025-04-14,2025,North East,25_to_34,0.0,0.0
2025-04-21,2025,North East,25_to_34,0.0,0.0
2025-04-28,2025,North East,25_to_34,0.0,0.0
2025-05-05,2025,North East,25_to_34,0.0,0.0
2025-05-12,2025,North East,25_to_34,0.0,0.0
2025-05-19,2025,North East,25_to_34,0.0,0.0
2025-05-26,2025,North East,25_to_34,0.0,0.0
2025-06-02,2025,North East,25_to_34,0.0,0.0
2025-06-09,2025,North East,25_to_34,0.0,0.0
2025-06-16,2025,North East,25_to_34,0.0,0.0
2025-06-23,2025,North East,25_to_34,0.0,0.0
2025-06-30,2025,North East,25_to_34,0.0,0.0
2025-07-07,2025,North East,25_to_34,0.0,0.0
2025-07-14,2025,North East,25_to_34,0.0,0.0
2025-07-21,2025,North East,25_to_34,0.0,0.0
2025-07-28,2025,North East,25_to_34,0.0,0.0
2025-08-04,2025,North East,25_to_34,0.0,0.0
2025-08-11,2025,North East,25_to_34,0.0,0.0
2025-08-18,2025,North East,25_to_34,0.0,0.0
2025-08-25,2025,North East,25_to_34,0.0,0.0
2025-09-01,2025,North East,25_to_34,0.0,0.0
2025-09-08,2025,North East,25_to_34,0.0,0.0
2025-09-15,2025,North East,25_to_34,0.0,0.0
2025-09-22,2025,North East,25_to_34,0.0,0.0
2025-09-29,2025,North East,25_to_34,0.0,0.0
2025-10-06,2025,North East,25_to_34,0.0,0.0
2025-10-13,2025,North East,25_to_34,0.0,0.0
2025-10-20,2025,North East,25_to_34,0.0,0.0
2025-10-27,2025,North East,25_to_34,0.0,0.0
2025-11-03,2025,North East,25_to_34,0.0,0.0
2025-11-10,2025,North East,25_to_34,0.0,0.0
2025-11-17,2025,North East,25_to_34,0.0,0.0
2025-11-24,2025,North East,25_to_34,0.0,0.0
2025-12-01,2025,North East,25_to_34,0.0,0.0
2025-12-08,2025,North East,25_to_34,0.0,0.0
2025-12-15,2025,North East,25_to_34,0.0,0.0
2025-12-22,2025,North East,25_to_34,0.0,0.0
2025-12-29,2025,North East,25_to_34,0.0,0.0
2025-01-06,2025,North East,35_and_over,0.05981112277019937,3.0
2025-01-13,2025,North East,35_and_over,0.06925498426023086,3.0
2025-01-20,2025,North East,35_and_over,0.07555089192025184,3.0
2025-01-27,2025,North East,35_and_over,0.04407135362014691,3.0
2025-02-03,2025,North East,35_and_over,0.053515215110178385,3.0
2025-02-10,2025,North East,35_and_over,0.053515215110178385,3.0
2025-02-17,2025,North East,35_and_over,0.05036726128016789,3.0
2025-02-24,2025,North East,35_and_over,0.05981112277019937,3.0
2025-03-03,2025,North East,35_and_over,0.05036726128016789,3.0
2025-03-10,2025,North East,35_and_over,0.040923399790136414,3.0
2025-03-17,2025,North East,35_and_over,0.05036726128016789,3.0
2025-03-24,2025,North East,35_and_over,0.04407135362014691,3.0
2025-03-31,2025,North East,35_and_over,0.07555089192025184,3.0
2025-04-07,2025,North East,35_and_over,0.08184679958027283,3.0
2025-04-14,2025,North East,35_and_over,0.10073452256033578,3.0
2025-04-21,2025,North East,35_and_over,0.05981112277019937,3.0
2025-04-28,2025,North East,35_and_over,0.08184679958027283,3.0
2025-05-05,2025,North East,35_and_over,0.08184679958027283,3.0
2025-05-12,2025,North East,35_and_over,0.07869884575026233,3.0
2025-05-19,2025,North East,35_and_over,0.10073452256033578,3.0
2025-05-26,2025,North East,35_and_over,0.10388247639034627,3.0
2025-06-02,2025,North East,35_and_over,0.10073452256033578,3.0
2025-06-09,2025,North East,35_and_over,0.0912906610703043,3.0
2025-06-16,2025,North East,35_and_over,0.07555089192025184,3.0
2025-06-23,2025,North East,35_and_over,0.09758656873032528,3.0
2025-06-30,2025,North East,35_and_over,0.11017838405036726,3.0
2025-07-07,2025,North East,35_and_over,0.08814270724029381,3.0
2025-07-14,2025,North East,35_and_over,0.12277019937040923,3.0
2025-07-21,2025,North East,35_and_over,0.0472193074501574,3.0
2025-07-28,2025,North East,35_and_over,0.05666316894018888,3.0
2025-08-04,2025,North East,35_and_over,0.053515215110178385,3.0
2025-08-11,2025,North East,35_and_over,0.0472193074501574,3.0
2025-08-18,2025,North East,35_and_over,0.012591815320041973,3.0
2025-08-25,2025,North East,35_and_over,0.022035676810073453,3.0
2025-09-01,2025,North East,35_and_over,0.01888772298006296,3.0
2025-09-08,2025,North East,35_and_over,0.022035676810073453,3.0
2025-09-15,2025,North East,35_and_over,0.02833158447009444,3.0
2025-09-22,2025,North East,35_and_over,0.01888772298006296,3.0
2025-09-29,2025,North East,35_and_over,0.02833158447009444,3.0
2025-10-06,2025,North East,35_and_over,0.0472193074501574,3.0
2025-10-13,2025,North East,35_and_over,0.022035676810073453,3.0
2025-10-20,2025,North East,35_and_over,0.03777544596012592,3.0
2025-10-27,2025,North East,35_and_over,0.025183630640083946,3.0
2025-11-03,2025,North East,35_and_over,0.040923399790136414,3.0
2025-11-10,2025,North East,35_and_over,0.05036726128016789,3.0
2025-11-17,2025,North East,35_and_over,0.06295907660020986,3.0
2025-11-24,2025,North East,35_and_over,0.04407135362014691,3.0
2025-12-01,2025,North East,35_and_over,0.06295907660020986,3.0
2025-12-08,2025,North East,35_and_over,0.040923399790136414,3.0
2025-12-15,2025,North East,35_and_over,0.03462749213011543,3.0
2025-12-22,2025,North East,35_and_over,0.03462749213011543,3.0
2025-12-29,2025,North East,35_and_over,0.03777544596012592,3.0
2025-01-06,2025,North East,5_to_10,0.0,0.0
2025-01-13,2025,North East,5_to_10,0.0,0.0
2025-01-20,2025,North East,5_to_10,0.0,0.0
2025-01-27,2025,North East,5_to_10,0.0,0.0
2025-02-03,2025,North East,5_to_10,0.0,0.0
2025-02-10,2025,North East,5_to_10,0.0,0.0
2025-02-17,2025,North East,5_to_10,0.0,0.0
2025-02-24,2025,North East,5_to_10,0.0,0.0
2025-03-03,2025,North East,5_to_10,0.0,0.0
2025-03-10,2025,North East,5_to_10,0.0,0.0
2025-03-17,2025,North East,5_to_10,0.0,0.0
2025-03-24,2025,North East,5_to_10,0.0,0.0
2025-03-31,2025,North East,5_to_10,0.0,0.0
2025-04-07,2025,North East,5_to_10,0.0,0.0
2025-04-14,2025,North East,5_to_10,0.0,0.0
2025-04-21,2025,North East,5_to_10,0.0,0.0
2025-04-28,2025,North East,5_to_10,0.0,0.0
2025-05-05,2025,North East,5_to_10,0.0,0.0
2025-05-12,2025,North East,5_to_10,0.0,0.0
2025-05-19,2025,North East,5_to_10,0.0,0.0
2025-05-26,2025,North East,5_to_10,0.0,0.0
2025-06-02,2025,North East,5_to_10,0.0,0.0
2025-06-09,2025,North East,5_to_10,0.0,0.0
2025-06-16,2025,North East,5_to_10,0.0,0.0
2025-06-23,2025,North East,5_to_10,0.0,0.0
2025-06-30,2025,North East,5_to_10,0.0,0.0
2025-07-07,2025,North East,5_to_10,0.0,0.0
2025-07-14,2025,North East,5_to_10,0.0,0.0
2025-07-21,2025,North East,5_to_10,0.0,0.0
2025-07-28,2025,North East,5_to_10,0.0,0.0
2025-08-04,2025,North East,5_to_10,0.0,0.0
2025-08-11,2025,North East,5_to_10,0.0,0.0
2025-08-18,2025,North East,5_to_10,0.0,0.0
2025-08-25,2025,North East,5_to_10,0.0,0.0
2025-09-01,2025,North East,5_to_10,0.0,0.0
2025-09-08,2025,North East,5_to_10,0.0,0.0
2025-09-15,2025,North East,5_to_10,0.0,0.0
2025-09-22,2025,North East,5_to_10,0.0,0.0
2025-09-29,2025,North East,5_to_10,0.0,0.0
2025-10-06,2025,North East,5_to_10,0.0,0.0
2025-10-13,2025,North East,5_to_10,0.0,0.0
2025-10-20,2025,North East,5_to_10,0.0,0.0
2025-10-27,2025,North East,5_to_10,0.0,0.0
2025-11-03,2025,North East,5_to_10,0.0,0.0
2025-11-10,2025,North East,5_to_10,0.0,0.0
2025-11-17,2025,North East,5_to_10,0.0,0.0
2025-11-24,2025,North East,5_to_10,0.0,0.0
2025-12-01,2025,North East,5_to_10,0.0,0.0
2025-12-08,2025,North East,5_to_10,0.0,0.0
2025-12-15,2025,North East,5_to_10,0.0,0.0
2025-12-22,2025,North East,5_to_10,0.0,0.0
2025-12-29,2025,North East,5_to_10,0.0,0.0
2025-01-06,2025,North East,under_1,0.01993704092339979,1.0
2025-01-13,2025,North East,under_1,0.023084994753410283,1.0
2025-01-20,2025,North East,under_1,0.025183630640083946,1.0
2025-01-27,2025,North East,under_1,0.014690451206715634,1.0
2025-02-03,2025,North East,under_1,0.017838405036726127,1.0
2025-02-10,2025,North East,under_1,0.017838405036726127,1.0
2025-02-17,2025,North East,under_1,0.016789087093389297,1.0
2025-02-24,2025,North East,under_1,0.01993704092339979,1.0
2025-03-03,2025,North East,under_1,0.016789087093389297,1.0
2025-03-10,2025,North East,under_1,0.013641133263378805,1.0
2025-03-17,2025,North East,under_1,0.016789087093389297,1.0
2025-03-24,2025,North East,under_1,0.014690451206715634,1.0
2025-03-31,2025,North East,under_1,0.025183630640083946,1.0
2025-04-07,2025,North East,under_1,0.02728226652675761,1.0
2025-04-14,2025,North East,under_1,0.033578174186778595,1.0
2025-04-21,2025,North East,under_1,0.01993704092339979,1.0
2025-04-28,2025,North East,under_1,0.02728226652675761,1.0
2025-05-05,2025,North East,under_1,0.02728226652675761,1.0
2025-05-12,2025,North East,under_1,0.026232948583420776,1.0
2025-05-19,2025,North East,under_1,0.033578174186778595,1.0
2025-05-26,2025,North East,under_1,0.03462749213011543,1.0
2025-06-02,2025,North East,under_1,0.033578174186778595,1.0
2025-06-09,2025,North East,under_1,0.030430220356768102,1.0
2025-06-16,2025,North East,under_1,0.025183630640083946,1.0
2025-06-23,2025,North East,under_1,0.03252885624344176,1.0
2025-06-30,2025,North East,under_1,0.03672612801678909,1.0
2025-07-07,2025,North East,under_1,0.02938090241343127,1.0
2025-07-14,2025,North East,under_1,0.040923399790136414,1.0
2025-07-21,2025,North East,under_1,0.015739769150052464,1.0
2025-07-28,2025,North East,under_1,0.01888772298006296,1.0
2025-08-04,2025,North East,under_1,0.017838405036726127,1.0
2025-08-11,2025,North East,under_1,0.015739769150052464,1.0
2025-08-18,2025,North East,under_1,0.004197271773347324,1.0
2025-08-25,2025,North East,under_1,0.007345225603357817,1.0
2025-09-01,2025,North East,under_1,0.0062959076600209865,1.0
2025-09-08,2025,North East,under_1,0.007345225603357817,1.0
2025-09-15,2025,North East,under_1,0.00944386149003148,1.0
2025-09-22,2025,North East,under_1,0.0062959076600209865,1.0
2025-09-29,2025,North East,under_1,0.00944386149003148,1.0
2025-10-06,2025,North East,under_1,0.015739769150052464,1.0
2025-10-13,2025,North East,under_1,0.007345225603357817,1.0
2025-10-20,2025,North East,under_1,0.012591815320041973,1.0
2025-10-27,2025,North East,under_1,0.008394543546694649,1.0
2025-11-03,2025,North East,under_1,0.013641133263378805,1.0
2025-11-10,2025,North East,under_1,0.016789087093389297,1.0
2025-11-17,2025,North East,under_1,0.02098635886673662,1.0
2025-11-24,2025,North East,under_1,0.014690451206715634,1.0
2025-12-01,2025,North East,under_1,0.02098635886673662,1.0
2025-12-08,2025,North East,under_1,0.013641133263378805,1.0
2025-12-15,2025,North East,under_1,0.011542497376705142,1.0
2025-12-22,2025,North East,under_1,0.011542497376705142,1.0
2025-12-29,2025,North East,under_1,0.012591815320041973,1.0
2025-01-06,2025,North West,11_to_14,0.13955928646379853,7.0
2025-01-13,2025,North West,11_to_14,0.161594963273872,7.0
2025-01-20,2025,North West,11_to_14,0.17628541448058763,7.0
2025-01-27,2025,North West,11_to_14,0.10283315844700944,7.0
2025-02-03,2025,North West,11_to_14,0.1248688352570829,7.0
2025-02-10,2025,North West,11_to_14,0.1248688352570829,7.0
2025-02-17,2025,North West,11_to_14,0.11752360965372508,7.0
2025-02-24,2025,North West,11_to_14,0.13955928646379853,7.0
2025-03-03,2025,North West,11_to_14,0.11752360965372508,7.0
2025-03-10,2025,North West,11_to_14,0.09548793284365163,7.0
2025-03-17,2025,North West,11_to_14,0.11752360965372508,7.0
2025-03-24,2025,North West,11_to_14,0.10283315844700944,7.0
2025-03-31,2025,North West,11_to_14,0.17628541448058763,7.0
2025-04-07,2025,North West,11_to_14,0.19097586568730326,7.0
2025-04-14,2025,North West,11_to_14,0.23504721930745015,7.0
2025-04-21,2025,North West,11_to_14,0.13955928646379853,7.0
2025-04-28,2025,North West,11_to_14,0.19097586568730326,7.0
2025-05-05,2025,North West,11_to_14,0.19097586568730326,7.0
2025-05-12,2025,North West,11_to_14,0.18363064008394545,7.0
2025-05-19,2025,North West,11_to_14,0.23504721930745015,7.0
2025-05-26,2025,North West,11_to_14,0.24239244491080797,7.0
2025-06-02,2025,North West,11_to_14,0.23504721930745015,7.0
2025-06-09,2025,North West,11_to_14,0.2130115424973767,7.0
2025-06-16,2025,North West,11_to_14,0.17628541448058763,7.0
2025-06-23,2025,North West,11_to_14,0.22770199370409233,7.0
2025-06-30,2025,North West,11_to_14,0.2570828961175236,7.0
2025-07-07,2025,North West,11_to_14,0.20566631689401887,7.0
2025-07-14,2025,North West,11_to_14,0.2864637985309549,7.0
2025-07-21,2025,North West,11_to_14,0.11017838405036726,7.0
2025-07-28,2025,North West,11_to_14,0.1322140608604407,7.0
2025-08-04,2025,North West,11_to_14,0.1248688352570829,7.0
2025-08-11,2025,North West,11_to_14,0.11017838405036726,7.0
2025-08-18,2025,North West,11_to_14,0.02938090241343127,7.0
2025-08-25,2025,North West,11_to_14,0.05141657922350472,7.0
2025-09-01,2025,North West,11_to_14,0.04407135362014691,7.0
2025-09-08,2025,North West,11_to_14,0.05141657922350472,7.0
2025-09-15,2025,North West,11_to_14,0.06610703043022036,7.0
2025-09-22,2025,North West,11_to_14,0.04407135362014691,7.0
2025-09-29,2025,North West,11_to_14,0.06610703043022036,7.0
2025-10-06,2025,North West,11_to_14,0.11017838405036726,7.0
2025-10-13,2025,North West,11_to_14,0.05141657922350472,7.0
2025-10-20,2025,North West,11_to_14,0.08814270724029381,7.0
2025-10-27,2025,North West,11_to_14,0.05876180482686254,7.0
2025-11-03,2025,North West,11_to_14,0.09548793284365163,7.0
2025-11-10,2025,North West,11_to_14,0.11752360965372508,7.0
2025-11-17,2025,North West,11_to_14,0.14690451206715635,7.0
2025-11-24,2025,North West,11_to_14,0.10283315844700944,7.0
2025-12-01,2025,North West,11_to_14,0.14690451206715635,7.0
2025-12-08,2025,North West,11_to_14,0.09548793284365163,7.0
2025-12-15,2025,North West,11_to_14,0.080797481636936,7.0
2025-12-22,2025,North West,11_to_14,0.080797481636936,7.0
2025-12-29,2025,North West,11_to_14,0.08814270724029381,7.0
2025-01-06,2025,North West,15_to_24,0.13955928646379853,7.0
2025-01-13,2025,North West,15_to_24,0.161594963273872,7.0
2025-01-20,2025,North West,15_to_24,0.17628541448058763,7.0
2025-01-27,2025,North West,15_to_24,0.10283315844700944,7.0
2025-02-03,2025,North West,15_to_24,0.1248688352570829,7.0
2025-02-10,2025,North West,15_to_24,0.1248688352570829,7.0
2025-02-17,2025,North West,15_to_24,0.11752360965372508,7.0
2025-02-24,2025,North West,15_to_24,0.13955928646379853,7.0
2025-03-03,2025,North West,15_to_24,0.11752360965372508,7.0
2025-03-10,2025,North West,15_to_24,0.09548793284365163,7.0
2025-03-17,2025,North West,15_to_24,0.11752360965372508,7.0
2025-03-24,2025,North West,15_to_24,0.10283315844700944,7.0
2025-03-31,2025,North West,15_to_24,0.17628541448058763,7.0
2025-04-07,2025,North West,15_to_24,0.19097586568730326,7.0
2025-04-14,2025,North West,15_to_24,0.23504721930745015,7.0
2025-04-21,2025,North West,15_to_24,0.13955928646379853,7.0
2025-04-28,2025,North West,15_to_24,0.19097586568730326,7.0
2025-05-05,2025,North West,15_to_24,0.19097586568730326,7.0
2025-05-12,2025,North West,15_to_24,0.18363064008394545,7.0
2025-05-19,2025,North West,15_to_24,0.23504721930745015,7.0
2025-05-26,2025,North West,15_to_24,0.24239244491080797,7.0
2025-06-02,2025,North West,15_to_24,0.23504721930745015,7.0
2025-06-09,2025,North West,15_to_24,0.2130115424973767,7.0
2025-06-16,2025,North West,15_to_24,0.17628541448058763,7.0
2025-06-23,2025,North West,15_to_24,0.22770199370409233,7.0
2025-06-30,2025,North West,15_to_24,0.2570828961175236,7.0
2025-07-07,2025,North West,15_to_24,0.20566631689401887,7.0
2025-07-14,2025,North West,15_to_24,0.2864637985309549,7.0
2025-07-21,2025,North West,15_to_24,0.11017838405036726,7.0
2025-07-28,2025,North West,15_to_24,0.1322140608604407,7.0
2025-08-04,2025,North West,15_to_24,0.1248688352570829,7.0
2025-08-11,2025,North West,15_to_24,0.11017838405036726,7.0
2025-08-18,2025,North West,15_to_24,0.02938090241343127,7.0
2025-08-25,2025,North West,15_to_24,0.05141657922350472,7.0
2025-09-01,2025,North West,15_to_24,0.04407135362014691,7.0
2025-09-08,2025,North West,15_to_24,0.05141657922350472,7.0
2025-09-15,2025,North West,15_to_24,0.06610703043022036,7.0
2025-09-22,2025,North West,15_to_24,0.04407135362014691,7.0
2025-09-29,2025,North West,15_to_24,0.06610703043022036,7.0
2025-10-06,2025,North West,15_to_24,0.11017838405036726,7.0
2025-10-13,2025,North West,15_to_24,0.05141657922350472,7.0
2025-10-20,2025,North West,15_to_24,0.08814270724029381,7.0
2025-10-27,2025,North West,15_to_24,0.05876180482686254,7.0
2025-11-03,2025,North West,15_to_24,0.09548793284365163,7.0
2025-11-10,2025,North West,15_to_24,0.11752360965372508,7.0
2025-11-17,2025,North West,15_to_24,0.14690451206715635,7.0
2025-11-24,2025,North West,15_to_24,0.10283315844700944,7.0
2025-12-01,2025,North West,15_to_24,0.14690451206715635,7.0
2025-12-08,2025,North West,15_to_24,0.09548793284365163,7.0
2025-12-15,2025,North West,15_to_24,0.080797481636936,7.0
2025-12-22,2025,North West,15_to_24,0.080797481636936,7.0
2025-12-29,2025,North West,15_to_24,0.08814270724029381,7.0
2025-01-06,2025,North West,1_to_4,1.0167890870933893,51.0
2025-01-13,2025,North West,1_to_4,1.1773347324239245,51.0
2025-01-20,2025,North West,1_to_4,1.2843651626442811,51.0
2025-01-27,2025,North West,1_to_4,0.7492130115424974,51.0
2025-02-03,2025,North West,1_to_4,0.9097586568730325,51.0
2025-02-10,2025,North West,1_to_4,0.9097586568730325,51.0
2025-02-17,2025,North West,1_to_4,0.8562434417628542,51.0
2025-02-24,2025,North West,1_to_4,1.0167890870933893,51.0
2025-03-03,2025,North West,1_to_4,0.8562434417628542,51.0
2025-03-10,2025,North West,1_to_4,0.695697796432319,51.0
2025-03-17,2025,North West,1_to_4,0.8562434417628542,51.0
2025-03-24,2025,North West,1_to_4,0.7492130115424974,51.0
2025-03-31,2025,North West,1_to_4,1.2843651626442811,51.0
2025-04-07,2025,North West,1_to_4,1.391395592864638,51.0
2025-04-14,2025,North West,1_to_4,1.7124868835257083,51.0
2025-04-21,2025,North West,1_to_4,1.0167890870933893,51.0
2025-04-28,2025,North West,1_to_4,1.391395592864638,51.0
2025-05-05,2025,North West,1_to_4,1.391395592864638,51.0
2025-05-12,2025,North West,1_to_4,1.3378803777544597,51.0
2025-05-19,2025,North West,1_to_4,1.7124868835257083,51.0
2025-05-26,2025,North West,1_to_4,1.7660020986358866,51.0
2025-06-02,2025,North West,1_to_4,1.7124868835257083,51.0
2025-06-09,2025,North West,1_to_4,1.5519412381951732,51.0
2025-06-16,2025,North West,1_to_4,1.2843651626442811,51.0
2025-06-23,2025,North West,1_to_4,1.65897166841553,51.0
2025-06-30,2025,North West,1_to_4,1.8730325288562435,51.0
2025-07-07,2025,North West,1_to_4,1.4984260230849948,51.0
2025-07-14,2025,North West,1_to_4,2.0870933892969568,51.0
2025-07-21,2025,North West,1_to_4,0.8027282266526757,51.0
2025-07-28,2025,North West,1_to_4,0.9632738719832109,51.0
2025-08-04,2025,North West,1_to_4,0.9097586568730325,51.0
2025-08-11,2025,North West,1_to_4,0.8027282266526757,51.0
2025-08-18,2025,North West,1_to_4,0.21406086044071354,51.0
2025-08-25,2025,North West,1_to_4,0.3746065057712487,51.0
2025-09-01,2025,North West,1_to_4,0.3210912906610703,51.0
2025-09-08,2025,North West,1_to_4,0.3746065057712487,51.0
2025-09-15,2025,North West,1_to_4,0.48163693599160545,51.0
2025-09-22,2025,North West,1_to_4,0.3210912906610703,51.0
2025-09-29,2025,North West,1_to_4,0.48163693599160545,51.0
2025-10-06,2025,North West,1_to_4,0.8027282266526757,51.0
2025-10-13,2025,North West,1_to_4,0.3746065057712487,51.0
2025-10-20,2025,North West,1_to_4,0.6421825813221406,51.0
2025-10-27,2025,North West,1_to_4,0.4281217208814271,51.0
2025-11-03,2025,North West,1_to_4,0.695697796432319,51.0
2025-11-10,2025,North West,1_to_4,0.8562434417628542,51.0
2025-11-17,2025,North West,1_to_4,1.0703043022035676,51.0
2025-11-24,2025,North West,1_to_4,0.7492130115424974,51.0
2025-12-01,2025,North West,1_to_4,1.0703043022035676,51.0
2025-12-08,2025,North West,1_to_4,0.695697796432319,51.0
2025-12-15,2025,North West,1_to_4,0.5886673662119623,51.0
2025-12-22,2025,North West,1_to_4,0.5886673662119623,51.0
2025-12-29,2025,North West,1_to_4,0.6421825813221406,51.0
2025-01-06,2025,North West,25_to_34,0.23924449108079748,12.0
2025-01-13,2025,North West,25_to_34,0.2770199370409234,12.0
2025-01-20,2025,North West,25_to_34,0.30220356768100737,12.0
2025-01-27,2025,North West,25_to_34,0.17628541448058763,12.0
2025-02-03,2025,North West,25_to_34,0.21406086044071354,12.0
2025-02-10,2025,North West,25_to_34,0.21406086044071354,12.0
2025-02-17,2025,North West,25_to_34,0.20146904512067157,12.0
2025-02-24,2025,North West,25_to_34,0.23924449108079748,12.0
2025-03-03,2025,North West,25_to_34,0.20146904512067157,12.0
2025-03-10,2025,North West,25_to_34,0.16369359916054566,12.0
2025-03-17,2025,North West,25_to_34,0.20146904512067157,12.0
2025-03-24,2025,North West,25_to_34,0.17628541448058763,12.0
2025-03-31,2025,North West,25_to_34,0.30220356768100737,12.0
2025-04-07,2025,North West,25_to_34,0.3273871983210913,12.0
2025-04-14,2025,North West,25_to_34,0.40293809024134314,12.0
2025-04-21,2025,North West,25_to_34,0.23924449108079748,12.0
2025-04-28,2025,North West,25_to_34,0.3273871983210913,12.0
2025-05-05,2025,North West,25_to_34,0.3273871983210913,12.0
2025-05-12,2025,North West,25_to_34,0.3147953830010493,12.0
2025-05-19,2025,North West,25_to_34,0.40293809024134314,12.0
2025-05-26,2025,North West,25_to_34,0.4155299055613851,12.0
2025-06-02,2025,North West,25_to_34,0.40293809024134314,12.0
2025-06-09,2025,North West,25_to_34,0.3651626442812172,12.0
2025-06-16,2025,North West,25_to_34,0.30220356768100737,12.0
2025-06-23,2025,North West,25_to_34,0.39034627492130114,12.0
2025-06-30,2025,North West,25_to_34,0.440713536201469,12.0
2025-07-07,2025,North West,25_to_34,0.35257082896117525,12.0
2025-07-14,2025,North West,25_to_34,0.4910807974816369,12.0
2025-07-21,2025,North West,25_to_34,0.1888772298006296,12.0
2025-07-28,2025,North West,25_to_34,0.2266526757607555,12.0
2025-08-04,2025,North West,25_to_34,0.21406086044071354,12.0
2025-08-11,2025,North West,25_to_34,0.1888772298006296,12.0
2025-08-18,2025,North West,25_to_34,0.05036726128016789,12.0
2025-08-25,2025,North West,25_to_34,0.08814270724029381,12.0
2025-09-01,2025,North West,25_to_34,0.07555089192025184,12.0
2025-09-08,2025,North West,25_to_34,0.08814270724029381,12.0
2025-09-15,2025,North West,25_to_34,0.11332633788037776,12.0
2025-09-22,2025,North West,25_to_34,0.07555089192025184,12.0
2025-09-29,2025,North West,25_to_34,0.11332633788037776,12.0
2025-10-06,2025,North West,25_to_34,0.1888772298006296,12.0
2025-10-13,2025,North West,25_to_34,0.08814270724029381,12.0
2025-10-20,2025,North West,25_to_34,0.15110178384050368,12.0
2025-10-27,2025,North West,25_to_34,0.10073452256033578,12.0
2025-11-03,2025,North West,25_to_34,0.16369359916054566,12.0
2025-11-10,2025,North West,25_to_34,0.20146904512067157,12.0
2025-11-17,2025,North West,25_to_34,0.2518363064008394,12.0
2025-11-24,2025,North West,25_to_34,0.17628541448058763,12.0
2025-12-01,2025,North West,25_to_34,0.2518363064008394,12.0
2025-12-08,2025,North West,25_to_34,0.16369359916054566,12.0
2025-12-15,2025,North West,25_to_34,0.1385099685204617,12.0
2025-12-22,2025,North West,25_to_34,0.1385099685204617,12.0
2025-12-29,2025,North West,25_to_34,0.15110178384050368,12.0
2025-01-06,2025,North West,35_and_over,0.15949632738719832,8.0
2025-01-13,2025,North West,35_and_over,0.18467995802728226,8.0
2025-01-20,2025,North West,35_and_over,0.20146904512067157,8.0
2025-01-27,2025,North West,35_and_over,0.11752360965372508,8.0
2025-02-03,2025,North West,35_and_over,0.14270724029380902,8.0
2025-02-10,2025,North West,35_and_over,0.14270724029380902,8.0
2025-02-17,2025,North West,35_and_over,0.13431269674711438,8.0
2025-02-24,2025,North West,35_and_over,0.15949632738719832,8.0
2025-03-03,2025,North West,35_and_over,0.13431269674711438,8.0
2025-03-10,2025,North West,35_and_over,0.10912906610703044,8.0
2025-03-17,2025,North West,35_and_over,0.13431269674711438,8.0
2025-03-24,2025,North West,35_and_over,0.11752360965372508,8.0
2025-03-31,2025,North West,35_and_over,0.20146904512067157,8.0
2025-04-07,2025,North West,35_and_over,0.21825813221406087,8.0
2025-04-14,2025,North West,35_and_over,0.26862539349422876,8.0
2025-04-21,2025,North West,35_and_over,0.15949632738719832,8.0
2025-04-28,2025,North West,35_and_over,0.21825813221406087,8.0
2025-05-05,2025,North West,35_and_over,0.21825813221406087,8.0
2025-05-12,2025,North West,35_and_over,0.2098635886673662,8.0
2025-05-19,2025,North West,35_and_over,0.26862539349422876,8.0
2025-05-26,2025,North West,35_and_over,0.2770199370409234,8.0
2025-06-02,2025,North West,35_and_over,0.26862539349422876,8.0
2025-06-09,2025,North West,35_and_over,0.24344176285414482,8.0
2025-06-16,2025,North West,35_and_over,0.20146904512067157,8.0
2025-06-23,2025,North West,35_and_over,0.2602308499475341,8.0
2025-06-30,2025,North West,35_and_over,0.2938090241343127,8.0
2025-07-07,2025,North West,35_and_over,0.23504721930745015,8.0
2025-07-14,2025,North West,35_and_over,0.3273871983210913,8.0
2025-07-21,2025,North West,35_and_over,0.1259181532004197,8.0
2025-07-28,2025,North West,35_and_over,0.15110178384050368,8.0
2025-08-04,2025,North West,35_and_over,0.14270724029380902,8.0
2025-08-11,2025,North West,35_and_over,0.1259181532004197,8.0
2025-08-18,2025,North West,35_and_over,0.033578174186778595,8.0
2025-08-25,2025,North West,35_and_over,0.05876180482686254,8.0
2025-09-01,2025,North West,35_and_over,0.05036726128016789,8.0
2025-09-08,2025,North West,35_and_over,0.05876180482686254,8.0
2025-09-15,2025,North West,35_and_over,0.07555089192025184,8.0
2025-09-22,2025,North West,35_and_over,0.05036726128016789,8.0
2025-09-29,2025,North West,35_and_over,0.07555089192025184,8.0
2025-10-06,2025,North West,35_and_over,0.1259181532004197,8.0
2025-10-13,2025,North West,35_and_over,0.05876180482686254,8.0
2025-10-20,2025,North West,35_and_over,0.10073452256033578,8.0
2025-10-27,2025,North West,35_and_over,0.06715634837355719,8.0
2025-11-03,2025,North West,35_and_over,0.10912906610703044,8.0
2025-11-10,2025,North West,35_and_over,0.13431269674711438,8.0
2025-11-17,2025,North West,35_and_over,0.16789087093389296,8.0
2025-11-24,2025,North West,35_and_over,0.11752360965372508,8.0
2025-12-01,2025,North West,35_and_over,0.16789087093389296,8.0
2025-12-08,2025,North West,35_and_over,0.10912906610703044,8.0
2025-12-15,2025,North West,35_and_over,0.09233997901364113,8.0
2025-12-22,2025,North West,35_and_over,0.09233997901364113,8.0
2025-12-29,2025,North West,35_and_over,0.10073452256033578,8.0
2025-01-06,2025,North West,5_to_10,0.49842602308499473,25.0
2025-01-13,2025,North West,5_to_10,0.577124868835257,25.0
2025-01-20,2025,North West,5_to_10,0.6295907660020986,25.0
2025-01-27,2025,North West,5_to_10,0.3672612801678909,25.0
2025-02-03,2025,North West,5_to_10,0.4459601259181532,25.0
2025-02-10,2025,North West,5_to_10,0.4459601259181532,25.0
2025-02-17,2025,North West,5_to_10,0.4197271773347324,25.0
2025-02-24,2025,North West,5_to_10,0.49842602308499473,25.0
2025-03-03,2025,North West,5_to_10,0.4197271773347324,25.0
2025-03-10,2025,North West,5_to_10,0.3410283315844701,25.0
2025-03-17,2025,North West,5_to_10,0.4197271773347324,25.0
2025-03-24,2025,North West,5_to_10,0.3672612801678909,25.0
2025-03-31,2025,North West,5_to_10,0.6295907660020986,25.0
2025-04-07,2025,North West,5_to_10,0.6820566631689402,25.0
2025-04-14,2025,North West,5_to_10,0.8394543546694648,25.0
2025-04-21,2025,North West,5_to_10,0.49842602308499473,25.0
2025-04-28,2025,North West,5_to_10,0.6820566631689402,25.0
2025-05-05,2025,North West,5_to_10,0.6820566631689402,25.0
2025-05-12,2025,North West,5_to_10,0.6558237145855194,25.0
2025-05-19,2025,North West,5_to_10,0.8394543546694648,25.0
2025-05-26,2025,North West,5_to_10,0.8656873032528857,25.0
2025-06-02,2025,North West,5_to_10,0.8394543546694648,25.0
2025-06-09,2025,North West,5_to_10,0.7607555089192025,25.0
2025-06-16,2025,North West,5_to_10,0.6295907660020986,25.0
2025-06-23,2025,North West,5_to_10,0.8132214060860441,25.0
2025-06-30,2025,North West,5_to_10,0.9181532004197271,25.0
2025-07-07,2025,North West,5_to_10,0.7345225603357818,25.0
2025-07-14,2025,North West,5_to_10,1.0230849947534102,25.0
2025-07-21,2025,North West,5_to_10,0.3934942287513116,25.0
2025-07-28,2025,North West,5_to_10,0.472193074501574,25.0
2025-08-04,2025,North West,5_to_10,0.4459601259181532,25.0
2025-08-11,2025,North West,5_to_10,0.3934942287513116,25.0
2025-08-18,2025,North West,5_to_10,0.1049317943336831,25.0
2025-08-25,2025,North West,5_to_10,0.18363064008394545,25.0
2025-09-01,2025,North West,5_to_10,0.15739769150052466,25.0
2025-09-08,2025,North West,5_to_10,0.18363064008394545,25.0
2025-09-15,2025,North West,5_to_10,0.236096537250787,25.0
2025-09-22,2025,North West,5_to_10,0.15739769150052466,25.0
2025-09-29,2025,North West,5_to_10,0.236096537250787,25.0
2025-10-06,2025,North West,5_to_10,0.3934942287513116,25.0
2025-10-13,2025,North West,5_to_10,0.18363064008394545,25.0
2025-10-20,2025,North West,5_to_10,0.3147953830010493,25.0
2025-10-27,2025,North West,5_to_10,0.2098635886673662,25.0
2025-11-03,2025,North West,5_to_10,0.3410283315844701,25.0
2025-11-10,2025,North West,5_to_10,0.4197271773347324,25.0
2025-11-17,2025,North West,5_to_10,0.5246589716684156,25.0
2025-11-24,2025,North West,5_to_10,0.3672612801678909,25.0
2025-12-01,2025,North West,5_to_10,0.5246589716684156,25.0
2025-12-08,2025,North West,5_to_10,0.3410283315844701,25.0
2025-12-15,2025,North West,5_to_10,0.2885624344176285,25.0
2025-12-22,2025,North West,5_to_10,0.2885624344176285,25.0
2025-12-29,2025,North West,5_to_10,0.3147953830010493,25.0
2025-01-06,2025,North West,under_1,0.47848898216159497,24.0
2025-01-13,2025,North West,under_1,0.5540398740818469,24.0
2025-01-20,2025,North West,under_1,0.6044071353620147,24.0
2025-01-27,2025,North West,under_1,0.35257082896117525,24.0
2025-02-03,2025,North West,under_1,0.4281217208814271,24.0
2025-02-10,2025,North West,under_1,0.4281217208814271,24.0
2025-02-17,2025,North West,under_1,0.40293809024134314,24.0
2025-02-24,2025,North West,under_1,0.47848898216159497,24.0
2025-03-03,2025,North West,under_1,0.40293809024134314,24.0
2025-03-10,2025,North West,under_1,0.3273871983210913,24.0
2025-03-17,2025,North West,under_1,0.40293809024134314,24.0
2025-03-24,2025,North West,under_1,0.35257082896117525,24.0
2025-03-31,2025,North West,under_1,0.6044071353620147,24.0
2025-04-07,2025,North West,under_1,0.6547743966421826,24.0
2025-04-14,2025,North West,under_1,0.8058761804826863,24.0
2025-04-21,2025,North West,under_1,0.47848898216159497,24.0
2025-04-28,2025,North West,under_1,0.6547743966421826,24.0
2025-05-05,2025,North West,under_1,0.6547743966421826,24.0
2025-05-12,2025,North West,under_1,0.6295907660020986,24.0
2025-05-19,2025,North West,under_1,0.8058761804826863,24.0
2025-05-26,2025,North West,under_1,0.8310598111227702,24.0
2025-06-02,2025,North West,under_1,0.8058761804826863,24.0
2025-06-09,2025,North West,under_1,0.7303252885624344,24.0
2025-06-16,2025,North West,under_1,0.6044071353620147,24.0
2025-06-23,2025,North West,under_1,0.7806925498426023,24.0
2025-06-30,2025,North West,under_1,0.881427072402938,24.0
2025-07-07,2025,North West,under_1,0.7051416579223505,24.0
2025-07-14,2025,North West,under_1,0.9821615949632738,24.0
2025-07-21,2025,North West,under_1,0.3777544596012592,24.0
2025-07-28,2025,North West,under_1,0.453305351521511,24.0
2025-08-04,2025,North West,under_1,0.4281217208814271,24.0
2025-08-11,2025,North West,under_1,0.3777544596012592,24.0
2025-08-18,2025,North West,under_1,0.10073452256033578,24.0
2025-08-25,2025,North West,under_1,0.17628541448058763,24.0
2025-09-01,2025,North West,under_1,0.15110178384050368,24.0
2025-09-08,2025,North West,under_1,0.17628541448058763,24.0
2025-09-15,2025,North West,under_1,0.2266526757607555,24.0
2025-09-22,2025,North West,under_1,0.15110178384050368,24.0
2025-09-29,2025,North West,under_1,0.2266526757607555,24.0
2025-10-06,2025,North West,under_1,0.3777544596012592,24.0
2025-10-13,2025,North West,under_1,0.17628541448058763,24.0
2025-10-20,2025,North West,under_1,0.30220356768100737,24.0
2025-10-27,2025,North West,under_1,0.20146904512067157,24.0
2025-11-03,2025,North West,under_1,0.3273871983210913,24.0
2025-11-10,2025,North West,under_1,0.40293809024134314,24.0
2025-11-17,2025,North West,under_1,0.5036726128016789,24.0
2025-11-24,2025,North West,under_1,0.35257082896117525,24.0
2025-12-01,2025,North West,under_1,0.5036726128016789,24.0
2025-12-08,2025,North West,under_1,0.3273871983210913,24.0
2025-12-15,2025,North West,under_1,0.2770199370409234,24.0
2025-12-22,2025,North West,under_1,0.2770199370409234,24.0
2025-12-29,2025,North West,under_1,0.30220356768100737,24.0
2025-01-06,2025,South East,11_to_14,0.0,0.0
2025-01-13,2025,South East,11_to_14,0.0,0.0
2025-01-20,2025,South East,11_to_14,0.0,0.0
2025-01-27,2025,South East,11_to_14,0.0,0.0
2025-02-03,2025,South East,11_to_14,0.0,0.0
2025-02-10,2025,South East,11_to_14,0.0,0.0
2025-02-17,2025,South East,11_to_14,0.0,0.0
2025-02-24,2025,South East,11_to_14,0.0,0.0
2025-03-03,2025,South East,11_to_14,0.0,0.0
2025-03-10,2025,South East,11_to_14,0.0,0.0
2025-03-17,2025,South East,11_to_14,0.0,0.0
2025-03-24,2025,South East,11_to_14,0.0,0.0
2025-03-31,2025,South East,11_to_14,0.0,0.0
2025-04-07,2025,South East,11_to_14,0.0,0.0
2025-04-14,2025,South East,11_to_14,0.0,0.0
2025-04-21,2025,South East,11_to_14,0.0,0.0
2025-04-28,2025,South East,11_to_14,0.0,0.0
2025-05-05,2025,South East,11_to_14,0.0,0.0
2025-05-12,2025,South East,11_to_14,0.0,0.0
2025-05-19,2025,South East,11_to_14,0.0,0.0
2025-05-26,2025,South East,11_to_14,0.0,0.0
2025-06-02,2025,South East,11_to_14,0.0,0.0
2025-06-09,2025,South East,11_to_14,0.0,0.0
2025-06-16,2025,South East,11_to_14,0.0,0.0
2025-06-23,2025,South East,11_to_14,0.0,0.0
2025-06-30,2025,South East,11_to_14,0.0,0.0
2025-07-07,2025,South East,11_to_14,0.0,0.0
2025-07-14,2025,South East,11_to_14,0.0,0.0
2025-07-21,2025,South East,11_to_14,0.0,0.0
2025-07-28,2025,South East,11_to_14,0.0,0.0
2025-08-04,2025,South East,11_to_14,0.0,0.0
2025-08-11,2025,South East,11_to_14,0.0,0.0
2025-08-18,2025,South East,11_to_14,0.0,0.0
2025-08-25,2025,South East,11_to_14,0.0,0.0
2025-09-01,2025,South East,11_to_14,0.0,0.0
2025-09-08,2025,South East,11_to_14,0.0,0.0
2025-09-15,2025,South East,11_to_14,0.0,0.0
2025-09-22,2025,South East,11_to_14,0.0,0.0
2025-09-29,2025,South East,11_to_14,0.0,0.0
2025-10-06,2025,South East,11_to_14,0.0,0.0
2025-10-13,2025,South East,11_to_14,0.0,0.0
2025-10-20,2025,South East,11_to_14,0.0,0.0
2025-10-27,2025,South East,11_to_14,0.0,0.0
2025-11-03,2025,South East,11_to_14,0.0,0.0
2025-11-10,2025,South East,11_to_14,0.0,0.0
2025-11-17,2025,South East,11_to_14,0.0,0.0
2025-11-24,2025,South East,11_to_14,0.0,0.0
2025-12-01,2025,South East,11_to_14,0.0,0.0
2025-12-08,2025,South East,11_to_14,0.0,0.0
2025-12-15,2025,South East,11_to_14,0.0,0.0
2025-12-22,2025,South East,11_to_14,0.0,0.0
2025-12-29,2025,South East,11_to_14,0.0,0.0
2025-01-06,2025,South East,15_to_24,0.1794333683105981,9.0
2025-01-13,2025,South East,15_to_24,0.20776495278069254,9.0
2025-01-20,2025,South East,15_to_24,0.2266526757607555,9.0
2025-01-27,2025,South East,15_to_24,0.1322140608604407,9.0
2025-02-03,2025,South East,15_to_24,0.16054564533053514,9.0
2025-02-10,2025,South East,15_to_24,0.16054564533053514,9.0
2025-02-17,2025,South East,15_to_24,0.15110178384050368,9.0
2025-02-24,2025,South East,15_to_24,0.1794333683105981,9.0
2025-03-03,2025,South East,15_to_24,0.15110178384050368,9.0
2025-03-10,2025,South East,15_to_24,0.12277019937040923,9.0
2025-03-17,2025,South East,15_to_24,0.15110178384050368,9.0
2025-03-24,2025,South East,15_to_24,0.1322140608604407,9.0
2025-03-31,2025,South East,15_to_24,0.2266526757607555,9.0
2025-04-07,2025,South East,15_to_24,0.24554039874081846,9.0
2025-04-14,2025,South East,15_to_24,0.30220356768100737,9.0
2025-04-21,2025,South East,15_to_24,0.1794333683105981,9.0
2025-04-28,2025,South East,15_to_24,0.24554039874081846,9.0
2025-05-05,2025,South East,15_to_24,0.24554039874081846,9.0
2025-05-12,2025,South East,15_to_24,0.236096537250787,9.0
2025-05-19,2025,South East,15_to_24,0.30220356768100737,9.0
2025-05-26,2025,South East,15_to_24,0.3116474291710388,9.0
2025-06-02,2025,South East,15_to_24,0.30220356768100737,9.0
2025-06-09,2025,South East,15_to_24,0.2738719832109129,9.0
2025-06-16,2025,South East,15_to_24,0.2266526757607555,9.0
2025-06-23,2025,South East,15_to_24,0.29275970619097585,9.0
2025-06-30,2025,South East,15_to_24,0.3305351521511018,9.0
2025-07-07,2025,South East,15_to_24,0.2644281217208814,9.0
2025-07-14,2025,South East,15_to_24,0.3683105981112277,9.0
2025-07-21,2025,South East,15_to_24,0.1416579223504722,9.0
2025-07-28,2025,South East,15_to_24,0.16998950682056663,9.0
2025-08-04,2025,South East,15_to_24,0.16054564533053514,9.0
2025-08-11,2025,South East,15_to_24,0.1416579223504722,9.0
2025-08-18,2025,South East,15_to_24,0.03777544596012592,9.0
2025-08-25,2025,South East,15_to_24,0.06610703043022036,9.0
2025-09-01,2025,South East,15_to_24,0.05666316894018888,9.0
2025-09-08,2025,South East,15_to_24,0.06610703043022036,9.0
2025-09-15,2025,South East,15_to_24,0.08499475341028331,9.0
2025-09-22,2025,South East,15_to_24,0.05666316894018888,9.0
2025-09-29,2025,South East,15_to_24,0.08499475341028331,9.0
2025-10-06,2025,South East,15_to_24,0.1416579223504722,9.0
2025-10-13,2025,South East,15_to_24,0.06610703043022036,9.0
2025-10-20,2025,South East,15_to_24,0.11332633788037776,9.0
2025-10-27,2025,South East,15_to_24,0.07555089192025184,9.0
2025-11-03,2025,South East,15_to_24,0.12277019937040923,9.0
2025-11-10,2025,South East,15_to_24,0.15110178384050368,9.0
2025-11-17,2025,South East,15_to_24,0.1888772298006296,9.0
2025-11-24,2025,South East,15_to_24,0.1322140608604407,9.0
2025-12-01,2025,South East,15_to_24,0.1888772298006296,9.0
2025-12-08,2025,South East,15_to_24,0.12277019937040923,9.0
2025-12-15,2025,South East,15_to_24,0.10388247639034627,9.0
2025-12-22,2025,South East,15_to_24,0.10388247639034627,9.0
2025-12-29,2025,South East,15_to_24,0.11332633788037776,9.0
2025-01-06,2025,South East,1_to_4,0.09968520461699895,5.0
2025-01-13,2025,South East,1_to_4,0.11542497376705142,5.0
2025-01-20,2025,South East,1_to_4,0.1259181532004197,5.0
2025-01-27,2025,South East,1_to_4,0.07345225603357818,5.0
2025-02-03,2025,South East,1_to_4,0.08919202518363065,5.0
2025-02-10,2025,South East,1_to_4,0.08919202518363065,5.0
2025-02-17,2025,South East,1_to_4,0.08394543546694648,5.0
2025-02-24,2025,South East,1_to_4,0.09968520461699895,5.0
2025-03-03,2025,South East,1_to_4,0.08394543546694648,5.0
2025-03-10,2025,South East,1_to_4,0.06820566631689402,5.0
2025-03-17,2025,South East,1_to_4,0.08394543546694648,5.0
2025-03-24,2025,South East,1_to_4,0.07345225603357818,5.0
2025-03-31,2025,South East,1_to_4,0.1259181532004197,5.0
2025-04-07,2025,South East,1_to_4,0.13641133263378805,5.0
2025-04-14,2025,South East,1_to_4,0.16789087093389296,5.0
2025-04-21,2025,South East,1_to_4,0.09968520461699895,5.0
2025-04-28,2025,South East,1_to_4,0.13641133263378805,5.0
2025-05-05,2025,South East,1_to_4,0.13641133263378805,5.0
2025-05-12,2025,South East,1_to_4,0.1311647429171039,5.0
2025-05-19,2025,South East,1_to_4,0.16789087093389296,5.0
2025-05-26,2025,South East,1_to_4,0.1731374606505771,5.0
2025-06-02,2025,South East,1_to_4,0.16789087093389296,5.0
2025-06-09,2025,South East,1_to_4,0.1521511017838405,5.0
2025-06-16,2025,South East,1_to_4,0.1259181532004197,5.0
2025-06-23,2025,South East,1_to_4,0.1626442812172088,5.0
2025-06-30,2025,South East,1_to_4,0.18363064008394545,5.0
2025-07-07,2025,South East,1_to_4,0.14690451206715635,5.0
2025-07-14,2025,South East,1_to_4,0.20461699895068206,5.0
2025-07-21,2025,South East,1_to_4,0.07869884575026233,5.0
2025-07-28,2025,South East,1_to_4,0.0944386149003148,5.0
2025-08-04,2025,South East,1_to_4,0.08919202518363065,5.0
2025-08-11,2025,South East,1_to_4,0.07869884575026233,5.0
2025-08-18,2025,South East,1_to_4,0.02098635886673662,5.0
2025-08-25,2025,South East,1_to_4,0.03672612801678909,5.0
2025-09-01,2025,South East,1_to_4,0.03147953830010493,5.0
2025-09-08,2025,South East,1_to_4,0.03672612801678909,5.0
2025-09-15,2025,South East,1_to_4,0.0472193074501574,5.0
2025-09-22,2025,South East,1_to_4,0.03147953830010493,5.0
2025-09-29,2025,South East,1_to_4,0.0472193074501574,5.0
2025-10-06,2025,South East,1_to_4,0.07869884575026233,5.0
2025-10-13,2025,South East,1_to_4,0.03672612801678909,5.0
2025-10-20,2025,South East,1_to_4,0.06295907660020986,5.0
2025-10-27,2025,South East,1_to_4,0.04197271773347324,5.0
2025-11-03,2025,South East,1_to_4,0.06820566631689402,5.0
2025-11-10,2025,South East,1_to_4,0.08394543546694648,5.0
2025-11-17,2025,South East,1_to_4,0.1049317943336831,5.0
2025-11-24,2025,South East,1_to_4,0.07345225603357818,5.0
2025-12-01,2025,South East,1_to_4,0.1049317943336831,5.0
2025-12-08,2025,South East,1_to_4,0.06820566631689402,5.0
2025-12-15,2025,South East,1_to_4,0.05771248688352571,5.0
2025-12-22,2025,South East,1_to_4,0.05771248688352571,5.0
2025-12-29,2025,South East,1_to_4,0.06295907660020986,5.0
2025-01-06,2025,South East,25_to_34,0.05981112277019937,3.0
2025-01-13,2025,South East,25_to_34,0.06925498426023086,3.0
2025-01-20,2025,South East,25_to_34,0.07555089192025184,3.0
2025-01-27,2025,South East,25_to_34,0.04407135362014691,3.0
2025-02-03,2025,South East,25_to_34,0.053515215110178385,3.0
2025-02-10,2025,South East,25_to_34,0.053515215110178385,3.0
2025-02-17,2025,South East,25_to_34,0.05036726128016789,3.0
2025-02-24,2025,South East,25_to_34,0.05981112277019937,3.0
2025-03-03,2025,South East,25_to_34,0.05036726128016789,3.0
2025-03-10,2025,South East,25_to_34,0.040923399790136414,3.0
2025-03-17,2025,South East,25_to_34,0.05036726128016789,3.0
2025-03-24,2025,South East,25_to_34,0.04407135362014691,3.0
2025-03-31,2025,South East,25_to_34,0.07555089192025184,3.0
2025-04-07,2025,South East,25_to_34,0.08184679958027283,3.0
2025-04-14,2025,South East,25_to_34,0.10073452256033578,3.0
2025-04-21,2025,South East,25_to_34,0.05981112277019937,3.0
2025-04-28,2025,South East,25_to_34,0.08184679958027283,3.0
2025-05-05,2025,South East,25_to_34,0.08184679958027283,3.0
2025-05-12,2025,South East,25_to_34,0.07869884575026233,3.0
2025-05-19,2025,South East,25_to_34,0.10073452256033578,3.0
2025-05-26,2025,South East,25_to_34,0.10388247639034627,3.0
2025-06-02,2025,South East,25_to_34,0.10073452256033578,3.0
2025-06-09,2025,South East,25_to_34,0.0912906610703043,3.0
2025-06-16,2025,South East,25_to_34,0.07555089192025184,3.0
2025-06-23,2025,South East,25_to_34,0.09758656873032528,3.0
2025-06-30,2025,South East,25_to_34,0.11017838405036726,3.0
2025-07-07,2025,South East,25_to_34,0.08814270724029381,3.0
2025-07-14,2025,South East,25_to_34,0.12277019937040923,3.0
2025-07-21,2025,South East,25_to_34,0.0472193074501574,3.0
2025-07-28,2025,South East,25_to_34,0.05666316894018888,3.0
2025-08-04,2025,South East,25_to_34,0.053515215110178385,3.0
2025-08-11,2025,South East,25_to_34,0.0472193074501574,3.0
2025-08-18,2025,South East,25_to_34,0.012591815320041973,3.0
2025-08-25,2025,South East,25_to_34,0.022035676810073453,3.0
2025-09-01,2025,South East,25_to_34,0.01888772298006296,3.0
2025-09-08,2025,South East,25_to_34,0.022035676810073453,3.0
2025-09-15,2025,South East,25_to_34,0.02833158447009444,3.0
2025-09-22,2025,South East,25_to_34,0.01888772298006296,3.0
2025-09-29,2025,South East,25_to_34,0.02833158447009444,3.0
2025-10-06,2025,South East,25_to_34,0.0472193074501574,3.0
2025-10-13,2025,South East,25_to_34,0.022035676810073453,3.0
2025-10-20,2025,South East,25_to_34,0.03777544596012592,3.0
2025-10-27,2025,South East,25_to_34,0.025183630640083946,3.0
2025-11-03,2025,South East,25_to_34,0.040923399790136414,3.0
2025-11-10,2025,South East,25_to_34,0.05036726128016789,3.0
2025-11-17,2025,South East,25_to_34,0.06295907660020986,3.0
2025-11-24,2025,South East,25_to_34,0.04407135362014691,3.0
2025-12-01,2025,South East,25_to_34,0.06295907660020986,3.0
2025-12-08,2025,South East,25_to_34,0.040923399790136414,3.0
2025-12-15,2025,South East,25_to_34,0.03462749213011543,3.0
2025-12-22,2025,South East,25_to_34,0.03462749213011543,3.0
2025-12-29,2025,South East,25_to_34,0.03777544596012592,3.0
2025-01-06,2025,South East,35_and_over,0.15949632738719832,8.0
2025-01-13,2025,South East,35_and_over,0.18467995802728226,8.0
2025-01-20,2025,South East,35_and_over,0.20146904512067157,8.0
2025-01-27,2025,South East,35_and_over,0.11752360965372508,8.0
2025-02-03,2025,South East,35_and_over,0.14270724029380902,8.0
2025-02-10,2025,South East,35_and_over,0.14270724029380902,8.0
2025-02-17,2025,South East,35_and_over,0.13431269674711438,8.0
2025-02-24,2025,South East,35_and_over,0.15949632738719832,8.0
2025-03-03,2025,South East,35_and_over,0.13431269674711438,8.0
2025-03-10,2025,South East,35_and_over,0.10912906610703044,8.0
2025-03-17,2025,South East,35_and_over,0.13431269674711438,8.0
2025-03-24,2025,South East,35_and_over,0.11752360965372508,8.0
2025-03-31,2025,South East,35_and_over,0.20146904512067157,8.0
2025-04-07,2025,South East,35_and_over,0.21825813221406087,8.0
2025-04-14,2025,South East,35_and_over,0.26862539349422876,8.0
2025-04-21,2025,South East,35_and_over,0.15949632738719832,8.0
2025-04-28,2025,South East,35_and_over,0.21825813221406087,8.0
2025-05-05,2025,South East,35_and_over,0.21825813221406087,8.0
2025-05-12,2025,South East,35_and_over,0.2098635886673662,8.0
2025-05-19,2025,South East,35_and_over,0.26862539349422876,8.0
2025-05-26,2025,South East,35_and_over,0.2770199370409234,8.0
2025-06-02,2025,South East,35_and_over,0.26862539349422876,8.0
2025-06-09,2025,South East,35_and_over,0.24344176285414482,8.0
2025-06-16,2025,South East,35_and_over,0.20146904512067157,8.0
2025-06-23,2025,South East,35_and_over,0.2602308499475341,8.0
2025-06-30,2025,South East,35_and_over,0.2938090241343127,8.0
2025-07-07,2025,South East,35_and_over,0.23504721930745015,8.0
2025-07-14,2025,South East,35_and_over,0.3273871983210913,8.0
2025-07-21,2025,South East,35_and_over,0.1259181532004197,8.0
2025-07-28,2025,South East,35_and_over,0.15110178384050368,8.0
2025-08-04,2025,South East,35_and_over,0.14270724029380902,8.0
2025-08-11,2025,South East,35_and_over,0.1259181532004197,8.0
2025-08-18,2025,South East,35_and_over,0.033578174186778595,8.0
2025-08-25,2025,South East,35_and_over,0.05876180482686254,8.0
2025-09-01,2025,South East,35_and_over,0.05036726128016789,8.0
2025-09-08,2025,South East,35_and_over,0.05876180482686254,8.0
2025-09-15,2025,South East,35_and_over,0.07555089192025184,8.0
2025-09-22,2025,South East,35_and_over,0.05036726128016789,8.0
2025-09-29,2025,South East,35_and_over,0.07555089192025184,8.0
2025-10-06,2025,South East,35_and_over,0.1259181532004197,8.0
2025-10-13,2025,South East,35_and_over,0.05876180482686254,8.0
2025-10-20,2025,South East,35_and_over,0.10073452256033578,8.0
2025-10-27,2025,South East,35_and_over,0.06715634837355719,8.0
2025-11-03,2025,South East,35_and_over,0.10912906610703044,8.0
2025-11-10,2025,South East,35_and_over,0.13431269674711438,8.0
2025-11-17,2025,South East,35_and_over,0.16789087093389296,8.0
2025-11-24,2025,South East,35_and_over,0.11752360965372508,8.0
2025-12-01,2025,South East,35_and_over,0.16789087093389296,8.0
2025-12-08,2025,South East,35_and_over,0.10912906610703044,8.0
2025-12-15,2025,South East,35_and_over,0.09233997901364113,8.0
2025-12-22,2025,South East,35_and_over,0.09233997901364113,8.0
2025-12-29,2025,South East,35_and_over,0.10073452256033578,8.0
2025-01-06,2025,South East,5_to_10,0.09968520461699895,5.0
2025-01-13,2025,South East,5_to_10,0.11542497376705142,5.0
2025-01-20,2025,South East,5_to_10,0.1259181532004197,5.0
2025-01-27,2025,South East,5_to_10,0.07345225603357818,5.0
2025-02-03,2025,South East,5_to_10,0.08919202518363065,5.0
2025-02-10,2025,South East,5_to_10,0.08919202518363065,5.0
2025-02-17,2025,South East,5_to_10,0.08394543546694648,5.0
2025-02-24,2025,South East,5_to_10,0.09968520461699895,5.0
2025-03-03,2025,South East,5_to_10,0.08394543546694648,5.0
2025-03-10,2025,South East,5_to_10,0.06820566631689402,5.0
2025-03-17,2025,South East,5_to_10,0.08394543546694648,5.0
2025-03-24,2025,South East,5_to_10,0.07345225603357818,5.0
2025-03-31,2025,South East,5_to_10,0.1259181532004197,5.0
2025-04-07,2025,South East,5_to_10,0.13641133263378805,5.0
2025-04-14,2025,South East,5_to_10,0.16789087093389296,5.0
2025-04-21,2025,South East,5_to_10,0.09968520461699895,5.0
2025-04-28,2025,South East,5_to_10,0.13641133263378805,5.0
2025-05-05,2025,South East,5_to_10,0.13641133263378805,5.0
2025-05-12,2025,South East,5_to_10,0.1311647429171039,5.0
2025-05-19,2025,South East,5_to_10,0.16789087093389296,5.0
2025-05-26,2025,South East,5_to_10,0.1731374606505771,5.0
2025-06-02,2025,South East,5_to_10,0.16789087093389296,5.0
2025-06-09,2025,South East,5_to_10,0.1521511017838405,5.0
2025-06-16,2025,South East,5_to_10,0.1259181532004197,5.0
2025-06-23,2025,South East,5_to_10,0.1626442812172088,5.0
2025-06-30,2025,South East,5_to_10,0.18363064008394545,5.0
2025-07-07,2025,South East,5_to_10,0.14690451206715635,5.0
2025-07-14,2025,South East,5_to_10,0.20461699895068206,5.0
2025-07-21,2025,South East,5_to_10,0.07869884575026233,5.0
2025-07-28,2025,South East,5_to_10,0.0944386149003148,5.0
2025-08-04,2025,South East,5_to_10,0.08919202518363065,5.0
2025-08-11,2025,South East,5_to_10,0.07869884575026233,5.0
2025-08-18,2025,South East,5_to_10,0.02098635886673662,5.0
2025-08-25,2025,South East,5_to_10,0.03672612801678909,5.0
2025-09-01,2025,South East,5_to_10,0.03147953830010493,5.0
2025-09-08,2025,South East,5_to_10,0.03672612801678909,5.0
2025-09-15,2025,South East,5_to_10,0.0472193074501574,5.0
2025-09-22,2025,South East,5_to_10,0.03147953830010493,5.0
2025-09-29,2025,South East,5_to_10,0.0472193074501574,5.0
2025-10-06,2025,South East,5_to_10,0.07869884575026233,5.0
2025-10-13,2025,South East,5_to_10,0.03672612801678909,5.0
2025-10-20,2025,South East,5_to_10,0.06295907660020986,5.0
2025-10-27,2025,South East,5_to_10,0.04197271773347324,5.0
2025-11-03,2025,South East,5_to_10,0.06820566631689402,5.0
2025-11-10,2025,South East,5_to_10,0.08394543546694648,5.0
2025-11-17,2025,South East,5_to_10,0.1049317943336831,5.0
2025-11-24,2025,South East,5_to_10,0.07345225603357818,5.0
2025-12-01,2025,South East,5_to_10,0.1049317943336831,5.0
2025-12-08,2025,South East,5_to_10,0.06820566631689402,5.0
2025-12-15,2025,South East,5_to_10,0.05771248688352571,5.0
2025-12-22,2025,South East,5_to_10,0.05771248688352571,5.0
2025-12-29,2025,South East,5_to_10,0.06295907660020986,5.0
2025-01-06,2025,South East,under_1,0.07974816369359916,4.0
2025-01-13,2025,South East,under_1,0.09233997901364113,4.0
2025-01-20,2025,South East,under_1,0.10073452256033578,4.0
2025-01-27,2025,South East,under_1,0.05876180482686254,4.0
2025-02-03,2025,South East,under_1,0.07135362014690451,4.0
2025-02-10,2025,South East,under_1,0.07135362014690451,4.0
2025-02-17,2025,South East,under_1,0.06715634837355719,4.0
2025-02-24,2025,South East,under_1,0.07974816369359916,4.0
2025-03-03,2025,South East,under_1,0.06715634837355719,4.0
2025-03-10,2025,South East,under_1,0.05456453305351522,4.0
2025-03-17,2025,South East,under_1,0.06715634837355719,4.0
2025-03-24,2025,South East,under_1,0.05876180482686254,4.0
2025-03-31,2025,South East,under_1,0.10073452256033578,4.0
2025-04-07,2025,South East,under_1,0.10912906610703044,4.0
2025-04-14,2025,South East,under_1,0.13431269674711438,4.0
2025-04-21,2025,South East,under_1,0.07974816369359916,4.0
2025-04-28,2025,South East,under_1,0.10912906610703044,4.0
2025-05-05,2025,South East,under_1,0.10912906610703044,4.0
2025-05-12,2025,South East,under_1,0.1049317943336831,4.0
2025-05-19,2025,South East,under_1,0.13431269674711438,4.0
2025-05-26,2025,South East,under_1,0.1385099685204617,4.0
2025-06-02,2025,South East,under_1,0.13431269674711438,4.0
2025-06-09,2025,South East,under_1,0.12172088142707241,4.0
2025-06-16,2025,South East,under_1,0.10073452256033578,4.0
2025-06-23,2025,South East,under_1,0.13011542497376705,4.0
2025-06-30,2025,South East,under_1,0.14690451206715635,4.0
2025-07-07,2025,South East,under_1,0.11752360965372508,4.0
2025-07-14,2025,South East,under_1,0.16369359916054566,4.0
2025-07-21,2025,South East,under_1,0.06295907660020986,4.0
2025-07-28,2025,South East,under_1,0.07555089192025184,4.0
2025-08-04,2025,South East,under_1,0.07135362014690451,4.0
2025-08-11,2025,South East,under_1,0.06295907660020986,4.0
2025-08-18,2025,South East,under_1,0.016789087093389297,4.0
2025-08-25,2025,South East,under_1,0.02938090241343127,4.0
2025-09-01,2025,South East,under_1,0.025183630640083946,4.0
2025-09-08,2025,South East,under_1,0.02938090241343127,4.0
2025-09-15,2025,South East,under_1,0.03777544596012592,4.0
2025-09-22,2025,South East,under_1,0.025183630640083946,4.0
2025-09-29,2025,South East,under_1,0.03777544596012592,4.0
2025-10-06,2025,South East,under_1,0.06295907660020986,4.0
2025-10-13,2025,South East,under_1,0.02938090241343127,4.0
2025-10-20,2025,South East,under_1,0.05036726128016789,4.0
2025-10-27,2025,South East,under_1,0.033578174186778595,4.0
2025-11-03,2025,South East,under_1,0.05456453305351522,4.0
2025-11-10,2025,South East,under_1,0.06715634837355719,4.0
2025-11-17,2025,South East,under_1,0.08394543546694648,4.0
2025-11-24,2025,South East,under_1,0.05876180482686254,4.0
2025-12-01,2025,South East,under_1,0.08394543546694648,4.0
2025-12-08,2025,South East,under_1,0.05456453305351522,4.0
2025-12-15,2025,South East,under_1,0.046169989506820566,4.0
2025-12-22,2025,South East,under_1,0.046169989506820566,4.0
2025-12-29,2025,South East,under_1,0.05036726128016789,4.0
2025-01-06,2025,South West,11_to_14,0.07974816369359916,4.0
2025-01-13,2025,South West,11_to_14,0.09233997901364113,4.0
2025-01-20,2025,South West,11_to_14,0.10073452256033578,4.0
2025-01-27,2025,South West,11_to_14,0.05876180482686254,4.0
2025-02-03,2025,South West,11_to_14,0.07135362014690451,4.0
2025-02-10,2025,South West,11_to_14,0.07135362014690451,4.0
2025-02-17,2025,South West,11_to_14,0.06715634837355719,4.0
2025-02-24,2025,South West,11_to_14,0.07974816369359916,4.0
2025-03-03,2025,South West,11_to_14,0.06715634837355719,4.0
2025-03-10,2025,South West,11_to_14,0.05456453305351522,4.0
2025-03-17,2025,South West,11_to_14,0.06715634837355719,4.0
2025-03-24,2025,South West,11_to_14,0.05876180482686254,4.0
2025-03-31,2025,South West,11_to_14,0.10073452256033578,4.0
2025-04-07,2025,South West,11_to_14,0.10912906610703044,4.0
2025-04-14,2025,South West,11_to_14,0.13431269674711438,4.0
2025-04-21,2025,South West,11_to_14,0.07974816369359916,4.0
2025-04-28,2025,South West,11_to_14,0.10912906610703044,4.0
2025-05-05,2025,South West,11_to_14,0.10912906610703044,4.0
2025-05-12,2025,South West,11_to_14,0.1049317943336831,4.0
2025-05-19,2025,South West,11_to_14,0.13431269674711438,4.0
2025-05-26,2025,South West,11_to_14,0.1385099685204617,4.0
2025-06-02,2025,South West,11_to_14,0.13431269674711438,4.0
2025-06-09,2025,South West,11_to_14,0.12172088142707241,4.0
2025-06-16,2025,South West,11_to_14,0.10073452256033578,4.0
2025-06-23,2025,South West,11_to_14,0.13011542497376705,4.0
2025-06-30,2025,South West,11_to_14,0.14690451206715635,4.0
2025-07-07,2025,South West,11_to_14,0.11752360965372508,4.0
2025-07-14,2025,South West,11_to_14,0.16369359916054566,4.0
2025-07-21,2025,South West,11_to_14,0.06295907660020986,4.0
2025-07-28,2025,South West,11_to_14,0.07555089192025184,4.0
2025-08-04,2025,South West,11_to_14,0.07135362014690451,4.0
2025-08-11,2025,South West,11_to_14,0.06295907660020986,4.0
2025-08-18,2025,South West,11_to_14,0.016789087093389297,4.0
2025-08-25,2025,South West,11_to_14,0.02938090241343127,4.0
2025-09-01,2025,South West,11_to_14,0.025183630640083946,4.0
2025-09-08,2025,South West,11_to_14,0.02938090241343127,4.0
2025-09-15,2025,South West,11_to_14,0.03777544596012592,4.0
2025-09-22,2025,South West,11_to_14,0.025183630640083946,4.0
2025-09-29,2025,South West,11_to_14,0.03777544596012592,4.0
2025-10-06,2025,South West,11_to_14,0.06295907660020986,4.0
2025-10-13,2025,South West,11_to_14,0.02938090241343127,4.0
2025-10-20,2025,South West,11_to_14,0.05036726128016789,4.0
2025-10-27,2025,South West,11_to_14,0.033578174186778595,4.0
2025-11-03,2025,South West,11_to_14,0.05456453305351522,4.0
2025-11-10,2025,South West,11_to_14,0.06715634837355719,4.0
2025-11-17,2025,South West,11_to_14,0.08394543546694648,4.0
2025-11-24,2025,South West,11_to_14,0.05876180482686254,4.0
2025-12-01,2025,South West,11_to_14,0.08394543546694648,4.0
2025-12-08,2025,South West,11_to_14,0.05456453305351522,4.0
2025-12-15,2025,South West,11_to_14,0.046169989506820566,4.0
2025-12-22,2025,South West,11_to_14,0.046169989506820566,4.0
2025-12-29,2025,South West,11_to_14,0.05036726128016789,4.0
2025-01-06,2025,South West,15_to_24,0.11962224554039874,6.0
2025-01-13,2025,South West,15_to_24,0.1385099685204617,6.0
2025-01-20,2025,South West,15_to_24,0.15110178384050368,6.0
2025-01-27,2025,South West,15_to_24,0.08814270724029381,6.0
2025-02-03,2025,South West,15_to_24,0.10703043022035677,6.0
2025-02-10,2025,South West,15_to_24,0.10703043022035677,6.0
2025-02-17,2025,South West,15_to_24,0.10073452256033578,6.0
2025-02-24,2025,South West,15_to_24,0.11962224554039874,6.0
2025-03-03,2025,South West,15_to_24,0.10073452256033578,6.0
2025-03-10,2025,South West,15_to_24,0.08184679958027283,6.0
2025-03-17,2025,South West,15_to_24,0.10073452256033578,6.0
2025-03-24,2025,South West,15_to_24,0.08814270724029381,6.0
2025-03-31,2025,South West,15_to_24,0.15110178384050368,6.0
2025-04-07,2025,South West,15_to_24,0.16369359916054566,6.0
2025-04-14,2025,South West,15_to_24,0.20146904512067157,6.0
2025-04-21,2025,South West,15_to_24,0.11962224554039874,6.0
2025-04-28,2025,South West,15_to_24,0.16369359916054566,6.0
2025-05-05,2025,South West,15_to_24,0.16369359916054566,6.0
2025-05-12,2025,South West,15_to_24,0.15739769150052466,6.0
2025-05-19,2025,South West,15_to_24,0.20146904512067157,6.0
2025-05-26,2025,South West,15_to_24,0.20776495278069254,6.0
2025-06-02,2025,South West,15_to_24,0.20146904512067157,6.0
2025-06-09,2025,South West,15_to_24,0.1825813221406086,6.0
2025-06-16,2025,South West,15_to_24,0.15110178384050368,6.0
2025-06-23,2025,South West,15_to_24,0.19517313746065057,6.0
2025-06-30,2025,South West,15_to_24,0.2203567681007345,6.0
2025-07-07,2025,South West,15_to_24,0.17628541448058763,6.0
2025-07-14,2025,South West,15_to_24,0.24554039874081846,6.0
2025-07-21,2025,South West,15_to_24,0.0944386149003148,6.0
2025-07-28,2025,South West,15_to_24,0.11332633788037776,6.0
2025-08-04,2025,South West,15_to_24,0.10703043022035677,6.0
2025-08-11,2025,South West,15_to_24,0.0944386149003148,6.0
2025-08-18,2025,South West,15_to_24,0.025183630640083946,6.0
2025-08-25,2025,South West,15_to_24,0.04407135362014691,6.0
2025-09-01,2025,South West,15_to_24,0.03777544596012592,6.0
2025-09-08,2025,South West,15_to_24,0.04407135362014691,6.0
2025-09-15,2025,South West,15_to_24,0.05666316894018888,6.0
2025-09-22,2025,South West,15_to_24,0.03777544596012592,6.0
2025-09-29,2025,South West,15_to_24,0.05666316894018888,6.0
2025-10-06,2025,South West,15_to_24,0.0944386149003148,6.0
2025-10-13,2025,South West,15_to_24,0.04407135362014691,6.0
2025-10-20,2025,South West,15_to_24,0.07555089192025184,6.0
2025-10-27,2025,South West,15_to_24,0.05036726128016789,6.0
2025-11-03,2025,South West,15_to_24,0.08184679958027283,6.0
2025-11-10,2025,South West,15_to_24,0.10073452256033578,6.0
2025-11-17,2025,South West,15_to_24,0.1259181532004197,6.0
2025-11-24,2025,South West,15_to_24,0.08814270724029381,6.0
2025-12-01,2025,South West,15_to_24,0.1259181532004197,6.0
2025-12-08,2025,South West,15_to_24,0.08184679958027283,6.0
2025-12-15,2025,South West,15_to_24,0.06925498426023086,6.0
2025-12-22,2025,South West,15_to_24,0.06925498426023086,6.0
2025-12-29,2025,South West,15_to_24,0.07555089192025184,6.0
2025-01-06,2025,South West,1_to_4,0.27911857292759706,14.0
2025-01-13,2025,South West,1_to_4,0.323189926547744,14.0
2025-01-20,2025,South West,1_to_4,0.35257082896117525,14.0
2025-01-27,2025,South West,1_to_4,0.20566631689401887,14.0
2025-02-03,2025,South West,1_to_4,0.2497376705141658,14.0
2025-02-10,2025,South West,1_to_4,0.2497376705141658,14.0
2025-02-17,2025,South West,1_to_4,0.23504721930745015,14.0
2025-02-24,2025,South West,1_to_4,0.27911857292759706,14.0
2025-03-03,2025,South West,1_to_4,0.23504721930745015,14.0
2025-03-10,2025,South West,1_to_4,0.19097586568730326,14.0
2025-03-17,2025,South West,1_to_4,0.23504721930745015,14.0
2025-03-24,2025,South West,1_to_4,0.20566631689401887,14.0
2025-03-31,2025,South West,1_to_4,0.35257082896117525,14.0
2025-04-07,2025,South West,1_to_4,0.38195173137460653,14.0
2025-04-14,2025,South West,1_to_4,0.4700944386149003,14.0
2025-04-21,2025,South West,1_to_4,0.27911857292759706,14.0
2025-04-28,2025,South West,1_to_4,0.38195173137460653,14.0
2025-05-05,2025,South West,1_to_4,0.38195173137460653,14.0
2025-05-12,2025,South West,1_to_4,0.3672612801678909,14.0
2025-05-19,2025,South West,1_to_4,0.4700944386149003,14.0
2025-05-26,2025,South West,1_to_4,0.48478488982161594,14.0
2025-06-02,2025,South West,1_to_4,0.4700944386149003,14.0
2025-06-09,2025,South West,1_to_4,0.4260230849947534,14.0
2025-06-16,2025,South West,1_to_4,0.35257082896117525,14.0
2025-06-23,2025,South West,1_to_4,0.45540398740818466,14.0
2025-06-30,2025,South West,1_to_4,0.5141657922350472,14.0
2025-07-07,2025,South West,1_to_4,0.41133263378803775,14.0
2025-07-14,2025,South West,1_to_4,0.5729275970619098,14.0
2025-07-21,2025,South West,1_to_4,0.2203567681007345,14.0
2025-07-28,2025,South West,1_to_4,0.2644281217208814,14.0
2025-08-04,2025,South West,1_to_4,0.2497376705141658,14.0
2025-08-11,2025,South West,1_to_4,0.2203567681007345,14.0
2025-08-18,2025,South West,1_to_4,0.05876180482686254,14.0
2025-08-25,2025,South West,1_to_4,0.10283315844700944,14.0
2025-09-01,2025,South West,1_to_4,0.08814270724029381,14.0
2025-09-08,2025,South West,1_to_4,0.10283315844700944,14.0
2025-09-15,2025,South West,1_to_4,0.1322140608604407,14.0
2025-09-22,2025,South West,1_to_4,0.08814270724029381,14.0
2025-09-29,2025,South West,1_to_4,0.1322140608604407,14.0
2025-10-06,2025,South West,1_to_4,0.2203567681007345,14.0
2025-10-13,2025,South West,1_to_4,0.10283315844700944,14.0
2025-10-20,2025,South West,1_to_4,0.17628541448058763,14.0
2025-10-27,2025,South West,1_to_4,0.11752360965372508,14.0
2025-11-03,2025,South West,1_to_4,0.19097586568730326,14.0
2025-11-10,2025,South West,1_to_4,0.23504721930745015,14.0
2025-11-17,2025,South West,1_to_4,0.2938090241343127,14.0
2025-11-24,2025,South West,1_to_4,0.20566631689401887,14.0
2025-12-01,2025,South West,1_to_4,0.2938090241343127,14.0
2025-12-08,2025,South West,1_to_4,0.19097586568730326,14.0
2025-12-15,2025,South West,1_to_4,0.161594963273872,14.0
2025-12-22,2025,South West,1_to_4,0.161594963273872,14.0
2025-12-29,2025,South West,1_to_4,0.17628541448058763,14.0
2025-01-06,2025,South West,25_to_34,0.2193074501573977,11.0
2025-01-13,2025,South West,25_to_34,0.2539349422875131,11.0
2025-01-20,2025,South West,25_to_34,0.2770199370409234,11.0
2025-01-27,2025,South West,25_to_34,0.161594963273872,11.0
2025-02-03,2025,South West,25_to_34,0.19622245540398742,11.0
2025-02-10,2025,South West,25_to_34,0.19622245540398742,11.0
2025-02-17,2025,South West,25_to_34,0.18467995802728226,11.0
2025-02-24,2025,South West,25_to_34,0.2193074501573977,11.0
2025-03-03,2025,South West,25_to_34,0.18467995802728226,11.0
2025-03-10,2025,South West,25_to_34,0.15005246589716684,11.0
2025-03-17,2025,South West,25_to_34,0.18467995802728226,11.0
2025-03-24,2025,South West,25_to_34,0.161594963273872,11.0
2025-03-31,2025,South West,25_to_34,0.2770199370409234,11.0
2025-04-07,2025,South West,25_to_34,0.3001049317943337,11.0
2025-04-14,2025,South West,25_to_34,0.36935991605456453,11.0
2025-04-21,2025,South West,25_to_34,0.2193074501573977,11.0
2025-04-28,2025,South West,25_to_34,0.3001049317943337,11.0
2025-05-05,2025,South West,25_to_34,0.3001049317943337,11.0
2025-05-12,2025,South West,25_to_34,0.2885624344176285,11.0
2025-05-19,2025,South West,25_to_34,0.36935991605456453,11.0
2025-05-26,2025,South West,25_to_34,0.3809024134312697,11.0
2025-06-02,2025,South West,25_to_34,0.36935991605456453,11.0
2025-06-09,2025,South West,25_to_34,0.33473242392444913,11.0
2025-06-16,2025,South West,25_to_34,0.2770199370409234,11.0
2025-06-23,2025,South West,25_to_34,0.3578174186778594,11.0
2025-06-30,2025,South West,25_to_34,0.40398740818467993,11.0
2025-07-07,2025,South West,25_to_34,0.323189926547744,11.0
2025-07-14,2025,South West,25_to_34,0.45015739769150054,11.0
2025-07-21,2025,South West,25_to_34,0.1731374606505771,11.0
2025-07-28,2025,South West,25_to_34,0.20776495278069254,11.0
2025-08-04,2025,South West,25_to_34,0.19622245540398742,11.0
2025-08-11,2025,South West,25_to_34,0.1731374606505771,11.0
2025-08-18,2025,South West,25_to_34,0.046169989506820566,11.0
2025-08-25,2025,South West,25_to_34,0.080797481636936,11.0
2025-09-01,2025,South West,25_to_34,0.06925498426023086,11.0
2025-09-08,2025,South West,25_to_34,0.080797481636936,11.0
2025-09-15,2025,South West,25_to_34,0.10388247639034627,11.0
2025-09-22,2025,South West,25_to_34,0.06925498426023086,11.0
2025-09-29,2025,South West,25_to_34,0.10388247639034627,11.0
2025-10-06,2025,South West,25_to_34,0.1731374606505771,11.0
2025-10-13,2025,South West,25_to_34,0.080797481636936,11.0
2025-10-20,2025,South West,25_to_34,0.1385099685204617,11.0
2025-10-27,2025,South West,25_to_34,0.09233997901364113,11.0
2025-11-03,2025,South West,25_to_34,0.15005246589716684,11.0
2025-11-10,2025,South West,25_to_34,0.18467995802728226,11.0
2025-11-17,2025,South West,25_to_34,0.23084994753410285,11.0
2025-11-24,2025,South West,25_to_34,0.161594963273872,11.0
2025-12-01,2025,South West,25_to_34,0.23084994753410285,11.0
2025-12-08,2025,South West,25_to_34,0.15005246589716684,11.0
2025-12-15,2025,South West,25_to_34,0.12696747114375656,11.0
2025-12-22,2025,South West,25_to_34,0.12696747114375656,11.0
2025-12-29,2025,South West,25_to_34,0.1385099685204617,11.0
2025-01-06,2025,South West,35_and_over,0.1794333683105981,9.0
2025-01-13,2025,South West,35_and_over,0.20776495278069254,9.0
2025-01-20,2025,South West,35_and_over,0.2266526757607555,9.0
2025-01-27,2025,South West,35_and_over,0.1322140608604407,9.0
2025-02-03,2025,South West,35_and_over,0.16054564533053514,9.0
2025-02-10,2025,South West,35_and_over,0.16054564533053514,9.0
2025-02-17,2025,South West,35_and_over,0.15110178384050368,9.0
2025-02-24,2025,South West,35_and_over,0.1794333683105981,9.0
2025-03-03,2025,South West,35_and_over,0.15110178384050368,9.0
2025-03-10,2025,South West,35_and_over,0.12277019937040923,9.0
2025-03-17,2025,South West,35_and_over,0.15110178384050368,9.0
2025-03-24,2025,South West,35_and_over,0.1322140608604407,9.0
2025-03-31,2025,South West,35_and_over,0.2266526757607555,9.0
2025-04-07,2025,South West,35_and_over,0.24554039874081846,9.0
2025-04-14,2025,South West,35_and_over,0.30220356768100737,9.0
2025-04-21,2025,South West,35_and_over,0.1794333683105981,9.0
2025-04-28,2025,South West,35_and_over,0.24554039874081846,9.0
2025-05-05,2025,South West,35_and_over,0.24554039874081846,9.0
2025-05-12,2025,South West,35_and_over,0.236096537250787,9.0
2025-05-19,2025,South West,35_and_over,0.30220356768100737,9.0
2025-05-26,2025,South West,35_and_over,0.3116474291710388,9.0
2025-06-02,2025,South West,35_and_over,0.30220356768100737,9.0
2025-06-09,2025,South West,35_and_over,0.2738719832109129,9.0
2025-06-16,2025,South West,35_and_over,0.2266526757607555,9.0
2025-06-23,2025,South West,35_and_over,0.29275970619097585,9.0
2025-06-30,2025,South West,35_and_over,0.3305351521511018,9.0
2025-07-07,2025,South West,35_and_over,0.2644281217208814,9.0
2025-07-14,2025,South West,35_and_over,0.3683105981112277,9.0
2025-07-21,2025,South West,35_and_over,0.1416579223504722,9.0
2025-07-28,2025,South West,35_and_over,0.16998950682056663,9.0
2025-08-04,2025,South West,35_and_over,0.16054564533053514,9.0
2025-08-11,2025,South West,35_and_over,0.1416579223504722,9.0
2025-08-18,2025,South West,35_and_over,0.03777544596012592,9.0
2025-08-25,2025,South West,35_and_over,0.06610703043022036,9.0
2025-09-01,2025,South West,35_and_over,0.05666316894018888,9.0
2025-09-08,2025,South West,35_and_over,0.06610703043022036,9.0
2025-09-15,2025,South West,35_and_over,0.08499475341028331,9.0
2025-09-22,2025,South West,35_and_over,0.05666316894018888,9.0
2025-09-29,2025,South West,35_and_over,0.08499475341028331,9.0
2025-10-06,2025,South West,35_and_over,0.1416579223504722,9.0
2025-10-13,2025,South West,35_and_over,0.06610703043022036,9.0
2025-10-20,2025,South West,35_and_over,0.11332633788037776,9.0
2025-10-27,2025,South West,35_and_over,0.07555089192025184,9.0
2025-11-03,2025,South West,35_and_over,0.12277019937040923,9.0
2025-11-10,2025,South West,35_and_over,0.15110178384050368,9.0
2025-11-17,2025,South West,35_and_over,0.1888772298006296,9.0
2025-11-24,2025,South West,35_and_over,0.1322140608604407,9.0
2025-12-01,2025,South West,35_and_over,0.1888772298006296,9.0
2025-12-08,2025,South West,35_and_over,0.12277019937040923,9.0
2025-12-15,2025,South West,35_and_over,0.10388247639034627,9.0
2025-12-22,2025,South West,35_and_over,0.10388247639034627,9.0
2025-12-29,2025,South West,35_and_over,0.11332633788037776,9.0
2025-01-06,2025,South West,5_to_10,0.11962224554039874,6.0
2025-01-13,2025,South West,5_to_10,0.1385099685204617,6.0
2025-01-20,2025,South West,5_to_10,0.15110178384050368,6.0
2025-01-27,2025,South West,5_to_10,0.08814270724029381,6.0
2025-02-03,2025,South West,5_to_10,0.10703043022035677,6.0
2025-02-10,2025,South West,5_to_10,0.10703043022035677,6.0
2025-02-17,2025,South West,5_to_10,0.10073452256033578,6.0
2025-02-24,2025,South West,5_to_10,0.11962224554039874,6.0
2025-03-03,2025,South West,5_to_10,0.10073452256033578,6.0
2025-03-10,2025,South West,5_to_10,0.08184679958027283,6.0
2025-03-17,2025,South West,5_to_10,0.10073452256033578,6.0
2025-03-24,2025,South West,5_to_10,0.08814270724029381,6.0
2025-03-31,2025,South West,5_to_10,0.15110178384050368,6.0
2025-04-07,2025,South West,5_to_10,0.16369359916054566,6.0
2025-04-14,2025,South West,5_to_10,0.20146904512067157,6.0
2025-04-21,2025,South West,5_to_10,0.11962224554039874,6.0
2025-04-28,2025,South West,5_to_10,0.16369359916054566,6.0
2025-05-05,2025,South West,5_to_10,0.16369359916054566,6.0
2025-05-12,2025,South West,5_to_10,0.15739769150052466,6.0
2025-05-19,2025,South West,5_to_10,0.20146904512067157,6.0
2025-05-26,2025,South West,5_to_10,0.20776495278069254,6.0
2025-06-02,2025,South West,5_to_10,0.20146904512067157,6.0
2025-06-09,2025,South West,5_to_10,0.1825813221406086,6.0
2025-06-16,2025,South West,5_to_10,0.15110178384050368,6.0
2025-06-23,2025,South West,5_to_10,0.19517313746065057,6.0
2025-06-30,2025,South West,5_to_10,0.2203567681007345,6.0
2025-07-07,2025,South West,5_to_10,0.17628541448058763,6.0
2025-07-14,2025,South West,5_to_10,0.24554039874081846,6.0
2025-07-21,2025,South West,5_to_10,0.0944386149003148,6.0
2025-07-28,2025,South West,5_to_10,0.11332633788037776,6.0
2025-08-04,2025,South West,5_to_10,0.10703043022035677,6.0
2025-08-11,2025,South West,5_to_10,0.0944386149003148,6.0
2025-08-18,2025,South West,5_to_10,0.025183630640083946,6.0
2025-08-25,2025,South West,5_to_10,0.04407135362014691,6.0
2025-09-01,2025,South West,5_to_10,0.03777544596012592,6.0
2025-09-08,2025,South West,5_to_10,0.04407135362014691,6.0
2025-09-15,2025,South West,5_to_10,0.05666316894018888,6.0
2025-09-22,2025,South West,5_to_10,0.03777544596012592,6.0
2025-09-29,2025,South West,5_to_10,0.05666316894018888,6.0
2025-10-06,2025,South West,5_to_10,0.0944386149003148,6.0
2025-10-13,2025,South West,5_to_10,0.04407135362014691,6.0
2025-10-20,2025,South West,5_to_10,0.07555089192025184,6.0
2025-10-27,2025,South West,5_to_10,0.05036726128016789,6.0
2025-11-03,2025,South West,5_to_10,0.08184679958027283,6.0
2025-11-10,2025,South West,5_to_10,0.10073452256033578,6.0
2025-11-17,2025,South West,5_to_10,0.1259181532004197,6.0
2025-11-24,2025,South West,5_to_10,0.08814270724029381,6.0
2025-12-01,2025,South West,5_to_10,0.1259181532004197,6.0
2025-12-08,2025,South West,5_to_10,0.08184679958027283,6.0
2025-12-15,2025,South West,5_to_10,0.06925498426023086,6.0
2025-12-22,2025,South West,5_to_10,0.06925498426023086,6.0
2025-12-29,2025,South West,5_to_10,0.07555089192025184,6.0
2025-01-06,2025,South West,under_1,0.1993704092339979,10.0
2025-01-13,2025,South West,under_1,0.23084994753410285,10.0
2025-01-20,2025,South West,under_1,0.2518363064008394,10.0
2025-01-27,2025,South West,under_1,0.14690451206715635,10.0
2025-02-03,2025,South West,under_1,0.1783840503672613,10.0
2025-02-10,2025,South West,under_1,0.1783840503672613,10.0
2025-02-17,2025,South West,under_1,0.16789087093389296,10.0
2025-02-24,2025,South West,under_1,0.1993704092339979,10.0
2025-03-03,2025,South West,under_1,0.16789087093389296,10.0
2025-03-10,2025,South West,under_1,0.13641133263378805,10.0
2025-03-17,2025,South West,under_1,0.16789087093389296,10.0
2025-03-24,2025,South West,under_1,0.14690451206715635,10.0
2025-03-31,2025,South West,under_1,0.2518363064008394,10.0
2025-04-07,2025,South West,under_1,0.2728226652675761,10.0
2025-04-14,2025,South West,under_1,0.3357817418677859,10.0
2025-04-21,2025,South West,under_1,0.1993704092339979,10.0
2025-04-28,2025,South West,under_1,0.2728226652675761,10.0
2025-05-05,2025,South West,under_1,0.2728226652675761,10.0
2025-05-12,2025,South West,under_1,0.2623294858342078,10.0
2025-05-19,2025,South West,under_1,0.3357817418677859,10.0
2025-05-26,2025,South West,under_1,0.3462749213011542,10.0
2025-06-02,2025,South West,under_1,0.3357817418677859,10.0
2025-06-09,2025,South West,under_1,0.304302203567681,10.0
2025-06-16,2025,South West,under_1,0.2518363064008394,10.0
2025-06-23,2025,South West,under_1,0.3252885624344176,10.0
2025-06-30,2025,South West,under_1,0.3672612801678909,10.0
2025-07-07,2025,South West,under_1,0.2938090241343127,10.0
2025-07-14,2025,South West,under_1,0.4092339979013641,10.0
2025-07-21,2025,South West,under_1,0.15739769150052466,10.0
2025-07-28,2025,South West,under_1,0.1888772298006296,10.0
2025-08-04,2025,South West,under_1,0.1783840503672613,10.0
2025-08-11,2025,South West,under_1,0.15739769150052466,10.0
2025-08-18,2025,South West,under_1,0.04197271773347324,10.0
2025-08-25,2025,South West,under_1,0.07345225603357818,10.0
2025-09-01,2025,South West,under_1,0.06295907660020986,10.0
2025-09-08,2025,South West,under_1,0.07345225603357818,10.0
2025-09-15,2025,South West,under_1,0.0944386149003148,10.0
2025-09-22,2025,South West,under_1,0.06295907660020986,10.0
2025-09-29,2025,South West,under_1,0.0944386149003148,10.0
2025-10-06,2025,South West,under_1,0.15739769150052466,10.0
2025-10-13,2025,South West,under_1,0.07345225603357818,10.0
2025-10-20,2025,South West,under_1,0.1259181532004197,10.0
2025-10-27,2025,South West,under_1,0.08394543546694648,10.0
2025-11-03,2025,South West,under_1,0.13641133263378805,10.0
2025-11-10,2025,South West,under_1,0.16789087093389296,10.0
2025-11-17,2025,South West,under_1,0.2098635886673662,10.0
2025-11-24,2025,South West,under_1,0.14690451206715635,10.0
2025-12-01,2025,South West,under_1,0.2098635886673662,10.0
2025-12-08,2025,South West,under_1,0.13641133263378805,10.0
2025-12-15,2025,South West,under_1,0.11542497376705142,10.0
2025-12-22,2025,South West,under_1,0.11542497376705142,10.0
2025-12-29,2025,South West,under_1,0.1259181532004197,10.0
2025-01-06,2025,West Midlands,11_to_14,0.13955928646379853,7.0
2025-01-13,2025,West Midlands,11_to_14,0.161594963273872,7.0
2025-01-20,2025,West Midlands,11_to_14,0.17628541448058763,7.0
2025-01-27,2025,West Midlands,11_to_14,0.10283315844700944,7.0
2025-02-03,2025,West Midlands,11_to_14,0.1248688352570829,7.0
2025-02-10,2025,West Midlands,11_to_14,0.1248688352570829,7.0
2025-02-17,2025,West Midlands,11_to_14,0.11752360965372508,7.0
2025-02-24,2025,West Midlands,11_to_14,0.13955928646379853,7.0
2025-03-03,2025,West Midlands,11_to_14,0.11752360965372508,7.0
2025-03-10,2025,West Midlands,11_to_14,0.09548793284365163,7.0
2025-03-17,2025,West Midlands,11_to_14,0.11752360965372508,7.0
2025-03-24,2025,West Midlands,11_to_14,0.10283315844700944,7.0
2025-03-31,2025,West Midlands,11_to_14,0.17628541448058763,7.0
2025-04-07,2025,West Midlands,11_to_14,0.19097586568730326,7.0
2025-04-14,2025,West Midlands,11_to_14,0.23504721930745015,7.0
2025-04-21,2025,West Midlands,11_to_14,0.13955928646379853,7.0
2025-04-28,2025,West Midlands,11_to_14,0.19097586568730326,7.0
2025-05-05,2025,West Midlands,11_to_14,0.19097586568730326,7.0
2025-05-12,2025,West Midlands,11_to_14,0.18363064008394545,7.0
2025-05-19,2025,West Midlands,11_to_14,0.23504721930745015,7.0
2025-05-26,2025,West Midlands,11_to_14,0.24239244491080797,7.0
2025-06-02,2025,West Midlands,11_to_14,0.23504721930745015,7.0
2025-06-09,2025,West Midlands,11_to_14,0.2130115424973767,7.0
2025-06-16,2025,West Midlands,11_to_14,0.17628541448058763,7.0
2025-06-23,2025,West Midlands,11_to_14,0.22770199370409233,7.0
2025-06-30,2025,West Midlands,11_to_14,0.2570828961175236,7.0
2025-07-07,2025,West Midlands,11_to_14,0.20566631689401887,7.0
2025-07-14,2025,West Midlands,11_to_14,0.2864637985309549,7.0
2025-07-21,2025,West Midlands,11_to_14,0.11017838405036726,7.0
2025-07-28,2025,West Midlands,11_to_14,0.1322140608604407,7.0
2025-08-04,2025,West Midlands,11_to_14,0.1248688352570829,7.0
2025-08-11,2025,West Midlands,11_to_14,0.11017838405036726,7.0
2025-08-18,2025,West Midlands,11_to_14,0.02938090241343127,7.0
2025-08-25,2025,West Midlands,11_to_14,0.05141657922350472,7.0
2025-09-01,2025,West Midlands,11_to_14,0.04407135362014691,7.0
2025-09-08,2025,West Midlands,11_to_14,0.05141657922350472,7.0
2025-09-15,2025,West Midlands,11_to_14,0.06610703043022036,7.0
2025-09-22,2025,West Midlands,11_to_14,0.04407135362014691,7.0
2025-09-29,2025,West Midlands,11_to_14,0.06610703043022036,7.0
2025-10-06,2025,West Midlands,11_to_14,0.11017838405036726,7.0
2025-10-13,2025,West Midlands,11_to_14,0.05141657922350472,7.0
2025-10-20,2025,West Midlands,11_to_14,0.08814270724029381,7.0
2025-10-27,2025,West Midlands,11_to_14,0.05876180482686254,7.0
2025-11-03,2025,West Midlands,11_to_14,0.09548793284365163,7.0
2025-11-10,2025,West Midlands,11_to_14,0.11752360965372508,7.0
2025-11-17,2025,West Midlands,11_to_14,0.14690451206715635,7.0
2025-11-24,2025,West Midlands,11_to_14,0.10283315844700944,7.0
2025-12-01,2025,West Midlands,11_to_14,0.14690451206715635,7.0
2025-12-08,2025,West Midlands,11_to_14,0.09548793284365163,7.0
2025-12-15,2025,West Midlands,11_to_14,0.080797481636936,7.0
2025-12-22,2025,West Midlands,11_to_14,0.080797481636936,7.0
2025-12-29,2025,West Midlands,11_to_14,0.08814270724029381,7.0
2025-01-06,2025,West Midlands,15_to_24,0.2990556138509968,15.0
2025-01-13,2025,West Midlands,15_to_24,0.3462749213011542,15.0
2025-01-20,2025,West Midlands,15_to_24,0.3777544596012592,15.0
2025-01-27,2025,West Midlands,15_to_24,0.2203567681007345,15.0
2025-02-03,2025,West Midlands,15_to_24,0.2675760755508919,15.0
2025-02-10,2025,West Midlands,15_to_24,0.2675760755508919,15.0
2025-02-17,2025,West Midlands,15_to_24,0.2518363064008394,15.0
2025-02-24,2025,West Midlands,15_to_24,0.2990556138509968,15.0
2025-03-03,2025,West Midlands,15_to_24,0.2518363064008394,15.0
2025-03-10,2025,West Midlands,15_to_24,0.20461699895068206,15.0
2025-03-17,2025,West Midlands,15_to_24,0.2518363064008394,15.0
2025-03-24,2025,West Midlands,15_to_24,0.2203567681007345,15.0
2025-03-31,2025,West Midlands,15_to_24,0.3777544596012592,15.0
2025-04-07,2025,West Midlands,15_to_24,0.4092339979013641,15.0
2025-04-14,2025,West Midlands,15_to_24,0.5036726128016789,15.0
2025-04-21,2025,West Midlands,15_to_24,0.2990556138509968,15.0
2025-04-28,2025,West Midlands,15_to_24,0.4092339979013641,15.0
2025-05-05,2025,West Midlands,15_to_24,0.4092339979013641,15.0
2025-05-12,2025,West Midlands,15_to_24,0.3934942287513116,15.0
2025-05-19,2025,West Midlands,15_to_24,0.5036726128016789,15.0
2025-05-26,2025,West Midlands,15_to_24,0.5194123819517313,15.0
2025-06-02,2025,West Midlands,15_to_24,0.5036726128016789,15.0
2025-06-09,2025,West Midlands,15_to_24,0.4564533053515215,15.0
2025-06-16,2025,West Midlands,15_to_24,0.3777544596012592,15.0
2025-06-23,2025,West Midlands,15_to_24,0.4879328436516264,15.0
2025-06-30,2025,West Midlands,15_to_24,0.5508919202518363,15.0
2025-07-07,2025,West Midlands,15_to_24,0.440713536201469,15.0
2025-07-14,2025,West Midlands,15_to_24,0.6138509968520461,15.0
2025-07-21,2025,West Midlands,15_to_24,0.236096537250787,15.0
2025-07-28,2025,West Midlands,15_to_24,0.2833158447009444,15.0
2025-08-04,2025,West Midlands,15_to_24,0.2675760755508919,15.0
2025-08-11,2025,West Midlands,15_to_24,0.236096537250787,15.0
2025-08-18,2025,West Midlands,15_to_24,0.06295907660020986,15.0
2025-08-25,2025,West Midlands,15_to_24,0.11017838405036726,15.0
2025-09-01,2025,West Midlands,15_to_24,0.0944386149003148,15.0
2025-09-08,2025,West Midlands,15_to_24,0.11017838405036726,15.0
2025-09-15,2025,West Midlands,15_to_24,0.1416579223504722,15.0
2025-09-22,2025,West Midlands,15_to_24,0.0944386149003148,15.0
2025-09-29,2025,West Midlands,15_to_24,0.1416579223504722,15.0
2025-10-06,2025,West Midlands,15_to_24,0.236096537250787,15.0
2025-10-13,2025,West Midlands,15_to_24,0.11017838405036726,15.0
2025-10-20,2025,West Midlands,15_to_24,0.1888772298006296,15.0
2025-10-27,2025,West Midlands,15_to_24,0.1259181532004197,15.0
2025-11-03,2025,West Midlands,15_to_24,0.20461699895068206,15.0
2025-11-10,2025,West Midlands,15_to_24,0.2518363064008394,15.0
2025-11-17,2025,West Midlands,15_to_24,0.3147953830010493,15.0
2025-11-24,2025,West Midlands,15_to_24,0.2203567681007345,15.0
2025-12-01,2025,West Midlands,15_to_24,0.3147953830010493,15.0
2025-12-08,2025,West Midlands,15_to_24,0.20461699895068206,15.0
2025-12-15,2025,West Midlands,15_to_24,0.1731374606505771,15.0
2025-12-22,2025,West Midlands,15_to_24,0.1731374606505771,15.0
2025-12-29,2025,West Midlands,15_to_24,0.1888772298006296,15.0
2025-01-06,2025,West Midlands,1_to_4,0.5183630640083945,26.0
2025-01-13,2025,West Midlands,1_to_4,0.6002098635886673,26.0
2025-01-20,2025,West Midlands,1_to_4,0.6547743966421826,26.0
2025-01-27,2025,West Midlands,1_to_4,0.38195173137460653,26.0
2025-02-03,2025,West Midlands,1_to_4,0.46379853095487933,26.0
2025-02-10,2025,West Midlands,1_to_4,0.46379853095487933,26.0
2025-02-17,2025,West Midlands,1_to_4,0.43651626442812175,26.0
2025-02-24,2025,West Midlands,1_to_4,0.5183630640083945,26.0
2025-03-03,2025,West Midlands,1_to_4,0.43651626442812175,26.0
2025-03-10,2025,West Midlands,1_to_4,0.3546694648478489,26.0
2025-03-17,2025,West Midlands,1_to_4,0.43651626442812175,26.0
2025-03-24,2025,West Midlands,1_to_4,0.38195173137460653,26.0
2025-03-31,2025,West Midlands,1_to_4,0.6547743966421826,26.0
2025-04-07,2025,West Midlands,1_to_4,0.7093389296956978,26.0
2025-04-14,2025,West Midlands,1_to_4,0.8730325288562435,26.0
2025-04-21,2025,West Midlands,1_to_4,0.5183630640083945,26.0
2025-04-28,2025,West Midlands,1_to_4,0.7093389296956978,26.0
2025-05-05,2025,West Midlands,1_to_4,0.7093389296956978,26.0
2025-05-12,2025,West Midlands,1_to_4,0.6820566631689402,26.0
2025-05-19,2025,West Midlands,1_to_4,0.8730325288562435,26.0
2025-05-26,2025,West Midlands,1_to_4,0.9003147953830011,26.0
2025-06-02,2025,West Midlands,1_to_4,0.8730325288562435,26.0
2025-06-09,2025,West Midlands,1_to_4,0.7911857292759706,26.0
2025-06-16,2025,West Midlands,1_to_4,0.6547743966421826,26.0
2025-06-23,2025,West Midlands,1_to_4,0.8457502623294858,26.0
2025-06-30,2025,West Midlands,1_to_4,0.9548793284365162,26.0
2025-07-07,2025,West Midlands,1_to_4,0.7639034627492131,26.0
2025-07-14,2025,West Midlands,1_to_4,1.0640083945435468,26.0
2025-07-21,2025,West Midlands,1_to_4,0.4092339979013641,26.0
2025-07-28,2025,West Midlands,1_to_4,0.4910807974816369,26.0
2025-08-04,2025,West Midlands,1_to_4,0.46379853095487933,26.0
2025-08-11,2025,West Midlands,1_to_4,0.4092339979013641,26.0
2025-08-18,2025,West Midlands,1_to_4,0.10912906610703044,26.0
2025-08-25,2025,West Midlands,1_to_4,0.19097586568730326,26.0
2025-09-01,2025,West Midlands,1_to_4,0.16369359916054566,26.0
2025-09-08,2025,West Midlands,1_to_4,0.19097586568730326,26.0
2025-09-15,2025,West Midlands,1_to_4,0.24554039874081846,26.0
2025-09-22,2025,West Midlands,1_to_4,0.16369359916054566,26.0
2025-09-29,2025,West Midlands,1_to_4,0.24554039874081846,26.0
2025-10-06,2025,West Midlands,1_to_4,0.4092339979013641,26.0
2025-10-13,2025,West Midlands,1_to_4,0.19097586568730326,26.0
2025-10-20,2025,West Midlands,1_to_4,0.3273871983210913,26.0
2025-10-27,2025,West Midlands,1_to_4,0.21825813221406087,26.0
2025-11-03,2025,West Midlands,1_to_4,0.3546694648478489,26.0
2025-11-10,2025,West Midlands,1_to_4,0.43651626442812175,26.0
2025-11-17,2025,West Midlands,1_to_4,0.5456453305351522,26.0
2025-11-24,2025,West Midlands,1_to_4,0.38195173137460653,26.0
2025-12-01,2025,West Midlands,1_to_4,0.5456453305351522,26.0
2025-12-08,2025,West Midlands,1_to_4,0.3546694648478489,26.0
2025-12-15,2025,West Midlands,1_to_4,0.3001049317943337,26.0
2025-12-22,2025,West Midlands,1_to_4,0.3001049317943337,26.0
2025-12-29,2025,West Midlands,1_to_4,0.3273871983210913,26.0
2025-01-06,2025,West Midlands,25_to_34,0.15949632738719832,8.0
2025-01-13,2025,West Midlands,25_to_34,0.18467995802728226,8.0
2025-01-20,2025,West Midlands,25_to_34,0.20146904512067157,8.0
2025-01-27,2025,West Midlands,25_to_34,0.11752360965372508,8.0
2025-02-03,2025,West Midlands,25_to_34,0.14270724029380902,8.0
2025-02-10,2025,West Midlands,25_to_34,0.14270724029380902,8.0
2025-02-17,2025,West Midlands,25_to_34,0.13431269674711438,8.0
2025-02-24,2025,West Midlands,25_to_34,0.15949632738719832,8.0
2025-03-03,2025,West Midlands,25_to_34,0.13431269674711438,8.0
2025-03-10,2025,West Midlands,25_to_34,0.10912906610703044,8.0
2025-03-17,2025,West Midlands,25_to_34,0.13431269674711438,8.0
2025-03-24,2025,West Midlands,25_to_34,0.11752360965372508,8.0
2025-03-31,2025,West Midlands,25_to_34,0.20146904512067157,8.0
2025-04-07,2025,West Midlands,25_to_34,0.21825813221406087,8.0
2025-04-14,2025,West Midlands,25_to_34,0.26862539349422876,8.0
2025-04-21,2025,West Midlands,25_to_34,0.15949632738719832,8.0
2025-04-28,2025,West Midlands,25_to_34,0.21825813221406087,8.0
2025-05-05,2025,West Midlands,25_to_34,0.21825813221406087,8.0
2025-05-12,2025,West Midlands,25_to_34,0.2098635886673662,8.0
2025-05-19,2025,West Midlands,25_to_34,0.26862539349422876,8.0
2025-05-26,2025,West Midlands,25_to_34,0.2770199370409234,8.0
2025-06-02,2025,West Midlands,25_to_34,0.26862539349422876,8.0
2025-06-09,2025,West Midlands,25_to_34,0.24344176285414482,8.0
2025-06-16,2025,West Midlands,25_to_34,0.20146904512067157,8.0
2025-06-23,2025,West Midlands,25_to_34,0.2602308499475341,8.0
2025-06-30,2025,West Midlands,25_to_34,0.2938090241343127,8.0
2025-07-07,2025,West Midlands,25_to_34,0.23504721930745015,8.0
2025-07-14,2025,West Midlands,25_to_34,0.3273871983210913,8.0
2025-07-21,2025,West Midlands,25_to_34,0.1259181532004197,8.0
2025-07-28,2025,West Midlands,25_to_34,0.15110178384050368,8.0
2025-08-04,2025,West Midlands,25_to_34,0.14270724029380902,8.0
2025-08-11,2025,West Midlands,25_to_34,0.1259181532004197,8.0
2025-08-18,2025,West Midlands,25_to_34,0.033578174186778595,8.0
2025-08-25,2025,West Midlands,25_to_34,0.05876180482686254,8.0
2025-09-01,2025,West Midlands,25_to_34,0.05036726128016789,8.0
2025-09-08,2025,West Midlands,25_to_34,0.05876180482686254,8.0
2025-09-15,2025,West Midlands,25_to_34,0.07555089192025184,8.0
2025-09-22,2025,West Midlands,25_to_34,0.05036726128016789,8.0
2025-09-29,2025,West Midlands,25_to_34,0.07555089192025184,8.0
2025-10-06,2025,West Midlands,25_to_34,0.1259181532004197,8.0
2025-10-13,2025,West Midlands,25_to_34,0.05876180482686254,8.0
2025-10-20,2025,West Midlands,25_to_34,0.10073452256033578,8.0
2025-10-27,2025,West Midlands,25_to_34,0.06715634837355719,8.0
2025-11-03,2025,West Midlands,25_to_34,0.10912906610703044,8.0
2025-11-10,2025,West Midlands,25_to_34,0.13431269674711438,8.0
2025-11-17,2025,West Midlands,25_to_34,0.16789087093389296,8.0
2025-11-24,2025,West Midlands,25_to_34,0.11752360965372508,8.0
2025-12-01,2025,West Midlands,25_to_34,0.16789087093389296,8.0
2025-12-08,2025,West Midlands,25_to_34,0.10912906610703044,8.0
2025-12-15,2025,West Midlands,25_to_34,0.09233997901364113,8.0
2025-12-22,2025,West Midlands,25_to_34,0.09233997901364113,8.0
2025-12-29,2025,West Midlands,25_to_34,0.10073452256033578,8.0
2025-01-06,2025,West Midlands,35_and_over,0.03987408184679958,2.0
2025-01-13,2025,West Midlands,35_and_over,0.046169989506820566,2.0
2025-01-20,2025,West Midlands,35_and_over,0.05036726128016789,2.0
2025-01-27,2025,West Midlands,35_and_over,0.02938090241343127,2.0
2025-02-03,2025,West Midlands,35_and_over,0.035676810073452254,2.0
2025-02-10,2025,West Midlands,35_and_over,0.035676810073452254,2.0
2025-02-17,2025,West Midlands,35_and_over,0.033578174186778595,2.0
2025-02-24,2025,West Midlands,35_and_over,0.03987408184679958,2.0
2025-03-03,2025,West Midlands,35_and_over,0.033578174186778595,2.0
2025-03-10,2025,West Midlands,35_and_over,0.02728226652675761,2.0
2025-03-17,2025,West Midlands,35_and_over,0.033578174186778595,2.0
2025-03-24,2025,West Midlands,35_and_over,0.02938090241343127,2.0
2025-03-31,2025,West Midlands,35_and_over,0.05036726128016789,2.0
2025-04-07,2025,West Midlands,35_and_over,0.05456453305351522,2.0
2025-04-14,2025,West Midlands,35_and_over,0.06715634837355719,2.0
2025-04-21,2025,West Midlands,35_and_over,0.03987408184679958,2.0
2025-04-28,2025,West Midlands,35_and_over,0.05456453305351522,2.0
2025-05-05,2025,West Midlands,35_and_over,0.05456453305351522,2.0
2025-05-12,2025,West Midlands,35_and_over,0.05246589716684155,2.0
2025-05-19,2025,West Midlands,35_and_over,0.06715634837355719,2.0
2025-05-26,2025,West Midlands,35_and_over,0.06925498426023086,2.0
2025-06-02,2025,West Midlands,35_and_over,0.06715634837355719,2.0
2025-06-09,2025,West Midlands,35_and_over,0.060860440713536204,2.0
2025-06-16,2025,West Midlands,35_and_over,0.05036726128016789,2.0
2025-06-23,2025,West Midlands,35_and_over,0.06505771248688352,2.0
2025-06-30,2025,West Midlands,35_and_over,0.07345225603357818,2.0
2025-07-07,2025,West Midlands,35_and_over,0.05876180482686254,2.0
2025-07-14,2025,West Midlands,35_and_over,0.08184679958027283,2.0
2025-07-21,2025,West Midlands,35_and_over,0.03147953830010493,2.0
2025-07-28,2025,West Midlands,35_and_over,0.03777544596012592,2.0
2025-08-04,2025,West Midlands,35_and_over,0.035676810073452254,2.0
2025-08-11,2025,West Midlands,35_and_over,0.03147953830010493,2.0
2025-08-18,2025,West Midlands,35_and_over,0.008394543546694649,2.0
2025-08-25,2025,West Midlands,35_and_over,0.014690451206715634,2.0
2025-09-01,2025,West Midlands,35_and_over,0.012591815320041973,2.0
2025-09-08,2025,West Midlands,35_and_over,0.014690451206715634,2.0
2025-09-15,2025,West Midlands,35_and_over,0.01888772298006296,2.0
2025-09-22,2025,West Midlands,35_and_over,0.012591815320041973,2.0
2025-09-29,2025,West Midlands,35_and_over,0.01888772298006296,2.0
2025-10-06,2025,West Midlands,35_and_over,0.03147953830010493,2.0
2025-10-13,2025,West Midlands,35_and_over,0.014690451206715634,2.0
2025-10-20,2025,West Midlands,35_and_over,0.025183630640083946,2.0
2025-10-27,2025,West Midlands,35_and_over,0.016789087093389297,2.0
2025-11-03,2025,West Midlands,35_and_over,0.02728226652675761,2.0
2025-11-10,2025,West Midlands,35_and_over,0.033578174186778595,2.0
2025-11-17,2025,West Midlands,35_and_over,0.04197271773347324,2.0
2025-11-24,2025,West Midlands,35_and_over,0.02938090241343127,2.0
2025-12-01,2025,West Midlands,35_and_over,0.04197271773347324,2.0
2025-12-08,2025,West Midlands,35_and_over,0.02728226652675761,2.0
2025-12-15,2025,West Midlands,35_and_over,0.023084994753410283,2.0
2025-12-22,2025,West Midlands,35_and_over,0.023084994753410283,2.0
2025-12-29,2025,West Midlands,35_and_over,0.025183630640083946,2.0
2025-01-06,2025,West Midlands,5_to_10,0.1794333683105981,9.0
2025-01-13,2025,West Midlands,5_to_10,0.20776495278069254,9.0
2025-01-20,2025,West Midlands,5_to_10,0.2266526757607555,9.0
2025-01-27,2025,West Midlands,5_to_10,0.1322140608604407,9.0
2025-02-03,2025,West Midlands,5_to_10,0.16054564533053514,9.0
2025-02-10,2025,West Midlands,5_to_10,0.16054564533053514,9.0
2025-02-17,2025,West Midlands,5_to_10,0.15110178384050368,9.0
2025-02-24,2025,West Midlands,5_to_10,0.1794333683105981,9.0
2025-03-03,2025,West Midlands,5_to_10,0.15110178384050368,9.0
2025-03-10,2025,West Midlands,5_to_10,0.12277019937040923,9.0
2025-03-17,2025,West Midlands,5_to_10,0.15110178384050368,9.0
2025-03-24,2025,West Midlands,5_to_10,0.1322140608604407,9.0
2025-03-31,2025,West Midlands,5_to_10,0.2266526757607555,9.0
2025-04-07,2025,West Midlands,5_to_10,0.24554039874081846,9.0
2025-04-14,2025,West Midlands,5_to_10,0.30220356768100737,9.0
2025-04-21,2025,West Midlands,5_to_10,0.1794333683105981,9.0
2025-04-28,2025,West Midlands,5_to_10,0.24554039874081846,9.0
2025-05-05,2025,West Midlands,5_to_10,0.24554039874081846,9.0
2025-05-12,2025,West Midlands,5_to_10,0.236096537250787,9.0
2025-05-19,2025,West Midlands,5_to_10,0.30220356768100737,9.0
2025-05-26,2025,West Midlands,5_to_10,0.3116474291710388,9.0
2025-06-02,2025,West Midlands,5_to_10,0.30220356768100737,9.0
2025-06-09,2025,West Midlands,5_to_10,0.2738719832109129,9.0
2025-06-16,2025,West Midlands,5_to_10,0.2266526757607555,9.0
2025-06-23,2025,West Midlands,5_to_10,0.29275970619097585,9.0
2025-06-30,2025,West Midlands,5_to_10,0.3305351521511018,9.0
2025-07-07,2025,West Midlands,5_to_10,0.2644281217208814,9.0
2025-07-14,2025,West Midlands,5_to_10,0.3683105981112277,9.0
2025-07-21,2025,West Midlands,5_to_10,0.1416579223504722,9.0
2025-07-28,2025,West Midlands,5_to_10,0.16998950682056663,9.0
2025-08-04,2025,West Midlands,5_to_10,0.16054564533053514,9.0
2025-08-11,2025,West Midlands,5_to_10,0.1416579223504722,9.0
2025-08-18,2025,West Midlands,5_to_10,0.03777544596012592,9.0
2025-08-25,2025,West Midlands,5_to_10,0.06610703043022036,9.0
2025-09-01,2025,West Midlands,5_to_10,0.05666316894018888,9.0
2025-09-08,2025,West Midlands,5_to_10,0.06610703043022036,9.0
2025-09-15,2025,West Midlands,5_to_10,0.08499475341028331,9.0
2025-09-22,2025,West Midlands,5_to_10,0.05666316894018888,9.0
2025-09-29,2025,West Midlands,5_to_10,0.08499475341028331,9.0
2025-10-06,2025,West Midlands,5_to_10,0.1416579223504722,9.0
2025-10-13,2025,West Midlands,5_to_10,0.06610703043022036,9.0
2025-10-20,2025,West Midlands,5_to_10,0.11332633788037776,9.0
2025-10-27,2025,West Midlands,5_to_10,0.07555089192025184,9.0
2025-11-03,2025,West Midlands,5_to_10,0.12277019937040923,9.0
2025-11-10,2025,West Midlands,5_to_10,0.15110178384050368,9.0
2025-11-17,2025,West Midlands,5_to_10,0.1888772298006296,9.0
2025-11-24,2025,West Midlands,5_to_10,0.1322140608604407,9.0
2025-12-01,2025,West Midlands,5_to_10,0.1888772298006296,9.0
2025-12-08,2025,West Midlands,5_to_10,0.12277019937040923,9.0
2025-12-15,2025,West Midlands,5_to_10,0.10388247639034627,9.0
2025-12-22,2025,West Midlands,5_to_10,0.10388247639034627,9.0
2025-12-29,2025,West Midlands,5_to_10,0.11332633788037776,9.0
2025-01-06,2025,West Midlands,under_1,0.1794333683105981,9.0
2025-01-13,2025,West Midlands,under_1,0.20776495278069254,9.0
2025-01-20,2025,West Midlands,under_1,0.2266526757607555,9.0
2025-01-27,2025,West Midlands,under_1,0.1322140608604407,9.0
2025-02-03,2025,West Midlands,under_1,0.16054564533053514,9.0
2025-02-10,2025,West Midlands,under_1,0.16054564533053514,9.0
2025-02-17,2025,West Midlands,under_1,0.15110178384050368,9.0
2025-02-24,2025,West Midlands,under_1,0.1794333683105981,9.0
2025-03-03,2025,West Midlands,under_1,0.15110178384050368,9.0
2025-03-10,2025,West Midlands,under_1,0.12277019937040923,9.0
2025-03-17,2025,West Midlands,under_1,0.15110178384050368,9.0
2025-03-24,2025,West Midlands,under_1,0.1322140608604407,9.0
2025-03-31,2025,West Midlands,under_1,0.2266526757607555,9.0
2025-04-07,2025,West Midlands,under_1,0.24554039874081846,9.0
2025-04-14,2025,West Midlands,under_1,0.30220356768100737,9.0
2025-04-21,2025,West Midlands,under_1,0.1794333683105981,9.0
2025-04-28,2025,West Midlands,under_1,0.24554039874081846,9.0
2025-05-05,2025,West Midlands,under_1,0.24554039874081846,9.0
2025-05-12,2025,West Midlands,under_1,0.236096537250787,9.0
2025-05-19,2025,West Midlands,under_1,0.30220356768100737,9.0
2025-05-26,2025,West Midlands,under_1,0.3116474291710388,9.0
2025-06-02,2025,West Midlands,under_1,0.30220356768100737,9.0
2025-06-09,2025,West Midlands,under_1,0.2738719832109129,9.0
2025-06-16,2025,West Midlands,under_1,0.2266526757607555,9.0
2025-06-23,2025,West Midlands,under_1,0.29275970619097585,9.0
2025-06-30,2025,West Midlands,under_1,0.3305351521511018,9.0
2025-07-07,2025,West Midlands,under_1,0.2644281217208814,9.0
2025-07-14,2025,West Midlands,under_1,0.3683105981112277,9.0
2025-07-21,2025,West Midlands,under_1,0.1416579223504722,9.0
2025-07-28,2025,West Midlands,under_1,0.16998950682056663,9.0
2025-08-04,2025,West Midlands,under_1,0.16054564533053514,9.0
2025-08-11,2025,West Midlands,under_1,0.1416579223504722,9.0
2025-08-18,2025,West Midlands,under_1,0.03777544596012592,9.0
2025-08-25,2025,West Midlands,under_1,0.06610703043022036,9.0
2025-09-01,2025,West Midlands,under_1,0.05666316894018888,9.0
2025-09-08,2025,West Midlands,under_1,0.06610703043022036,9.0
2025-09-15,2025,West Midlands,under_1,0.08499475341028331,9.0
2025-09-22,2025,West Midlands,under_1,0.05666316894018888,9.0
2025-09-29,2025,West Midlands,under_1,0.08499475341028331,9.0
2025-10-06,2025,West Midlands,under_1,0.1416579223504722,9.0
2025-10-13,2025,West Midlands,under_1,0.06610703043022036,9.0
2025-10-20,2025,West Midlands,under_1,0.11332633788037776,9.0
2025-10-27,2025,West Midlands,under_1,0.07555089192025184,9.0
2025-11-03,2025,West Midlands,under_1,0.12277019937040923,9.0
2025-11-10,2025,West Midlands,under_1,0.15110178384050368,9.0
2025-11-17,2025,West Midlands,under_1,0.1888772298006296,9.0
2025-11-24,2025,West Midlands,under_1,0.1322140608604407,9.0
2025-12-01,2025,West Midlands,under_1,0.1888772298006296,9.0
2025-12-08,2025,West Midlands,under_1,0.12277019937040923,9.0
2025-12-15,2025,West Midlands,under_1,0.10388247639034627,9.0
2025-12-22,2025,West Midlands,under_1,0.10388247639034627,9.0
2025-12-29,2025,West Midlands,under_1,0.11332633788037776,9.0
2025-01-06,2025,Yorkshire and The Humber,11_to_14,0.05981112277019937,3.0
2025-01-13,2025,Yorkshire and The Humber,11_to_14,0.06925498426023086,3.0
2025-01-20,2025,Yorkshire and The Humber,11_to_14,0.07555089192025184,3.0
2025-01-27,2025,Yorkshire and The Humber,11_to_14,0.04407135362014691,3.0
2025-02-03,2025,Yorkshire and The Humber,11_to_14,0.053515215110178385,3.0
2025-02-10,2025,Yorkshire and The Humber,11_to_14,0.053515215110178385,3.0
2025-02-17,2025,Yorkshire and The Humber,11_to_14,0.05036726128016789,3.0
2025-02-24,2025,Yorkshire and The Humber,11_to_14,0.05981112277019937,3.0
2025-03-03,2025,Yorkshire and The Humber,11_to_14,0.05036726128016789,3.0
2025-03-10,2025,Yorkshire and The Humber,11_to_14,0.040923399790136414,3.0
2025-03-17,2025,Yorkshire and The Humber,11_to_14,0.05036726128016789,3.0
2025-03-24,2025,Yorkshire and The Humber,11_to_14,0.04407135362014691,3.0
2025-03-31,2025,Yorkshire and The Humber,11_to_14,0.07555089192025184,3.0
2025-04-07,2025,Yorkshire and The Humber,11_to_14,0.08184679958027283,3.0
2025-04-14,2025,Yorkshire and The Humber,11_to_14,0.10073452256033578,3.0
2025-04-21,2025,Yorkshire and The Humber,11_to_14,0.05981112277019937,3.0
2025-04-28,2025,Yorkshire and The Humber,11_to_14,0.08184679958027283,3.0
2025-05-05,2025,Yorkshire and The Humber,11_to_14,0.08184679958027283,3.0
2025-05-12,2025,Yorkshire and The Humber,11_to_14,0.07869884575026233,3.0
2025-05-19,2025,Yorkshire and The Humber,11_to_14,0.10073452256033578,3.0
2025-05-26,2025,Yorkshire and The Humber,11_to_14,0.10388247639034627,3.0
2025-06-02,2025,Yorkshire and The Humber,11_to_14,0.10073452256033578,3.0
2025-06-09,2025,Yorkshire and The Humber,11_to_14,0.0912906610703043,3.0
2025-06-16,2025,Yorkshire and The Humber,11_to_14,0.07555089192025184,3.0
2025-06-23,2025,Yorkshire and The Humber,11_to_14,0.09758656873032528,3.0
2025-06-30,2025,Yorkshire and The Humber,11_to_14,0.11017838405036726,3.0
2025-07-07,2025,Yorkshire and The Humber,11_to_14,0.08814270724029381,3.0
2025-07-14,2025,Yorkshire and The Humber,11_to_14,0.12277019937040923,3.0
2025-07-21,2025,Yorkshire and The Humber,11_to_14,0.0472193074501574,3.0
2025-07-28,2025,Yorkshire and The Humber,11_to_14,0.05666316894018888,3.0
2025-08-04,2025,Yorkshire and The Humber,11_to_14,0.053515215110178385,3.0
2025-08-11,2025,Yorkshire and The Humber,11_to_14,0.0472193074501574,3.0
2025-08-18,2025,Yorkshire and The Humber,11_to_14,0.012591815320041973,3.0
2025-08-25,2025,Yorkshire and The Humber,11_to_14,0.022035676810073453,3.0
2025-09-01,2025,Yorkshire and The Humber,11_to_14,0.01888772298006296,3.0
2025-09-08,2025,Yorkshire and The Humber,11_to_14,0.022035676810073453,3.0
2025-09-15,2025,Yorkshire and The Humber,11_to_14,0.02833158447009444,3.0
2025-09-22,2025,Yorkshire and The Humber,11_to_14,0.01888772298006296,3.0
2025-09-29,2025,Yorkshire and The Humber,11_to_14,0.02833158447009444,3.0
2025-10-06,2025,Yorkshire and The Humber,11_to_14,0.0472193074501574,3.0
2025-10-13,2025,Yorkshire and The Humber,11_to_14,0.022035676810073453,3.0
2025-10-20,2025,Yorkshire and The Humber,11_to_14,0.03777544596012592,3.0
2025-10-27,2025,Yorkshire and The Humber,11_to_14,0.025183630640083946,3.0
2025-11-03,2025,Yorkshire and The Humber,11_to_14,0.040923399790136414,3.0
2025-11-10,2025,Yorkshire and The Humber,11_to_14,0.05036726128016789,3.0
2025-11-17,2025,Yorkshire and The Humber,11_to_14,0.06295907660020986,3.0
2025-11-24,2025,Yorkshire and The Humber,11_to_14,0.04407135362014691,3.0
2025-12-01,2025,Yorkshire and The Humber,11_to_14,0.06295907660020986,3.0
2025-12-08,2025,Yorkshire and The Humber,11_to_14,0.040923399790136414,3.0
2025-12-15,2025,Yorkshire and The Humber,11_to_14,0.03462749213011543,3.0
2025-12-22,2025,Yorkshire and The Humber,11_to_14,0.03462749213011543,3.0
2025-12-29,2025,Yorkshire and The Humber,11_to_14,0.03777544596012592,3.0
2025-01-06,2025,Yorkshire and The Humber,15_to_24,0.07974816369359916,4.0
2025-01-13,2025,Yorkshire and The Humber,15_to_24,0.09233997901364113,4.0
2025-01-20,2025,Yorkshire and The Humber,15_to_24,0.10073452256033578,4.0
2025-01-27,2025,Yorkshire and The Humber,15_to_24,0.05876180482686254,4.0
2025-02-03,2025,Yorkshire and The Humber,15_to_24,0.07135362014690451,4.0
2025-02-10,2025,Yorkshire and The Humber,15_to_24,0.07135362014690451,4.0
2025-02-17,2025,Yorkshire and The Humber,15_to_24,0.06715634837355719,4.0
2025-02-24,2025,Yorkshire and The Humber,15_to_24,0.07974816369359916,4.0
2025-03-03,2025,Yorkshire and The Humber,15_to_24,0.06715634837355719,4.0
2025-03-10,2025,Yorkshire and The Humber,15_to_24,0.05456453305351522,4.0
2025-03-17,2025,Yorkshire and The Humber,15_to_24,0.06715634837355719,4.0
2025-03-24,2025,Yorkshire and The Humber,15_to_24,0.05876180482686254,4.0
2025-03-31,2025,Yorkshire and The Humber,15_to_24,0.10073452256033578,4.0
2025-04-07,2025,Yorkshire and The Humber,15_to_24,0.10912906610703044,4.0
2025-04-14,2025,Yorkshire and The Humber,15_to_24,0.13431269674711438,4.0
2025-04-21,2025,Yorkshire and The Humber,15_to_24,0.07974816369359916,4.0
2025-04-28,2025,Yorkshire and The Humber,15_to_24,0.10912906610703044,4.0
2025-05-05,2025,Yorkshire and The Humber,15_to_24,0.10912906610703044,4.0
2025-05-12,2025,Yorkshire and The Humber,15_to_24,0.1049317943336831,4.0
2025-05-19,2025,Yorkshire and The Humber,15_to_24,0.13431269674711438,4.0
2025-05-26,2025,Yorkshire and The Humber,15_to_24,0.1385099685204617,4.0
2025-06-02,2025,Yorkshire and The Humber,15_to_24,0.13431269674711438,4.0
2025-06-09,2025,Yorkshire and The Humber,15_to_24,0.12172088142707241,4.0
2025-06-16,2025,Yorkshire and The Humber,15_to_24,0.10073452256033578,4.0
2025-06-23,2025,Yorkshire and The Humber,15_to_24,0.13011542497376705,4.0
2025-06-30,2025,Yorkshire and The Humber,15_to_24,0.14690451206715635,4.0
2025-07-07,2025,Yorkshire and The Humber,15_to_24,0.11752360965372508,4.0
2025-07-14,2025,Yorkshire and The Humber,15_to_24,0.16369359916054566,4.0
2025-07-21,2025,Yorkshire and The Humber,15_to_24,0.06295907660020986,4.0
2025-07-28,2025,Yorkshire and The Humber,15_to_24,0.07555089192025184,4.0
2025-08-04,2025,Yorkshire and The Humber,15_to_24,0.07135362014690451,4.0
2025-08-11,2025,Yorkshire and The Humber,15_to_24,0.06295907660020986,4.0
2025-08-18,2025,Yorkshire and The Humber,15_to_24,0.016789087093389297,4.0
2025-08-25,2025,Yorkshire and The Humber,15_to_24,0.02938090241343127,4.0
2025-09-01,2025,Yorkshire and The Humber,15_to_24,0.025183630640083946,4.0
2025-09-08,2025,Yorkshire and The Humber,15_to_24,0.02938090241343127,4.0
2025-09-15,2025,Yorkshire and The Humber,15_to_24,0.03777544596012592,4.0
2025-09-22,2025,Yorkshire and The Humber,15_to_24,0.025183630640083946,4.0
2025-09-29,2025,Yorkshire and The Humber,15_to_24,0.03777544596012592,4.0
2025-10-06,2025,Yorkshire and The Humber,15_to_24,0.06295907660020986,4.0
2025-10-13,2025,Yorkshire and The Humber,15_to_24,0.02938090241343127,4.0
2025-10-20,2025,Yorkshire and The Humber,15_to_24,0.05036726128016789,4.0
2025-10-27,2025,Yorkshire and The Humber,15_to_24,0.033578174186778595,4.0
2025-11-03,2025,Yorkshire and The Humber,15_to_24,0.05456453305351522,4.0
2025-11-10,2025,Yorkshire and The Humber,15_to_24,0.06715634837355719,4.0
2025-11-17,2025,Yorkshire and The Humber,15_to_24,0.08394543546694648,4.0
2025-11-24,2025,Yorkshire and The Humber,15_to_24,0.05876180482686254,4.0
2025-12-01,2025,Yorkshire and The Humber,15_to_24,0.08394543546694648,4.0
2025-12-08,2025,Yorkshire and The Humber,15_to_24,0.05456453305351522,4.0
2025-12-15,2025,Yorkshire and The Humber,15_to_24,0.046169989506820566,4.0
2025-12-22,2025,Yorkshire and The Humber,15_to_24,0.046169989506820566,4.0
2025-12-29,2025,Yorkshire and The Humber,15_to_24,0.05036726128016789,4.0
2025-01-06,2025,Yorkshire and The Humber,1_to_4,0.3588667366211962,18.0
2025-01-13,2025,Yorkshire and The Humber,1_to_4,0.4155299055613851,18.0
2025-01-20,2025,Yorkshire and The Humber,1_to_4,0.453305351521511,18.0
2025-01-27,2025,Yorkshire and The Humber,1_to_4,0.2644281217208814,18.0
2025-02-03,2025,Yorkshire and The Humber,1_to_4,0.3210912906610703,18.0
2025-02-10,2025,Yorkshire and The Humber,1_to_4,0.3210912906610703,18.0
2025-02-17,2025,Yorkshire and The Humber,1_to_4,0.30220356768100737,18.0
2025-02-24,2025,Yorkshire and The Humber,1_to_4,0.3588667366211962,18.0
2025-03-03,2025,Yorkshire and The Humber,1_to_4,0.30220356768100737,18.0
2025-03-10,2025,Yorkshire and The Humber,1_to_4,0.24554039874081846,18.0
2025-03-17,2025,Yorkshire and The Humber,1_to_4,0.30220356768100737,18.0
2025-03-24,2025,Yorkshire and The Humber,1_to_4,0.2644281217208814,18.0
2025-03-31,2025,Yorkshire and The Humber,1_to_4,0.453305351521511,18.0
2025-04-07,2025,Yorkshire and The Humber,1_to_4,0.4910807974816369,18.0
2025-04-14,2025,Yorkshire and The Humber,1_to_4,0.6044071353620147,18.0
2025-04-21,2025,Yorkshire and The Humber,1_to_4,0.3588667366211962,18.0
2025-04-28,2025,Yorkshire and The Humber,1_to_4,0.4910807974816369,18.0
2025-05-05,2025,Yorkshire and The Humber,1_to_4,0.4910807974816369,18.0
2025-05-12,2025,Yorkshire and The Humber,1_to_4,0.472193074501574,18.0
2025-05-19,2025,Yorkshire and The Humber,1_to_4,0.6044071353620147,18.0
2025-05-26,2025,Yorkshire and The Humber,1_to_4,0.6232948583420777,18.0
2025-06-02,2025,Yorkshire and The Humber,1_to_4,0.6044071353620147,18.0
2025-06-09,2025,Yorkshire and The Humber,1_to_4,0.5477439664218258,18.0
2025-06-16,2025,Yorkshire and The Humber,1_to_4,0.453305351521511,18.0
2025-06-23,2025,Yorkshire and The Humber,1_to_4,0.5855194123819517,18.0
2025-06-30,2025,Yorkshire and The Humber,1_to_4,0.6610703043022036,18.0
2025-07-07,2025,Yorkshire and The Humber,1_to_4,0.5288562434417629,18.0
2025-07-14,2025,Yorkshire and The Humber,1_to_4,0.7366211962224554,18.0
2025-07-21,2025,Yorkshire and The Humber,1_to_4,0.2833158447009444,18.0
2025-07-28,2025,Yorkshire and The Humber,1_to_4,0.33997901364113325,18.0
2025-08-04,2025,Yorkshire and The Humber,1_to_4,0.3210912906610703,18.0
2025-08-11,2025,Yorkshire and The Humber,1_to_4,0.2833158447009444,18.0
2025-08-18,2025,Yorkshire and The Humber,1_to_4,0.07555089192025184,18.0
2025-08-25,2025,Yorkshire and The Humber,1_to_4,0.1322140608604407,18.0
2025-09-01,2025,Yorkshire and The Humber,1_to_4,0.11332633788037776,18.0
2025-09-08,2025,Yorkshire and The Humber,1_to_4,0.1322140608604407,18.0
2025-09-15,2025,Yorkshire and The Humber,1_to_4,0.16998950682056663,18.0
2025-09-22,2025,Yorkshire and The Humber,1_to_4,0.11332633788037776,18.0
2025-09-29,2025,Yorkshire and The Humber,1_to_4,0.16998950682056663,18.0
2025-10-06,2025,Yorkshire and The Humber,1_to_4,0.2833158447009444,18.0
2025-10-13,2025,Yorkshire and The Humber,1_to_4,0.1322140608604407,18.0
2025-10-20,2025,Yorkshire and The Humber,1_to_4,0.2266526757607555,18.0
2025-10-27,2025,Yorkshire and The Humber,1_to_4,0.15110178384050368,18.0
2025-11-03,2025,Yorkshire and The Humber,1_to_4,0.24554039874081846,18.0
2025-11-10,2025,Yorkshire and The Humber,1_to_4,0.30220356768100737,18.0
2025-11-17,2025,Yorkshire and The Humber,1_to_4,0.3777544596012592,18.0
2025-11-24,2025,Yorkshire and The Humber,1_to_4,0.2644281217208814,18.0
2025-12-01,2025,Yorkshire and The Humber,1_to_4,0.3777544596012592,18.0
2025-12-08,2025,Yorkshire and The Humber,1_to_4,0.24554039874081846,18.0
2025-12-15,2025,Yorkshire and The Humber,1_to_4,0.20776495278069254,18.0
2025-12-22,2025,Yorkshire and The Humber,1_to_4,0.20776495278069254,18.0
2025-12-29,2025,Yorkshire and The Humber,1_to_4,0.2266526757607555,18.0
2025-01-06,2025,Yorkshire and The Humber,25_to_34,0.07974816369359916,4.0
2025-01-13,2025,Yorkshire and The Humber,25_to_34,0.09233997901364113,4.0
2025-01-20,2025,Yorkshire and The Humber,25_to_34,0.10073452256033578,4.0
2025-01-27,2025,Yorkshire and The Humber,25_to_34,0.05876180482686254,4.0
2025-02-03,2025,Yorkshire and The Humber,25_to_34,0.07135362014690451,4.0
2025-02-10,2025,Yorkshire and The Humber,25_to_34,0.07135362014690451,4.0
2025-02-17,2025,Yorkshire and The Humber,25_to_34,0.06715634837355719,4.0
2025-02-24,2025,Yorkshire and The Humber,25_to_34,0.07974816369359916,4.0
2025-03-03,2025,Yorkshire and The Humber,25_to_34,0.06715634837355719,4.0
2025-03-10,2025,Yorkshire and The Humber,25_to_34,0.05456453305351522,4.0
2025-03-17,2025,Yorkshire and The Humber,25_to_34,0.06715634837355719,4.0
2025-03-24,2025,Yorkshire and The Humber,25_to_34,0.05876180482686254,4.0
2025-03-31,2025,Yorkshire and The Humber,25_to_34,0.10073452256033578,4.0
2025-04-07,2025,Yorkshire and The Humber,25_to_34,0.10912906610703044,4.0
2025-04-14,2025,Yorkshire and The Humber,25_to_34,0.13431269674711438,4.0
2025-04-21,2025,Yorkshire and The Humber,25_to_34,0.07974816369359916,4.0
2025-04-28,2025,Yorkshire and The Humber,25_to_34,0.10912906610703044,4.0
2025-05-05,2025,Yorkshire and The Humber,25_to_34,0.10912906610703044,4.0
2025-05-12,2025,Yorkshire and The Humber,25_to_34,0.1049317943336831,4.0
2025-05-19,2025,Yorkshire and The Humber,25_to_34,0.13431269674711438,4.0
2025-05-26,2025,Yorkshire and The Humber,25_to_34,0.1385099685204617,4.0
2025-06-02,2025,Yorkshire and The Humber,25_to_34,0.13431269674711438,4.0
2025-06-09,2025,Yorkshire and The Humber,25_to_34,0.12172088142707241,4.0
2025-06-16,2025,Yorkshire and The Humber,25_to_34,0.10073452256033578,4.0
2025-06-23,2025,Yorkshire and The Humber,25_to_34,0.13011542497376705,4.0
2025-06-30,2025,Yorkshire and The Humber,25_to_34,0.14690451206715635,4.0
2025-07-07,2025,Yorkshire and The Humber,25_to_34,0.11752360965372508,4.0
2025-07-14,2025,Yorkshire and The Humber,25_to_34,0.16369359916054566,4.0
2025-07-21,2025,Yorkshire and The Humber,25_to_34,0.06295907660020986,4.0
2025-07-28,2025,Yorkshire and The Humber,25_to_34,0.07555089192025184,4.0
2025-08-04,2025,Yorkshire and The Humber,25_to_34,0.07135362014690451,4.0
2025-08-11,2025,Yorkshire and The Humber,25_to_34,0.06295907660020986,4.0
2025-08-18,2025,Yorkshire and The Humber,25_to_34,0.016789087093389297,4.0
2025-08-25,2025,Yorkshire and The Humber,25_to_34,0.02938090241343127,4.0
2025-09-01,2025,Yorkshire and The Humber,25_to_34,0.025183630640083946,4.0
2025-09-08,2025,Yorkshire and The Humber,25_to_34,0.02938090241343127,4.0
2025-09-15,2025,Yorkshire and The Humber,25_to_34,0.03777544596012592,4.0
2025-09-22,2025,Yorkshire and The Humber,25_to_34,0.025183630640083946,4.0
2025-09-29,2025,Yorkshire and The Humber,25_to_34,0.03777544596012592,4.0
2025-10-06,2025,Yorkshire and The Humber,25_to_34,0.06295907660020986,4.0
2025-10-13,2025,Yorkshire and The Humber,25_to_34,0.02938090241343127,4.0
2025-10-20,2025,Yorkshire and The Humber,25_to_34,0.05036726128016789,4.0
2025-10-27,2025,Yorkshire and The Humber,25_to_34,0.033578174186778595,4.0
2025-11-03,2025,Yorkshire and The Humber,25_to_34,0.05456453305351522,4.0
2025-11-10,2025,Yorkshire and The Humber,25_to_34,0.06715634837355719,4.0
2025-11-17,2025,Yorkshire and The Humber,25_to_34,0.08394543546694648,4.0
2025-11-24,2025,Yorkshire and The Humber,25_to_34,0.05876180482686254,4.0
2025-12-01,2025,Yorkshire and The Humber,25_to_34,0.08394543546694648,4.0
2025-12-08,2025,Yorkshire and The Humber,25_to_34,0.05456453305351522,4.0
2025-12-15,2025,Yorkshire and The Humber,25_to_34,0.046169989506820566,4.0
2025-12-22,2025,Yorkshire and The Humber,25_to_34,0.046169989506820566,4.0
2025-12-29,2025,Yorkshire and The Humber,25_to_34,0.05036726128016789,4.0
2025-01-06,2025,Yorkshire and The Humber,35_and_over,0.07974816369359916,4.0
2025-01-13,2025,Yorkshire and The Humber,35_and_over,0.09233997901364113,4.0
2025-01-20,2025,Yorkshire and The Humber,35_and_over,0.10073452256033578,4.0
2025-01-27,2025,Yorkshire and The Humber,35_and_over,0.05876180482686254,4.0
2025-02-03,2025,Yorkshire and The Humber,35_and_over,0.07135362014690451,4.0
2025-02-10,2025,Yorkshire and The Humber,35_and_over,0.07135362014690451,4.0
2025-02-17,2025,Yorkshire and The Humber,35_and_over,0.06715634837355719,4.0
2025-02-24,2025,Yorkshire and The Humber,35_and_over,0.07974816369359916,4.0
2025-03-03,2025,Yorkshire and The Humber,35_and_over,0.06715634837355719,4.0
2025-03-10,2025,Yorkshire and The Humber,35_and_over,0.05456453305351522,4.0
2025-03-17,2025,Yorkshire and The Humber,35_and_over,0.06715634837355719,4.0
2025-03-24,2025,Yorkshire and The Humber,35_and_over,0.05876180482686254,4.0
2025-03-31,2025,Yorkshire and The Humber,35_and_over,0.10073452256033578,4.0
2025-04-07,2025,Yorkshire and The Humber,35_and_over,0.10912906610703044,4.0
2025-04-14,2025,Yorkshire and The Humber,35_and_over,0.13431269674711438,4.0
2025-04-21,2025,Yorkshire and The Humber,35_and_over,0.07974816369359916,4.0
2025-04-28,2025,Yorkshire and The Humber,35_and_over,0.10912906610703044,4.0
2025-05-05,2025,Yorkshire and The Humber,35_and_over,0.10912906610703044,4.0
2025-05-12,2025,Yorkshire and The Humber,35_and_over,0.1049317943336831,4.0
2025-05-19,2025,Yorkshire and The Humber,35_and_over,0.13431269674711438,4.0
2025-05-26,2025,Yorkshire and The Humber,35_and_over,0.1385099685204617,4.0
2025-06-02,2025,Yorkshire and The Humber,35_and_over,0.13431269674711438,4.0
2025-06-09,2025,Yorkshire and The Humber,35_and_over,0.12172088142707241,4.0
2025-06-16,2025,Yorkshire and The Humber,35_and_over,0.10073452256033578,4.0
2025-06-23,2025,Yorkshire and The Humber,35_and_over,0.13011542497376705,4.0
2025-06-30,2025,Yorkshire and The Humber,35_and_over,0.14690451206715635,4.0
2025-07-07,2025,Yorkshire and The Humber,35_and_over,0.11752360965372508,4.0
2025-07-14,2025,Yorkshire and The Humber,35_and_over,0.16369359916054566,4.0
2025-07-21,2025,Yorkshire and The Humber,35_and_over,0.06295907660020986,4.0
2025-07-28,2025,Yorkshire and The Humber,35_and_over,0.07555089192025184,4.0
2025-08-04,2025,Yorkshire and The Humber,35_and_over,0.07135362014690451,4.0
2025-08-11,2025,Yorkshire and The Humber,35_and_over,0.06295907660020986,4.0
2025-08-18,2025,Yorkshire and The Humber,35_and_over,0.016789087093389297,4.0
2025-08-25,2025,Yorkshire and The Humber,35_and_over,0.02938090241343127,4.0
2025-09-01,2025,Yorkshire and The Humber,35_and_over,0.025183630640083946,4.0
2025-09-08,2025,Yorkshire and The Humber,35_and_over,0.02938090241343127,4.0
2025-09-15,2025,Yorkshire and The Humber,35_and_over,0.03777544596012592,4.0
2025-09-22,2025,Yorkshire and The Humber,35_and_over,0.025183630640083946,4.0
2025-09-29,2025,Yorkshire and The Humber,35_and_over,0.03777544596012592,4.0
2025-10-06,2025,Yorkshire and The Humber,35_and_over,0.06295907660020986,4.0
2025-10-13,2025,Yorkshire and The Humber,35_and_over,0.02938090241343127,4.0
2025-10-20,2025,Yorkshire and The Humber,35_and_over,0.05036726128016789,4.0
2025-10-27,2025,Yorkshire and The Humber,35_and_over,0.033578174186778595,4.0
2025-11-03,2025,Yorkshire and The Humber,35_and_over,0.05456453305351522,4.0
2025-11-10,2025,Yorkshire and The Humber,35_and_over,0.06715634837355719,4.0
2025-11-17,2025,Yorkshire and The Humber,35_and_over,0.08394543546694648,4.0
2025-11-24,2025,Yorkshire and The Humber,35_and_over,0.05876180482686254,4.0
2025-12-01,2025,Yorkshire and The Humber,35_and_over,0.08394543546694648,4.0
2025-12-08,2025,Yorkshire and The Humber,35_and_over,0.05456453305351522,4.0
2025-12-15,2025,Yorkshire and The Humber,35_and_over,0.046169989506820566,4.0
2025-12-22,2025,Yorkshire and The Humber,35_and_over,0.046169989506820566,4.0
2025-12-29,2025,Yorkshire and The Humber,35_and_over,0.05036726128016789,4.0
2025-01-06,2025,Yorkshire and The Humber,5_to_10,0.3588667366211962,18.0
2025-01-13,2025,Yorkshire and The Humber,5_to_10,0.4155299055613851,18.0
2025-01-20,2025,Yorkshire and The Humber,5_to_10,0.453305351521511,18.0
2025-01-27,2025,Yorkshire and The Humber,5_to_10,0.2644281217208814,18.0
2025-02-03,2025,Yorkshire and The Humber,5_to_10,0.3210912906610703,18.0
2025-02-10,2025,Yorkshire and The Humber,5_to_10,0.3210912906610703,18.0
2025-02-17,2025,Yorkshire and The Humber,5_to_10,0.30220356768100737,18.0
2025-02-24,2025,Yorkshire and The Humber,5_to_10,0.3588667366211962,18.0
2025-03-03,2025,Yorkshire and The Humber,5_to_10,0.30220356768100737,18.0
2025-03-10,2025,Yorkshire and The Humber,5_to_10,0.24554039874081846,18.0
2025-03-17,2025,Yorkshire and The Humber,5_to_10,0.30220356768100737,18.0
2025-03-24,2025,Yorkshire and The Humber,5_to_10,0.2644281217208814,18.0
2025-03-31,2025,Yorkshire and The Humber,5_to_10,0.453305351521511,18.0
2025-04-07,2025,Yorkshire and The Humber,5_to_10,0.4910807974816369,18.0
2025-04-14,2025,Yorkshire and The Humber,5_to_10,0.6044071353620147,18.0
2025-04-21,2025,Yorkshire and The Humber,5_to_10,0.3588667366211962,18.0
2025-04-28,2025,Yorkshire and The Humber,5_to_10,0.4910807974816369,18.0
2025-05-05,2025,Yorkshire and The Humber,5_to_10,0.4910807974816369,18.0
2025-05-12,2025,Yorkshire and The Humber,5_to_10,0.472193074501574,18.0
2025-05-19,2025,Yorkshire and The Humber,5_to_10,0.6044071353620147,18.0
2025-05-26,2025,Yorkshire and The Humber,5_to_10,0.6232948583420777,18.0
2025-06-02,2025,Yorkshire and The Humber,5_to_10,0.6044071353620147,18.0
2025-06-09,2025,Yorkshire and The Humber,5_to_10,0.5477439664218258,18.0
2025-06-16,2025,Yorkshire and The Humber,5_to_10,0.453305351521511,18.0
2025-06-23,2025,Yorkshire and The Humber,5_to_10,0.5855194123819517,18.0
2025-06-30,2025,Yorkshire and The Humber,5_to_10,0.6610703043022036,18.0
2025-07-07,2025,Yorkshire and The Humber,5_to_10,0.5288562434417629,18.0
2025-07-14,2025,Yorkshire and The Humber,5_to_10,0.7366211962224554,18.0
2025-07-21,2025,Yorkshire and The Humber,5_to_10,0.2833158447009444,18.0
2025-07-28,2025,Yorkshire and The Humber,5_to_10,0.33997901364113325,18.0
2025-08-04,2025,Yorkshire and The Humber,5_to_10,0.3210912906610703,18.0
2025-08-11,2025,Yorkshire and The Humber,5_to_10,0.2833158447009444,18.0
2025-08-18,2025,Yorkshire and The Humber,5_to_10,0.07555089192025184,18.0
2025-08-25,2025,Yorkshire and The Humber,5_to_10,0.1322140608604407,18.0
2025-09-01,2025,Yorkshire and The Humber,5_to_10,0.11332633788037776,18.0
2025-09-08,2025,Yorkshire and The Humber,5_to_10,0.1322140608604407,18.0
2025-09-15,2025,Yorkshire and The Humber,5_to_10,0.16998950682056663,18.0
2025-09-22,2025,Yorkshire and The Humber,5_to_10,0.11332633788037776,18.0
2025-09-29,2025,Yorkshire and The Humber,5_to_10,0.16998950682056663,18.0
2025-10-06,2025,Yorkshire and The Humber,5_to_10,0.2833158447009444,18.0
2025-10-13,2025,Yorkshire and The Humber,5_to_10,0.1322140608604407,18.0
2025-10-20,2025,Yorkshire and The Humber,5_to_10,0.2266526757607555,18.0
2025-10-27,2025,Yorkshire and The Humber,5_to_10,0.15110178384050368,18.0
2025-11-03,2025,Yorkshire and The Humber,5_to_10,0.24554039874081846,18.0
2025-11-10,2025,Yorkshire and The Humber,5_to_10,0.30220356768100737,18.0
2025-11-17,2025,Yorkshire and The Humber,5_to_10,0.3777544596012592,18.0
2025-11-24,2025,Yorkshire and The Humber,5_to_10,0.2644281217208814,18.0
2025-12-01,2025,Yorkshire and The Humber,5_to_10,0.3777544596012592,18.0
2025-12-08,2025,Yorkshire and The Humber,5_to_10,0.24554039874081846,18.0
2025-12-15,2025,Yorkshire and The Humber,5_to_10,0.20776495278069254,18.0
2025-12-22,2025,Yorkshire and The Humber,5_to_10,0.20776495278069254,18.0
2025-12-29,2025,Yorkshire and The Humber,5_to_10,0.2266526757607555,18.0
2025-01-06,2025,Yorkshire and The Humber,under_1,0.13955928646379853,7.0
2025-01-13,2025,Yorkshire and The Humber,under_1,0.161594963273872,7.0
2025-01-20,2025,Yorkshire and The Humber,under_1,0.17628541448058763,7.0
2025-01-27,2025,Yorkshire and The Humber,under_1,0.10283315844700944,7.0
2025-02-03,2025,Yorkshire and The Humber,under_1,0.1248688352570829,7.0
2025-02-10,2025,Yorkshire and The Humber,under_1,0.1248688352570829,7.0
2025-02-17,2025,Yorkshire and The Humber,under_1,0.11752360965372508,7.0
2025-02-24,2025,Yorkshire and The Humber,under_1,0.13955928646379853,7.0
2025-03-03,2025,Yorkshire and The Humber,under_1,0.11752360965372508,7.0
2025-03-10,2025,Yorkshire and The Humber,under_1,0.09548793284365163,7.0
2025-03-17,2025,Yorkshire and The Humber,under_1,0.11752360965372508,7.0
2025-03-24,2025,Yorkshire and The Humber,under_1,0.10283315844700944,7.0
2025-03-31,2025,Yorkshire and The Humber,under_1,0.17628541448058763,7.0
2025-04-07,2025,Yorkshire and The Humber,under_1,0.19097586568730326,7.0
2025-04-14,2025,Yorkshire and The Humber,under_1,0.23504721930745015,7.0
2025-04-21,2025,Yorkshire and The Humber,under_1,0.13955928646379853,7.0
2025-04-28,2025,Yorkshire and The Humber,under_1,0.19097586568730326,7.0
2025-05-05,2025,Yorkshire and The Humber,under_1,0.19097586568730326,7.0
2025-05-12,2025,Yorkshire and The Humber,under_1,0.18363064008394545,7.0
2025-05-19,2025,Yorkshire and The Humber,under_1,0.23504721930745015,7.0
2025-05-26,2025,Yorkshire and The Humber,under_1,0.24239244491080797,7.0
2025-06-02,2025,Yorkshire and The Humber,under_1,0.23504721930745015,7.0
2025-06-09,2025,Yorkshire and The Humber,under_1,0.2130115424973767,7.0
2025-06-16,2025,Yorkshire and The Humber,under_1,0.17628541448058763,7.0
2025-06-23,2025,Yorkshire and The Humber,under_1,0.22770199370409233,7.0
2025-06-30,2025,Yorkshire and The Humber,under_1,0.2570828961175236,7.0
2025-07-07,2025,Yorkshire and The Humber,under_1,0.20566631689401887,7.0
2025-07-14,2025,Yorkshire and The Humber,under_1,0.2864637985309549,7.0
2025-07-21,2025,Yorkshire and The Humber,under_1,0.11017838405036726,7.0
2025-07-28,2025,Yorkshire and The Humber,under_1,0.1322140608604407,7.0
2025-08-04,2025,Yorkshire and The Humber,under_1,0.1248688352570829,7.0
2025-08-11,2025,Yorkshire and The Humber,under_1,0.11017838405036726,7.0
2025-08-18,2025,Yorkshire and The Humber,under_1,0.02938090241343127,7.0
2025-08-25,2025,Yorkshire and The Humber,under_1,0.05141657922350472,7.0
2025-09-01,2025,Yorkshire and The Humber,under_1,0.04407135362014691,7.0
2025-09-08,2025,Yorkshire and The Humber,under_1,0.05141657922350472,7.0
2025-09-15,2025,Yorkshire and The Humber,under_1,0.06610703043022036,7.0
2025-09-22,2025,Yorkshire and The Humber,under_1,0.04407135362014691,7.0
2025-09-29,2025,Yorkshire and The Humber,under_1,0.06610703043022036,7.0
2025-10-06,2025,Yorkshire and The Humber,under_1,0.11017838405036726,7.0
2025-10-13,2025,Yorkshire and The Humber,under_1,0.05141657922350472,7.0
2025-10-20,2025,Yorkshire and The Humber,under_1,0.08814270724029381,7.0
2025-10-27,2025,Yorkshire and The Humber,under_1,0.05876180482686254,7.0
2025-11-03,2025,Yorkshire and The Humber,under_1,0.09548793284365163,7.0
2025-11-10,2025,Yorkshire and The Humber,under_1,0.11752360965372508,7.0
2025-11-17,2025,Yorkshire and The Humber,under_1,0.14690451206715635,7.0
2025-11-24,2025,Yorkshire and The Humber,under_1,0.10283315844700944,7.0
2025-12-01,2025,Yorkshire and The Humber,under_1,0.14690451206715635,7.0
2025-12-08,2025,Yorkshire and The Humber,under_1,0.09548793284365163,7.0
2025-12-15,2025,Yorkshire and The Humber,under_1,0.080797481636936,7.0
2025-12-22,2025,Yorkshire and The Humber,under_1,0.080797481636936,7.0
2025-12-29,2025,Yorkshire and The Humber,under_1,0.08814270724029381,7.0
2026-01-05,2026,East Midlands,11_to_14,0.03389830508474576,2.0
2026-01-12,2026,East Midlands,11_to_14,0.10508474576271186,2.0
2026-01-19,2026,East Midlands,11_to_14,0.09152542372881356,2.0
2026-01-26,2026,East Midlands,11_to_14,0.10847457627118644,2.0
2026-02-02,2026,East Midlands,11_to_14,0.0711864406779661,2.0
2026-02-09,2026,East Midlands,11_to_14,0.13898305084745763,2.0
2026-02-16,2026,East Midlands,11_to_14,0.14576271186440679,2.0
2026-02-23,2026,East Midlands,11_to_14,0.13559322033898305,2.0
2026-03-02,2026,East Midlands,11_to_14,0.09830508474576272,2.0
2026-03-09,2026,East Midlands,11_to_14,0.09491525423728814,2.0
2026-03-16,2026,East Midlands,11_to_14,0.12203389830508475,2.0
2026-03-23,2026,East Midlands,11_to_14,0.10508474576271186,2.0
2026-03-30,2026,East Midlands,11_to_14,0.1288135593220339,2.0
2026-04-06,2026,East Midlands,11_to_14,0.1152542372881356,2.0
2026-04-13,2026,East Midlands,11_to_14,0.14576271186440679,2.0
2026-04-20,2026,East Midlands,11_to_14,0.09152542372881356,2.0
2026-04-27,2026,East Midlands,11_to_14,0.11864406779661017,2.0
2026-05-04,2026,East Midlands,11_to_14,0.14915254237288136,2.0
2026-01-05,2026,East Midlands,15_to_24,0.01694915254237288,1.0
2026-01-12,2026,East Midlands,15_to_24,0.05254237288135593,1.0
2026-01-19,2026,East Midlands,15_to_24,0.04576271186440678,1.0
2026-01-26,2026,East Midlands,15_to_24,0.05423728813559322,1.0
2026-02-02,2026,East Midlands,15_to_24,0.03559322033898305,1.0
2026-02-09,2026,East Midlands,15_to_24,0.06949152542372881,1.0
2026-02-16,2026,East Midlands,15_to_24,0.07288135593220339,1.0
2026-02-23,2026,East Midlands,15_to_24,0.06779661016949153,1.0
2026-03-02,2026,East Midlands,15_to_24,0.04915254237288136,1.0
2026-03-09,2026,East Midlands,15_to_24,0.04745762711864407,1.0
2026-03-16,2026,East Midlands,15_to_24,0.061016949152542375,1.0
2026-03-23,2026,East Midlands,15_to_24,0.05254237288135593,1.0
2026-03-30,2026,East Midlands,15_to_24,0.06440677966101695,1.0
2026-04-06,2026,East Midlands,15_to_24,0.0576271186440678,1.0
2026-04-13,2026,East Midlands,15_to_24,0.07288135593220339,1.0
2026-04-20,2026,East Midlands,15_to_24,0.04576271186440678,1.0
2026-04-27,2026,East Midlands,15_to_24,0.059322033898305086,1.0
2026-05-04,2026,East Midlands,15_to_24,0.07457627118644068,1.0
2026-01-05,2026,East Midlands,1_to_4,0.0847457627118644,5.0
2026-01-12,2026,East Midlands,1_to_4,0.2627118644067797,5.0
2026-01-19,2026,East Midlands,1_to_4,0.2288135593220339,5.0
2026-01-26,2026,East Midlands,1_to_4,0.2711864406779661,5.0
2026-02-02,2026,East Midlands,1_to_4,0.17796610169491525,5.0
2026-02-09,2026,East Midlands,1_to_4,0.3474576271186441,5.0
2026-02-16,2026,East Midlands,1_to_4,0.3644067796610169,5.0
2026-02-23,2026,East Midlands,1_to_4,0.3389830508474576,5.0
2026-03-02,2026,East Midlands,1_to_4,0.2457627118644068,5.0
2026-03-09,2026,East Midlands,1_to_4,0.23728813559322035,5.0
2026-03-16,2026,East Midlands,1_to_4,0.3050847457627119,5.0
2026-03-23,2026,East Midlands,1_to_4,0.2627118644067797,5.0
2026-03-30,2026,East Midlands,1_to_4,0.3220338983050847,5.0
2026-04-06,2026,East Midlands,1_to_4,0.288135593220339,5.0
2026-04-13,2026,East Midlands,1_to_4,0.3644067796610169,5.0
2026-04-20,2026,East Midlands,1_to_4,0.2288135593220339,5.0
2026-04-27,2026,East Midlands,1_to_4,0.2966101694915254,5.0
2026-05-04,2026,East Midlands,1_to_4,0.3728813559322034,5.0
2026-01-05,2026,East Midlands,25_to_34,0.05084745762711865,3.0
2026-01-12,2026,East Midlands,25_to_34,0.1576271186440678,3.0
2026-01-19,2026,East Midlands,25_to_34,0.13728813559322034,3.0
2026-01-26,2026,East Midlands,25_to_34,0.16271186440677965,3.0
2026-02-02,2026,East Midlands,25_to_34,0.10677966101694915,3.0
2026-02-09,2026,East Midlands,25_to_34,0.20847457627118643,3.0
2026-02-16,2026,East Midlands,25_to_34,0.21864406779661016,3.0
2026-02-23,2026,East Midlands,25_to_34,0.2033898305084746,3.0
2026-03-02,2026,East Midlands,25_to_34,0.14745762711864407,3.0
2026-03-09,2026,East Midlands,25_to_34,0.1423728813559322,3.0
2026-03-16,2026,East Midlands,25_to_34,0.18305084745762712,3.0
2026-03-23,2026,East Midlands,25_to_34,0.1576271186440678,3.0
2026-03-30,2026,East Midlands,25_to_34,0.19322033898305085,3.0
2026-04-06,2026,East Midlands,25_to_34,0.17288135593220338,3.0
2026-04-13,2026,East Midlands,25_to_34,0.21864406779661016,3.0
2026-04-20,2026,East Midlands,25_to_34,0.13728813559322034,3.0
2026-04-27,2026,East Midlands,25_to_34,0.17796610169491525,3.0
2026-05-04,2026,East Midlands,25_to_34,0.22372881355932203,3.0
2026-01-05,2026,East Midlands,35_and_over,0.0,0.0
2026-01-12,2026,East Midlands,35_and_over,0.0,0.0
2026-01-19,2026,East Midlands,35_and_over,0.0,0.0
2026-01-26,2026,East Midlands,35_and_over,0.0,0.0
2026-02-02,2026,East Midlands,35_and_over,0.0,0.0
2026-02-09,2026,East Midlands,35_and_over,0.0,0.0
2026-02-16,2026,East Midlands,35_and_over,0.0,0.0
2026-02-23,2026,East Midlands,35_and_over,0.0,0.0
2026-03-02,2026,East Midlands,35_and_over,0.0,0.0
2026-03-09,2026,East Midlands,35_and_over,0.0,0.0
2026-03-16,2026,East Midlands,35_and_over,0.0,0.0
2026-03-23,2026,East Midlands,35_and_over,0.0,0.0
2026-03-30,2026,East Midlands,35_and_over,0.0,0.0
2026-04-06,2026,East Midlands,35_and_over,0.0,0.0
2026-04-13,2026,East Midlands,35_and_over,0.0,0.0
2026-04-20,2026,East Midlands,35_and_over,0.0,0.0
2026-04-27,2026,East Midlands,35_and_over,0.0,0.0
2026-05-04,2026,East Midlands,35_and_over,0.0,0.0
2026-01-05,2026,East Midlands,5_to_10,0.01694915254237288,1.0
2026-01-12,2026,East Midlands,5_to_10,0.05254237288135593,1.0
2026-01-19,2026,East Midlands,5_to_10,0.04576271186440678,1.0
2026-01-26,2026,East Midlands,5_to_10,0.05423728813559322,1.0
2026-02-02,2026,East Midlands,5_to_10,0.03559322033898305,1.0
2026-02-09,2026,East Midlands,5_to_10,0.06949152542372881,1.0
2026-02-16,2026,East Midlands,5_to_10,0.07288135593220339,1.0
2026-02-23,2026,East Midlands,5_to_10,0.06779661016949153,1.0
2026-03-02,2026,East Midlands,5_to_10,0.04915254237288136,1.0
2026-03-09,2026,East Midlands,5_to_10,0.04745762711864407,1.0
2026-03-16,2026,East Midlands,5_to_10,0.061016949152542375,1.0
2026-03-23,2026,East Midlands,5_to_10,0.05254237288135593,1.0
2026-03-30,2026,East Midlands,5_to_10,0.06440677966101695,1.0
2026-04-06,2026,East Midlands,5_to_10,0.0576271186440678,1.0
2026-04-13,2026,East Midlands,5_to_10,0.07288135593220339,1.0
2026-04-20,2026,East Midlands,5_to_10,0.04576271186440678,1.0
2026-04-27,2026,East Midlands,5_to_10,0.059322033898305086,1.0
2026-05-04,2026,East Midlands,5_to_10,0.07457627118644068,1.0
2026-01-05,2026,East Midlands,under_1,0.03389830508474576,2.0
2026-01-12,2026,East Midlands,under_1,0.10508474576271186,2.0
2026-01-19,2026,East Midlands,under_1,0.09152542372881356,2.0
2026-01-26,2026,East Midlands,under_1,0.10847457627118644,2.0
2026-02-02,2026,East Midlands,under_1,0.0711864406779661,2.0
2026-02-09,2026,East Midlands,under_1,0.13898305084745763,2.0
2026-02-16,2026,East Midlands,under_1,0.14576271186440679,2.0
2026-02-23,2026,East Midlands,under_1,0.13559322033898305,2.0
2026-03-02,2026,East Midlands,under_1,0.09830508474576272,2.0
2026-03-09,2026,East Midlands,under_1,0.09491525423728814,2.0
2026-03-16,2026,East Midlands,under_1,0.12203389830508475,2.0
2026-03-23,2026,East Midlands,under_1,0.10508474576271186,2.0
2026-03-30,2026,East Midlands,under_1,0.1288135593220339,2.0
2026-04-06,2026,East Midlands,under_1,0.1152542372881356,2.0
2026-04-13,2026,East Midlands,under_1,0.14576271186440679,2.0
2026-04-20,2026,East Midlands,under_1,0.09152542372881356,2.0
2026-04-27,2026,East Midlands,under_1,0.11864406779661017,2.0
2026-05-04,2026,East Midlands,under_1,0.14915254237288136,2.0
2026-01-05,2026,East of England,11_to_14,0.03389830508474576,2.0
2026-01-12,2026,East of England,11_to_14,0.10508474576271186,2.0
2026-01-19,2026,East of England,11_to_14,0.09152542372881356,2.0
2026-01-26,2026,East of England,11_to_14,0.10847457627118644,2.0
2026-02-02,2026,East of England,11_to_14,0.0711864406779661,2.0
2026-02-09,2026,East of England,11_to_14,0.13898305084745763,2.0
2026-02-16,2026,East of England,11_to_14,0.14576271186440679,2.0
2026-02-23,2026,East of England,11_to_14,0.13559322033898305,2.0
2026-03-02,2026,East of England,11_to_14,0.09830508474576272,2.0
2026-03-09,2026,East of England,11_to_14,0.09491525423728814,2.0
2026-03-16,2026,East of England,11_to_14,0.12203389830508475,2.0
2026-03-23,2026,East of England,11_to_14,0.10508474576271186,2.0
2026-03-30,2026,East of England,11_to_14,0.1288135593220339,2.0
2026-04-06,2026,East of England,11_to_14,0.1152542372881356,2.0
2026-04-13,2026,East of England,11_to_14,0.14576271186440679,2.0
2026-04-20,2026,East of England,11_to_14,0.09152542372881356,2.0
2026-04-27,2026,East of England,11_to_14,0.11864406779661017,2.0
2026-05-04,2026,East of England,11_to_14,0.14915254237288136,2.0
2026-01-05,2026,East of England,15_to_24,0.06779661016949153,4.0
2026-01-12,2026,East of England,15_to_24,0.21016949152542372,4.0
2026-01-19,2026,East of England,15_to_24,0.18305084745762712,4.0
2026-01-26,2026,East of England,15_to_24,0.21694915254237288,4.0
2026-02-02,2026,East of England,15_to_24,0.1423728813559322,4.0
2026-02-09,2026,East of England,15_to_24,0.27796610169491526,4.0
2026-02-16,2026,East of England,15_to_24,0.29152542372881357,4.0
2026-02-23,2026,East of England,15_to_24,0.2711864406779661,4.0
2026-03-02,2026,East of England,15_to_24,0.19661016949152543,4.0
2026-03-09,2026,East of England,15_to_24,0.18983050847457628,4.0
2026-03-16,2026,East of England,15_to_24,0.2440677966101695,4.0
2026-03-23,2026,East of England,15_to_24,0.21016949152542372,4.0
2026-03-30,2026,East of England,15_to_24,0.2576271186440678,4.0
2026-04-06,2026,East of England,15_to_24,0.2305084745762712,4.0
2026-04-13,2026,East of England,15_to_24,0.29152542372881357,4.0
2026-04-20,2026,East of England,15_to_24,0.18305084745762712,4.0
2026-04-27,2026,East of England,15_to_24,0.23728813559322035,4.0
2026-05-04,2026,East of England,15_to_24,0.2983050847457627,4.0
2026-01-05,2026,East of England,1_to_4,0.288135593220339,17.0
2026-01-12,2026,East of England,1_to_4,0.8932203389830509,17.0
2026-01-19,2026,East of England,1_to_4,0.7779661016949152,17.0
2026-01-26,2026,East of England,1_to_4,0.9220338983050848,17.0
2026-02-02,2026,East of England,1_to_4,0.6050847457627119,17.0
2026-02-09,2026,East of England,1_to_4,1.1813559322033897,17.0
2026-02-16,2026,East of England,1_to_4,1.2389830508474575,17.0
2026-02-23,2026,East of England,1_to_4,1.152542372881356,17.0
2026-03-02,2026,East of England,1_to_4,0.8355932203389831,17.0
2026-03-09,2026,East of England,1_to_4,0.8067796610169492,17.0
2026-03-16,2026,East of England,1_to_4,1.0372881355932204,17.0
2026-03-23,2026,East of England,1_to_4,0.8932203389830509,17.0
2026-03-30,2026,East of England,1_to_4,1.0949152542372882,17.0
2026-04-06,2026,East of England,1_to_4,0.9796610169491525,17.0
2026-04-13,2026,East of England,1_to_4,1.2389830508474575,17.0
2026-04-20,2026,East of England,1_to_4,0.7779661016949152,17.0
2026-04-27,2026,East of England,1_to_4,1.0084745762711864,17.0
2026-05-04,2026,East of England,1_to_4,1.2677966101694915,17.0
2026-01-05,2026,East of England,25_to_34,0.13559322033898305,8.0
2026-01-12,2026,East of England,25_to_34,0.42033898305084744,8.0
2026-01-19,2026,East of England,25_to_34,0.36610169491525424,8.0
2026-01-26,2026,East of England,25_to_34,0.43389830508474575,8.0
2026-02-02,2026,East of England,25_to_34,0.2847457627118644,8.0
2026-02-09,2026,East of England,25_to_34,0.5559322033898305,8.0
2026-02-16,2026,East of England,25_to_34,0.5830508474576271,8.0
2026-02-23,2026,East of England,25_to_34,0.5423728813559322,8.0
2026-03-02,2026,East of England,25_to_34,0.39322033898305087,8.0
2026-03-09,2026,East of England,25_to_34,0.37966101694915255,8.0
2026-03-16,2026,East of England,25_to_34,0.488135593220339,8.0
2026-03-23,2026,East of England,25_to_34,0.42033898305084744,8.0
2026-03-30,2026,East of England,25_to_34,0.5152542372881356,8.0
2026-04-06,2026,East of England,25_to_34,0.4610169491525424,8.0
2026-04-13,2026,East of England,25_to_34,0.5830508474576271,8.0
2026-04-20,2026,East of England,25_to_34,0.36610169491525424,8.0
2026-04-27,2026,East of England,25_to_34,0.4745762711864407,8.0
2026-05-04,2026,East of England,25_to_34,0.5966101694915255,8.0
2026-01-05,2026,East of England,35_and_over,0.1016949152542373,6.0
2026-01-12,2026,East of England,35_and_over,0.3152542372881356,6.0
2026-01-19,2026,East of England,35_and_over,0.2745762711864407,6.0
2026-01-26,2026,East of England,35_and_over,0.3254237288135593,6.0
2026-02-02,2026,East of England,35_and_over,0.2135593220338983,6.0
2026-02-09,2026,East of England,35_and_over,0.41694915254237286,6.0
2026-02-16,2026,East of England,35_and_over,0.43728813559322033,6.0
2026-02-23,2026,East of England,35_and_over,0.4067796610169492,6.0
2026-03-02,2026,East of England,35_and_over,0.29491525423728815,6.0
2026-03-09,2026,East of England,35_and_over,0.2847457627118644,6.0
2026-03-16,2026,East of England,35_and_over,0.36610169491525424,6.0
2026-03-23,2026,East of England,35_and_over,0.3152542372881356,6.0
2026-03-30,2026,East of England,35_and_over,0.3864406779661017,6.0
2026-04-06,2026,East of England,35_and_over,0.34576271186440677,6.0
2026-04-13,2026,East of England,35_and_over,0.43728813559322033,6.0
2026-04-20,2026,East of England,35_and_over,0.2745762711864407,6.0
2026-04-27,2026,East of England,35_and_over,0.3559322033898305,6.0
2026-05-04,2026,East of England,35_and_over,0.44745762711864406,6.0
2026-01-05,2026,East of England,5_to_10,0.2711864406779661,16.0
2026-01-12,2026,East of England,5_to_10,0.8406779661016949,16.0
2026-01-19,2026,East of England,5_to_10,0.7322033898305085,16.0
2026-01-26,2026,East of England,5_to_10,0.8677966101694915,16.0
2026-02-02,2026,East of England,5_to_10,0.5694915254237288,16.0
2026-02-09,2026,East of England,5_to_10,1.111864406779661,16.0
2026-02-16,2026,East of England,5_to_10,1.1661016949152543,16.0
2026-02-23,2026,East of England,5_to_10,1.0847457627118644,16.0
2026-03-02,2026,East of England,5_to_10,0.7864406779661017,16.0
2026-03-09,2026,East of England,5_to_10,0.7593220338983051,16.0
2026-03-16,2026,East of England,5_to_10,0.976271186440678,16.0
2026-03-23,2026,East of England,5_to_10,0.8406779661016949,16.0
2026-03-30,2026,East of England,5_to_10,1.0305084745762711,16.0
2026-04-06,2026,East of England,5_to_10,0.9220338983050848,16.0
2026-04-13,2026,East of England,5_to_10,1.1661016949152543,16.0
2026-04-20,2026,East of England,5_to_10,0.7322033898305085,16.0
2026-04-27,2026,East of England,5_to_10,0.9491525423728814,16.0
2026-05-04,2026,East of England,5_to_10,1.193220338983051,16.0
2026-01-05,2026,East of England,under_1,0.1694915254237288,10.0
2026-01-12,2026,East of England,under_1,0.5254237288135594,10.0
2026-01-19,2026,East of England,under_1,0.4576271186440678,10.0
2026-01-26,2026,East of England,under_1,0.5423728813559322,10.0
2026-02-02,2026,East of England,under_1,0.3559322033898305,10.0
2026-02-09,2026,East of England,under_1,0.6949152542372882,10.0
2026-02-16,2026,East of England,under_1,0.7288135593220338,10.0
2026-02-23,2026,East of England,under_1,0.6779661016949152,10.0
2026-03-02,2026,East of England,under_1,0.4915254237288136,10.0
2026-03-09,2026,East of England,under_1,0.4745762711864407,10.0
2026-03-16,2026,East of England,under_1,0.6101694915254238,10.0
2026-03-23,2026,East of England,under_1,0.5254237288135594,10.0
2026-03-30,2026,East of England,under_1,0.6440677966101694,10.0
2026-04-06,2026,East of England,under_1,0.576271186440678,10.0
2026-04-13,2026,East of England,under_1,0.7288135593220338,10.0
2026-04-20,2026,East of England,under_1,0.4576271186440678,10.0
2026-04-27,2026,East of England,under_1,0.5932203389830508,10.0
2026-05-04,2026,East of England,under_1,0.7457627118644068,10.0
2026-01-05,2026,London,11_to_14,0.4915254237288136,29.0
2026-01-12,2026,London,11_to_14,1.523728813559322,29.0
2026-01-19,2026,London,11_to_14,1.3271186440677967,29.0
2026-01-26,2026,London,11_to_14,1.5728813559322035,29.0
2026-02-02,2026,London,11_to_14,1.0322033898305085,29.0
2026-02-09,2026,London,11_to_14,2.0152542372881355,29.0
2026-02-16,2026,London,11_to_14,2.113559322033898,29.0
2026-02-23,2026,London,11_to_14,1.9661016949152543,29.0
2026-03-02,2026,London,11_to_14,1.4254237288135594,29.0
2026-03-09,2026,London,11_to_14,1.376271186440678,29.0
2026-03-16,2026,London,11_to_14,1.769491525423729,29.0
2026-03-23,2026,London,11_to_14,1.523728813559322,29.0
2026-03-30,2026,London,11_to_14,1.8677966101694916,29.0
2026-04-06,2026,London,11_to_14,1.6711864406779662,29.0
2026-04-13,2026,London,11_to_14,2.113559322033898,29.0
2026-04-20,2026,London,11_to_14,1.3271186440677967,29.0
2026-04-27,2026,London,11_to_14,1.7203389830508475,29.0
2026-05-04,2026,London,11_to_14,2.1627118644067798,29.0
2026-01-05,2026,London,15_to_24,0.9322033898305084,55.0
2026-01-12,2026,London,15_to_24,2.889830508474576,55.0
2026-01-19,2026,London,15_to_24,2.516949152542373,55.0
2026-01-26,2026,London,15_to_24,2.983050847457627,55.0
2026-02-02,2026,London,15_to_24,1.9576271186440677,55.0
2026-02-09,2026,London,15_to_24,3.8220338983050848,55.0
2026-02-16,2026,London,15_to_24,4.008474576271187,55.0
2026-02-23,2026,London,15_to_24,3.7288135593220337,55.0
2026-03-02,2026,London,15_to_24,2.7033898305084745,55.0
2026-03-09,2026,London,15_to_24,2.610169491525424,55.0
2026-03-16,2026,London,15_to_24,3.3559322033898304,55.0
2026-03-23,2026,London,15_to_24,2.889830508474576,55.0
2026-03-30,2026,London,15_to_24,3.542372881355932,55.0
2026-04-06,2026,London,15_to_24,3.169491525423729,55.0
2026-04-13,2026,London,15_to_24,4.008474576271187,55.0
2026-04-20,2026,London,15_to_24,2.516949152542373,55.0
2026-04-27,2026,London,15_to_24,3.26271186440678,55.0
2026-05-04,2026,London,15_to_24,4.101694915254237,55.0
2026-01-05,2026,London,1_to_4,2.0508474576271185,121.0
2026-01-12,2026,London,1_to_4,6.357627118644068,121.0
2026-01-19,2026,London,1_to_4,5.53728813559322,121.0
2026-01-26,2026,London,1_to_4,6.562711864406779,121.0
2026-02-02,2026,London,1_to_4,4.306779661016949,121.0
2026-02-09,2026,London,1_to_4,8.408474576271187,121.0
2026-02-16,2026,London,1_to_4,8.81864406779661,121.0
2026-02-23,2026,London,1_to_4,8.203389830508474,121.0
2026-03-02,2026,London,1_to_4,5.947457627118644,121.0
2026-03-09,2026,London,1_to_4,5.742372881355932,121.0
2026-03-16,2026,London,1_to_4,7.3830508474576275,121.0
2026-03-23,2026,London,1_to_4,6.357627118644068,121.0
2026-03-30,2026,London,1_to_4,7.793220338983051,121.0
2026-04-06,2026,London,1_to_4,6.972881355932204,121.0
2026-04-13,2026,London,1_to_4,8.81864406779661,121.0
2026-04-20,2026,London,1_to_4,5.53728813559322,121.0
2026-04-27,2026,London,1_to_4,7.177966101694915,121.0
2026-05-04,2026,London,1_to_4,9.023728813559321,121.0
2026-01-05,2026,London,25_to_34,0.7457627118644068,44.0
2026-01-12,2026,London,25_to_34,2.311864406779661,44.0
2026-01-19,2026,London,25_to_34,2.013559322033898,44.0
2026-01-26,2026,London,25_to_34,2.386440677966102,44.0
2026-02-02,2026,London,25_to_34,1.5661016949152542,44.0
2026-02-09,2026,London,25_to_34,3.057627118644068,44.0
2026-02-16,2026,London,25_to_34,3.2067796610169492,44.0
2026-02-23,2026,London,25_to_34,2.983050847457627,44.0
2026-03-02,2026,London,25_to_34,2.1627118644067798,44.0
2026-03-09,2026,London,25_to_34,2.088135593220339,44.0
2026-03-16,2026,London,25_to_34,2.6847457627118643,44.0
2026-03-23,2026,London,25_to_34,2.311864406779661,44.0
2026-03-30,2026,London,25_to_34,2.833898305084746,44.0
2026-04-06,2026,London,25_to_34,2.535593220338983,44.0
2026-04-13,2026,London,25_to_34,3.2067796610169492,44.0
2026-04-20,2026,London,25_to_34,2.013559322033898,44.0
2026-04-27,2026,London,25_to_34,2.610169491525424,44.0
2026-05-04,2026,London,25_to_34,3.2813559322033896,44.0
2026-01-05,2026,London,35_and_over,0.6610169491525424,39.0
2026-01-12,2026,London,35_and_over,2.049152542372881,39.0
2026-01-19,2026,London,35_and_over,1.7847457627118644,39.0
2026-01-26,2026,London,35_and_over,2.1152542372881356,39.0
2026-02-02,2026,London,35_and_over,1.388135593220339,39.0
2026-02-09,2026,London,35_and_over,2.7101694915254235,39.0
2026-02-16,2026,London,35_and_over,2.8423728813559324,39.0
2026-02-23,2026,London,35_and_over,2.6440677966101696,39.0
2026-03-02,2026,London,35_and_over,1.916949152542373,39.0
2026-03-09,2026,London,35_and_over,1.8508474576271186,39.0
2026-03-16,2026,London,35_and_over,2.3796610169491523,39.0
2026-03-23,2026,London,35_and_over,2.049152542372881,39.0
2026-03-30,2026,London,35_and_over,2.511864406779661,39.0
2026-04-06,2026,London,35_and_over,2.247457627118644,39.0
2026-04-13,2026,London,35_and_over,2.8423728813559324,39.0
2026-04-20,2026,London,35_and_over,1.7847457627118644,39.0
2026-04-27,2026,London,35_and_over,2.3135593220338984,39.0
2026-05-04,2026,London,35_and_over,2.9084745762711863,39.0
2026-01-05,2026,London,5_to_10,1.694915254237288,100.0
2026-01-12,2026,London,5_to_10,5.254237288135593,100.0
2026-01-19,2026,London,5_to_10,4.576271186440678,100.0
2026-01-26,2026,London,5_to_10,5.423728813559322,100.0
2026-02-02,2026,London,5_to_10,3.559322033898305,100.0
2026-02-09,2026,London,5_to_10,6.9491525423728815,100.0
2026-02-16,2026,London,5_to_10,7.288135593220339,100.0
2026-02-23,2026,London,5_to_10,6.779661016949152,100.0
2026-03-02,2026,London,5_to_10,4.915254237288136,100.0
2026-03-09,2026,London,5_to_10,4.745762711864407,100.0
2026-03-16,2026,London,5_to_10,6.101694915254237,100.0
2026-03-23,2026,London,5_to_10,5.254237288135593,100.0
2026-03-30,2026,London,5_to_10,6.440677966101695,100.0
2026-04-06,2026,London,5_to_10,5.762711864406779,100.0
2026-04-13,2026,London,5_to_10,7.288135593220339,100.0
2026-04-20,2026,London,5_to_10,4.576271186440678,100.0
2026-04-27,2026,London,5_to_10,5.932203389830509,100.0
2026-05-04,2026,London,5_to_10,7.4576271186440675,100.0
2026-01-05,2026,London,under_1,0.711864406779661,42.0
2026-01-12,2026,London,under_1,2.2067796610169492,42.0
2026-01-19,2026,London,under_1,1.9220338983050846,42.0
2026-01-26,2026,London,under_1,2.2779661016949153,42.0
2026-02-02,2026,London,under_1,1.494915254237288,42.0
2026-02-09,2026,London,under_1,2.91864406779661,42.0
2026-02-16,2026,London,under_1,3.0610169491525423,42.0
2026-02-23,2026,London,under_1,2.847457627118644,42.0
2026-03-02,2026,London,under_1,2.064406779661017,42.0
2026-03-09,2026,London,under_1,1.993220338983051,42.0
2026-03-16,2026,London,under_1,2.5627118644067797,42.0
2026-03-23,2026,London,under_1,2.2067796610169492,42.0
2026-03-30,2026,London,under_1,2.705084745762712,42.0
2026-04-06,2026,London,under_1,2.4203389830508475,42.0
2026-04-13,2026,London,under_1,3.0610169491525423,42.0
2026-04-20,2026,London,under_1,1.9220338983050846,42.0
2026-04-27,2026,London,under_1,2.4915254237288136,42.0
2026-05-04,2026,London,under_1,3.1322033898305084,42.0
2026-01-05,2026,North East,11_to_14,0.0,0.0
2026-01-12,2026,North East,11_to_14,0.0,0.0
2026-01-19,2026,North East,11_to_14,0.0,0.0
2026-01-26,2026,North East,11_to_14,0.0,0.0
2026-02-02,2026,North East,11_to_14,0.0,0.0
2026-02-09,2026,North East,11_to_14,0.0,0.0
2026-02-16,2026,North East,11_to_14,0.0,0.0
2026-02-23,2026,North East,11_to_14,0.0,0.0
2026-03-02,2026,North East,11_to_14,0.0,0.0
2026-03-09,2026,North East,11_to_14,0.0,0.0
2026-03-16,2026,North East,11_to_14,0.0,0.0
2026-03-23,2026,North East,11_to_14,0.0,0.0
2026-03-30,2026,North East,11_to_14,0.0,0.0
2026-04-06,2026,North East,11_to_14,0.0,0.0
2026-04-13,2026,North East,11_to_14,0.0,0.0
2026-04-20,2026,North East,11_to_14,0.0,0.0
2026-04-27,2026,North East,11_to_14,0.0,0.0
2026-05-04,2026,North East,11_to_14,0.0,0.0
2026-01-05,2026,North East,15_to_24,0.0,0.0
2026-01-12,2026,North East,15_to_24,0.0,0.0
2026-01-19,2026,North East,15_to_24,0.0,0.0
2026-01-26,2026,North East,15_to_24,0.0,0.0
2026-02-02,2026,North East,15_to_24,0.0,0.0
2026-02-09,2026,North East,15_to_24,0.0,0.0
2026-02-16,2026,North East,15_to_24,0.0,0.0
2026-02-23,2026,North East,15_to_24,0.0,0.0
2026-03-02,2026,North East,15_to_24,0.0,0.0
2026-03-09,2026,North East,15_to_24,0.0,0.0
2026-03-16,2026,North East,15_to_24,0.0,0.0
2026-03-23,2026,North East,15_to_24,0.0,0.0
2026-03-30,2026,North East,15_to_24,0.0,0.0
2026-04-06,2026,North East,15_to_24,0.0,0.0
2026-04-13,2026,North East,15_to_24,0.0,0.0
2026-04-20,2026,North East,15_to_24,0.0,0.0
2026-04-27,2026,North East,15_to_24,0.0,0.0
2026-05-04,2026,North East,15_to_24,0.0,0.0
2026-01-05,2026,North East,1_to_4,0.01694915254237288,1.0
2026-01-12,2026,North East,1_to_4,0.05254237288135593,1.0
2026-01-19,2026,North East,1_to_4,0.04576271186440678,1.0
2026-01-26,2026,North East,1_to_4,0.05423728813559322,1.0
2026-02-02,2026,North East,1_to_4,0.03559322033898305,1.0
2026-02-09,2026,North East,1_to_4,0.06949152542372881,1.0
2026-02-16,2026,North East,1_to_4,0.07288135593220339,1.0
2026-02-23,2026,North East,1_to_4,0.06779661016949153,1.0
2026-03-02,2026,North East,1_to_4,0.04915254237288136,1.0
2026-03-09,2026,North East,1_to_4,0.04745762711864407,1.0
2026-03-16,2026,North East,1_to_4,0.061016949152542375,1.0
2026-03-23,2026,North East,1_to_4,0.05254237288135593,1.0
2026-03-30,2026,North East,1_to_4,0.06440677966101695,1.0
2026-04-06,2026,North East,1_to_4,0.0576271186440678,1.0
2026-04-13,2026,North East,1_to_4,0.07288135593220339,1.0
2026-04-20,2026,North East,1_to_4,0.04576271186440678,1.0
2026-04-27,2026,North East,1_to_4,0.059322033898305086,1.0
2026-05-04,2026,North East,1_to_4,0.07457627118644068,1.0
2026-01-05,2026,North East,25_to_34,0.01694915254237288,1.0
2026-01-12,2026,North East,25_to_34,0.05254237288135593,1.0
2026-01-19,2026,North East,25_to_34,0.04576271186440678,1.0
2026-01-26,2026,North East,25_to_34,0.05423728813559322,1.0
2026-02-02,2026,North East,25_to_34,0.03559322033898305,1.0
2026-02-09,2026,North East,25_to_34,0.06949152542372881,1.0
2026-02-16,2026,North East,25_to_34,0.07288135593220339,1.0
2026-02-23,2026,North East,25_to_34,0.06779661016949153,1.0
2026-03-02,2026,North East,25_to_34,0.04915254237288136,1.0
2026-03-09,2026,North East,25_to_34,0.04745762711864407,1.0
2026-03-16,2026,North East,25_to_34,0.061016949152542375,1.0
2026-03-23,2026,North East,25_to_34,0.05254237288135593,1.0
2026-03-30,2026,North East,25_to_34,0.06440677966101695,1.0
2026-04-06,2026,North East,25_to_34,0.0576271186440678,1.0
2026-04-13,2026,North East,25_to_34,0.07288135593220339,1.0
2026-04-20,2026,North East,25_to_34,0.04576271186440678,1.0
2026-04-27,2026,North East,25_to_34,0.059322033898305086,1.0
2026-05-04,2026,North East,25_to_34,0.07457627118644068,1.0
2026-01-05,2026,North East,35_and_over,0.01694915254237288,1.0
2026-01-12,2026,North East,35_and_over,0.05254237288135593,1.0
2026-01-19,2026,North East,35_and_over,0.04576271186440678,1.0
2026-01-26,2026,North East,35_and_over,0.05423728813559322,1.0
2026-02-02,2026,North East,35_and_over,0.03559322033898305,1.0
2026-02-09,2026,North East,35_and_over,0.06949152542372881,1.0
2026-02-16,2026,North East,35_and_over,0.07288135593220339,1.0
2026-02-23,2026,North East,35_and_over,0.06779661016949153,1.0
2026-03-02,2026,North East,35_and_over,0.04915254237288136,1.0
2026-03-09,2026,North East,35_and_over,0.04745762711864407,1.0
2026-03-16,2026,North East,35_and_over,0.061016949152542375,1.0
2026-03-23,2026,North East,35_and_over,0.05254237288135593,1.0
2026-03-30,2026,North East,35_and_over,0.06440677966101695,1.0
2026-04-06,2026,North East,35_and_over,0.0576271186440678,1.0
2026-04-13,2026,North East,35_and_over,0.07288135593220339,1.0
2026-04-20,2026,North East,35_and_over,0.04576271186440678,1.0
2026-04-27,2026,North East,35_and_over,0.059322033898305086,1.0
2026-05-04,2026,North East,35_and_over,0.07457627118644068,1.0
2026-01-05,2026,North East,5_to_10,0.01694915254237288,1.0
2026-01-12,2026,North East,5_to_10,0.05254237288135593,1.0
2026-01-19,2026,North East,5_to_10,0.04576271186440678,1.0
2026-01-26,2026,North East,5_to_10,0.05423728813559322,1.0
2026-02-02,2026,North East,5_to_10,0.03559322033898305,1.0
2026-02-09,2026,North East,5_to_10,0.06949152542372881,1.0
2026-02-16,2026,North East,5_to_10,0.07288135593220339,1.0
2026-02-23,2026,North East,5_to_10,0.06779661016949153,1.0
2026-03-02,2026,North East,5_to_10,0.04915254237288136,1.0
2026-03-09,2026,North East,5_to_10,0.04745762711864407,1.0
2026-03-16,2026,North East,5_to_10,0.061016949152542375,1.0
2026-03-23,2026,North East,5_to_10,0.05254237288135593,1.0
2026-03-30,2026,North East,5_to_10,0.06440677966101695,1.0
2026-04-06,2026,North East,5_to_10,0.0576271186440678,1.0
2026-04-13,2026,North East,5_to_10,0.07288135593220339,1.0
2026-04-20,2026,North East,5_to_10,0.04576271186440678,1.0
2026-04-27,2026,North East,5_to_10,0.059322033898305086,1.0
2026-05-04,2026,North East,5_to_10,0.07457627118644068,1.0
2026-01-05,2026,North East,under_1,0.01694915254237288,1.0
2026-01-12,2026,North East,under_1,0.05254237288135593,1.0
2026-01-19,2026,North East,under_1,0.04576271186440678,1.0
2026-01-26,2026,North East,under_1,0.05423728813559322,1.0
2026-02-02,2026,North East,under_1,0.03559322033898305,1.0
2026-02-09,2026,North East,under_1,0.06949152542372881,1.0
2026-02-16,2026,North East,under_1,0.07288135593220339,1.0
2026-02-23,2026,North East,under_1,0.06779661016949153,1.0
2026-03-02,2026,North East,under_1,0.04915254237288136,1.0
2026-03-09,2026,North East,under_1,0.04745762711864407,1.0
2026-03-16,2026,North East,under_1,0.061016949152542375,1.0
2026-03-23,2026,North East,under_1,0.05254237288135593,1.0
2026-03-30,2026,North East,under_1,0.06440677966101695,1.0
2026-04-06,2026,North East,under_1,0.0576271186440678,1.0
2026-04-13,2026,North East,under_1,0.07288135593220339,1.0
2026-04-20,2026,North East,under_1,0.04576271186440678,1.0
2026-04-27,2026,North East,under_1,0.059322033898305086,1.0
2026-05-04,2026,North East,under_1,0.07457627118644068,1.0
2026-01-05,2026,North West,11_to_14,0.13559322033898305,8.0
2026-01-12,2026,North West,11_to_14,0.42033898305084744,8.0
2026-01-19,2026,North West,11_to_14,0.36610169491525424,8.0
2026-01-26,2026,North West,11_to_14,0.43389830508474575,8.0
2026-02-02,2026,North West,11_to_14,0.2847457627118644,8.0
2026-02-09,2026,North West,11_to_14,0.5559322033898305,8.0
2026-02-16,2026,North West,11_to_14,0.5830508474576271,8.0
2026-02-23,2026,North West,11_to_14,0.5423728813559322,8.0
2026-03-02,2026,North West,11_to_14,0.39322033898305087,8.0
2026-03-09,2026,North West,11_to_14,0.37966101694915255,8.0
2026-03-16,2026,North West,11_to_14,0.488135593220339,8.0
2026-03-23,2026,North West,11_to_14,0.42033898305084744,8.0
2026-03-30,2026,North West,11_to_14,0.5152542372881356,8.0
2026-04-06,2026,North West,11_to_14,0.4610169491525424,8.0
2026-04-13,2026,North West,11_to_14,0.5830508474576271,8.0
2026-04-20,2026,North West,11_to_14,0.36610169491525424,8.0
2026-04-27,2026,North West,11_to_14,0.4745762711864407,8.0
2026-05-04,2026,North West,11_to_14,0.5966101694915255,8.0
2026-01-05,2026,North West,15_to_24,0.13559322033898305,8.0
2026-01-12,2026,North West,15_to_24,0.42033898305084744,8.0
2026-01-19,2026,North West,15_to_24,0.36610169491525424,8.0
2026-01-26,2026,North West,15_to_24,0.43389830508474575,8.0
2026-02-02,2026,North West,15_to_24,0.2847457627118644,8.0
2026-02-09,2026,North West,15_to_24,0.5559322033898305,8.0
2026-02-16,2026,North West,15_to_24,0.5830508474576271,8.0
2026-02-23,2026,North West,15_to_24,0.5423728813559322,8.0
2026-03-02,2026,North West,15_to_24,0.39322033898305087,8.0
2026-03-09,2026,North West,15_to_24,0.37966101694915255,8.0
2026-03-16,2026,North West,15_to_24,0.488135593220339,8.0
2026-03-23,2026,North West,15_to_24,0.42033898305084744,8.0
2026-03-30,2026,North West,15_to_24,0.5152542372881356,8.0
2026-04-06,2026,North West,15_to_24,0.4610169491525424,8.0
2026-04-13,2026,North West,15_to_24,0.5830508474576271,8.0
2026-04-20,2026,North West,15_to_24,0.36610169491525424,8.0
2026-04-27,2026,North West,15_to_24,0.4745762711864407,8.0
2026-05-04,2026,North West,15_to_24,0.5966101694915255,8.0
2026-01-05,2026,North West,1_to_4,0.3559322033898305,21.0
2026-01-12,2026,North West,1_to_4,1.1033898305084746,21.0
2026-01-19,2026,North West,1_to_4,0.9610169491525423,21.0
2026-01-26,2026,North West,1_to_4,1.1389830508474577,21.0
2026-02-02,2026,North West,1_to_4,0.747457627118644,21.0
2026-02-09,2026,North West,1_to_4,1.459322033898305,21.0
2026-02-16,2026,North West,1_to_4,1.5305084745762711,21.0
2026-02-23,2026,North West,1_to_4,1.423728813559322,21.0
2026-03-02,2026,North West,1_to_4,1.0322033898305085,21.0
2026-03-09,2026,North West,1_to_4,0.9966101694915255,21.0
2026-03-16,2026,North West,1_to_4,1.2813559322033898,21.0
2026-03-23,2026,North West,1_to_4,1.1033898305084746,21.0
2026-03-30,2026,North West,1_to_4,1.352542372881356,21.0
2026-04-06,2026,North West,1_to_4,1.2101694915254237,21.0
2026-04-13,2026,North West,1_to_4,1.5305084745762711,21.0
2026-04-20,2026,North West,1_to_4,0.9610169491525423,21.0
2026-04-27,2026,North West,1_to_4,1.2457627118644068,21.0
2026-05-04,2026,North West,1_to_4,1.5661016949152542,21.0
2026-01-05,2026,North West,25_to_34,0.23728813559322035,14.0
2026-01-12,2026,North West,25_to_34,0.735593220338983,14.0
2026-01-19,2026,North West,25_to_34,0.6406779661016949,14.0
2026-01-26,2026,North West,25_to_34,0.7593220338983051,14.0
2026-02-02,2026,North West,25_to_34,0.49830508474576274,14.0
2026-02-09,2026,North West,25_to_34,0.9728813559322034,14.0
2026-02-16,2026,North West,25_to_34,1.0203389830508474,14.0
2026-02-23,2026,North West,25_to_34,0.9491525423728814,14.0
2026-03-02,2026,North West,25_to_34,0.688135593220339,14.0
2026-03-09,2026,North West,25_to_34,0.6644067796610169,14.0
2026-03-16,2026,North West,25_to_34,0.8542372881355932,14.0
2026-03-23,2026,North West,25_to_34,0.735593220338983,14.0
2026-03-30,2026,North West,25_to_34,0.9016949152542373,14.0
2026-04-06,2026,North West,25_to_34,0.8067796610169492,14.0
2026-04-13,2026,North West,25_to_34,1.0203389830508474,14.0
2026-04-20,2026,North West,25_to_34,0.6406779661016949,14.0
2026-04-27,2026,North West,25_to_34,0.8305084745762712,14.0
2026-05-04,2026,North West,25_to_34,1.0440677966101695,14.0
2026-01-05,2026,North West,35_and_over,0.15254237288135594,9.0
2026-01-12,2026,North West,35_and_over,0.4728813559322034,9.0
2026-01-19,2026,North West,35_and_over,0.411864406779661,9.0
2026-01-26,2026,North West,35_and_over,0.488135593220339,9.0
2026-02-02,2026,North West,35_and_over,0.32033898305084746,9.0
2026-02-09,2026,North West,35_and_over,0.6254237288135593,9.0
2026-02-16,2026,North West,35_and_over,0.6559322033898305,9.0
2026-02-23,2026,North West,35_and_over,0.6101694915254238,9.0
2026-03-02,2026,North West,35_and_over,0.4423728813559322,9.0
2026-03-09,2026,North West,35_and_over,0.4271186440677966,9.0
2026-03-16,2026,North West,35_and_over,0.5491525423728814,9.0
2026-03-23,2026,North West,35_and_over,0.4728813559322034,9.0
2026-03-30,2026,North West,35_and_over,0.5796610169491525,9.0
2026-04-06,2026,North West,35_and_over,0.5186440677966102,9.0
2026-04-13,2026,North West,35_and_over,0.6559322033898305,9.0
2026-04-20,2026,North West,35_and_over,0.411864406779661,9.0
2026-04-27,2026,North West,35_and_over,0.5338983050847458,9.0
2026-05-04,2026,North West,35_and_over,0.6711864406779661,9.0
2026-01-05,2026,North West,5_to_10,0.288135593220339,17.0
2026-01-12,2026,North West,5_to_10,0.8932203389830509,17.0
2026-01-19,2026,North West,5_to_10,0.7779661016949152,17.0
2026-01-26,2026,North West,5_to_10,0.9220338983050848,17.0
2026-02-02,2026,North West,5_to_10,0.6050847457627119,17.0
2026-02-09,2026,North West,5_to_10,1.1813559322033897,17.0
2026-02-16,2026,North West,5_to_10,1.2389830508474575,17.0
2026-02-23,2026,North West,5_to_10,1.152542372881356,17.0
2026-03-02,2026,North West,5_to_10,0.8355932203389831,17.0
2026-03-09,2026,North West,5_to_10,0.8067796610169492,17.0
2026-03-16,2026,North West,5_to_10,1.0372881355932204,17.0
2026-03-23,2026,North West,5_to_10,0.8932203389830509,17.0
2026-03-30,2026,North West,5_to_10,1.0949152542372882,17.0
2026-04-06,2026,North West,5_to_10,0.9796610169491525,17.0
2026-04-13,2026,North West,5_to_10,1.2389830508474575,17.0
2026-04-20,2026,North West,5_to_10,0.7779661016949152,17.0
2026-04-27,2026,North West,5_to_10,1.0084745762711864,17.0
2026-05-04,2026,North West,5_to_10,1.2677966101694915,17.0
2026-01-05,2026,North West,under_1,0.1694915254237288,10.0
2026-01-12,2026,North West,under_1,0.5254237288135594,10.0
2026-01-19,2026,North West,under_1,0.4576271186440678,10.0
2026-01-26,2026,North West,under_1,0.5423728813559322,10.0
2026-02-02,2026,North West,under_1,0.3559322033898305,10.0
2026-02-09,2026,North West,under_1,0.6949152542372882,10.0
2026-02-16,2026,North West,under_1,0.7288135593220338,10.0
2026-02-23,2026,North West,under_1,0.6779661016949152,10.0
2026-03-02,2026,North West,under_1,0.4915254237288136,10.0
2026-03-09,2026,North West,under_1,0.4745762711864407,10.0
2026-03-16,2026,North West,under_1,0.6101694915254238,10.0
2026-03-23,2026,North West,under_1,0.5254237288135594,10.0
2026-03-30,2026,North West,under_1,0.6440677966101694,10.0
2026-04-06,2026,North West,under_1,0.576271186440678,10.0
2026-04-13,2026,North West,under_1,0.7288135593220338,10.0
2026-04-20,2026,North West,under_1,0.4576271186440678,10.0
2026-04-27,2026,North West,under_1,0.5932203389830508,10.0
2026-05-04,2026,North West,under_1,0.7457627118644068,10.0
2026-01-05,2026,South East,11_to_14,0.0,0.0
2026-01-12,2026,South East,11_to_14,0.0,0.0
2026-01-19,2026,South East,11_to_14,0.0,0.0
2026-01-26,2026,South East,11_to_14,0.0,0.0
2026-02-02,2026,South East,11_to_14,0.0,0.0
2026-02-09,2026,South East,11_to_14,0.0,0.0
2026-02-16,2026,South East,11_to_14,0.0,0.0
2026-02-23,2026,South East,11_to_14,0.0,0.0
2026-03-02,2026,South East,11_to_14,0.0,0.0
2026-03-09,2026,South East,11_to_14,0.0,0.0
2026-03-16,2026,South East,11_to_14,0.0,0.0
2026-03-23,2026,South East,11_to_14,0.0,0.0
2026-03-30,2026,South East,11_to_14,0.0,0.0
2026-04-06,2026,South East,11_to_14,0.0,0.0
2026-04-13,2026,South East,11_to_14,0.0,0.0
2026-04-20,2026,South East,11_to_14,0.0,0.0
2026-04-27,2026,South East,11_to_14,0.0,0.0
2026-05-04,2026,South East,11_to_14,0.0,0.0
2026-01-05,2026,South East,15_to_24,0.05084745762711865,3.0
2026-01-12,2026,South East,15_to_24,0.1576271186440678,3.0
2026-01-19,2026,South East,15_to_24,0.13728813559322034,3.0
2026-01-26,2026,South East,15_to_24,0.16271186440677965,3.0
2026-02-02,2026,South East,15_to_24,0.10677966101694915,3.0
2026-02-09,2026,South East,15_to_24,0.20847457627118643,3.0
2026-02-16,2026,South East,15_to_24,0.21864406779661016,3.0
2026-02-23,2026,South East,15_to_24,0.2033898305084746,3.0
2026-03-02,2026,South East,15_to_24,0.14745762711864407,3.0
2026-03-09,2026,South East,15_to_24,0.1423728813559322,3.0
2026-03-16,2026,South East,15_to_24,0.18305084745762712,3.0
2026-03-23,2026,South East,15_to_24,0.1576271186440678,3.0
2026-03-30,2026,South East,15_to_24,0.19322033898305085,3.0
2026-04-06,2026,South East,15_to_24,0.17288135593220338,3.0
2026-04-13,2026,South East,15_to_24,0.21864406779661016,3.0
2026-04-20,2026,South East,15_to_24,0.13728813559322034,3.0
2026-04-27,2026,South East,15_to_24,0.17796610169491525,3.0
2026-05-04,2026,South East,15_to_24,0.22372881355932203,3.0
2026-01-05,2026,South East,1_to_4,0.03389830508474576,2.0
2026-01-12,2026,South East,1_to_4,0.10508474576271186,2.0
2026-01-19,2026,South East,1_to_4,0.09152542372881356,2.0
2026-01-26,2026,South East,1_to_4,0.10847457627118644,2.0
2026-02-02,2026,South East,1_to_4,0.0711864406779661,2.0
2026-02-09,2026,South East,1_to_4,0.13898305084745763,2.0
2026-02-16,2026,South East,1_to_4,0.14576271186440679,2.0
2026-02-23,2026,South East,1_to_4,0.13559322033898305,2.0
2026-03-02,2026,South East,1_to_4,0.09830508474576272,2.0
2026-03-09,2026,South East,1_to_4,0.09491525423728814,2.0
2026-03-16,2026,South East,1_to_4,0.12203389830508475,2.0
2026-03-23,2026,South East,1_to_4,0.10508474576271186,2.0
2026-03-30,2026,South East,1_to_4,0.1288135593220339,2.0
2026-04-06,2026,South East,1_to_4,0.1152542372881356,2.0
2026-04-13,2026,South East,1_to_4,0.14576271186440679,2.0
2026-04-20,2026,South East,1_to_4,0.09152542372881356,2.0
2026-04-27,2026,South East,1_to_4,0.11864406779661017,2.0
2026-05-04,2026,South East,1_to_4,0.14915254237288136,2.0
2026-01-05,2026,South East,25_to_34,0.0,0.0
2026-01-12,2026,South East,25_to_34,0.0,0.0
2026-01-19,2026,South East,25_to_34,0.0,0.0
2026-01-26,2026,South East,25_to_34,0.0,0.0
2026-02-02,2026,South East,25_to_34,0.0,0.0
2026-02-09,2026,South East,25_to_34,0.0,0.0
2026-02-16,2026,South East,25_to_34,0.0,0.0
2026-02-23,2026,South East,25_to_34,0.0,0.0
2026-03-02,2026,South East,25_to_34,0.0,0.0
2026-03-09,2026,South East,25_to_34,0.0,0.0
2026-03-16,2026,South East,25_to_34,0.0,0.0
2026-03-23,2026,South East,25_to_34,0.0,0.0
2026-03-30,2026,South East,25_to_34,0.0,0.0
2026-04-06,2026,South East,25_to_34,0.0,0.0
2026-04-13,2026,South East,25_to_34,0.0,0.0
2026-04-20,2026,South East,25_to_34,0.0,0.0
2026-04-27,2026,South East,25_to_34,0.0,0.0
2026-05-04,2026,South East,25_to_34,0.0,0.0
2026-01-05,2026,South East,35_and_over,0.03389830508474576,2.0
2026-01-12,2026,South East,35_and_over,0.10508474576271186,2.0
2026-01-19,2026,South East,35_and_over,0.09152542372881356,2.0
2026-01-26,2026,South East,35_and_over,0.10847457627118644,2.0
2026-02-02,2026,South East,35_and_over,0.0711864406779661,2.0
2026-02-09,2026,South East,35_and_over,0.13898305084745763,2.0
2026-02-16,2026,South East,35_and_over,0.14576271186440679,2.0
2026-02-23,2026,South East,35_and_over,0.13559322033898305,2.0
2026-03-02,2026,South East,35_and_over,0.09830508474576272,2.0
2026-03-09,2026,South East,35_and_over,0.09491525423728814,2.0
2026-03-16,2026,South East,35_and_over,0.12203389830508475,2.0
2026-03-23,2026,South East,35_and_over,0.10508474576271186,2.0
2026-03-30,2026,South East,35_and_over,0.1288135593220339,2.0
2026-04-06,2026,South East,35_and_over,0.1152542372881356,2.0
2026-04-13,2026,South East,35_and_over,0.14576271186440679,2.0
2026-04-20,2026,South East,35_and_over,0.09152542372881356,2.0
2026-04-27,2026,South East,35_and_over,0.11864406779661017,2.0
2026-05-04,2026,South East,35_and_over,0.14915254237288136,2.0
2026-01-05,2026,South East,5_to_10,0.0,0.0
2026-01-12,2026,South East,5_to_10,0.0,0.0
2026-01-19,2026,South East,5_to_10,0.0,0.0
2026-01-26,2026,South East,5_to_10,0.0,0.0
2026-02-02,2026,South East,5_to_10,0.0,0.0
2026-02-09,2026,South East,5_to_10,0.0,0.0
2026-02-16,2026,South East,5_to_10,0.0,0.0
2026-02-23,2026,South East,5_to_10,0.0,0.0
2026-03-02,2026,South East,5_to_10,0.0,0.0
2026-03-09,2026,South East,5_to_10,0.0,0.0
2026-03-16,2026,South East,5_to_10,0.0,0.0
2026-03-23,2026,South East,5_to_10,0.0,0.0
2026-03-30,2026,South East,5_to_10,0.0,0.0
2026-04-06,2026,South East,5_to_10,0.0,0.0
2026-04-13,2026,South East,5_to_10,0.0,0.0
2026-04-20,2026,South East,5_to_10,0.0,0.0
2026-04-27,2026,South East,5_to_10,0.0,0.0
2026-05-04,2026,South East,5_to_10,0.0,0.0
2026-01-05,2026,South East,under_1,0.0,0.0
2026-01-12,2026,South East,under_1,0.0,0.0
2026-01-19,2026,South East,under_1,0.0,0.0
2026-01-26,2026,South East,under_1,0.0,0.0
2026-02-02,2026,South East,under_1,0.0,0.0
2026-02-09,2026,South East,under_1,0.0,0.0
2026-02-16,2026,South East,under_1,0.0,0.0
2026-02-23,2026,South East,under_1,0.0,0.0
2026-03-02,2026,South East,under_1,0.0,0.0
2026-03-09,2026,South East,under_1,0.0,0.0
2026-03-16,2026,South East,under_1,0.0,0.0
2026-03-23,2026,South East,under_1,0.0,0.0
2026-03-30,2026,South East,under_1,0.0,0.0
2026-04-06,2026,South East,under_1,0.0,0.0
2026-04-13,2026,South East,under_1,0.0,0.0
2026-04-20,2026,South East,under_1,0.0,0.0
2026-04-27,2026,South East,under_1,0.0,0.0
2026-05-04,2026,South East,under_1,0.0,0.0
2026-01-05,2026,South West,11_to_14,0.0,0.0
2026-01-12,2026,South West,11_to_14,0.0,0.0
2026-01-19,2026,South West,11_to_14,0.0,0.0
2026-01-26,2026,South West,11_to_14,0.0,0.0
2026-02-02,2026,South West,11_to_14,0.0,0.0
2026-02-09,2026,South West,11_to_14,0.0,0.0
2026-02-16,2026,South West,11_to_14,0.0,0.0
2026-02-23,2026,South West,11_to_14,0.0,0.0
2026-03-02,2026,South West,11_to_14,0.0,0.0
2026-03-09,2026,South West,11_to_14,0.0,0.0
2026-03-16,2026,South West,11_to_14,0.0,0.0
2026-03-23,2026,South West,11_to_14,0.0,0.0
2026-03-30,2026,South West,11_to_14,0.0,0.0
2026-04-06,2026,South West,11_to_14,0.0,0.0
2026-04-13,2026,South West,11_to_14,0.0,0.0
2026-04-20,2026,South West,11_to_14,0.0,0.0
2026-04-27,2026,South West,11_to_14,0.0,0.0
2026-05-04,2026,South West,11_to_14,0.0,0.0
2026-01-05,2026,South West,15_to_24,0.0,0.0
2026-01-12,2026,South West,15_to_24,0.0,0.0
2026-01-19,2026,South West,15_to_24,0.0,0.0
2026-01-26,2026,South West,15_to_24,0.0,0.0
2026-02-02,2026,South West,15_to_24,0.0,0.0
2026-02-09,2026,South West,15_to_24,0.0,0.0
2026-02-16,2026,South West,15_to_24,0.0,0.0
2026-02-23,2026,South West,15_to_24,0.0,0.0
2026-03-02,2026,South West,15_to_24,0.0,0.0
2026-03-09,2026,South West,15_to_24,0.0,0.0
2026-03-16,2026,South West,15_to_24,0.0,0.0
2026-03-23,2026,South West,15_to_24,0.0,0.0
2026-03-30,2026,South West,15_to_24,0.0,0.0
2026-04-06,2026,South West,15_to_24,0.0,0.0
2026-04-13,2026,South West,15_to_24,0.0,0.0
2026-04-20,2026,South West,15_to_24,0.0,0.0
2026-04-27,2026,South West,15_to_24,0.0,0.0
2026-05-04,2026,South West,15_to_24,0.0,0.0
2026-01-05,2026,South West,1_to_4,0.03389830508474576,2.0
2026-01-12,2026,South West,1_to_4,0.10508474576271186,2.0
2026-01-19,2026,South West,1_to_4,0.09152542372881356,2.0
2026-01-26,2026,South West,1_to_4,0.10847457627118644,2.0
2026-02-02,2026,South West,1_to_4,0.0711864406779661,2.0
2026-02-09,2026,South West,1_to_4,0.13898305084745763,2.0
2026-02-16,2026,South West,1_to_4,0.14576271186440679,2.0
2026-02-23,2026,South West,1_to_4,0.13559322033898305,2.0
2026-03-02,2026,South West,1_to_4,0.09830508474576272,2.0
2026-03-09,2026,South West,1_to_4,0.09491525423728814,2.0
2026-03-16,2026,South West,1_to_4,0.12203389830508475,2.0
2026-03-23,2026,South West,1_to_4,0.10508474576271186,2.0
2026-03-30,2026,South West,1_to_4,0.1288135593220339,2.0
2026-04-06,2026,South West,1_to_4,0.1152542372881356,2.0
2026-04-13,2026,South West,1_to_4,0.14576271186440679,2.0
2026-04-20,2026,South West,1_to_4,0.09152542372881356,2.0
2026-04-27,2026,South West,1_to_4,0.11864406779661017,2.0
2026-05-04,2026,South West,1_to_4,0.14915254237288136,2.0
2026-01-05,2026,South West,25_to_34,0.01694915254237288,1.0
2026-01-12,2026,South West,25_to_34,0.05254237288135593,1.0
2026-01-19,2026,South West,25_to_34,0.04576271186440678,1.0
2026-01-26,2026,South West,25_to_34,0.05423728813559322,1.0
2026-02-02,2026,South West,25_to_34,0.03559322033898305,1.0
2026-02-09,2026,South West,25_to_34,0.06949152542372881,1.0
2026-02-16,2026,South West,25_to_34,0.07288135593220339,1.0
2026-02-23,2026,South West,25_to_34,0.06779661016949153,1.0
2026-03-02,2026,South West,25_to_34,0.04915254237288136,1.0
2026-03-09,2026,South West,25_to_34,0.04745762711864407,1.0
2026-03-16,2026,South West,25_to_34,0.061016949152542375,1.0
2026-03-23,2026,South West,25_to_34,0.05254237288135593,1.0
2026-03-30,2026,South West,25_to_34,0.06440677966101695,1.0
2026-04-06,2026,South West,25_to_34,0.0576271186440678,1.0
2026-04-13,2026,South West,25_to_34,0.07288135593220339,1.0
2026-04-20,2026,South West,25_to_34,0.04576271186440678,1.0
2026-04-27,2026,South West,25_to_34,0.059322033898305086,1.0
2026-05-04,2026,South West,25_to_34,0.07457627118644068,1.0
2026-01-05,2026,South West,35_and_over,0.06779661016949153,4.0
2026-01-12,2026,South West,35_and_over,0.21016949152542372,4.0
2026-01-19,2026,South West,35_and_over,0.18305084745762712,4.0
2026-01-26,2026,South West,35_and_over,0.21694915254237288,4.0
2026-02-02,2026,South West,35_and_over,0.1423728813559322,4.0
2026-02-09,2026,South West,35_and_over,0.27796610169491526,4.0
2026-02-16,2026,South West,35_and_over,0.29152542372881357,4.0
2026-02-23,2026,South West,35_and_over,0.2711864406779661,4.0
2026-03-02,2026,South West,35_and_over,0.19661016949152543,4.0
2026-03-09,2026,South West,35_and_over,0.18983050847457628,4.0
2026-03-16,2026,South West,35_and_over,0.2440677966101695,4.0
2026-03-23,2026,South West,35_and_over,0.21016949152542372,4.0
2026-03-30,2026,South West,35_and_over,0.2576271186440678,4.0
2026-04-06,2026,South West,35_and_over,0.2305084745762712,4.0
2026-04-13,2026,South West,35_and_over,0.29152542372881357,4.0
2026-04-20,2026,South West,35_and_over,0.18305084745762712,4.0
2026-04-27,2026,South West,35_and_over,0.23728813559322035,4.0
2026-05-04,2026,South West,35_and_over,0.2983050847457627,4.0
2026-01-05,2026,South West,5_to_10,0.0,0.0
2026-01-12,2026,South West,5_to_10,0.0,0.0
2026-01-19,2026,South West,5_to_10,0.0,0.0
2026-01-26,2026,South West,5_to_10,0.0,0.0
2026-02-02,2026,South West,5_to_10,0.0,0.0
2026-02-09,2026,South West,5_to_10,0.0,0.0
2026-02-16,2026,South West,5_to_10,0.0,0.0
2026-02-23,2026,South West,5_to_10,0.0,0.0
2026-03-02,2026,South West,5_to_10,0.0,0.0
2026-03-09,2026,South West,5_to_10,0.0,0.0
2026-03-16,2026,South West,5_to_10,0.0,0.0
2026-03-23,2026,South West,5_to_10,0.0,0.0
2026-03-30,2026,South West,5_to_10,0.0,0.0
2026-04-06,2026,South West,5_to_10,0.0,0.0
2026-04-13,2026,South West,5_to_10,0.0,0.0
2026-04-20,2026,South West,5_to_10,0.0,0.0
2026-04-27,2026,South West,5_to_10,0.0,0.0
2026-05-04,2026,South West,5_to_10,0.0,0.0
2026-01-05,2026,South West,under_1,0.0,0.0
2026-01-12,2026,South West,under_1,0.0,0.0
2026-01-19,2026,South West,under_1,0.0,0.0
2026-01-26,2026,South West,under_1,0.0,0.0
2026-02-02,2026,South West,under_1,0.0,0.0
2026-02-09,2026,South West,under_1,0.0,0.0
2026-02-16,2026,South West,under_1,0.0,0.0
2026-02-23,2026,South West,under_1,0.0,0.0
2026-03-02,2026,South West,under_1,0.0,0.0
2026-03-09,2026,South West,under_1,0.0,0.0
2026-03-16,2026,South West,under_1,0.0,0.0
2026-03-23,2026,South West,under_1,0.0,0.0
2026-03-30,2026,South West,under_1,0.0,0.0
2026-04-06,2026,South West,under_1,0.0,0.0
2026-04-13,2026,South West,under_1,0.0,0.0
2026-04-20,2026,South West,under_1,0.0,0.0
2026-04-27,2026,South West,under_1,0.0,0.0
2026-05-04,2026,South West,under_1,0.0,0.0
2026-01-05,2026,West Midlands,11_to_14,0.11864406779661017,7.0
2026-01-12,2026,West Midlands,11_to_14,0.3677966101694915,7.0
2026-01-19,2026,West Midlands,11_to_14,0.32033898305084746,7.0
2026-01-26,2026,West Midlands,11_to_14,0.37966101694915255,7.0
2026-02-02,2026,West Midlands,11_to_14,0.24915254237288137,7.0
2026-02-09,2026,West Midlands,11_to_14,0.4864406779661017,7.0
2026-02-16,2026,West Midlands,11_to_14,0.5101694915254237,7.0
2026-02-23,2026,West Midlands,11_to_14,0.4745762711864407,7.0
2026-03-02,2026,West Midlands,11_to_14,0.3440677966101695,7.0
2026-03-09,2026,West Midlands,11_to_14,0.33220338983050846,7.0
2026-03-16,2026,West Midlands,11_to_14,0.4271186440677966,7.0
2026-03-23,2026,West Midlands,11_to_14,0.3677966101694915,7.0
2026-03-30,2026,West Midlands,11_to_14,0.45084745762711864,7.0
2026-04-06,2026,West Midlands,11_to_14,0.4033898305084746,7.0
2026-04-13,2026,West Midlands,11_to_14,0.5101694915254237,7.0
2026-04-20,2026,West Midlands,11_to_14,0.32033898305084746,7.0
2026-04-27,2026,West Midlands,11_to_14,0.4152542372881356,7.0
2026-05-04,2026,West Midlands,11_to_14,0.5220338983050847,7.0
2026-01-05,2026,West Midlands,15_to_24,0.1864406779661017,11.0
2026-01-12,2026,West Midlands,15_to_24,0.5779661016949152,11.0
2026-01-19,2026,West Midlands,15_to_24,0.5033898305084745,11.0
2026-01-26,2026,West Midlands,15_to_24,0.5966101694915255,11.0
2026-02-02,2026,West Midlands,15_to_24,0.39152542372881355,11.0
2026-02-09,2026,West Midlands,15_to_24,0.764406779661017,11.0
2026-02-16,2026,West Midlands,15_to_24,0.8016949152542373,11.0
2026-02-23,2026,West Midlands,15_to_24,0.7457627118644068,11.0
2026-03-02,2026,West Midlands,15_to_24,0.5406779661016949,11.0
2026-03-09,2026,West Midlands,15_to_24,0.5220338983050847,11.0
2026-03-16,2026,West Midlands,15_to_24,0.6711864406779661,11.0
2026-03-23,2026,West Midlands,15_to_24,0.5779661016949152,11.0
2026-03-30,2026,West Midlands,15_to_24,0.7084745762711865,11.0
2026-04-06,2026,West Midlands,15_to_24,0.6338983050847458,11.0
2026-04-13,2026,West Midlands,15_to_24,0.8016949152542373,11.0
2026-04-20,2026,West Midlands,15_to_24,0.5033898305084745,11.0
2026-04-27,2026,West Midlands,15_to_24,0.652542372881356,11.0
2026-05-04,2026,West Midlands,15_to_24,0.8203389830508474,11.0
2026-01-05,2026,West Midlands,1_to_4,0.6440677966101694,38.0
2026-01-12,2026,West Midlands,1_to_4,1.9966101694915255,38.0
2026-01-19,2026,West Midlands,1_to_4,1.7389830508474575,38.0
2026-01-26,2026,West Midlands,1_to_4,2.0610169491525423,38.0
2026-02-02,2026,West Midlands,1_to_4,1.352542372881356,38.0
2026-02-09,2026,West Midlands,1_to_4,2.640677966101695,38.0
2026-02-16,2026,West Midlands,1_to_4,2.769491525423729,38.0
2026-02-23,2026,West Midlands,1_to_4,2.5762711864406778,38.0
2026-03-02,2026,West Midlands,1_to_4,1.8677966101694916,38.0
2026-03-09,2026,West Midlands,1_to_4,1.8033898305084746,38.0
2026-03-16,2026,West Midlands,1_to_4,2.31864406779661,38.0
2026-03-23,2026,West Midlands,1_to_4,1.9966101694915255,38.0
2026-03-30,2026,West Midlands,1_to_4,2.447457627118644,38.0
2026-04-06,2026,West Midlands,1_to_4,2.1898305084745764,38.0
2026-04-13,2026,West Midlands,1_to_4,2.769491525423729,38.0
2026-04-20,2026,West Midlands,1_to_4,1.7389830508474575,38.0
2026-04-27,2026,West Midlands,1_to_4,2.2542372881355934,38.0
2026-05-04,2026,West Midlands,1_to_4,2.833898305084746,38.0
2026-01-05,2026,West Midlands,25_to_34,0.2542372881355932,15.0
2026-01-12,2026,West Midlands,25_to_34,0.788135593220339,15.0
2026-01-19,2026,West Midlands,25_to_34,0.6864406779661016,15.0
2026-01-26,2026,West Midlands,25_to_34,0.8135593220338984,15.0
2026-02-02,2026,West Midlands,25_to_34,0.5338983050847458,15.0
2026-02-09,2026,West Midlands,25_to_34,1.0423728813559323,15.0
2026-02-16,2026,West Midlands,25_to_34,1.0932203389830508,15.0
2026-02-23,2026,West Midlands,25_to_34,1.0169491525423728,15.0
2026-03-02,2026,West Midlands,25_to_34,0.7372881355932204,15.0
2026-03-09,2026,West Midlands,25_to_34,0.711864406779661,15.0
2026-03-16,2026,West Midlands,25_to_34,0.9152542372881356,15.0
2026-03-23,2026,West Midlands,25_to_34,0.788135593220339,15.0
2026-03-30,2026,West Midlands,25_to_34,0.9661016949152542,15.0
2026-04-06,2026,West Midlands,25_to_34,0.864406779661017,15.0
2026-04-13,2026,West Midlands,25_to_34,1.0932203389830508,15.0
2026-04-20,2026,West Midlands,25_to_34,0.6864406779661016,15.0
2026-04-27,2026,West Midlands,25_to_34,0.8898305084745762,15.0
2026-05-04,2026,West Midlands,25_to_34,1.11864406779661,15.0
2026-01-05,2026,West Midlands,35_and_over,0.3050847457627119,18.0
2026-01-12,2026,West Midlands,35_and_over,0.9457627118644067,18.0
2026-01-19,2026,West Midlands,35_and_over,0.823728813559322,18.0
2026-01-26,2026,West Midlands,35_and_over,0.976271186440678,18.0
2026-02-02,2026,West Midlands,35_and_over,0.6406779661016949,18.0
2026-02-09,2026,West Midlands,35_and_over,1.2508474576271187,18.0
2026-02-16,2026,West Midlands,35_and_over,1.311864406779661,18.0
2026-02-23,2026,West Midlands,35_and_over,1.2203389830508475,18.0
2026-03-02,2026,West Midlands,35_and_over,0.8847457627118644,18.0
2026-03-09,2026,West Midlands,35_and_over,0.8542372881355932,18.0
2026-03-16,2026,West Midlands,35_and_over,1.0983050847457627,18.0
2026-03-23,2026,West Midlands,35_and_over,0.9457627118644067,18.0
2026-03-30,2026,West Midlands,35_and_over,1.159322033898305,18.0
2026-04-06,2026,West Midlands,35_and_over,1.0372881355932204,18.0
2026-04-13,2026,West Midlands,35_and_over,1.311864406779661,18.0
2026-04-20,2026,West Midlands,35_and_over,0.823728813559322,18.0
2026-04-27,2026,West Midlands,35_and_over,1.0677966101694916,18.0
2026-05-04,2026,West Midlands,35_and_over,1.3423728813559321,18.0
2026-01-05,2026,West Midlands,5_to_10,0.423728813559322,25.0
2026-01-12,2026,West Midlands,5_to_10,1.3135593220338984,25.0
2026-01-19,2026,West Midlands,5_to_10,1.1440677966101696,25.0
2026-01-26,2026,West Midlands,5_to_10,1.3559322033898304,25.0
2026-02-02,2026,West Midlands,5_to_10,0.8898305084745762,25.0
2026-02-09,2026,West Midlands,5_to_10,1.7372881355932204,25.0
2026-02-16,2026,West Midlands,5_to_10,1.8220338983050848,25.0
2026-02-23,2026,West Midlands,5_to_10,1.694915254237288,25.0
2026-03-02,2026,West Midlands,5_to_10,1.228813559322034,25.0
2026-03-09,2026,West Midlands,5_to_10,1.1864406779661016,25.0
2026-03-16,2026,West Midlands,5_to_10,1.5254237288135593,25.0
2026-03-23,2026,West Midlands,5_to_10,1.3135593220338984,25.0
2026-03-30,2026,West Midlands,5_to_10,1.6101694915254237,25.0
2026-04-06,2026,West Midlands,5_to_10,1.4406779661016949,25.0
2026-04-13,2026,West Midlands,5_to_10,1.8220338983050848,25.0
2026-04-20,2026,West Midlands,5_to_10,1.1440677966101696,25.0
2026-04-27,2026,West Midlands,5_to_10,1.4830508474576272,25.0
2026-05-04,2026,West Midlands,5_to_10,1.8644067796610169,25.0
2026-01-05,2026,West Midlands,under_1,0.423728813559322,25.0
2026-01-12,2026,West Midlands,under_1,1.3135593220338984,25.0
2026-01-19,2026,West Midlands,under_1,1.1440677966101696,25.0
2026-01-26,2026,West Midlands,under_1,1.3559322033898304,25.0
2026-02-02,2026,West Midlands,under_1,0.8898305084745762,25.0
2026-02-09,2026,West Midlands,under_1,1.7372881355932204,25.0
2026-02-16,2026,West Midlands,under_1,1.8220338983050848,25.0
2026-02-23,2026,West Midlands,under_1,1.694915254237288,25.0
2026-03-02,2026,West Midlands,under_1,1.228813559322034,25.0
2026-03-09,2026,West Midlands,under_1,1.1864406779661016,25.0
2026-03-16,2026,West Midlands,under_1,1.5254237288135593,25.0
2026-03-23,2026,West Midlands,under_1,1.3135593220338984,25.0
2026-03-30,2026,West Midlands,under_1,1.6101694915254237,25.0
2026-04-06,2026,West Midlands,under_1,1.4406779661016949,25.0
2026-04-13,2026,West Midlands,under_1,1.8220338983050848,25.0
2026-04-20,2026,West Midlands,under_1,1.1440677966101696,25.0
2026-04-27,2026,West Midlands,under_1,1.4830508474576272,25.0
2026-05-04,2026,West Midlands,under_1,1.8644067796610169,25.0
2026-01-05,2026,Yorkshire and The Humber,11_to_14,0.03389830508474576,2.0
2026-01-12,2026,Yorkshire and The Humber,11_to_14,0.10508474576271186,2.0
2026-01-19,2026,Yorkshire and The Humber,11_to_14,0.09152542372881356,2.0
2026-01-26,2026,Yorkshire and The Humber,11_to_14,0.10847457627118644,2.0
2026-02-02,2026,Yorkshire and The Humber,11_to_14,0.0711864406779661,2.0
2026-02-09,2026,Yorkshire and The Humber,11_to_14,0.13898305084745763,2.0
2026-02-16,2026,Yorkshire and The Humber,11_to_14,0.14576271186440679,2.0
2026-02-23,2026,Yorkshire and The Humber,11_to_14,0.13559322033898305,2.0
2026-03-02,2026,Yorkshire and The Humber,11_to_14,0.09830508474576272,2.0
2026-03-09,2026,Yorkshire and The Humber,11_to_14,0.09491525423728814,2.0
2026-03-16,2026,Yorkshire and The Humber,11_to_14,0.12203389830508475,2.0
2026-03-23,2026,Yorkshire and The Humber,11_to_14,0.10508474576271186,2.0
2026-03-30,2026,Yorkshire and The Humber,11_to_14,0.1288135593220339,2.0
2026-04-06,2026,Yorkshire and The Humber,11_to_14,0.1152542372881356,2.0
2026-04-13,2026,Yorkshire and The Humber,11_to_14,0.14576271186440679,2.0
2026-04-20,2026,Yorkshire and The Humber,11_to_14,0.09152542372881356,2.0
2026-04-27,2026,Yorkshire and The Humber,11_to_14,0.11864406779661017,2.0
2026-05-04,2026,Yorkshire and The Humber,11_to_14,0.14915254237288136,2.0
2026-01-05,2026,Yorkshire and The Humber,15_to_24,0.2542372881355932,15.0
2026-01-12,2026,Yorkshire and The Humber,15_to_24,0.788135593220339,15.0
2026-01-19,2026,Yorkshire and The Humber,15_to_24,0.6864406779661016,15.0
2026-01-26,2026,Yorkshire and The Humber,15_to_24,0.8135593220338984,15.0
2026-02-02,2026,Yorkshire and The Humber,15_to_24,0.5338983050847458,15.0
2026-02-09,2026,Yorkshire and The Humber,15_to_24,1.0423728813559323,15.0
2026-02-16,2026,Yorkshire and The Humber,15_to_24,1.0932203389830508,15.0
2026-02-23,2026,Yorkshire and The Humber,15_to_24,1.0169491525423728,15.0
2026-03-02,2026,Yorkshire and The Humber,15_to_24,0.7372881355932204,15.0
2026-03-09,2026,Yorkshire and The Humber,15_to_24,0.711864406779661,15.0
2026-03-16,2026,Yorkshire and The Humber,15_to_24,0.9152542372881356,15.0
2026-03-23,2026,Yorkshire and The Humber,15_to_24,0.788135593220339,15.0
2026-03-30,2026,Yorkshire and The Humber,15_to_24,0.9661016949152542,15.0
2026-04-06,2026,Yorkshire and The Humber,15_to_24,0.864406779661017,15.0
2026-04-13,2026,Yorkshire and The Humber,15_to_24,1.0932203389830508,15.0
2026-04-20,2026,Yorkshire and The Humber,15_to_24,0.6864406779661016,15.0
2026-04-27,2026,Yorkshire and The Humber,15_to_24,0.8898305084745762,15.0
2026-05-04,2026,Yorkshire and The Humber,15_to_24,1.11864406779661,15.0
2026-01-05,2026,Yorkshire and The Humber,1_to_4,0.22033898305084745,13.0
2026-01-12,2026,Yorkshire and The Humber,1_to_4,0.6830508474576271,13.0
2026-01-19,2026,Yorkshire and The Humber,1_to_4,0.5949152542372881,13.0
2026-01-26,2026,Yorkshire and The Humber,1_to_4,0.7050847457627119,13.0
2026-02-02,2026,Yorkshire and The Humber,1_to_4,0.46271186440677964,13.0
2026-02-09,2026,Yorkshire and The Humber,1_to_4,0.9033898305084745,13.0
2026-02-16,2026,Yorkshire and The Humber,1_to_4,0.9474576271186441,13.0
2026-02-23,2026,Yorkshire and The Humber,1_to_4,0.8813559322033898,13.0
2026-03-02,2026,Yorkshire and The Humber,1_to_4,0.6389830508474577,13.0
2026-03-09,2026,Yorkshire and The Humber,1_to_4,0.6169491525423729,13.0
2026-03-16,2026,Yorkshire and The Humber,1_to_4,0.7932203389830509,13.0
2026-03-23,2026,Yorkshire and The Humber,1_to_4,0.6830508474576271,13.0
2026-03-30,2026,Yorkshire and The Humber,1_to_4,0.8372881355932204,13.0
2026-04-06,2026,Yorkshire and The Humber,1_to_4,0.7491525423728813,13.0
2026-04-13,2026,Yorkshire and The Humber,1_to_4,0.9474576271186441,13.0
2026-04-20,2026,Yorkshire and The Humber,1_to_4,0.5949152542372881,13.0
2026-04-27,2026,Yorkshire and The Humber,1_to_4,0.7711864406779662,13.0
2026-05-04,2026,Yorkshire and The Humber,1_to_4,0.9694915254237289,13.0
2026-01-05,2026,Yorkshire and The Humber,25_to_34,0.1016949152542373,6.0
2026-01-12,2026,Yorkshire and The Humber,25_to_34,0.3152542372881356,6.0
2026-01-19,2026,Yorkshire and The Humber,25_to_34,0.2745762711864407,6.0
2026-01-26,2026,Yorkshire and The Humber,25_to_34,0.3254237288135593,6.0
2026-02-02,2026,Yorkshire and The Humber,25_to_34,0.2135593220338983,6.0
2026-02-09,2026,Yorkshire and The Humber,25_to_34,0.41694915254237286,6.0
2026-02-16,2026,Yorkshire and The Humber,25_to_34,0.43728813559322033,6.0
2026-02-23,2026,Yorkshire and The Humber,25_to_34,0.4067796610169492,6.0
2026-03-02,2026,Yorkshire and The Humber,25_to_34,0.29491525423728815,6.0
2026-03-09,2026,Yorkshire and The Humber,25_to_34,0.2847457627118644,6.0
2026-03-16,2026,Yorkshire and The Humber,25_to_34,0.36610169491525424,6.0
2026-03-23,2026,Yorkshire and The Humber,25_to_34,0.3152542372881356,6.0
2026-03-30,2026,Yorkshire and The Humber,25_to_34,0.3864406779661017,6.0
2026-04-06,2026,Yorkshire and The Humber,25_to_34,0.34576271186440677,6.0
2026-04-13,2026,Yorkshire and The Humber,25_to_34,0.43728813559322033,6.0
2026-04-20,2026,Yorkshire and The Humber,25_to_34,0.2745762711864407,6.0
2026-04-27,2026,Yorkshire and The Humber,25_to_34,0.3559322033898305,6.0
2026-05-04,2026,Yorkshire and The Humber,25_to_34,0.44745762711864406,6.0
2026-01-05,2026,Yorkshire and The Humber,35_and_over,0.01694915254237288,1.0
2026-01-12,2026,Yorkshire and The Humber,35_and_over,0.05254237288135593,1.0
2026-01-19,2026,Yorkshire and The Humber,35_and_over,0.04576271186440678,1.0
2026-01-26,2026,Yorkshire and The Humber,35_and_over,0.05423728813559322,1.0
2026-02-02,2026,Yorkshire and The Humber,35_and_over,0.03559322033898305,1.0
2026-02-09,2026,Yorkshire and The Humber,35_and_over,0.06949152542372881,1.0
2026-02-16,2026,Yorkshire and The Humber,35_and_over,0.07288135593220339,1.0
2026-02-23,2026,Yorkshire and The Humber,35_and_over,0.06779661016949153,1.0
2026-03-02,2026,Yorkshire and The Humber,35_and_over,0.04915254237288136,1.0
2026-03-09,2026,Yorkshire and The Humber,35_and_over,0.04745762711864407,1.0
2026-03-16,2026,Yorkshire and The Humber,35_and_over,0.061016949152542375,1.0
2026-03-23,2026,Yorkshire and The Humber,35_and_over,0.05254237288135593,1.0
2026-03-30,2026,Yorkshire and The Humber,35_and_over,0.06440677966101695,1.0
2026-04-06,2026,Yorkshire and The Humber,35_and_over,0.0576271186440678,1.0
2026-04-13,2026,Yorkshire and The Humber,35_and_over,0.07288135593220339,1.0
2026-04-20,2026,Yorkshire and The Humber,35_and_over,0.04576271186440678,1.0
2026-04-27,2026,Yorkshire and The Humber,35_and_over,0.059322033898305086,1.0
2026-05-04,2026,Yorkshire and The Humber,35_and_over,0.07457627118644068,1.0
2026-01-05,2026,Yorkshire and The Humber,5_to_10,0.13559322033898305,8.0
2026-01-12,2026,Yorkshire and The Humber,5_to_10,0.42033898305084744,8.0
2026-01-19,2026,Yorkshire and The Humber,5_to_10,0.36610169491525424,8.0
2026-01-26,2026,Yorkshire and The Humber,5_to_10,0.43389830508474575,8.0
2026-02-02,2026,Yorkshire and The Humber,5_to_10,0.2847457627118644,8.0
2026-02-09,2026,Yorkshire and The Humber,5_to_10,0.5559322033898305,8.0
2026-02-16,2026,Yorkshire and The Humber,5_to_10,0.5830508474576271,8.0
2026-02-23,2026,Yorkshire and The Humber,5_to_10,0.5423728813559322,8.0
2026-03-02,2026,Yorkshire and The Humber,5_to_10,0.39322033898305087,8.0
2026-03-09,2026,Yorkshire and The Humber,5_to_10,0.37966101694915255,8.0
2026-03-16,2026,Yorkshire and The Humber,5_to_10,0.488135593220339,8.0
2026-03-23,2026,Yorkshire and The Humber,5_to_10,0.42033898305084744,8.0
2026-03-30,2026,Yorkshire and The Humber,5_to_10,0.5152542372881356,8.0
2026-04-06,2026,Yorkshire and The Humber,5_to_10,0.4610169491525424,8.0
2026-04-13,2026,Yorkshire and The Humber,5_to_10,0.5830508474576271,8.0
2026-04-20,2026,Yorkshire and The Humber,5_to_10,0.36610169491525424,8.0
2026-04-27,2026,Yorkshire and The Humber,5_to_10,0.4745762711864407,8.0
2026-05-04,2026,Yorkshire and The Humber,5_to_10,0.5966101694915255,8.0
2026-01-05,2026,Yorkshire and The Humber,under_1,0.06779661016949153,4.0
2026-01-12,2026,Yorkshire and The Humber,under_1,0.21016949152542372,4.0
2026-01-19,2026,Yorkshire and The Humber,under_1,0.18305084745762712,4.0
2026-01-26,2026,Yorkshire and The Humber,under_1,0.21694915254237288,4.0
2026-02-02,2026,Yorkshire and The Humber,under_1,0.1423728813559322,4.0
2026-02-09,2026,Yorkshire and The Humber,under_1,0.27796610169491526,4.0
2026-02-16,2026,Yorkshire and The Humber,under_1,0.29152542372881357,4.0
2026-02-23,2026,Yorkshire and The Humber,under_1,0.2711864406779661,4.0
2026-03-02,2026,Yorkshire and The Humber,under_1,0.19661016949152543,4.0
2026-03-09,2026,Yorkshire and The Humber,under_1,0.18983050847457628,4.0
2026-03-16,2026,Yorkshire and The Humber,under_1,0.2440677966101695,4.0
2026-03-23,2026,Yorkshire and The Humber,under_1,0.21016949152542372,4.0
2026-03-30,2026,Yorkshire and The Humber,under_1,0.2576271186440678,4.0
2026-04-06,2026,Yorkshire and The Humber,under_1,0.2305084745762712,4.0
2026-04-13,2026,Yorkshire and The Humber,under_1,0.29152542372881357,4.0
2026-04-20,2026,Yorkshire and The Humber,under_1,0.18305084745762712,4.0
2026-04-27,2026,Yorkshire and The Humber,under_1,0.23728813559322035,4.0
2026-05-04,2026,Yorkshire and The Humber,under_1,0.2983050847457627,4.0
