areacd,areanm,period,value
E06000001,Hartlepool,1991-06-30,970
E06000001,Hartlepool,1992-06-30,972
E06000001,Hartlepool,1993-06-30,970
E06000001,Hartlepool,1994-06-30,970
E06000001,Hartlepool,1995-06-30,966
E06000001,Hartlepool,1996-06-30,963
E06000001,Hartlepool,1997-06-30,958
E06000001,Hartlepool,1998-06-30,956
E06000001,Hartlepool,1999-06-30,955
E06000001,Hartlepool,2000-06-30,957
E06000001,Hartlepool,2001-06-30,960
E06000001,Hartlepool,2002-06-30,959
E06000001,Hartlepool,2003-06-30,960
E06000001,Hartlepool,2004-06-30,962
E06000001,Hartlepool,2005-06-30,963
E06000001,Hartlepool,2006-06-30,967
E06000001,Hartlepool,2007-06-30,969
E06000001,Hartlepool,2008-06-30,973
E06000001,Hartlepool,2009-06-30,975
E06000001,Hartlepool,2010-06-30,977
E06000001,Hartlepool,2011-06-30,981
E06000001,Hartlepool,2012-06-30,984
E06000001,Hartlepool,2013-06-30,985
E06000001,Hartlepool,2014-06-30,984
E06000001,Hartlepool,2015-06-30,981
E06000001,Hartlepool,2016-06-30,983
E06000001,Hartlepool,2017-06-30,983
E06000001,Hartlepool,2018-06-30,983
E06000001,Hartlepool,2019-06-30,984
E06000001,Hartlepool,2020-06-30,982
E06000001,Hartlepool,2021-06-30,986
E06000001,Hartlepool,2022-06-30,1003
E06000001,Hartlepool,2023-06-30,1022
E06000001,Hartlepool,2024-06-30,1046
E06000002,Middlesbrough,1991-06-30,2686
E06000002,Middlesbrough,1992-06-30,2675
E06000002,Middlesbrough,1993-06-30,2681
E06000002,Middlesbrough,1994-06-30,2703
E06000002,Middlesbrough,1995-06-30,2717
E06000002,Middlesbrough,1996-06-30,2705
E06000002,Middlesbrough,1997-06-30,2682
E06000002,Middlesbrough,1998-06-30,2673
E06000002,Middlesbrough,1999-06-30,2654
E06000002,Middlesbrough,2000-06-30,2640
E06000002,Middlesbrough,2001-06-30,2621
E06000002,Middlesbrough,2002-06-30,2600
E06000002,Middlesbrough,2003-06-30,2581
E06000002,Middlesbrough,2004-06-30,2570
E06000002,Middlesbrough,2005-06-30,2571
E06000002,Middlesbrough,2006-06-30,2564
E06000002,Middlesbrough,2007-06-30,2565
E06000002,Middlesbrough,2008-06-30,2559
E06000002,Middlesbrough,2009-06-30,2548
E06000002,Middlesbrough,2010-06-30,2555
E06000002,Middlesbrough,2011-06-30,2568
E06000002,Middlesbrough,2012-06-30,2570
E06000002,Middlesbrough,2013-06-30,2572
E06000002,Middlesbrough,2014-06-30,2580
E06000002,Middlesbrough,2015-06-30,2591
E06000002,Middlesbrough,2016-06-30,2610
E06000002,Middlesbrough,2017-06-30,2621
E06000002,Middlesbrough,2018-06-30,2618
E06000002,Middlesbrough,2019-06-30,2638
E06000002,Middlesbrough,2020-06-30,2644
E06000002,Middlesbrough,2021-06-30,2671
E06000002,Middlesbrough,2022-06-30,2772
E06000002,Middlesbrough,2023-06-30,2851
E06000002,Middlesbrough,2024-06-30,2898
E06000003,Redcar and Cleveland,1991-06-30,595
E06000003,Redcar and Cleveland,1992-06-30,595
E06000003,Redcar and Cleveland,1993-06-30,589
E06000003,Redcar and Cleveland,1994-06-30,585
E06000003,Redcar and Cleveland,1995-06-30,581
E06000003,Redcar and Cleveland,1996-06-30,576
E06000003,Redcar and Cleveland,1997-06-30,574
E06000003,Redcar and Cleveland,1998-06-30,573
E06000003,Redcar and Cleveland,1999-06-30,569
E06000003,Redcar and Cleveland,2000-06-30,568
E06000003,Redcar and Cleveland,2001-06-30,568
E06000003,Redcar and Cleveland,2002-06-30,565
E06000003,Redcar and Cleveland,2003-06-30,565
E06000003,Redcar and Cleveland,2004-06-30,566
E06000003,Redcar and Cleveland,2005-06-30,564
E06000003,Redcar and Cleveland,2006-06-30,561
E06000003,Redcar and Cleveland,2007-06-30,559
E06000003,Redcar and Cleveland,2008-06-30,557
E06000003,Redcar and Cleveland,2009-06-30,554
E06000003,Redcar and Cleveland,2010-06-30,552
E06000003,Redcar and Cleveland,2011-06-30,551
E06000003,Redcar and Cleveland,2012-06-30,551
E06000003,Redcar and Cleveland,2013-06-30,550
E06000003,Redcar and Cleveland,2014-06-30,551
E06000003,Redcar and Cleveland,2015-06-30,552
E06000003,Redcar and Cleveland,2016-06-30,552
E06000003,Redcar and Cleveland,2017-06-30,553
E06000003,Redcar and Cleveland,2018-06-30,556
E06000003,Redcar and Cleveland,2019-06-30,558
E06000003,Redcar and Cleveland,2020-06-30,557
E06000003,Redcar and Cleveland,2021-06-30,557
E06000003,Redcar and Cleveland,2022-06-30,560
E06000003,Redcar and Cleveland,2023-06-30,563
E06000003,Redcar and Cleveland,2024-06-30,568
E06000004,Stockton-on-Tees,1991-06-30,855
E06000004,Stockton-on-Tees,1992-06-30,860
E06000004,Stockton-on-Tees,1993-06-30,865
E06000004,Stockton-on-Tees,1994-06-30,865
E06000004,Stockton-on-Tees,1995-06-30,864
E06000004,Stockton-on-Tees,1996-06-30,867
E06000004,Stockton-on-Tees,1997-06-30,869
E06000004,Stockton-on-Tees,1998-06-30,875
E06000004,Stockton-on-Tees,1999-06-30,882
E06000004,Stockton-on-Tees,2000-06-30,891
E06000004,Stockton-on-Tees,2001-06-30,897
E06000004,Stockton-on-Tees,2002-06-30,902
E06000004,Stockton-on-Tees,2003-06-30,906
E06000004,Stockton-on-Tees,2004-06-30,906
E06000004,Stockton-on-Tees,2005-06-30,909
E06000004,Stockton-on-Tees,2006-06-30,914
E06000004,Stockton-on-Tees,2007-06-30,917
E06000004,Stockton-on-Tees,2008-06-30,922
E06000004,Stockton-on-Tees,2009-06-30,927
E06000004,Stockton-on-Tees,2010-06-30,931
E06000004,Stockton-on-Tees,2011-06-30,936
E06000004,Stockton-on-Tees,2012-06-30,941
E06000004,Stockton-on-Tees,2013-06-30,946
E06000004,Stockton-on-Tees,2014-06-30,952
E06000004,Stockton-on-Tees,2015-06-30,955
E06000004,Stockton-on-Tees,2016-06-30,958
E06000004,Stockton-on-Tees,2017-06-30,961
E06000004,Stockton-on-Tees,2018-06-30,964
E06000004,Stockton-on-Tees,2019-06-30,961
E06000004,Stockton-on-Tees,2020-06-30,958
E06000004,Stockton-on-Tees,2021-06-30,961
E06000004,Stockton-on-Tees,2022-06-30,980
E06000004,Stockton-on-Tees,2023-06-30,994
E06000004,Stockton-on-Tees,2024-06-30,1009
E06000005,Darlington,1991-06-30,503
E06000005,Darlington,1992-06-30,503
E06000005,Darlington,1993-06-30,502
E06000005,Darlington,1994-06-30,503
E06000005,Darlington,1995-06-30,502
E06000005,Darlington,1996-06-30,504
E06000005,Darlington,1997-06-30,502
E06000005,Darlington,1998-06-30,503
E06000005,Darlington,1999-06-30,497
E06000005,Darlington,2000-06-30,497
E06000005,Darlington,2001-06-30,496
E06000005,Darlington,2002-06-30,499
E06000005,Darlington,2003-06-30,501
E06000005,Darlington,2004-06-30,503
E06000005,Darlington,2005-06-30,508
E06000005,Darlington,2006-06-30,514
E06000005,Darlington,2007-06-30,520
E06000005,Darlington,2008-06-30,525
E06000005,Darlington,2009-06-30,528
E06000005,Darlington,2010-06-30,532
E06000005,Darlington,2011-06-30,535
E06000005,Darlington,2012-06-30,534
E06000005,Darlington,2013-06-30,535
E06000005,Darlington,2014-06-30,536
E06000005,Darlington,2015-06-30,537
E06000005,Darlington,2016-06-30,538
E06000005,Darlington,2017-06-30,539
E06000005,Darlington,2018-06-30,539
E06000005,Darlington,2019-06-30,539
E06000005,Darlington,2020-06-30,541
E06000005,Darlington,2021-06-30,548
E06000005,Darlington,2022-06-30,554
E06000005,Darlington,2023-06-30,562
E06000005,Darlington,2024-06-30,570
E06000006,Halton,1991-06-30,1578
E06000006,Halton,1992-06-30,1571
E06000006,Halton,1993-06-30,1565
E06000006,Halton,1994-06-30,1553
E06000006,Halton,1995-06-30,1545
E06000006,Halton,1996-06-30,1540
E06000006,Halton,1997-06-30,1529
E06000006,Halton,1998-06-30,1520
E06000006,Halton,1999-06-30,1512
E06000006,Halton,2000-06-30,1506
E06000006,Halton,2001-06-30,1499
E06000006,Halton,2002-06-30,1502
E06000006,Halton,2003-06-30,1507
E06000006,Halton,2004-06-30,1517
E06000006,Halton,2005-06-30,1522
E06000006,Halton,2006-06-30,1534
E06000006,Halton,2007-06-30,1543
E06000006,Halton,2008-06-30,1554
E06000006,Halton,2009-06-30,1563
E06000006,Halton,2010-06-30,1578
E06000006,Halton,2011-06-30,1590
E06000006,Halton,2012-06-30,1588
E06000006,Halton,2013-06-30,1592
E06000006,Halton,2014-06-30,1598
E06000006,Halton,2015-06-30,1599
E06000006,Halton,2016-06-30,1604
E06000006,Halton,2017-06-30,1606
E06000006,Halton,2018-06-30,1617
E06000006,Halton,2019-06-30,1624
E06000006,Halton,2020-06-30,1625
E06000006,Halton,2021-06-30,1626
E06000006,Halton,2022-06-30,1637
E06000006,Halton,2023-06-30,1649
E06000006,Halton,2024-06-30,1663
E06000007,Warrington,1991-06-30,1023
E06000007,Warrington,1992-06-30,1015
E06000007,Warrington,1993-06-30,1023
E06000007,Warrington,1994-06-30,1030
E06000007,Warrington,1995-06-30,1037
E06000007,Warrington,1996-06-30,1042
E06000007,Warrington,1997-06-30,1046
E06000007,Warrington,1998-06-30,1049
E06000007,Warrington,1999-06-30,1054
E06000007,Warrington,2000-06-30,1055
E06000007,Warrington,2001-06-30,1059
E06000007,Warrington,2002-06-30,1061
E06000007,Warrington,2003-06-30,1063
E06000007,Warrington,2004-06-30,1062
E06000007,Warrington,2005-06-30,1068
E06000007,Warrington,2006-06-30,1077
E06000007,Warrington,2007-06-30,1088
E06000007,Warrington,2008-06-30,1097
E06000007,Warrington,2009-06-30,1108
E06000007,Warrington,2010-06-30,1114
E06000007,Warrington,2011-06-30,1122
E06000007,Warrington,2012-06-30,1129
E06000007,Warrington,2013-06-30,1140
E06000007,Warrington,2014-06-30,1152
E06000007,Warrington,2015-06-30,1160
E06000007,Warrington,2016-06-30,1167
E06000007,Warrington,2017-06-30,1174
E06000007,Warrington,2018-06-30,1174
E06000007,Warrington,2019-06-30,1175
E06000007,Warrington,2020-06-30,1172
E06000007,Warrington,2021-06-30,1169
E06000007,Warrington,2022-06-30,1172
E06000007,Warrington,2023-06-30,1183
E06000007,Warrington,2024-06-30,1192
E06000008,Blackburn with Darwen,1991-06-30,1003
E06000008,Blackburn with Darwen,1992-06-30,1006
E06000008,Blackburn with Darwen,1993-06-30,1014
E06000008,Blackburn with Darwen,1994-06-30,1018
E06000008,Blackburn with Darwen,1995-06-30,1019
E06000008,Blackburn with Darwen,1996-06-30,1013
E06000008,Blackburn with Darwen,1997-06-30,1013
E06000008,Blackburn with Darwen,1998-06-30,1019
E06000008,Blackburn with Darwen,1999-06-30,1009
E06000008,Blackburn with Darwen,2000-06-30,1009
E06000008,Blackburn with Darwen,2001-06-30,1010
E06000008,Blackburn with Darwen,2002-06-30,1018
E06000008,Blackburn with Darwen,2003-06-30,1025
E06000008,Blackburn with Darwen,2004-06-30,1032
E06000008,Blackburn with Darwen,2005-06-30,1037
E06000008,Blackburn with Darwen,2006-06-30,1044
E06000008,Blackburn with Darwen,2007-06-30,1051
E06000008,Blackburn with Darwen,2008-06-30,1058
E06000008,Blackburn with Darwen,2009-06-30,1067
E06000008,Blackburn with Darwen,2010-06-30,1073
E06000008,Blackburn with Darwen,2011-06-30,1078
E06000008,Blackburn with Darwen,2012-06-30,1084
E06000008,Blackburn with Darwen,2013-06-30,1089
E06000008,Blackburn with Darwen,2014-06-30,1092
E06000008,Blackburn with Darwen,2015-06-30,1098
E06000008,Blackburn with Darwen,2016-06-30,1106
E06000008,Blackburn with Darwen,2017-06-30,1112
E06000008,Blackburn with Darwen,2018-06-30,1115
E06000008,Blackburn with Darwen,2019-06-30,1124
E06000008,Blackburn with Darwen,2020-06-30,1128
E06000008,Blackburn with Darwen,2021-06-30,1131
E06000008,Blackburn with Darwen,2022-06-30,1140
E06000008,Blackburn with Darwen,2023-06-30,1162
E06000008,Blackburn with Darwen,2024-06-30,1186
E06000009,Blackpool,1991-06-30,4259
E06000009,Blackpool,1992-06-30,4305
E06000009,Blackpool,1993-06-30,4330
E06000009,Blackpool,1994-06-30,4319
E06000009,Blackpool,1995-06-30,4287
E06000009,Blackpool,1996-06-30,4229
E06000009,Blackpool,1997-06-30,4170
E06000009,Blackpool,1998-06-30,4130
E06000009,Blackpool,1999-06-30,4098
E06000009,Blackpool,2000-06-30,4099
E06000009,Blackpool,2001-06-30,4077
E06000009,Blackpool,2002-06-30,4074
E06000009,Blackpool,2003-06-30,4088
E06000009,Blackpool,2004-06-30,4102
E06000009,Blackpool,2005-06-30,4118
E06000009,Blackpool,2006-06-30,4119
E06000009,Blackpool,2007-06-30,4117
E06000009,Blackpool,2008-06-30,4096
E06000009,Blackpool,2009-06-30,4086
E06000009,Blackpool,2010-06-30,4091
E06000009,Blackpool,2011-06-30,4072
E06000009,Blackpool,2012-06-30,4086
E06000009,Blackpool,2013-06-30,4090
E06000009,Blackpool,2014-06-30,4077
E06000009,Blackpool,2015-06-30,4063
E06000009,Blackpool,2016-06-30,4069
E06000009,Blackpool,2017-06-30,4073
E06000009,Blackpool,2018-06-30,4066
E06000009,Blackpool,2019-06-30,4081
E06000009,Blackpool,2020-06-30,4057
E06000009,Blackpool,2021-06-30,4040
E06000009,Blackpool,2022-06-30,4060
E06000009,Blackpool,2023-06-30,4100
E06000009,Blackpool,2024-06-30,4132
E06000010,"Kingston upon Hull, City of",1991-06-30,3679
E06000010,"Kingston upon Hull, City of",1992-06-30,3708
E06000010,"Kingston upon Hull, City of",1993-06-30,3702
E06000010,"Kingston upon Hull, City of",1994-06-30,3722
E06000010,"Kingston upon Hull, City of",1995-06-30,3719
E06000010,"Kingston upon Hull, City of",1996-06-30,3698
E06000010,"Kingston upon Hull, City of",1997-06-30,3659
E06000010,"Kingston upon Hull, City of",1998-06-30,3629
E06000010,"Kingston upon Hull, City of",1999-06-30,3575
E06000010,"Kingston upon Hull, City of",2000-06-30,3525
E06000010,"Kingston upon Hull, City of",2001-06-30,3491
E06000010,"Kingston upon Hull, City of",2002-06-30,3485
E06000010,"Kingston upon Hull, City of",2003-06-30,3501
E06000010,"Kingston upon Hull, City of",2004-06-30,3535
E06000010,"Kingston upon Hull, City of",2005-06-30,3565
E06000010,"Kingston upon Hull, City of",2006-06-30,3569
E06000010,"Kingston upon Hull, City of",2007-06-30,3573
E06000010,"Kingston upon Hull, City of",2008-06-30,3587
E06000010,"Kingston upon Hull, City of",2009-06-30,3578
E06000010,"Kingston upon Hull, City of",2010-06-30,3579
E06000010,"Kingston upon Hull, City of",2011-06-30,3578
E06000010,"Kingston upon Hull, City of",2012-06-30,3606
E06000010,"Kingston upon Hull, City of",2013-06-30,3620
E06000010,"Kingston upon Hull, City of",2014-06-30,3645
E06000010,"Kingston upon Hull, City of",2015-06-30,3670
E06000010,"Kingston upon Hull, City of",2016-06-30,3707
E06000010,"Kingston upon Hull, City of",2017-06-30,3738
E06000010,"Kingston upon Hull, City of",2018-06-30,3747
E06000010,"Kingston upon Hull, City of",2019-06-30,3755
E06000010,"Kingston upon Hull, City of",2020-06-30,3738
E06000010,"Kingston upon Hull, City of",2021-06-30,3723
E06000010,"Kingston upon Hull, City of",2022-06-30,3755
E06000010,"Kingston upon Hull, City of",2023-06-30,3815
E06000010,"Kingston upon Hull, City of",2024-06-30,3848
E06000011,East Riding of Yorkshire,1991-06-30,122
E06000011,East Riding of Yorkshire,1992-06-30,123
E06000011,East Riding of Yorkshire,1993-06-30,125
E06000011,East Riding of Yorkshire,1994-06-30,126
E06000011,East Riding of Yorkshire,1995-06-30,127
E06000011,East Riding of Yorkshire,1996-06-30,127
E06000011,East Riding of Yorkshire,1997-06-30,127
E06000011,East Riding of Yorkshire,1998-06-30,128
E06000011,East Riding of Yorkshire,1999-06-30,129
E06000011,East Riding of Yorkshire,2000-06-30,130
E06000011,East Riding of Yorkshire,2001-06-30,131
E06000011,East Riding of Yorkshire,2002-06-30,133
E06000011,East Riding of Yorkshire,2003-06-30,134
E06000011,East Riding of Yorkshire,2004-06-30,135
E06000011,East Riding of Yorkshire,2005-06-30,136
E06000011,East Riding of Yorkshire,2006-06-30,137
E06000011,East Riding of Yorkshire,2007-06-30,138
E06000011,East Riding of Yorkshire,2008-06-30,138
E06000011,East Riding of Yorkshire,2009-06-30,138
E06000011,East Riding of Yorkshire,2010-06-30,139
E06000011,East Riding of Yorkshire,2011-06-30,139
E06000011,East Riding of Yorkshire,2012-06-30,139
E06000011,East Riding of Yorkshire,2013-06-30,139
E06000011,East Riding of Yorkshire,2014-06-30,140
E06000011,East Riding of Yorkshire,2015-06-30,139
E06000011,East Riding of Yorkshire,2016-06-30,140
E06000011,East Riding of Yorkshire,2017-06-30,140
E06000011,East Riding of Yorkshire,2018-06-30,140
E06000011,East Riding of Yorkshire,2019-06-30,141
E06000011,East Riding of Yorkshire,2020-06-30,142
E06000011,East Riding of Yorkshire,2021-06-30,143
E06000011,East Riding of Yorkshire,2022-06-30,144
E06000011,East Riding of Yorkshire,2023-06-30,146
E06000011,East Riding of Yorkshire,2024-06-30,148
E06000012,North East Lincolnshire,1991-06-30,836
E06000012,North East Lincolnshire,1992-06-30,837
E06000012,North East Lincolnshire,1993-06-30,840
E06000012,North East Lincolnshire,1994-06-30,838
E06000012,North East Lincolnshire,1995-06-30,833
E06000012,North East Lincolnshire,1996-06-30,826
E06000012,North East Lincolnshire,1997-06-30,823
E06000012,North East Lincolnshire,1998-06-30,819
E06000012,North East Lincolnshire,1999-06-30,820
E06000012,North East Lincolnshire,2000-06-30,818
E06000012,North East Lincolnshire,2001-06-30,820
E06000012,North East Lincolnshire,2002-06-30,820
E06000012,North East Lincolnshire,2003-06-30,822
E06000012,North East Lincolnshire,2004-06-30,823
E06000012,North East Lincolnshire,2005-06-30,824
E06000012,North East Lincolnshire,2006-06-30,823
E06000012,North East Lincolnshire,2007-06-30,823
E06000012,North East Lincolnshire,2008-06-30,824
E06000012,North East Lincolnshire,2009-06-30,824
E06000012,North East Lincolnshire,2010-06-30,825
E06000012,North East Lincolnshire,2011-06-30,829
E06000012,North East Lincolnshire,2012-06-30,828
E06000012,North East Lincolnshire,2013-06-30,828
E06000012,North East Lincolnshire,2014-06-30,828
E06000012,North East Lincolnshire,2015-06-30,826
E06000012,North East Lincolnshire,2016-06-30,825
E06000012,North East Lincolnshire,2017-06-30,824
E06000012,North East Lincolnshire,2018-06-30,823
E06000012,North East Lincolnshire,2019-06-30,820
E06000012,North East Lincolnshire,2020-06-30,817
E06000012,North East Lincolnshire,2021-06-30,816
E06000012,North East Lincolnshire,2022-06-30,819
E06000012,North East Lincolnshire,2023-06-30,824
E06000012,North East Lincolnshire,2024-06-30,830
E06000013,North Lincolnshire,1991-06-30,181
E06000013,North Lincolnshire,1992-06-30,181
E06000013,North Lincolnshire,1993-06-30,180
E06000013,North Lincolnshire,1994-06-30,181
E06000013,North Lincolnshire,1995-06-30,179
E06000013,North Lincolnshire,1996-06-30,180
E06000013,North Lincolnshire,1997-06-30,180
E06000013,North Lincolnshire,1998-06-30,180
E06000013,North Lincolnshire,1999-06-30,180
E06000013,North Lincolnshire,2000-06-30,180
E06000013,North Lincolnshire,2001-06-30,181
E06000013,North Lincolnshire,2002-06-30,182
E06000013,North Lincolnshire,2003-06-30,185
E06000013,North Lincolnshire,2004-06-30,187
E06000013,North Lincolnshire,2005-06-30,189
E06000013,North Lincolnshire,2006-06-30,190
E06000013,North Lincolnshire,2007-06-30,192
E06000013,North Lincolnshire,2008-06-30,194
E06000013,North Lincolnshire,2009-06-30,196
E06000013,North Lincolnshire,2010-06-30,197
E06000013,North Lincolnshire,2011-06-30,198
E06000013,North Lincolnshire,2012-06-30,198
E06000013,North Lincolnshire,2013-06-30,199
E06000013,North Lincolnshire,2014-06-30,199
E06000013,North Lincolnshire,2015-06-30,200
E06000013,North Lincolnshire,2016-06-30,201
E06000013,North Lincolnshire,2017-06-30,202
E06000013,North Lincolnshire,2018-06-30,201
E06000013,North Lincolnshire,2019-06-30,201
E06000013,North Lincolnshire,2020-06-30,201
E06000013,North Lincolnshire,2021-06-30,201
E06000013,North Lincolnshire,2022-06-30,201
E06000013,North Lincolnshire,2023-06-30,201
E06000013,North Lincolnshire,2024-06-30,202
E06000014,York,1991-06-30,633
E06000014,York,1992-06-30,631
E06000014,York,1993-06-30,631
E06000014,York,1994-06-30,635
E06000014,York,1995-06-30,636
E06000014,York,1996-06-30,642
E06000014,York,1997-06-30,643
E06000014,York,1998-06-30,648
E06000014,York,1999-06-30,651
E06000014,York,2000-06-30,659
E06000014,York,2001-06-30,667
E06000014,York,2002-06-30,670
E06000014,York,2003-06-30,676
E06000014,York,2004-06-30,686
E06000014,York,2005-06-30,692
E06000014,York,2006-06-30,695
E06000014,York,2007-06-30,698
E06000014,York,2008-06-30,702
E06000014,York,2009-06-30,707
E06000014,York,2010-06-30,717
E06000014,York,2011-06-30,727
E06000014,York,2012-06-30,732
E06000014,York,2013-06-30,740
E06000014,York,2014-06-30,744
E06000014,York,2015-06-30,747
E06000014,York,2016-06-30,746
E06000014,York,2017-06-30,748
E06000014,York,2018-06-30,750
E06000014,York,2019-06-30,750
E06000014,York,2020-06-30,743
E06000014,York,2021-06-30,742
E06000014,York,2022-06-30,753
E06000014,York,2023-06-30,760
E06000014,York,2024-06-30,770
E06000015,Derby,1991-06-30,2857
E06000015,Derby,1992-06-30,2873
E06000015,Derby,1993-06-30,2887
E06000015,Derby,1994-06-30,2904
E06000015,Derby,1995-06-30,2918
E06000015,Derby,1996-06-30,2938
E06000015,Derby,1997-06-30,2954
E06000015,Derby,1998-06-30,2959
E06000015,Derby,1999-06-30,2964
E06000015,Derby,2000-06-30,2958
E06000015,Derby,2001-06-30,2957
E06000015,Derby,2002-06-30,2973
E06000015,Derby,2003-06-30,2984
E06000015,Derby,2004-06-30,3006
E06000015,Derby,2005-06-30,3031
E06000015,Derby,2006-06-30,3052
E06000015,Derby,2007-06-30,3075
E06000015,Derby,2008-06-30,3100
E06000015,Derby,2009-06-30,3127
E06000015,Derby,2010-06-30,3166
E06000015,Derby,2011-06-30,3191
E06000015,Derby,2012-06-30,3228
E06000015,Derby,2013-06-30,3253
E06000015,Derby,2014-06-30,3273
E06000015,Derby,2015-06-30,3299
E06000015,Derby,2016-06-30,3331
E06000015,Derby,2017-06-30,3347
E06000015,Derby,2018-06-30,3363
E06000015,Derby,2019-06-30,3371
E06000015,Derby,2020-06-30,3358
E06000015,Derby,2021-06-30,3349
E06000015,Derby,2022-06-30,3388
E06000015,Derby,2023-06-30,3460
E06000015,Derby,2024-06-30,3514
E06000016,Leicester,1991-06-30,3838
E06000016,Leicester,1992-06-30,3845
E06000016,Leicester,1993-06-30,3895
E06000016,Leicester,1994-06-30,3948
E06000016,Leicester,1995-06-30,3978
E06000016,Leicester,1996-06-30,3969
E06000016,Leicester,1997-06-30,3949
E06000016,Leicester,1998-06-30,3954
E06000016,Leicester,1999-06-30,3899
E06000016,Leicester,2000-06-30,3870
E06000016,Leicester,2001-06-30,3856
E06000016,Leicester,2002-06-30,3890
E06000016,Leicester,2003-06-30,3936
E06000016,Leicester,2004-06-30,4011
E06000016,Leicester,2005-06-30,4112
E06000016,Leicester,2006-06-30,4180
E06000016,Leicester,2007-06-30,4245
E06000016,Leicester,2008-06-30,4302
E06000016,Leicester,2009-06-30,4359
E06000016,Leicester,2010-06-30,4430
E06000016,Leicester,2011-06-30,4495
E06000016,Leicester,2012-06-30,4556
E06000016,Leicester,2013-06-30,4620
E06000016,Leicester,2014-06-30,4676
E06000016,Leicester,2015-06-30,4770
E06000016,Leicester,2016-06-30,4865
E06000016,Leicester,2017-06-30,4935
E06000016,Leicester,2018-06-30,5006
E06000016,Leicester,2019-06-30,5042
E06000016,Leicester,2020-06-30,5030
E06000016,Leicester,2021-06-30,5003
E06000016,Leicester,2022-06-30,5087
E06000016,Leicester,2023-06-30,5218
E06000016,Leicester,2024-06-30,5295
E06000017,Rutland,1991-06-30,86
E06000017,Rutland,1992-06-30,86
E06000017,Rutland,1993-06-30,85
E06000017,Rutland,1994-06-30,84
E06000017,Rutland,1995-06-30,86
E06000017,Rutland,1996-06-30,87
E06000017,Rutland,1997-06-30,86
E06000017,Rutland,1998-06-30,85
E06000017,Rutland,1999-06-30,88
E06000017,Rutland,2000-06-30,89
E06000017,Rutland,2001-06-30,91
E06000017,Rutland,2002-06-30,92
E06000017,Rutland,2003-06-30,93
E06000017,Rutland,2004-06-30,93
E06000017,Rutland,2005-06-30,95
E06000017,Rutland,2006-06-30,96
E06000017,Rutland,2007-06-30,97
E06000017,Rutland,2008-06-30,98
E06000017,Rutland,2009-06-30,98
E06000017,Rutland,2010-06-30,99
E06000017,Rutland,2011-06-30,98
E06000017,Rutland,2012-06-30,97
E06000017,Rutland,2013-06-30,99
E06000017,Rutland,2014-06-30,100
E06000017,Rutland,2015-06-30,101
E06000017,Rutland,2016-06-30,102
E06000017,Rutland,2017-06-30,104
E06000017,Rutland,2018-06-30,105
E06000017,Rutland,2019-06-30,105
E06000017,Rutland,2020-06-30,106
E06000017,Rutland,2021-06-30,108
E06000017,Rutland,2022-06-30,108
E06000017,Rutland,2023-06-30,107
E06000017,Rutland,2024-06-30,109
E06000018,Nottingham,1991-06-30,3743
E06000018,Nottingham,1992-06-30,3748
E06000018,Nottingham,1993-06-30,3734
E06000018,Nottingham,1994-06-30,3714
E06000018,Nottingham,1995-06-30,3719
E06000018,Nottingham,1996-06-30,3707
E06000018,Nottingham,1997-06-30,3732
E06000018,Nottingham,1998-06-30,3716
E06000018,Nottingham,1999-06-30,3665
E06000018,Nottingham,2000-06-30,3627
E06000018,Nottingham,2001-06-30,3603
E06000018,Nottingham,2002-06-30,3641
E06000018,Nottingham,2003-06-30,3691
E06000018,Nottingham,2004-06-30,3746
E06000018,Nottingham,2005-06-30,3816
E06000018,Nottingham,2006-06-30,3838
E06000018,Nottingham,2007-06-30,3861
E06000018,Nottingham,2008-06-30,3896
E06000018,Nottingham,2009-06-30,3950
E06000018,Nottingham,2010-06-30,4016
E06000018,Nottingham,2011-06-30,4071
E06000018,Nottingham,2012-06-30,4119
E06000018,Nottingham,2013-06-30,4135
E06000018,Nottingham,2014-06-30,4158
E06000018,Nottingham,2015-06-30,4197
E06000018,Nottingham,2016-06-30,4255
E06000018,Nottingham,2017-06-30,4292
E06000018,Nottingham,2018-06-30,4318
E06000018,Nottingham,2019-06-30,4329
E06000018,Nottingham,2020-06-30,4325
E06000018,Nottingham,2021-06-30,4287
E06000018,Nottingham,2022-06-30,4375
E06000018,Nottingham,2023-06-30,4383
E06000018,Nottingham,2024-06-30,4435
E06000019,"Herefordshire, County of",1991-06-30,74
E06000019,"Herefordshire, County of",1992-06-30,74
E06000019,"Herefordshire, County of",1993-06-30,75
E06000019,"Herefordshire, County of",1994-06-30,76
E06000019,"Herefordshire, County of",1995-06-30,76
E06000019,"Herefordshire, County of",1996-06-30,76
E06000019,"Herefordshire, County of",1997-06-30,77
E06000019,"Herefordshire, County of",1998-06-30,78
E06000019,"Herefordshire, County of",1999-06-30,79
E06000019,"Herefordshire, County of",2000-06-30,80
E06000019,"Herefordshire, County of",2001-06-30,80
E06000019,"Herefordshire, County of",2002-06-30,80
E06000019,"Herefordshire, County of",2003-06-30,81
E06000019,"Herefordshire, County of",2004-06-30,81
E06000019,"Herefordshire, County of",2005-06-30,81
E06000019,"Herefordshire, County of",2006-06-30,82
E06000019,"Herefordshire, County of",2007-06-30,83
E06000019,"Herefordshire, County of",2008-06-30,83
E06000019,"Herefordshire, County of",2009-06-30,84
E06000019,"Herefordshire, County of",2010-06-30,84
E06000019,"Herefordshire, County of",2011-06-30,84
E06000019,"Herefordshire, County of",2012-06-30,85
E06000019,"Herefordshire, County of",2013-06-30,85
E06000019,"Herefordshire, County of",2014-06-30,85
E06000019,"Herefordshire, County of",2015-06-30,85
E06000019,"Herefordshire, County of",2016-06-30,85
E06000019,"Herefordshire, County of",2017-06-30,86
E06000019,"Herefordshire, County of",2018-06-30,86
E06000019,"Herefordshire, County of",2019-06-30,86
E06000019,"Herefordshire, County of",2020-06-30,85
E06000019,"Herefordshire, County of",2021-06-30,86
E06000019,"Herefordshire, County of",2022-06-30,86
E06000019,"Herefordshire, County of",2023-06-30,87
E06000019,"Herefordshire, County of",2024-06-30,88
E06000020,Telford and Wrekin,1991-06-30,487
E06000020,Telford and Wrekin,1992-06-30,490
E06000020,Telford and Wrekin,1993-06-30,493
E06000020,Telford and Wrekin,1994-06-30,498
E06000020,Telford and Wrekin,1995-06-30,503
E06000020,Telford and Wrekin,1996-06-30,504
E06000020,Telford and Wrekin,1997-06-30,516
E06000020,Telford and Wrekin,1998-06-30,527
E06000020,Telford and Wrekin,1999-06-30,530
E06000020,Telford and Wrekin,2000-06-30,537
E06000020,Telford and Wrekin,2001-06-30,546
E06000020,Telford and Wrekin,2002-06-30,549
E06000020,Telford and Wrekin,2003-06-30,551
E06000020,Telford and Wrekin,2004-06-30,553
E06000020,Telford and Wrekin,2005-06-30,556
E06000020,Telford and Wrekin,2006-06-30,561
E06000020,Telford and Wrekin,2007-06-30,563
E06000020,Telford and Wrekin,2008-06-30,565
E06000020,Telford and Wrekin,2009-06-30,568
E06000020,Telford and Wrekin,2010-06-30,571
E06000020,Telford and Wrekin,2011-06-30,575
E06000020,Telford and Wrekin,2012-06-30,579
E06000020,Telford and Wrekin,2013-06-30,582
E06000020,Telford and Wrekin,2014-06-30,588
E06000020,Telford and Wrekin,2015-06-30,596
E06000020,Telford and Wrekin,2016-06-30,604
E06000020,Telford and Wrekin,2017-06-30,612
E06000020,Telford and Wrekin,2018-06-30,619
E06000020,Telford and Wrekin,2019-06-30,627
E06000020,Telford and Wrekin,2020-06-30,632
E06000020,Telford and Wrekin,2021-06-30,640
E06000020,Telford and Wrekin,2022-06-30,651
E06000020,Telford and Wrekin,2023-06-30,663
E06000020,Telford and Wrekin,2024-06-30,675
E06000021,Stoke-on-Trent,1991-06-30,2669
E06000021,Stoke-on-Trent,1992-06-30,2664
E06000021,Stoke-on-Trent,1993-06-30,2660
E06000021,Stoke-on-Trent,1994-06-30,2670
E06000021,Stoke-on-Trent,1995-06-30,2668
E06000021,Stoke-on-Trent,1996-06-30,2665
E06000021,Stoke-on-Trent,1997-06-30,2647
E06000021,Stoke-on-Trent,1998-06-30,2625
E06000021,Stoke-on-Trent,1999-06-30,2613
E06000021,Stoke-on-Trent,2000-06-30,2590
E06000021,Stoke-on-Trent,2001-06-30,2573
E06000021,Stoke-on-Trent,2002-06-30,2568
E06000021,Stoke-on-Trent,2003-06-30,2569
E06000021,Stoke-on-Trent,2004-06-30,2580
E06000021,Stoke-on-Trent,2005-06-30,2584
E06000021,Stoke-on-Trent,2006-06-30,2601
E06000021,Stoke-on-Trent,2007-06-30,2608
E06000021,Stoke-on-Trent,2008-06-30,2628
E06000021,Stoke-on-Trent,2009-06-30,2631
E06000021,Stoke-on-Trent,2010-06-30,2648
E06000021,Stoke-on-Trent,2011-06-30,2662
E06000021,Stoke-on-Trent,2012-06-30,2679
E06000021,Stoke-on-Trent,2013-06-30,2692
E06000021,Stoke-on-Trent,2014-06-30,2711
E06000021,Stoke-on-Trent,2015-06-30,2719
E06000021,Stoke-on-Trent,2016-06-30,2742
E06000021,Stoke-on-Trent,2017-06-30,2764
E06000021,Stoke-on-Trent,2018-06-30,2770
E06000021,Stoke-on-Trent,2019-06-30,2774
E06000021,Stoke-on-Trent,2020-06-30,2770
E06000021,Stoke-on-Trent,2021-06-30,2762
E06000021,Stoke-on-Trent,2022-06-30,2789
E06000021,Stoke-on-Trent,2023-06-30,2845
E06000021,Stoke-on-Trent,2024-06-30,2894
E06000022,Bath and North East Somerset,1991-06-30,472
E06000022,Bath and North East Somerset,1992-06-30,471
E06000022,Bath and North East Somerset,1993-06-30,469
E06000022,Bath and North East Somerset,1994-06-30,471
E06000022,Bath and North East Somerset,1995-06-30,473
E06000022,Bath and North East Somerset,1996-06-30,473
E06000022,Bath and North East Somerset,1997-06-30,476
E06000022,Bath and North East Somerset,1998-06-30,480
E06000022,Bath and North East Somerset,1999-06-30,483
E06000022,Bath and North East Somerset,2000-06-30,487
E06000022,Bath and North East Somerset,2001-06-30,489
E06000022,Bath and North East Somerset,2002-06-30,491
E06000022,Bath and North East Somerset,2003-06-30,493
E06000022,Bath and North East Somerset,2004-06-30,493
E06000022,Bath and North East Somerset,2005-06-30,495
E06000022,Bath and North East Somerset,2006-06-30,495
E06000022,Bath and North East Somerset,2007-06-30,499
E06000022,Bath and North East Somerset,2008-06-30,502
E06000022,Bath and North East Somerset,2009-06-30,501
E06000022,Bath and North East Somerset,2010-06-30,504
E06000022,Bath and North East Somerset,2011-06-30,507
E06000022,Bath and North East Somerset,2012-06-30,511
E06000022,Bath and North East Somerset,2013-06-30,517
E06000022,Bath and North East Somerset,2014-06-30,521
E06000022,Bath and North East Somerset,2015-06-30,528
E06000022,Bath and North East Somerset,2016-06-30,536
E06000022,Bath and North East Somerset,2017-06-30,540
E06000022,Bath and North East Somerset,2018-06-30,548
E06000022,Bath and North East Somerset,2019-06-30,550
E06000022,Bath and North East Somerset,2020-06-30,555
E06000022,Bath and North East Somerset,2021-06-30,556
E06000022,Bath and North East Somerset,2022-06-30,565
E06000022,Bath and North East Somerset,2023-06-30,573
E06000022,Bath and North East Somerset,2024-06-30,578
E06000023,"Bristol, City of",1991-06-30,3576
E06000023,"Bristol, City of",1992-06-30,3562
E06000023,"Bristol, City of",1993-06-30,3562
E06000023,"Bristol, City of",1994-06-30,3566
E06000023,"Bristol, City of",1995-06-30,3569
E06000023,"Bristol, City of",1996-06-30,3549
E06000023,"Bristol, City of",1997-06-30,3549
E06000023,"Bristol, City of",1998-06-30,3551
E06000023,"Bristol, City of",1999-06-30,3566
E06000023,"Bristol, City of",2000-06-30,3561
E06000023,"Bristol, City of",2001-06-30,3557
E06000023,"Bristol, City of",2002-06-30,3554
E06000023,"Bristol, City of",2003-06-30,3570
E06000023,"Bristol, City of",2004-06-30,3609
E06000023,"Bristol, City of",2005-06-30,3697
E06000023,"Bristol, City of",2006-06-30,3725
E06000023,"Bristol, City of",2007-06-30,3756
E06000023,"Bristol, City of",2008-06-30,3783
E06000023,"Bristol, City of",2009-06-30,3821
E06000023,"Bristol, City of",2010-06-30,3858
E06000023,"Bristol, City of",2011-06-30,3904
E06000023,"Bristol, City of",2012-06-30,3951
E06000023,"Bristol, City of",2013-06-30,4003
E06000023,"Bristol, City of",2014-06-30,4047
E06000023,"Bristol, City of",2015-06-30,4120
E06000023,"Bristol, City of",2016-06-30,4191
E06000023,"Bristol, City of",2017-06-30,4223
E06000023,"Bristol, City of",2018-06-30,4259
E06000023,"Bristol, City of",2019-06-30,4285
E06000023,"Bristol, City of",2020-06-30,4303
E06000023,"Bristol, City of",2021-06-30,4298
E06000023,"Bristol, City of",2022-06-30,4374
E06000023,"Bristol, City of",2023-06-30,4435
E06000023,"Bristol, City of",2024-06-30,4509
E06000024,North Somerset,1991-06-30,479
E06000024,North Somerset,1992-06-30,481
E06000024,North Somerset,1993-06-30,484
E06000024,North Somerset,1994-06-30,485
E06000024,North Somerset,1995-06-30,487
E06000024,North Somerset,1996-06-30,490
E06000024,North Somerset,1997-06-30,492
E06000024,North Somerset,1998-06-30,497
E06000024,North Somerset,1999-06-30,500
E06000024,North Somerset,2000-06-30,502
E06000024,North Somerset,2001-06-30,505
E06000024,North Somerset,2002-06-30,508
E06000024,North Somerset,2003-06-30,512
E06000024,North Somerset,2004-06-30,516
E06000024,North Somerset,2005-06-30,521
E06000024,North Somerset,2006-06-30,527
E06000024,North Somerset,2007-06-30,534
E06000024,North Somerset,2008-06-30,537
E06000024,North Somerset,2009-06-30,540
E06000024,North Somerset,2010-06-30,543
E06000024,North Somerset,2011-06-30,543
E06000024,North Somerset,2012-06-30,547
E06000024,North Somerset,2013-06-30,552
E06000024,North Somerset,2014-06-30,558
E06000024,North Somerset,2015-06-30,563
E06000024,North Somerset,2016-06-30,569
E06000024,North Somerset,2017-06-30,572
E06000024,North Somerset,2018-06-30,573
E06000024,North Somerset,2019-06-30,577
E06000024,North Somerset,2020-06-30,577
E06000024,North Somerset,2021-06-30,582
E06000024,North Somerset,2022-06-30,586
E06000024,North Somerset,2023-06-30,594
E06000024,North Somerset,2024-06-30,601
E06000025,South Gloucestershire,1991-06-30,447
E06000025,South Gloucestershire,1992-06-30,454
E06000025,South Gloucestershire,1993-06-30,460
E06000025,South Gloucestershire,1994-06-30,464
E06000025,South Gloucestershire,1995-06-30,465
E06000025,South Gloucestershire,1996-06-30,469
E06000025,South Gloucestershire,1997-06-30,475
E06000025,South Gloucestershire,1998-06-30,480
E06000025,South Gloucestershire,1999-06-30,486
E06000025,South Gloucestershire,2000-06-30,493
E06000025,South Gloucestershire,2001-06-30,495
E06000025,South Gloucestershire,2002-06-30,498
E06000025,South Gloucestershire,2003-06-30,501
E06000025,South Gloucestershire,2004-06-30,505
E06000025,South Gloucestershire,2005-06-30,509
E06000025,South Gloucestershire,2006-06-30,514
E06000025,South Gloucestershire,2007-06-30,516
E06000025,South Gloucestershire,2008-06-30,519
E06000025,South Gloucestershire,2009-06-30,523
E06000025,South Gloucestershire,2010-06-30,526
E06000025,South Gloucestershire,2011-06-30,530
E06000025,South Gloucestershire,2012-06-30,535
E06000025,South Gloucestershire,2013-06-30,540
E06000025,South Gloucestershire,2014-06-30,543
E06000025,South Gloucestershire,2015-06-30,548
E06000025,South Gloucestershire,2016-06-30,555
E06000025,South Gloucestershire,2017-06-30,560
E06000025,South Gloucestershire,2018-06-30,567
E06000025,South Gloucestershire,2019-06-30,573
E06000025,South Gloucestershire,2020-06-30,578
E06000025,South Gloucestershire,2021-06-30,585
E06000025,South Gloucestershire,2022-06-30,594
E06000025,South Gloucestershire,2023-06-30,604
E06000025,South Gloucestershire,2024-06-30,616
E06000026,Plymouth,1991-06-30,3146
E06000026,Plymouth,1992-06-30,3172
E06000026,Plymouth,1993-06-30,3178
E06000026,Plymouth,1994-06-30,3125
E06000026,Plymouth,1995-06-30,3135
E06000026,Plymouth,1996-06-30,3103
E06000026,Plymouth,1997-06-30,3081
E06000026,Plymouth,1998-06-30,3042
E06000026,Plymouth,1999-06-30,3030
E06000026,Plymouth,2000-06-30,3027
E06000026,Plymouth,2001-06-30,3018
E06000026,Plymouth,2002-06-30,3038
E06000026,Plymouth,2003-06-30,3048
E06000026,Plymouth,2004-06-30,3056
E06000026,Plymouth,2005-06-30,3100
E06000026,Plymouth,2006-06-30,3121
E06000026,Plymouth,2007-06-30,3146
E06000026,Plymouth,2008-06-30,3162
E06000026,Plymouth,2009-06-30,3170
E06000026,Plymouth,2010-06-30,3184
E06000026,Plymouth,2011-06-30,3213
E06000026,Plymouth,2012-06-30,3230
E06000026,Plymouth,2013-06-30,3250
E06000026,Plymouth,2014-06-30,3281
E06000026,Plymouth,2015-06-30,3295
E06000026,Plymouth,2016-06-30,3312
E06000026,Plymouth,2017-06-30,3322
E06000026,Plymouth,2018-06-30,3327
E06000026,Plymouth,2019-06-30,3319
E06000026,Plymouth,2020-06-30,3317
E06000026,Plymouth,2021-06-30,3316
E06000026,Plymouth,2022-06-30,3350
E06000026,Plymouth,2023-06-30,3389
E06000026,Plymouth,2024-06-30,3407
E06000027,Torbay,1991-06-30,1940
E06000027,Torbay,1992-06-30,1933
E06000027,Torbay,1993-06-30,1933
E06000027,Torbay,1994-06-30,1967
E06000027,Torbay,1995-06-30,1987
E06000027,Torbay,1996-06-30,1984
E06000027,Torbay,1997-06-30,1981
E06000027,Torbay,1998-06-30,1987
E06000027,Torbay,1999-06-30,2009
E06000027,Torbay,2000-06-30,2043
E06000027,Torbay,2001-06-30,2067
E06000027,Torbay,2002-06-30,2076
E06000027,Torbay,2003-06-30,2087
E06000027,Torbay,2004-06-30,2098
E06000027,Torbay,2005-06-30,2102
E06000027,Torbay,2006-06-30,2097
E06000027,Torbay,2007-06-30,2102
E06000027,Torbay,2008-06-30,2101
E06000027,Torbay,2009-06-30,2094
E06000027,Torbay,2010-06-30,2091
E06000027,Torbay,2011-06-30,2087
E06000027,Torbay,2012-06-30,2096
E06000027,Torbay,2013-06-30,2114
E06000027,Torbay,2014-06-30,2135
E06000027,Torbay,2015-06-30,2148
E06000027,Torbay,2016-06-30,2166
E06000027,Torbay,2017-06-30,2184
E06000027,Torbay,2018-06-30,2196
E06000027,Torbay,2019-06-30,2207
E06000027,Torbay,2020-06-30,2206
E06000027,Torbay,2021-06-30,2218
E06000027,Torbay,2022-06-30,2218
E06000027,Torbay,2023-06-30,2223
E06000027,Torbay,2024-06-30,2229
E06000030,Swindon,1991-06-30,745
E06000030,Swindon,1992-06-30,748
E06000030,Swindon,1993-06-30,748
E06000030,Swindon,1994-06-30,747
E06000030,Swindon,1995-06-30,747
E06000030,Swindon,1996-06-30,751
E06000030,Swindon,1997-06-30,761
E06000030,Swindon,1998-06-30,773
E06000030,Swindon,1999-06-30,779
E06000030,Swindon,2000-06-30,781
E06000030,Swindon,2001-06-30,783
E06000030,Swindon,2002-06-30,792
E06000030,Swindon,2003-06-30,801
E06000030,Swindon,2004-06-30,810
E06000030,Swindon,2005-06-30,824
E06000030,Swindon,2006-06-30,836
E06000030,Swindon,2007-06-30,856
E06000030,Swindon,2008-06-30,876
E06000030,Swindon,2009-06-30,888
E06000030,Swindon,2010-06-30,899
E06000030,Swindon,2011-06-30,912
E06000030,Swindon,2012-06-30,925
E06000030,Swindon,2013-06-30,939
E06000030,Swindon,2014-06-30,952
E06000030,Swindon,2015-06-30,964
E06000030,Swindon,2016-06-30,976
E06000030,Swindon,2017-06-30,990
E06000030,Swindon,2018-06-30,1000
E06000030,Swindon,2019-06-30,1008
E06000030,Swindon,2020-06-30,1011
E06000030,Swindon,2021-06-30,1016
E06000030,Swindon,2022-06-30,1026
E06000030,Swindon,2023-06-30,1044
E06000030,Swindon,2024-06-30,1060
E06000031,Peterborough,1991-06-30,449
E06000031,Peterborough,1992-06-30,453
E06000031,Peterborough,1993-06-30,453
E06000031,Peterborough,1994-06-30,460
E06000031,Peterborough,1995-06-30,462
E06000031,Peterborough,1996-06-30,460
E06000031,Peterborough,1997-06-30,455
E06000031,Peterborough,1998-06-30,454
E06000031,Peterborough,1999-06-30,456
E06000031,Peterborough,2000-06-30,456
E06000031,Peterborough,2001-06-30,458
E06000031,Peterborough,2002-06-30,462
E06000031,Peterborough,2003-06-30,468
E06000031,Peterborough,2004-06-30,476
E06000031,Peterborough,2005-06-30,487
E06000031,Peterborough,2006-06-30,495
E06000031,Peterborough,2007-06-30,502
E06000031,Peterborough,2008-06-30,513
E06000031,Peterborough,2009-06-30,521
E06000031,Peterborough,2010-06-30,529
E06000031,Peterborough,2011-06-30,537
E06000031,Peterborough,2012-06-30,549
E06000031,Peterborough,2013-06-30,561
E06000031,Peterborough,2014-06-30,570
E06000031,Peterborough,2015-06-30,583
E06000031,Peterborough,2016-06-30,597
E06000031,Peterborough,2017-06-30,606
E06000031,Peterborough,2018-06-30,615
E06000031,Peterborough,2019-06-30,620
E06000031,Peterborough,2020-06-30,622
E06000031,Peterborough,2021-06-30,630
E06000031,Peterborough,2022-06-30,635
E06000031,Peterborough,2023-06-30,644
E06000031,Peterborough,2024-06-30,651
E06000032,Luton,1991-06-30,4006
E06000032,Luton,1992-06-30,4056
E06000032,Luton,1993-06-30,4121
E06000032,Luton,1994-06-30,4171
E06000032,Luton,1995-06-30,4184
E06000032,Luton,1996-06-30,4188
E06000032,Luton,1997-06-30,4202
E06000032,Luton,1998-06-30,4250
E06000032,Luton,1999-06-30,4267
E06000032,Luton,2000-06-30,4279
E06000032,Luton,2001-06-30,4288
E06000032,Luton,2002-06-30,4282
E06000032,Luton,2003-06-30,4268
E06000032,Luton,2004-06-30,4234
E06000032,Luton,2005-06-30,4276
E06000032,Luton,2006-06-30,4321
E06000032,Luton,2007-06-30,4377
E06000032,Luton,2008-06-30,4431
E06000032,Luton,2009-06-30,4508
E06000032,Luton,2010-06-30,4604
E06000032,Luton,2011-06-30,4697
E06000032,Luton,2012-06-30,4749
E06000032,Luton,2013-06-30,4835
E06000032,Luton,2014-06-30,4931
E06000032,Luton,2015-06-30,5020
E06000032,Luton,2016-06-30,5097
E06000032,Luton,2017-06-30,5092
E06000032,Luton,2018-06-30,5110
E06000032,Luton,2019-06-30,5146
E06000032,Luton,2020-06-30,5170
E06000032,Luton,2021-06-30,5189
E06000032,Luton,2022-06-30,5249
E06000032,Luton,2023-06-30,5389
E06000032,Luton,2024-06-30,5515
E06000033,Southend-on-Sea,1991-06-30,3868
E06000033,Southend-on-Sea,1992-06-30,3898
E06000033,Southend-on-Sea,1993-06-30,3923
E06000033,Southend-on-Sea,1994-06-30,3945
E06000033,Southend-on-Sea,1995-06-30,3934
E06000033,Southend-on-Sea,1996-06-30,3920
E06000033,Southend-on-Sea,1997-06-30,3962
E06000033,Southend-on-Sea,1998-06-30,3931
E06000033,Southend-on-Sea,1999-06-30,3909
E06000033,Southend-on-Sea,2000-06-30,3877
E06000033,Southend-on-Sea,2001-06-30,3848
E06000033,Southend-on-Sea,2002-06-30,3867
E06000033,Southend-on-Sea,2003-06-30,3874
E06000033,Southend-on-Sea,2004-06-30,3875
E06000033,Southend-on-Sea,2005-06-30,3903
E06000033,Southend-on-Sea,2006-06-30,3930
E06000033,Southend-on-Sea,2007-06-30,3970
E06000033,Southend-on-Sea,2008-06-30,4035
E06000033,Southend-on-Sea,2009-06-30,4080
E06000033,Southend-on-Sea,2010-06-30,4130
E06000033,Southend-on-Sea,2011-06-30,4182
E06000033,Southend-on-Sea,2012-06-30,4204
E06000033,Southend-on-Sea,2013-06-30,4232
E06000033,Southend-on-Sea,2014-06-30,4286
E06000033,Southend-on-Sea,2015-06-30,4300
E06000033,Southend-on-Sea,2016-06-30,4330
E06000033,Southend-on-Sea,2017-06-30,4353
E06000033,Southend-on-Sea,2018-06-30,4364
E06000033,Southend-on-Sea,2019-06-30,4370
E06000033,Southend-on-Sea,2020-06-30,4350
E06000033,Southend-on-Sea,2021-06-30,4335
E06000033,Southend-on-Sea,2022-06-30,4339
E06000033,Southend-on-Sea,2023-06-30,4386
E06000033,Southend-on-Sea,2024-06-30,4445
E06000034,Thurrock,1991-06-30,785
E06000034,Thurrock,1992-06-30,799
E06000034,Thurrock,1993-06-30,804
E06000034,Thurrock,1994-06-30,809
E06000034,Thurrock,1995-06-30,814
E06000034,Thurrock,1996-06-30,822
E06000034,Thurrock,1997-06-30,826
E06000034,Thurrock,1998-06-30,847
E06000034,Thurrock,1999-06-30,851
E06000034,Thurrock,2000-06-30,864
E06000034,Thurrock,2001-06-30,875
E06000034,Thurrock,2002-06-30,883
E06000034,Thurrock,2003-06-30,891
E06000034,Thurrock,2004-06-30,898
E06000034,Thurrock,2005-06-30,907
E06000034,Thurrock,2006-06-30,917
E06000034,Thurrock,2007-06-30,926
E06000034,Thurrock,2008-06-30,938
E06000034,Thurrock,2009-06-30,946
E06000034,Thurrock,2010-06-30,956
E06000034,Thurrock,2011-06-30,966
E06000034,Thurrock,2012-06-30,977
E06000034,Thurrock,2013-06-30,987
E06000034,Thurrock,2014-06-30,1004
E06000034,Thurrock,2015-06-30,1017
E06000034,Thurrock,2016-06-30,1031
E06000034,Thurrock,2017-06-30,1044
E06000034,Thurrock,2018-06-30,1057
E06000034,Thurrock,2019-06-30,1068
E06000034,Thurrock,2020-06-30,1073
E06000034,Thurrock,2021-06-30,1074
E06000034,Thurrock,2022-06-30,1079
E06000034,Thurrock,2023-06-30,1094
E06000034,Thurrock,2024-06-30,1105
E06000035,Medway,1991-06-30,1252
E06000035,Medway,1992-06-30,1258
E06000035,Medway,1993-06-30,1252
E06000035,Medway,1994-06-30,1252
E06000035,Medway,1995-06-30,1246
E06000035,Medway,1996-06-30,1246
E06000035,Medway,1997-06-30,1251
E06000035,Medway,1998-06-30,1266
E06000035,Medway,1999-06-30,1272
E06000035,Medway,2000-06-30,1283
E06000035,Medway,2001-06-30,1289
E06000035,Medway,2002-06-30,1292
E06000035,Medway,2003-06-30,1296
E06000035,Medway,2004-06-30,1298
E06000035,Medway,2005-06-30,1301
E06000035,Medway,2006-06-30,1308
E06000035,Medway,2007-06-30,1321
E06000035,Medway,2008-06-30,1333
E06000035,Medway,2009-06-30,1343
E06000035,Medway,2010-06-30,1356
E06000035,Medway,2011-06-30,1367
E06000035,Medway,2012-06-30,1384
E06000035,Medway,2013-06-30,1399
E06000035,Medway,2014-06-30,1414
E06000035,Medway,2015-06-30,1425
E06000035,Medway,2016-06-30,1432
E06000035,Medway,2017-06-30,1438
E06000035,Medway,2018-06-30,1439
E06000035,Medway,2019-06-30,1445
E06000035,Medway,2020-06-30,1447
E06000035,Medway,2021-06-30,1445
E06000035,Medway,2022-06-30,1460
E06000035,Medway,2023-06-30,1487
E06000035,Medway,2024-06-30,1511
E06000036,Bracknell Forest,1991-06-30,897
E06000036,Bracknell Forest,1992-06-30,909
E06000036,Bracknell Forest,1993-06-30,923
E06000036,Bracknell Forest,1994-06-30,947
E06000036,Bracknell Forest,1995-06-30,973
E06000036,Bracknell Forest,1996-06-30,993
E06000036,Bracknell Forest,1997-06-30,996
E06000036,Bracknell Forest,1998-06-30,996
E06000036,Bracknell Forest,1999-06-30,1004
E06000036,Bracknell Forest,2000-06-30,1003
E06000036,Bracknell Forest,2001-06-30,1003
E06000036,Bracknell Forest,2002-06-30,1001
E06000036,Bracknell Forest,2003-06-30,1001
E06000036,Bracknell Forest,2004-06-30,998
E06000036,Bracknell Forest,2005-06-30,1001
E06000036,Bracknell Forest,2006-06-30,1005
E06000036,Bracknell Forest,2007-06-30,1012
E06000036,Bracknell Forest,2008-06-30,1019
E06000036,Bracknell Forest,2009-06-30,1023
E06000036,Bracknell Forest,2010-06-30,1032
E06000036,Bracknell Forest,2011-06-30,1040
E06000036,Bracknell Forest,2012-06-30,1052
E06000036,Bracknell Forest,2013-06-30,1066
E06000036,Bracknell Forest,2014-06-30,1079
E06000036,Bracknell Forest,2015-06-30,1089
E06000036,Bracknell Forest,2016-06-30,1093
E06000036,Bracknell Forest,2017-06-30,1099
E06000036,Bracknell Forest,2018-06-30,1107
E06000036,Bracknell Forest,2019-06-30,1112
E06000036,Bracknell Forest,2020-06-30,1126
E06000036,Bracknell Forest,2021-06-30,1145
E06000036,Bracknell Forest,2022-06-30,1163
E06000036,Bracknell Forest,2023-06-30,1180
E06000036,Bracknell Forest,2024-06-30,1196
E06000037,West Berkshire,1991-06-30,197
E06000037,West Berkshire,1992-06-30,198
E06000037,West Berkshire,1993-06-30,199
E06000037,West Berkshire,1994-06-30,200
E06000037,West Berkshire,1995-06-30,202
E06000037,West Berkshire,1996-06-30,203
E06000037,West Berkshire,1997-06-30,204
E06000037,West Berkshire,1998-06-30,204
E06000037,West Berkshire,1999-06-30,205
E06000037,West Berkshire,2000-06-30,205
E06000037,West Berkshire,2001-06-30,205
E06000037,West Berkshire,2002-06-30,204
E06000037,West Berkshire,2003-06-30,205
E06000037,West Berkshire,2004-06-30,206
E06000037,West Berkshire,2005-06-30,208
E06000037,West Berkshire,2006-06-30,210
E06000037,West Berkshire,2007-06-30,213
E06000037,West Berkshire,2008-06-30,216
E06000037,West Berkshire,2009-06-30,217
E06000037,West Berkshire,2010-06-30,219
E06000037,West Berkshire,2011-06-30,219
E06000037,West Berkshire,2012-06-30,220
E06000037,West Berkshire,2013-06-30,223
E06000037,West Berkshire,2014-06-30,224
E06000037,West Berkshire,2015-06-30,226
E06000037,West Berkshire,2016-06-30,228
E06000037,West Berkshire,2017-06-30,228
E06000037,West Berkshire,2018-06-30,229
E06000037,West Berkshire,2019-06-30,228
E06000037,West Berkshire,2020-06-30,229
E06000037,West Berkshire,2021-06-30,230
E06000037,West Berkshire,2022-06-30,231
E06000037,West Berkshire,2023-06-30,233
E06000037,West Berkshire,2024-06-30,234
E06000038,Reading,1991-06-30,3338
E06000038,Reading,1992-06-30,3351
E06000038,Reading,1993-06-30,3354
E06000038,Reading,1994-06-30,3362
E06000038,Reading,1995-06-30,3427
E06000038,Reading,1996-06-30,3453
E06000038,Reading,1997-06-30,3520
E06000038,Reading,1998-06-30,3568
E06000038,Reading,1999-06-30,3553
E06000038,Reading,2000-06-30,3563
E06000038,Reading,2001-06-30,3582
E06000038,Reading,2002-06-30,3563
E06000038,Reading,2003-06-30,3567
E06000038,Reading,2004-06-30,3580
E06000038,Reading,2005-06-30,3638
E06000038,Reading,2006-06-30,3672
E06000038,Reading,2007-06-30,3705
E06000038,Reading,2008-06-30,3750
E06000038,Reading,2009-06-30,3771
E06000038,Reading,2010-06-30,3820
E06000038,Reading,2011-06-30,3846
E06000038,Reading,2012-06-30,3938
E06000038,Reading,2013-06-30,4037
E06000038,Reading,2014-06-30,4117
E06000038,Reading,2015-06-30,4189
E06000038,Reading,2016-06-30,4252
E06000038,Reading,2017-06-30,4284
E06000038,Reading,2018-06-30,4320
E06000038,Reading,2019-06-30,4315
E06000038,Reading,2020-06-30,4305
E06000038,Reading,2021-06-30,4292
E06000038,Reading,2022-06-30,4362
E06000038,Reading,2023-06-30,4453
E06000038,Reading,2024-06-30,4528
E06000039,Slough,1991-06-30,3238
E06000039,Slough,1992-06-30,3286
E06000039,Slough,1993-06-30,3343
E06000039,Slough,1994-06-30,3411
E06000039,Slough,1995-06-30,3470
E06000039,Slough,1996-06-30,3530
E06000039,Slough,1997-06-30,3580
E06000039,Slough,1998-06-30,3625
E06000039,Slough,1999-06-30,3641
E06000039,Slough,2000-06-30,3678
E06000039,Slough,2001-06-30,3705
E06000039,Slough,2002-06-30,3716
E06000039,Slough,2003-06-30,3714
E06000039,Slough,2004-06-30,3713
E06000039,Slough,2005-06-30,3776
E06000039,Slough,2006-06-30,3847
E06000039,Slough,2007-06-30,3933
E06000039,Slough,2008-06-30,4039
E06000039,Slough,2009-06-30,4141
E06000039,Slough,2010-06-30,4235
E06000039,Slough,2011-06-30,4324
E06000039,Slough,2012-06-30,4397
E06000039,Slough,2013-06-30,4452
E06000039,Slough,2014-06-30,4527
E06000039,Slough,2015-06-30,4613
E06000039,Slough,2016-06-30,4688
E06000039,Slough,2017-06-30,4750
E06000039,Slough,2018-06-30,4791
E06000039,Slough,2019-06-30,4844
E06000039,Slough,2020-06-30,4864
E06000039,Slough,2021-06-30,4869
E06000039,Slough,2022-06-30,4908
E06000039,Slough,2023-06-30,5038
E06000039,Slough,2024-06-30,5143
E06000040,Windsor and Maidenhead,1991-06-30,680
E06000040,Windsor and Maidenhead,1992-06-30,681
E06000040,Windsor and Maidenhead,1993-06-30,682
E06000040,Windsor and Maidenhead,1994-06-30,683
E06000040,Windsor and Maidenhead,1995-06-30,689
E06000040,Windsor and Maidenhead,1996-06-30,692
E06000040,Windsor and Maidenhead,1997-06-30,687
E06000040,Windsor and Maidenhead,1998-06-30,677
E06000040,Windsor and Maidenhead,1999-06-30,676
E06000040,Windsor and Maidenhead,2000-06-30,680
E06000040,Windsor and Maidenhead,2001-06-30,680
E06000040,Windsor and Maidenhead,2002-06-30,680
E06000040,Windsor and Maidenhead,2003-06-30,683
E06000040,Windsor and Maidenhead,2004-06-30,687
E06000040,Windsor and Maidenhead,2005-06-30,694
E06000040,Windsor and Maidenhead,2006-06-30,702
E06000040,Windsor and Maidenhead,2007-06-30,711
E06000040,Windsor and Maidenhead,2008-06-30,719
E06000040,Windsor and Maidenhead,2009-06-30,725
E06000040,Windsor and Maidenhead,2010-06-30,733
E06000040,Windsor and Maidenhead,2011-06-30,738
E06000040,Windsor and Maidenhead,2012-06-30,746
E06000040,Windsor and Maidenhead,2013-06-30,751
E06000040,Windsor and Maidenhead,2014-06-30,758
E06000040,Windsor and Maidenhead,2015-06-30,764
E06000040,Windsor and Maidenhead,2016-06-30,774
E06000040,Windsor and Maidenhead,2017-06-30,777
E06000040,Windsor and Maidenhead,2018-06-30,781
E06000040,Windsor and Maidenhead,2019-06-30,783
E06000040,Windsor and Maidenhead,2020-06-30,784
E06000040,Windsor and Maidenhead,2021-06-30,783
E06000040,Windsor and Maidenhead,2022-06-30,789
E06000040,Windsor and Maidenhead,2023-06-30,800
E06000040,Windsor and Maidenhead,2024-06-30,809
E06000041,Wokingham,1991-06-30,789
E06000041,Wokingham,1992-06-30,795
E06000041,Wokingham,1993-06-30,800
E06000041,Wokingham,1994-06-30,797
E06000041,Wokingham,1995-06-30,802
E06000041,Wokingham,1996-06-30,807
E06000041,Wokingham,1997-06-30,819
E06000041,Wokingham,1998-06-30,827
E06000041,Wokingham,1999-06-30,826
E06000041,Wokingham,2000-06-30,835
E06000041,Wokingham,2001-06-30,840
E06000041,Wokingham,2002-06-30,835
E06000041,Wokingham,2003-06-30,831
E06000041,Wokingham,2004-06-30,833
E06000041,Wokingham,2005-06-30,836
E06000041,Wokingham,2006-06-30,841
E06000041,Wokingham,2007-06-30,850
E06000041,Wokingham,2008-06-30,856
E06000041,Wokingham,2009-06-30,861
E06000041,Wokingham,2010-06-30,864
E06000041,Wokingham,2011-06-30,866
E06000041,Wokingham,2012-06-30,877
E06000041,Wokingham,2013-06-30,885
E06000041,Wokingham,2014-06-30,892
E06000041,Wokingham,2015-06-30,904
E06000041,Wokingham,2016-06-30,915
E06000041,Wokingham,2017-06-30,926
E06000041,Wokingham,2018-06-30,943
E06000041,Wokingham,2019-06-30,960
E06000041,Wokingham,2020-06-30,976
E06000041,Wokingham,2021-06-30,996
E06000041,Wokingham,2022-06-30,1013
E06000041,Wokingham,2023-06-30,1031
E06000041,Wokingham,2024-06-30,1046
E06000042,Milton Keynes,1991-06-30,578
E06000042,Milton Keynes,1992-06-30,584
E06000042,Milton Keynes,1993-06-30,596
E06000042,Milton Keynes,1994-06-30,609
E06000042,Milton Keynes,1995-06-30,623
E06000042,Milton Keynes,1996-06-30,637
E06000042,Milton Keynes,1997-06-30,647
E06000042,Milton Keynes,1998-06-30,657
E06000042,Milton Keynes,1999-06-30,670
E06000042,Milton Keynes,2000-06-30,680
E06000042,Milton Keynes,2001-06-30,689
E06000042,Milton Keynes,2002-06-30,697
E06000042,Milton Keynes,2003-06-30,705
E06000042,Milton Keynes,2004-06-30,711
E06000042,Milton Keynes,2005-06-30,724
E06000042,Milton Keynes,2006-06-30,736
E06000042,Milton Keynes,2007-06-30,749
E06000042,Milton Keynes,2008-06-30,763
E06000042,Milton Keynes,2009-06-30,778
E06000042,Milton Keynes,2010-06-30,795
E06000042,Milton Keynes,2011-06-30,810
E06000042,Milton Keynes,2012-06-30,823
E06000042,Milton Keynes,2013-06-30,841
E06000042,Milton Keynes,2014-06-30,858
E06000042,Milton Keynes,2015-06-30,874
E06000042,Milton Keynes,2016-06-30,888
E06000042,Milton Keynes,2017-06-30,896
E06000042,Milton Keynes,2018-06-30,904
E06000042,Milton Keynes,2019-06-30,912
E06000042,Milton Keynes,2020-06-30,919
E06000042,Milton Keynes,2021-06-30,934
E06000042,Milton Keynes,2022-06-30,948
E06000042,Milton Keynes,2023-06-30,973
E06000042,Milton Keynes,2024-06-30,991
E06000043,Brighton and Hove,1991-06-30,2904
E06000043,Brighton and Hove,1992-06-30,2909
E06000043,Brighton and Hove,1993-06-30,2906
E06000043,Brighton and Hove,1994-06-30,2908
E06000043,Brighton and Hove,1995-06-30,2921
E06000043,Brighton and Hove,1996-06-30,2928
E06000043,Brighton and Hove,1997-06-30,2955
E06000043,Brighton and Hove,1998-06-30,2980
E06000043,Brighton and Hove,1999-06-30,2994
E06000043,Brighton and Hove,2000-06-30,3004
E06000043,Brighton and Hove,2001-06-30,3018
E06000043,Brighton and Hove,2002-06-30,3015
E06000043,Brighton and Hove,2003-06-30,3017
E06000043,Brighton and Hove,2004-06-30,3017
E06000043,Brighton and Hove,2005-06-30,3053
E06000043,Brighton and Hove,2006-06-30,3086
E06000043,Brighton and Hove,2007-06-30,3117
E06000043,Brighton and Hove,2008-06-30,3164
E06000043,Brighton and Hove,2009-06-30,3207
E06000043,Brighton and Hove,2010-06-30,3254
E06000043,Brighton and Hove,2011-06-30,3296
E06000043,Brighton and Hove,2012-06-30,3309
E06000043,Brighton and Hove,2013-06-30,3326
E06000043,Brighton and Hove,2014-06-30,3332
E06000043,Brighton and Hove,2015-06-30,3349
E06000043,Brighton and Hove,2016-06-30,3378
E06000043,Brighton and Hove,2017-06-30,3375
E06000043,Brighton and Hove,2018-06-30,3396
E06000043,Brighton and Hove,2019-06-30,3380
E06000043,Brighton and Hove,2020-06-30,3363
E06000043,Brighton and Hove,2021-06-30,3338
E06000043,Brighton and Hove,2022-06-30,3357
E06000043,Brighton and Hove,2023-06-30,3394
E06000043,Brighton and Hove,2024-06-30,3427
E06000044,Portsmouth,1991-06-30,4624
E06000044,Portsmouth,1992-06-30,4645
E06000044,Portsmouth,1993-06-30,4640
E06000044,Portsmouth,1994-06-30,4653
E06000044,Portsmouth,1995-06-30,4678
E06000044,Portsmouth,1996-06-30,4692
E06000044,Portsmouth,1997-06-30,4690
E06000044,Portsmouth,1998-06-30,4683
E06000044,Portsmouth,1999-06-30,4649
E06000044,Portsmouth,2000-06-30,4651
E06000044,Portsmouth,2001-06-30,4656
E06000044,Portsmouth,2002-06-30,4667
E06000044,Portsmouth,2003-06-30,4712
E06000044,Portsmouth,2004-06-30,4791
E06000044,Portsmouth,2005-06-30,4861
E06000044,Portsmouth,2006-06-30,4852
E06000044,Portsmouth,2007-06-30,4826
E06000044,Portsmouth,2008-06-30,4854
E06000044,Portsmouth,2009-06-30,4927
E06000044,Portsmouth,2010-06-30,5019
E06000044,Portsmouth,2011-06-30,5087
E06000044,Portsmouth,2012-06-30,5094
E06000044,Portsmouth,2013-06-30,5098
E06000044,Portsmouth,2014-06-30,5106
E06000044,Portsmouth,2015-06-30,5147
E06000044,Portsmouth,2016-06-30,5199
E06000044,Portsmouth,2017-06-30,5224
E06000044,Portsmouth,2018-06-30,5230
E06000044,Portsmouth,2019-06-30,5210
E06000044,Portsmouth,2020-06-30,5179
E06000044,Portsmouth,2021-06-30,5128
E06000044,Portsmouth,2022-06-30,5190
E06000044,Portsmouth,2023-06-30,5298
E06000044,Portsmouth,2024-06-30,5307
E06000045,Southampton,1991-06-30,4105
E06000045,Southampton,1992-06-30,4119
E06000045,Southampton,1993-06-30,4140
E06000045,Southampton,1994-06-30,4193
E06000045,Southampton,1995-06-30,4234
E06000045,Southampton,1996-06-30,4269
E06000045,Southampton,1997-06-30,4284
E06000045,Southampton,1998-06-30,4321
E06000045,Southampton,1999-06-30,4332
E06000045,Southampton,2000-06-30,4356
E06000045,Southampton,2001-06-30,4401
E06000045,Southampton,2002-06-30,4420
E06000045,Southampton,2003-06-30,4451
E06000045,Southampton,2004-06-30,4483
E06000045,Southampton,2005-06-30,4544
E06000045,Southampton,2006-06-30,4545
E06000045,Southampton,2007-06-30,4556
E06000045,Southampton,2008-06-30,4580
E06000045,Southampton,2009-06-30,4612
E06000045,Southampton,2010-06-30,4673
E06000045,Southampton,2011-06-30,4729
E06000045,Southampton,2012-06-30,4774
E06000045,Southampton,2013-06-30,4801
E06000045,Southampton,2014-06-30,4836
E06000045,Southampton,2015-06-30,4905
E06000045,Southampton,2016-06-30,4985
E06000045,Southampton,2017-06-30,5022
E06000045,Southampton,2018-06-30,5028
E06000045,Southampton,2019-06-30,5001
E06000045,Southampton,2020-06-30,4986
E06000045,Southampton,2021-06-30,4966
E06000045,Southampton,2022-06-30,5056
E06000045,Southampton,2023-06-30,5160
E06000045,Southampton,2024-06-30,5201
E06000046,Isle of Wight,1991-06-30,332
E06000046,Isle of Wight,1992-06-30,331
E06000046,Isle of Wight,1993-06-30,330
E06000046,Isle of Wight,1994-06-30,330
E06000046,Isle of Wight,1995-06-30,332
E06000046,Isle of Wight,1996-06-30,334
E06000046,Isle of Wight,1997-06-30,335
E06000046,Isle of Wight,1998-06-30,339
E06000046,Isle of Wight,1999-06-30,342
E06000046,Isle of Wight,2000-06-30,346
E06000046,Isle of Wight,2001-06-30,350
E06000046,Isle of Wight,2002-06-30,353
E06000046,Isle of Wight,2003-06-30,355
E06000046,Isle of Wight,2004-06-30,358
E06000046,Isle of Wight,2005-06-30,361
E06000046,Isle of Wight,2006-06-30,363
E06000046,Isle of Wight,2007-06-30,364
E06000046,Isle of Wight,2008-06-30,365
E06000046,Isle of Wight,2009-06-30,364
E06000046,Isle of Wight,2010-06-30,365
E06000046,Isle of Wight,2011-06-30,365
E06000046,Isle of Wight,2012-06-30,365
E06000046,Isle of Wight,2013-06-30,364
E06000046,Isle of Wight,2014-06-30,366
E06000046,Isle of Wight,2015-06-30,367
E06000046,Isle of Wight,2016-06-30,368
E06000046,Isle of Wight,2017-06-30,372
E06000046,Isle of Wight,2018-06-30,373
E06000046,Isle of Wight,2019-06-30,373
E06000046,Isle of Wight,2020-06-30,371
E06000046,Isle of Wight,2021-06-30,371
E06000046,Isle of Wight,2022-06-30,371
E06000046,Isle of Wight,2023-06-30,372
E06000046,Isle of Wight,2024-06-30,373
E06000047,County Durham,1991-06-30,225
E06000047,County Durham,1992-06-30,225
E06000047,County Durham,1993-06-30,225
E06000047,County Durham,1994-06-30,225
E06000047,County Durham,1995-06-30,225
E06000047,County Durham,1996-06-30,224
E06000047,County Durham,1997-06-30,224
E06000047,County Durham,1998-06-30,223
E06000047,County Durham,1999-06-30,223
E06000047,County Durham,2000-06-30,223
E06000047,County Durham,2001-06-30,222
E06000047,County Durham,2002-06-30,222
E06000047,County Durham,2003-06-30,222
E06000047,County Durham,2004-06-30,223
E06000047,County Durham,2005-06-30,223
E06000047,County Durham,2006-06-30,224
E06000047,County Durham,2007-06-30,226
E06000047,County Durham,2008-06-30,227
E06000047,County Durham,2009-06-30,228
E06000047,County Durham,2010-06-30,229
E06000047,County Durham,2011-06-30,231
E06000047,County Durham,2012-06-30,231
E06000047,County Durham,2013-06-30,231
E06000047,County Durham,2014-06-30,231
E06000047,County Durham,2015-06-30,231
E06000047,County Durham,2016-06-30,231
E06000047,County Durham,2017-06-30,232
E06000047,County Durham,2018-06-30,232
E06000047,County Durham,2019-06-30,233
E06000047,County Durham,2020-06-30,233
E06000047,County Durham,2021-06-30,234
E06000047,County Durham,2022-06-30,237
E06000047,County Durham,2023-06-30,240
E06000047,County Durham,2024-06-30,242
E06000049,Cheshire East,1991-06-30,292
E06000049,Cheshire East,1992-06-30,293
E06000049,Cheshire East,1993-06-30,295
E06000049,Cheshire East,1994-06-30,297
E06000049,Cheshire East,1995-06-30,299
E06000049,Cheshire East,1996-06-30,300
E06000049,Cheshire East,1997-06-30,301
E06000049,Cheshire East,1998-06-30,302
E06000049,Cheshire East,1999-06-30,301
E06000049,Cheshire East,2000-06-30,301
E06000049,Cheshire East,2001-06-30,302
E06000049,Cheshire East,2002-06-30,303
E06000049,Cheshire East,2003-06-30,305
E06000049,Cheshire East,2004-06-30,306
E06000049,Cheshire East,2005-06-30,309
E06000049,Cheshire East,2006-06-30,310
E06000049,Cheshire East,2007-06-30,313
E06000049,Cheshire East,2008-06-30,315
E06000049,Cheshire East,2009-06-30,316
E06000049,Cheshire East,2010-06-30,316
E06000049,Cheshire East,2011-06-30,318
E06000049,Cheshire East,2012-06-30,319
E06000049,Cheshire East,2013-06-30,321
E06000049,Cheshire East,2014-06-30,323
E06000049,Cheshire East,2015-06-30,325
E06000049,Cheshire East,2016-06-30,327
E06000049,Cheshire East,2017-06-30,329
E06000049,Cheshire East,2018-06-30,332
E06000049,Cheshire East,2019-06-30,335
E06000049,Cheshire East,2020-06-30,337
E06000049,Cheshire East,2021-06-30,343
E06000049,Cheshire East,2022-06-30,349
E06000049,Cheshire East,2023-06-30,356
E06000049,Cheshire East,2024-06-30,361
E06000050,Cheshire West and Chester,1991-06-30,340
E06000050,Cheshire West and Chester,1992-06-30,342
E06000050,Cheshire West and Chester,1993-06-30,345
E06000050,Cheshire West and Chester,1994-06-30,345
E06000050,Cheshire West and Chester,1995-06-30,345
E06000050,Cheshire West and Chester,1996-06-30,345
E06000050,Cheshire West and Chester,1997-06-30,347
E06000050,Cheshire West and Chester,1998-06-30,348
E06000050,Cheshire West and Chester,1999-06-30,347
E06000050,Cheshire West and Chester,2000-06-30,349
E06000050,Cheshire West and Chester,2001-06-30,350
E06000050,Cheshire West and Chester,2002-06-30,351
E06000050,Cheshire West and Chester,2003-06-30,353
E06000050,Cheshire West and Chester,2004-06-30,354
E06000050,Cheshire West and Chester,2005-06-30,356
E06000050,Cheshire West and Chester,2006-06-30,357
E06000050,Cheshire West and Chester,2007-06-30,358
E06000050,Cheshire West and Chester,2008-06-30,358
E06000050,Cheshire West and Chester,2009-06-30,358
E06000050,Cheshire West and Chester,2010-06-30,358
E06000050,Cheshire West and Chester,2011-06-30,358
E06000050,Cheshire West and Chester,2012-06-30,360
E06000050,Cheshire West and Chester,2013-06-30,362
E06000050,Cheshire West and Chester,2014-06-30,366
E06000050,Cheshire West and Chester,2015-06-30,369
E06000050,Cheshire West and Chester,2016-06-30,372
E06000050,Cheshire West and Chester,2017-06-30,376
E06000050,Cheshire West and Chester,2018-06-30,381
E06000050,Cheshire West and Chester,2019-06-30,384
E06000050,Cheshire West and Chester,2020-06-30,386
E06000050,Cheshire West and Chester,2021-06-30,389
E06000050,Cheshire West and Chester,2022-06-30,394
E06000050,Cheshire West and Chester,2023-06-30,399
E06000050,Cheshire West and Chester,2024-06-30,404
E06000051,Shropshire,1991-06-30,84
E06000051,Shropshire,1992-06-30,84
E06000051,Shropshire,1993-06-30,84
E06000051,Shropshire,1994-06-30,85
E06000051,Shropshire,1995-06-30,86
E06000051,Shropshire,1996-06-30,86
E06000051,Shropshire,1997-06-30,86
E06000051,Shropshire,1998-06-30,87
E06000051,Shropshire,1999-06-30,87
E06000051,Shropshire,2000-06-30,88
E06000051,Shropshire,2001-06-30,89
E06000051,Shropshire,2002-06-30,89
E06000051,Shropshire,2003-06-30,90
E06000051,Shropshire,2004-06-30,90
E06000051,Shropshire,2005-06-30,91
E06000051,Shropshire,2006-06-30,92
E06000051,Shropshire,2007-06-30,93
E06000051,Shropshire,2008-06-30,94
E06000051,Shropshire,2009-06-30,94
E06000051,Shropshire,2010-06-30,95
E06000051,Shropshire,2011-06-30,96
E06000051,Shropshire,2012-06-30,96
E06000051,Shropshire,2013-06-30,96
E06000051,Shropshire,2014-06-30,97
E06000051,Shropshire,2015-06-30,97
E06000051,Shropshire,2016-06-30,98
E06000051,Shropshire,2017-06-30,99
E06000051,Shropshire,2018-06-30,99
E06000051,Shropshire,2019-06-30,100
E06000051,Shropshire,2020-06-30,100
E06000051,Shropshire,2021-06-30,102
E06000051,Shropshire,2022-06-30,102
E06000051,Shropshire,2023-06-30,103
E06000051,Shropshire,2024-06-30,104
E06000052,Cornwall,1991-06-30,132
E06000052,Cornwall,1992-06-30,133
E06000052,Cornwall,1993-06-30,133
E06000052,Cornwall,1994-06-30,134
E06000052,Cornwall,1995-06-30,135
E06000052,Cornwall,1996-06-30,135
E06000052,Cornwall,1997-06-30,136
E06000052,Cornwall,1998-06-30,137
E06000052,Cornwall,1999-06-30,138
E06000052,Cornwall,2000-06-30,140
E06000052,Cornwall,2001-06-30,141
E06000052,Cornwall,2002-06-30,142
E06000052,Cornwall,2003-06-30,143
E06000052,Cornwall,2004-06-30,144
E06000052,Cornwall,2005-06-30,145
E06000052,Cornwall,2006-06-30,146
E06000052,Cornwall,2007-06-30,147
E06000052,Cornwall,2008-06-30,148
E06000052,Cornwall,2009-06-30,148
E06000052,Cornwall,2010-06-30,149
E06000052,Cornwall,2011-06-30,151
E06000052,Cornwall,2012-06-30,152
E06000052,Cornwall,2013-06-30,152
E06000052,Cornwall,2014-06-30,153
E06000052,Cornwall,2015-06-30,154
E06000052,Cornwall,2016-06-30,155
E06000052,Cornwall,2017-06-30,157
E06000052,Cornwall,2018-06-30,158
E06000052,Cornwall,2019-06-30,159
E06000052,Cornwall,2020-06-30,159
E06000052,Cornwall,2021-06-30,161
E06000052,Cornwall,2022-06-30,162
E06000052,Cornwall,2023-06-30,163
E06000052,Cornwall,2024-06-30,165
E06000053,Isles of Scilly,1991-06-30,123
E06000053,Isles of Scilly,1992-06-30,122
E06000053,Isles of Scilly,1993-06-30,124
E06000053,Isles of Scilly,1994-06-30,121
E06000053,Isles of Scilly,1995-06-30,118
E06000053,Isles of Scilly,1996-06-30,114
E06000053,Isles of Scilly,1997-06-30,117
E06000053,Isles of Scilly,1998-06-30,119
E06000053,Isles of Scilly,1999-06-30,124
E06000053,Isles of Scilly,2000-06-30,129
E06000053,Isles of Scilly,2001-06-30,131
E06000053,Isles of Scilly,2002-06-30,133
E06000053,Isles of Scilly,2003-06-30,132
E06000053,Isles of Scilly,2004-06-30,135
E06000053,Isles of Scilly,2005-06-30,135
E06000053,Isles of Scilly,2006-06-30,139
E06000053,Isles of Scilly,2007-06-30,141
E06000053,Isles of Scilly,2008-06-30,143
E06000053,Isles of Scilly,2009-06-30,138
E06000053,Isles of Scilly,2010-06-30,137
E06000053,Isles of Scilly,2011-06-30,136
E06000053,Isles of Scilly,2012-06-30,138
E06000053,Isles of Scilly,2013-06-30,136
E06000053,Isles of Scilly,2014-06-30,134
E06000053,Isles of Scilly,2015-06-30,137
E06000053,Isles of Scilly,2016-06-30,137
E06000053,Isles of Scilly,2017-06-30,133
E06000053,Isles of Scilly,2018-06-30,133
E06000053,Isles of Scilly,2019-06-30,129
E06000053,Isles of Scilly,2020-06-30,124
E06000053,Isles of Scilly,2021-06-30,139
E06000053,Isles of Scilly,2022-06-30,143
E06000053,Isles of Scilly,2023-06-30,149
E06000053,Isles of Scilly,2024-06-30,145
E06000054,Wiltshire,1991-06-30,122
E06000054,Wiltshire,1992-06-30,124
E06000054,Wiltshire,1993-06-30,125
E06000054,Wiltshire,1994-06-30,126
E06000054,Wiltshire,1995-06-30,127
E06000054,Wiltshire,1996-06-30,128
E06000054,Wiltshire,1997-06-30,129
E06000054,Wiltshire,1998-06-30,130
E06000054,Wiltshire,1999-06-30,131
E06000054,Wiltshire,2000-06-30,132
E06000054,Wiltshire,2001-06-30,133
E06000054,Wiltshire,2002-06-30,135
E06000054,Wiltshire,2003-06-30,136
E06000054,Wiltshire,2004-06-30,137
E06000054,Wiltshire,2005-06-30,138
E06000054,Wiltshire,2006-06-30,139
E06000054,Wiltshire,2007-06-30,141
E06000054,Wiltshire,2008-06-30,143
E06000054,Wiltshire,2009-06-30,143
E06000054,Wiltshire,2010-06-30,144
E06000054,Wiltshire,2011-06-30,146
E06000054,Wiltshire,2012-06-30,146
E06000054,Wiltshire,2013-06-30,147
E06000054,Wiltshire,2014-06-30,149
E06000054,Wiltshire,2015-06-30,150
E06000054,Wiltshire,2016-06-30,151
E06000054,Wiltshire,2017-06-30,153
E06000054,Wiltshire,2018-06-30,153
E06000054,Wiltshire,2019-06-30,155
E06000054,Wiltshire,2020-06-30,156
E06000054,Wiltshire,2021-06-30,158
E06000054,Wiltshire,2022-06-30,159
E06000054,Wiltshire,2023-06-30,160
E06000054,Wiltshire,2024-06-30,161
E06000055,Bedford,1991-06-30,284
E06000055,Bedford,1992-06-30,287
E06000055,Bedford,1993-06-30,288
E06000055,Bedford,1994-06-30,288
E06000055,Bedford,1995-06-30,288
E06000055,Bedford,1996-06-30,290
E06000055,Bedford,1997-06-30,294
E06000055,Bedford,1998-06-30,297
E06000055,Bedford,1999-06-30,302
E06000055,Bedford,2000-06-30,307
E06000055,Bedford,2001-06-30,311
E06000055,Bedford,2002-06-30,314
E06000055,Bedford,2003-06-30,316
E06000055,Bedford,2004-06-30,318
E06000055,Bedford,2005-06-30,319
E06000055,Bedford,2006-06-30,320
E06000055,Bedford,2007-06-30,321
E06000055,Bedford,2008-06-30,324
E06000055,Bedford,2009-06-30,325
E06000055,Bedford,2010-06-30,329
E06000055,Bedford,2011-06-30,331
E06000055,Bedford,2012-06-30,337
E06000055,Bedford,2013-06-30,344
E06000055,Bedford,2014-06-30,350
E06000055,Bedford,2015-06-30,357
E06000055,Bedford,2016-06-30,365
E06000055,Bedford,2017-06-30,368
E06000055,Bedford,2018-06-30,374
E06000055,Bedford,2019-06-30,379
E06000055,Bedford,2020-06-30,383
E06000055,Bedford,2021-06-30,390
E06000055,Bedford,2022-06-30,394
E06000055,Bedford,2023-06-30,402
E06000055,Bedford,2024-06-30,409
E06000056,Central Bedfordshire,1991-06-30,308
E06000056,Central Bedfordshire,1992-06-30,309
E06000056,Central Bedfordshire,1993-06-30,309
E06000056,Central Bedfordshire,1994-06-30,311
E06000056,Central Bedfordshire,1995-06-30,313
E06000056,Central Bedfordshire,1996-06-30,315
E06000056,Central Bedfordshire,1997-06-30,317
E06000056,Central Bedfordshire,1998-06-30,318
E06000056,Central Bedfordshire,1999-06-30,322
E06000056,Central Bedfordshire,2000-06-30,324
E06000056,Central Bedfordshire,2001-06-30,327
E06000056,Central Bedfordshire,2002-06-30,330
E06000056,Central Bedfordshire,2003-06-30,333
E06000056,Central Bedfordshire,2004-06-30,336
E06000056,Central Bedfordshire,2005-06-30,338
E06000056,Central Bedfordshire,2006-06-30,341
E06000056,Central Bedfordshire,2007-06-30,345
E06000056,Central Bedfordshire,2008-06-30,348
E06000056,Central Bedfordshire,2009-06-30,350
E06000056,Central Bedfordshire,2010-06-30,353
E06000056,Central Bedfordshire,2011-06-30,357
E06000056,Central Bedfordshire,2012-06-30,363
E06000056,Central Bedfordshire,2013-06-30,368
E06000056,Central Bedfordshire,2014-06-30,373
E06000056,Central Bedfordshire,2015-06-30,379
E06000056,Central Bedfordshire,2016-06-30,384
E06000056,Central Bedfordshire,2017-06-30,388
E06000056,Central Bedfordshire,2018-06-30,392
E06000056,Central Bedfordshire,2019-06-30,398
E06000056,Central Bedfordshire,2020-06-30,404
E06000056,Central Bedfordshire,2021-06-30,413
E06000056,Central Bedfordshire,2022-06-30,422
E06000056,Central Bedfordshire,2023-06-30,432
E06000056,Central Bedfordshire,2024-06-30,441
E06000057,Northumberland,1991-06-30,61
E06000057,Northumberland,1992-06-30,61
E06000057,Northumberland,1993-06-30,61
E06000057,Northumberland,1994-06-30,61
E06000057,Northumberland,1995-06-30,61
E06000057,Northumberland,1996-06-30,61
E06000057,Northumberland,1997-06-30,61
E06000057,Northumberland,1998-06-30,61
E06000057,Northumberland,1999-06-30,61
E06000057,Northumberland,2000-06-30,61
E06000057,Northumberland,2001-06-30,61
E06000057,Northumberland,2002-06-30,61
E06000057,Northumberland,2003-06-30,62
E06000057,Northumberland,2004-06-30,62
E06000057,Northumberland,2005-06-30,62
E06000057,Northumberland,2006-06-30,62
E06000057,Northumberland,2007-06-30,62
E06000057,Northumberland,2008-06-30,63
E06000057,Northumberland,2009-06-30,63
E06000057,Northumberland,2010-06-30,63
E06000057,Northumberland,2011-06-30,63
E06000057,Northumberland,2012-06-30,63
E06000057,Northumberland,2013-06-30,63
E06000057,Northumberland,2014-06-30,63
E06000057,Northumberland,2015-06-30,63
E06000057,Northumberland,2016-06-30,63
E06000057,Northumberland,2017-06-30,63
E06000057,Northumberland,2018-06-30,63
E06000057,Northumberland,2019-06-30,63
E06000057,Northumberland,2020-06-30,63
E06000057,Northumberland,2021-06-30,64
E06000057,Northumberland,2022-06-30,65
E06000057,Northumberland,2023-06-30,65
E06000057,Northumberland,2024-06-30,66
E06000058,"Bournemouth, Christchurch and Poole",1991-06-30,2053
E06000058,"Bournemouth, Christchurch and Poole",1992-06-30,2064
E06000058,"Bournemouth, Christchurch and Poole",1993-06-30,2074
E06000058,"Bournemouth, Christchurch and Poole",1994-06-30,2084
E06000058,"Bournemouth, Christchurch and Poole",1995-06-30,2095
E06000058,"Bournemouth, Christchurch and Poole",1996-06-30,2097
E06000058,"Bournemouth, Christchurch and Poole",1997-06-30,2116
E06000058,"Bournemouth, Christchurch and Poole",1998-06-30,2125
E06000058,"Bournemouth, Christchurch and Poole",1999-06-30,2125
E06000058,"Bournemouth, Christchurch and Poole",2000-06-30,2133
E06000058,"Bournemouth, Christchurch and Poole",2001-06-30,2140
E06000058,"Bournemouth, Christchurch and Poole",2002-06-30,2151
E06000058,"Bournemouth, Christchurch and Poole",2003-06-30,2150
E06000058,"Bournemouth, Christchurch and Poole",2004-06-30,2150
E06000058,"Bournemouth, Christchurch and Poole",2005-06-30,2169
E06000058,"Bournemouth, Christchurch and Poole",2006-06-30,2183
E06000058,"Bournemouth, Christchurch and Poole",2007-06-30,2218
E06000058,"Bournemouth, Christchurch and Poole",2008-06-30,2241
E06000058,"Bournemouth, Christchurch and Poole",2009-06-30,2264
E06000058,"Bournemouth, Christchurch and Poole",2010-06-30,2306
E06000058,"Bournemouth, Christchurch and Poole",2011-06-30,2341
E06000058,"Bournemouth, Christchurch and Poole",2012-06-30,2360
E06000058,"Bournemouth, Christchurch and Poole",2013-06-30,2378
E06000058,"Bournemouth, Christchurch and Poole",2014-06-30,2404
E06000058,"Bournemouth, Christchurch and Poole",2015-06-30,2422
E06000058,"Bournemouth, Christchurch and Poole",2016-06-30,2450
E06000058,"Bournemouth, Christchurch and Poole",2017-06-30,2464
E06000058,"Bournemouth, Christchurch and Poole",2018-06-30,2468
E06000058,"Bournemouth, Christchurch and Poole",2019-06-30,2469
E06000058,"Bournemouth, Christchurch and Poole",2020-06-30,2465
E06000058,"Bournemouth, Christchurch and Poole",2021-06-30,2469
E06000058,"Bournemouth, Christchurch and Poole",2022-06-30,2485
E06000058,"Bournemouth, Christchurch and Poole",2023-06-30,2509
E06000058,"Bournemouth, Christchurch and Poole",2024-06-30,2523
E06000059,Dorset,1991-06-30,130
E06000059,Dorset,1992-06-30,131
E06000059,Dorset,1993-06-30,131
E06000059,Dorset,1994-06-30,133
E06000059,Dorset,1995-06-30,134
E06000059,Dorset,1996-06-30,135
E06000059,Dorset,1997-06-30,136
E06000059,Dorset,1998-06-30,137
E06000059,Dorset,1999-06-30,137
E06000059,Dorset,2000-06-30,138
E06000059,Dorset,2001-06-30,139
E06000059,Dorset,2002-06-30,141
E06000059,Dorset,2003-06-30,142
E06000059,Dorset,2004-06-30,143
E06000059,Dorset,2005-06-30,144
E06000059,Dorset,2006-06-30,144
E06000059,Dorset,2007-06-30,146
E06000059,Dorset,2008-06-30,146
E06000059,Dorset,2009-06-30,146
E06000059,Dorset,2010-06-30,146
E06000059,Dorset,2011-06-30,147
E06000059,Dorset,2012-06-30,147
E06000059,Dorset,2013-06-30,148
E06000059,Dorset,2014-06-30,148
E06000059,Dorset,2015-06-30,149
E06000059,Dorset,2016-06-30,150
E06000059,Dorset,2017-06-30,150
E06000059,Dorset,2018-06-30,151
E06000059,Dorset,2019-06-30,152
E06000059,Dorset,2020-06-30,152
E06000059,Dorset,2021-06-30,153
E06000059,Dorset,2022-06-30,154
E06000059,Dorset,2023-06-30,155
E06000059,Dorset,2024-06-30,157
E06000060,Buckinghamshire,1991-06-30,291
E06000060,Buckinghamshire,1992-06-30,294
E06000060,Buckinghamshire,1993-06-30,295
E06000060,Buckinghamshire,1994-06-30,297
E06000060,Buckinghamshire,1995-06-30,299
E06000060,Buckinghamshire,1996-06-30,300
E06000060,Buckinghamshire,1997-06-30,301
E06000060,Buckinghamshire,1998-06-30,302
E06000060,Buckinghamshire,1999-06-30,304
E06000060,Buckinghamshire,2000-06-30,305
E06000060,Buckinghamshire,2001-06-30,306
E06000060,Buckinghamshire,2002-06-30,306
E06000060,Buckinghamshire,2003-06-30,307
E06000060,Buckinghamshire,2004-06-30,308
E06000060,Buckinghamshire,2005-06-30,310
E06000060,Buckinghamshire,2006-06-30,313
E06000060,Buckinghamshire,2007-06-30,315
E06000060,Buckinghamshire,2008-06-30,317
E06000060,Buckinghamshire,2009-06-30,319
E06000060,Buckinghamshire,2010-06-30,321
E06000060,Buckinghamshire,2011-06-30,324
E06000060,Buckinghamshire,2012-06-30,327
E06000060,Buckinghamshire,2013-06-30,331
E06000060,Buckinghamshire,2014-06-30,335
E06000060,Buckinghamshire,2015-06-30,339
E06000060,Buckinghamshire,2016-06-30,342
E06000060,Buckinghamshire,2017-06-30,344
E06000060,Buckinghamshire,2018-06-30,346
E06000060,Buckinghamshire,2019-06-30,349
E06000060,Buckinghamshire,2020-06-30,351
E06000060,Buckinghamshire,2021-06-30,355
E06000060,Buckinghamshire,2022-06-30,359
E06000060,Buckinghamshire,2023-06-30,364
E06000060,Buckinghamshire,2024-06-30,370
E06000061,North Northamptonshire,1991-06-30,270
E06000061,North Northamptonshire,1992-06-30,272
E06000061,North Northamptonshire,1993-06-30,272
E06000061,North Northamptonshire,1994-06-30,273
E06000061,North Northamptonshire,1995-06-30,274
E06000061,North Northamptonshire,1996-06-30,275
E06000061,North Northamptonshire,1997-06-30,277
E06000061,North Northamptonshire,1998-06-30,279
E06000061,North Northamptonshire,1999-06-30,282
E06000061,North Northamptonshire,2000-06-30,286
E06000061,North Northamptonshire,2001-06-30,289
E06000061,North Northamptonshire,2002-06-30,292
E06000061,North Northamptonshire,2003-06-30,295
E06000061,North Northamptonshire,2004-06-30,297
E06000061,North Northamptonshire,2005-06-30,301
E06000061,North Northamptonshire,2006-06-30,305
E06000061,North Northamptonshire,2007-06-30,310
E06000061,North Northamptonshire,2008-06-30,314
E06000061,North Northamptonshire,2009-06-30,316
E06000061,North Northamptonshire,2010-06-30,319
E06000061,North Northamptonshire,2011-06-30,322
E06000061,North Northamptonshire,2012-06-30,327
E06000061,North Northamptonshire,2013-06-30,330
E06000061,North Northamptonshire,2014-06-30,335
E06000061,North Northamptonshire,2015-06-30,340
E06000061,North Northamptonshire,2016-06-30,346
E06000061,North Northamptonshire,2017-06-30,352
E06000061,North Northamptonshire,2018-06-30,357
E06000061,North Northamptonshire,2019-06-30,360
E06000061,North Northamptonshire,2020-06-30,361
E06000061,North Northamptonshire,2021-06-30,365
E06000061,North Northamptonshire,2022-06-30,368
E06000061,North Northamptonshire,2023-06-30,373
E06000061,North Northamptonshire,2024-06-30,379
E06000062,West Northamptonshire,1991-06-30,231
E06000062,West Northamptonshire,1992-06-30,232
E06000062,West Northamptonshire,1993-06-30,234
E06000062,West Northamptonshire,1994-06-30,235
E06000062,West Northamptonshire,1995-06-30,238
E06000062,West Northamptonshire,1996-06-30,241
E06000062,West Northamptonshire,1997-06-30,244
E06000062,West Northamptonshire,1998-06-30,247
E06000062,West Northamptonshire,1999-06-30,248
E06000062,West Northamptonshire,2000-06-30,249
E06000062,West Northamptonshire,2001-06-30,251
E06000062,West Northamptonshire,2002-06-30,253
E06000062,West Northamptonshire,2003-06-30,255
E06000062,West Northamptonshire,2004-06-30,256
E06000062,West Northamptonshire,2005-06-30,260
E06000062,West Northamptonshire,2006-06-30,263
E06000062,West Northamptonshire,2007-06-30,266
E06000062,West Northamptonshire,2008-06-30,268
E06000062,West Northamptonshire,2009-06-30,270
E06000062,West Northamptonshire,2010-06-30,271
E06000062,West Northamptonshire,2011-06-30,273
E06000062,West Northamptonshire,2012-06-30,276
E06000062,West Northamptonshire,2013-06-30,280
E06000062,West Northamptonshire,2014-06-30,284
E06000062,West Northamptonshire,2015-06-30,289
E06000062,West Northamptonshire,2016-06-30,294
E06000062,West Northamptonshire,2017-06-30,299
E06000062,West Northamptonshire,2018-06-30,303
E06000062,West Northamptonshire,2019-06-30,307
E06000062,West Northamptonshire,2020-06-30,307
E06000062,West Northamptonshire,2021-06-30,310
E06000062,West Northamptonshire,2022-06-30,312
E06000062,West Northamptonshire,2023-06-30,317
E06000062,West Northamptonshire,2024-06-30,319
E06000063,Cumberland,1991-06-30,89
E06000063,Cumberland,1992-06-30,89
E06000063,Cumberland,1993-06-30,89
E06000063,Cumberland,1994-06-30,89
E06000063,Cumberland,1995-06-30,89
E06000063,Cumberland,1996-06-30,89
E06000063,Cumberland,1997-06-30,89
E06000063,Cumberland,1998-06-30,88
E06000063,Cumberland,1999-06-30,88
E06000063,Cumberland,2000-06-30,88
E06000063,Cumberland,2001-06-30,87
E06000063,Cumberland,2002-06-30,88
E06000063,Cumberland,2003-06-30,88
E06000063,Cumberland,2004-06-30,89
E06000063,Cumberland,2005-06-30,90
E06000063,Cumberland,2006-06-30,90
E06000063,Cumberland,2007-06-30,91
E06000063,Cumberland,2008-06-30,91
E06000063,Cumberland,2009-06-30,91
E06000063,Cumberland,2010-06-30,91
E06000063,Cumberland,2011-06-30,91
E06000063,Cumberland,2012-06-30,91
E06000063,Cumberland,2013-06-30,91
E06000063,Cumberland,2014-06-30,91
E06000063,Cumberland,2015-06-30,91
E06000063,Cumberland,2016-06-30,91
E06000063,Cumberland,2017-06-30,91
E06000063,Cumberland,2018-06-30,91
E06000063,Cumberland,2019-06-30,91
E06000063,Cumberland,2020-06-30,90
E06000063,Cumberland,2021-06-30,91
E06000063,Cumberland,2022-06-30,91
E06000063,Cumberland,2023-06-30,92
E06000063,Cumberland,2024-06-30,93
E06000064,Westmorland and Furness,1991-06-30,58
E06000064,Westmorland and Furness,1992-06-30,58
E06000064,Westmorland and Furness,1993-06-30,58
E06000064,Westmorland and Furness,1994-06-30,58
E06000064,Westmorland and Furness,1995-06-30,58
E06000064,Westmorland and Furness,1996-06-30,59
E06000064,Westmorland and Furness,1997-06-30,59
E06000064,Westmorland and Furness,1998-06-30,59
E06000064,Westmorland and Furness,1999-06-30,59
E06000064,Westmorland and Furness,2000-06-30,60
E06000064,Westmorland and Furness,2001-06-30,60
E06000064,Westmorland and Furness,2002-06-30,60
E06000064,Westmorland and Furness,2003-06-30,60
E06000064,Westmorland and Furness,2004-06-30,60
E06000064,Westmorland and Furness,2005-06-30,60
E06000064,Westmorland and Furness,2006-06-30,60
E06000064,Westmorland and Furness,2007-06-30,60
E06000064,Westmorland and Furness,2008-06-30,60
E06000064,Westmorland and Furness,2009-06-30,60
E06000064,Westmorland and Furness,2010-06-30,60
E06000064,Westmorland and Furness,2011-06-30,60
E06000064,Westmorland and Furness,2012-06-30,60
E06000064,Westmorland and Furness,2013-06-30,60
E06000064,Westmorland and Furness,2014-06-30,60
E06000064,Westmorland and Furness,2015-06-30,60
E06000064,Westmorland and Furness,2016-06-30,60
E06000064,Westmorland and Furness,2017-06-30,60
E06000064,Westmorland and Furness,2018-06-30,60
E06000064,Westmorland and Furness,2019-06-30,60
E06000064,Westmorland and Furness,2020-06-30,60
E06000064,Westmorland and Furness,2021-06-30,60
E06000064,Westmorland and Furness,2022-06-30,61
E06000064,Westmorland and Furness,2023-06-30,61
E06000064,Westmorland and Furness,2024-06-30,61
E06000065,North Yorkshire,1991-06-30,67
E06000065,North Yorkshire,1992-06-30,68
E06000065,North Yorkshire,1993-06-30,68
E06000065,North Yorkshire,1994-06-30,68
E06000065,North Yorkshire,1995-06-30,69
E06000065,North Yorkshire,1996-06-30,69
E06000065,North Yorkshire,1997-06-30,69
E06000065,North Yorkshire,1998-06-30,69
E06000065,North Yorkshire,1999-06-30,70
E06000065,North Yorkshire,2000-06-30,70
E06000065,North Yorkshire,2001-06-30,71
E06000065,North Yorkshire,2002-06-30,71
E06000065,North Yorkshire,2003-06-30,72
E06000065,North Yorkshire,2004-06-30,72
E06000065,North Yorkshire,2005-06-30,73
E06000065,North Yorkshire,2006-06-30,73
E06000065,North Yorkshire,2007-06-30,74
E06000065,North Yorkshire,2008-06-30,74
E06000065,North Yorkshire,2009-06-30,74
E06000065,North Yorkshire,2010-06-30,75
E06000065,North Yorkshire,2011-06-30,75
E06000065,North Yorkshire,2012-06-30,75
E06000065,North Yorkshire,2013-06-30,75
E06000065,North Yorkshire,2014-06-30,75
E06000065,North Yorkshire,2015-06-30,75
E06000065,North Yorkshire,2016-06-30,75
E06000065,North Yorkshire,2017-06-30,76
E06000065,North Yorkshire,2018-06-30,76
E06000065,North Yorkshire,2019-06-30,76
E06000065,North Yorkshire,2020-06-30,76
E06000065,North Yorkshire,2021-06-30,77
E06000065,North Yorkshire,2022-06-30,78
E06000065,North Yorkshire,2023-06-30,78
E06000065,North Yorkshire,2024-06-30,79
E06000066,Somerset,1991-06-30,135
E06000066,Somerset,1992-06-30,136
E06000066,Somerset,1993-06-30,137
E06000066,Somerset,1994-06-30,138
E06000066,Somerset,1995-06-30,139
E06000066,Somerset,1996-06-30,139
E06000066,Somerset,1997-06-30,140
E06000066,Somerset,1998-06-30,141
E06000066,Somerset,1999-06-30,142
E06000066,Somerset,2000-06-30,143
E06000066,Somerset,2001-06-30,145
E06000066,Somerset,2002-06-30,146
E06000066,Somerset,2003-06-30,147
E06000066,Somerset,2004-06-30,148
E06000066,Somerset,2005-06-30,149
E06000066,Somerset,2006-06-30,150
E06000066,Somerset,2007-06-30,151
E06000066,Somerset,2008-06-30,152
E06000066,Somerset,2009-06-30,153
E06000066,Somerset,2010-06-30,153
E06000066,Somerset,2011-06-30,154
E06000066,Somerset,2012-06-30,155
E06000066,Somerset,2013-06-30,156
E06000066,Somerset,2014-06-30,158
E06000066,Somerset,2015-06-30,159
E06000066,Somerset,2016-06-30,161
E06000066,Somerset,2017-06-30,162
E06000066,Somerset,2018-06-30,163
E06000066,Somerset,2019-06-30,164
E06000066,Somerset,2020-06-30,164
E06000066,Somerset,2021-06-30,166
E06000066,Somerset,2022-06-30,167
E06000066,Somerset,2023-06-30,169
E06000066,Somerset,2024-06-30,171
E08000001,Bolton,1991-06-30,1870
E08000001,Bolton,1992-06-30,1871
E08000001,Bolton,1993-06-30,1874
E08000001,Bolton,1994-06-30,1871
E08000001,Bolton,1995-06-30,1866
E08000001,Bolton,1996-06-30,1860
E08000001,Bolton,1997-06-30,1858
E08000001,Bolton,1998-06-30,1866
E08000001,Bolton,1999-06-30,1863
E08000001,Bolton,2000-06-30,1861
E08000001,Bolton,2001-06-30,1869
E08000001,Bolton,2002-06-30,1877
E08000001,Bolton,2003-06-30,1887
E08000001,Bolton,2004-06-30,1892
E08000001,Bolton,2005-06-30,1896
E08000001,Bolton,2006-06-30,1909
E08000001,Bolton,2007-06-30,1920
E08000001,Bolton,2008-06-30,1935
E08000001,Bolton,2009-06-30,1953
E08000001,Bolton,2010-06-30,1969
E08000001,Bolton,2011-06-30,1984
E08000001,Bolton,2012-06-30,2001
E08000001,Bolton,2013-06-30,2015
E08000001,Bolton,2014-06-30,2026
E08000001,Bolton,2015-06-30,2039
E08000001,Bolton,2016-06-30,2055
E08000001,Bolton,2017-06-30,2072
E08000001,Bolton,2018-06-30,2086
E08000001,Bolton,2019-06-30,2110
E08000001,Bolton,2020-06-30,2116
E08000001,Bolton,2021-06-30,2119
E08000001,Bolton,2022-06-30,2146
E08000001,Bolton,2023-06-30,2186
E08000001,Bolton,2024-06-30,2218
E08000002,Bury,1991-06-30,1793
E08000002,Bury,1992-06-30,1806
E08000002,Bury,1993-06-30,1811
E08000002,Bury,1994-06-30,1814
E08000002,Bury,1995-06-30,1809
E08000002,Bury,1996-06-30,1807
E08000002,Bury,1997-06-30,1806
E08000002,Bury,1998-06-30,1815
E08000002,Bury,1999-06-30,1820
E08000002,Bury,2000-06-30,1819
E08000002,Bury,2001-06-30,1816
E08000002,Bury,2002-06-30,1821
E08000002,Bury,2003-06-30,1824
E08000002,Bury,2004-06-30,1820
E08000002,Bury,2005-06-30,1820
E08000002,Bury,2006-06-30,1828
E08000002,Bury,2007-06-30,1837
E08000002,Bury,2008-06-30,1840
E08000002,Bury,2009-06-30,1849
E08000002,Bury,2010-06-30,1858
E08000002,Bury,2011-06-30,1864
E08000002,Bury,2012-06-30,1876
E08000002,Bury,2013-06-30,1881
E08000002,Bury,2014-06-30,1894
E08000002,Bury,2015-06-30,1903
E08000002,Bury,2016-06-30,1915
E08000002,Bury,2017-06-30,1929
E08000002,Bury,2018-06-30,1940
E08000002,Bury,2019-06-30,1948
E08000002,Bury,2020-06-30,1947
E08000002,Bury,2021-06-30,1949
E08000002,Bury,2022-06-30,1961
E08000002,Bury,2023-06-30,1978
E08000002,Bury,2024-06-30,2000
E08000003,Manchester,1991-06-30,3741
E08000003,Manchester,1992-06-30,3697
E08000003,Manchester,1993-06-30,3691
E08000003,Manchester,1994-06-30,3677
E08000003,Manchester,1995-06-30,3681
E08000003,Manchester,1996-06-30,3654
E08000003,Manchester,1997-06-30,3612
E08000003,Manchester,1998-06-30,3612
E08000003,Manchester,1999-06-30,3601
E08000003,Manchester,2000-06-30,3647
E08000003,Manchester,2001-06-30,3657
E08000003,Manchester,2002-06-30,3703
E08000003,Manchester,2003-06-30,3776
E08000003,Manchester,2004-06-30,3847
E08000003,Manchester,2005-06-30,3941
E08000003,Manchester,2006-06-30,4010
E08000003,Manchester,2007-06-30,4069
E08000003,Manchester,2008-06-30,4128
E08000003,Manchester,2009-06-30,4183
E08000003,Manchester,2010-06-30,4259
E08000003,Manchester,2011-06-30,4348
E08000003,Manchester,2012-06-30,4383
E08000003,Manchester,2013-06-30,4417
E08000003,Manchester,2014-06-30,4456
E08000003,Manchester,2015-06-30,4525
E08000003,Manchester,2016-06-30,4612
E08000003,Manchester,2017-06-30,4643
E08000003,Manchester,2018-06-30,4675
E08000003,Manchester,2019-06-30,4721
E08000003,Manchester,2020-06-30,4733
E08000003,Manchester,2021-06-30,4761
E08000003,Manchester,2022-06-30,4921
E08000003,Manchester,2023-06-30,5026
E08000003,Manchester,2024-06-30,5099
E08000004,Oldham,1991-06-30,1535
E08000004,Oldham,1992-06-30,1540
E08000004,Oldham,1993-06-30,1542
E08000004,Oldham,1994-06-30,1541
E08000004,Oldham,1995-06-30,1539
E08000004,Oldham,1996-06-30,1540
E08000004,Oldham,1997-06-30,1538
E08000004,Oldham,1998-06-30,1536
E08000004,Oldham,1999-06-30,1534
E08000004,Oldham,2000-06-30,1532
E08000004,Oldham,2001-06-30,1535
E08000004,Oldham,2002-06-30,1535
E08000004,Oldham,2003-06-30,1535
E08000004,Oldham,2004-06-30,1538
E08000004,Oldham,2005-06-30,1541
E08000004,Oldham,2006-06-30,1546
E08000004,Oldham,2007-06-30,1551
E08000004,Oldham,2008-06-30,1559
E08000004,Oldham,2009-06-30,1565
E08000004,Oldham,2010-06-30,1572
E08000004,Oldham,2011-06-30,1582
E08000004,Oldham,2012-06-30,1588
E08000004,Oldham,2013-06-30,1601
E08000004,Oldham,2014-06-30,1618
E08000004,Oldham,2015-06-30,1635
E08000004,Oldham,2016-06-30,1651
E08000004,Oldham,2017-06-30,1666
E08000004,Oldham,2018-06-30,1686
E08000004,Oldham,2019-06-30,1701
E08000004,Oldham,2020-06-30,1701
E08000004,Oldham,2021-06-30,1700
E08000004,Oldham,2022-06-30,1720
E08000004,Oldham,2023-06-30,1742
E08000004,Oldham,2024-06-30,1767
E08000005,Rochdale,1991-06-30,1290
E08000005,Rochdale,1992-06-30,1294
E08000005,Rochdale,1993-06-30,1298
E08000005,Rochdale,1994-06-30,1298
E08000005,Rochdale,1995-06-30,1298
E08000005,Rochdale,1996-06-30,1294
E08000005,Rochdale,1997-06-30,1290
E08000005,Rochdale,1998-06-30,1293
E08000005,Rochdale,1999-06-30,1296
E08000005,Rochdale,2000-06-30,1303
E08000005,Rochdale,2001-06-30,1306
E08000005,Rochdale,2002-06-30,1307
E08000005,Rochdale,2003-06-30,1312
E08000005,Rochdale,2004-06-30,1311
E08000005,Rochdale,2005-06-30,1310
E08000005,Rochdale,2006-06-30,1314
E08000005,Rochdale,2007-06-30,1318
E08000005,Rochdale,2008-06-30,1326
E08000005,Rochdale,2009-06-30,1330
E08000005,Rochdale,2010-06-30,1333
E08000005,Rochdale,2011-06-30,1340
E08000005,Rochdale,2012-06-30,1343
E08000005,Rochdale,2013-06-30,1344
E08000005,Rochdale,2014-06-30,1350
E08000005,Rochdale,2015-06-30,1357
E08000005,Rochdale,2016-06-30,1368
E08000005,Rochdale,2017-06-30,1382
E08000005,Rochdale,2018-06-30,1391
E08000005,Rochdale,2019-06-30,1404
E08000005,Rochdale,2020-06-30,1410
E08000005,Rochdale,2021-06-30,1417
E08000005,Rochdale,2022-06-30,1440
E08000005,Rochdale,2023-06-30,1462
E08000005,Rochdale,2024-06-30,1490
E08000006,Salford,1991-06-30,2375
E08000006,Salford,1992-06-30,2365
E08000006,Salford,1993-06-30,2356
E08000006,Salford,1994-06-30,2342
E08000006,Salford,1995-06-30,2338
E08000006,Salford,1996-06-30,2321
E08000006,Salford,1997-06-30,2304
E08000006,Salford,1998-06-30,2280
E08000006,Salford,1999-06-30,2264
E08000006,Salford,2000-06-30,2250
E08000006,Salford,2001-06-30,2232
E08000006,Salford,2002-06-30,2225
E08000006,Salford,2003-06-30,2236
E08000006,Salford,2004-06-30,2242
E08000006,Salford,2005-06-30,2259
E08000006,Salford,2006-06-30,2283
E08000006,Salford,2007-06-30,2299
E08000006,Salford,2008-06-30,2333
E08000006,Salford,2009-06-30,2355
E08000006,Salford,2010-06-30,2385
E08000006,Salford,2011-06-30,2412
E08000006,Salford,2012-06-30,2443
E08000006,Salford,2013-06-30,2466
E08000006,Salford,2014-06-30,2496
E08000006,Salford,2015-06-30,2541
E08000006,Salford,2016-06-30,2588
E08000006,Salford,2017-06-30,2624
E08000006,Salford,2018-06-30,2667
E08000006,Salford,2019-06-30,2712
E08000006,Salford,2020-06-30,2738
E08000006,Salford,2021-06-30,2787
E08000006,Salford,2022-06-30,2881
E08000006,Salford,2023-06-30,2955
E08000006,Salford,2024-06-30,3028
E08000007,Stockport,1991-06-30,2289
E08000007,Stockport,1992-06-30,2289
E08000007,Stockport,1993-06-30,2288
E08000007,Stockport,1994-06-30,2283
E08000007,Stockport,1995-06-30,2272
E08000007,Stockport,1996-06-30,2272
E08000007,Stockport,1997-06-30,2272
E08000007,Stockport,1998-06-30,2278
E08000007,Stockport,1999-06-30,2267
E08000007,Stockport,2000-06-30,2256
E08000007,Stockport,2001-06-30,2257
E08000007,Stockport,2002-06-30,2249
E08000007,Stockport,2003-06-30,2245
E08000007,Stockport,2004-06-30,2240
E08000007,Stockport,2005-06-30,2231
E08000007,Stockport,2006-06-30,2225
E08000007,Stockport,2007-06-30,2229
E08000007,Stockport,2008-06-30,2233
E08000007,Stockport,2009-06-30,2239
E08000007,Stockport,2010-06-30,2242
E08000007,Stockport,2011-06-30,2247
E08000007,Stockport,2012-06-30,2253
E08000007,Stockport,2013-06-30,2260
E08000007,Stockport,2014-06-30,2271
E08000007,Stockport,2015-06-30,2286
E08000007,Stockport,2016-06-30,2300
E08000007,Stockport,2017-06-30,2308
E08000007,Stockport,2018-06-30,2314
E08000007,Stockport,2019-06-30,2326
E08000007,Stockport,2020-06-30,2331
E08000007,Stockport,2021-06-30,2342
E08000007,Stockport,2022-06-30,2359
E08000007,Stockport,2023-06-30,2383
E08000007,Stockport,2024-06-30,2411
E08000008,Tameside,1991-06-30,2114
E08000008,Tameside,1992-06-30,2120
E08000008,Tameside,1993-06-30,2120
E08000008,Tameside,1994-06-30,2116
E08000008,Tameside,1995-06-30,2107
E08000008,Tameside,1996-06-30,2094
E08000008,Tameside,1997-06-30,2095
E08000008,Tameside,1998-06-30,2083
E08000008,Tameside,1999-06-30,2070
E08000008,Tameside,2000-06-30,2064
E08000008,Tameside,2001-06-30,2066
E08000008,Tameside,2002-06-30,2067
E08000008,Tameside,2003-06-30,2069
E08000008,Tameside,2004-06-30,2071
E08000008,Tameside,2005-06-30,2070
E08000008,Tameside,2006-06-30,2076
E08000008,Tameside,2007-06-30,2082
E08000008,Tameside,2008-06-30,2097
E08000008,Tameside,2009-06-30,2108
E08000008,Tameside,2010-06-30,2121
E08000008,Tameside,2011-06-30,2130
E08000008,Tameside,2012-06-30,2137
E08000008,Tameside,2013-06-30,2147
E08000008,Tameside,2014-06-30,2156
E08000008,Tameside,2015-06-30,2168
E08000008,Tameside,2016-06-30,2186
E08000008,Tameside,2017-06-30,2198
E08000008,Tameside,2018-06-30,2215
E08000008,Tameside,2019-06-30,2229
E08000008,Tameside,2020-06-30,2235
E08000008,Tameside,2021-06-30,2242
E08000008,Tameside,2022-06-30,2262
E08000008,Tameside,2023-06-30,2289
E08000008,Tameside,2024-06-30,2323
E08000009,Trafford,1991-06-30,2035
E08000009,Trafford,1992-06-30,2031
E08000009,Trafford,1993-06-30,2031
E08000009,Trafford,1994-06-30,2029
E08000009,Trafford,1995-06-30,2025
E08000009,Trafford,1996-06-30,2024
E08000009,Trafford,1997-06-30,2013
E08000009,Trafford,1998-06-30,2020
E08000009,Trafford,1999-06-30,2008
E08000009,Trafford,2000-06-30,1992
E08000009,Trafford,2001-06-30,1982
E08000009,Trafford,2002-06-30,1990
E08000009,Trafford,2003-06-30,2009
E08000009,Trafford,2004-06-30,2019
E08000009,Trafford,2005-06-30,2032
E08000009,Trafford,2006-06-30,2050
E08000009,Trafford,2007-06-30,2069
E08000009,Trafford,2008-06-30,2084
E08000009,Trafford,2009-06-30,2104
E08000009,Trafford,2010-06-30,2124
E08000009,Trafford,2011-06-30,2142
E08000009,Trafford,2012-06-30,2155
E08000009,Trafford,2013-06-30,2172
E08000009,Trafford,2014-06-30,2186
E08000009,Trafford,2015-06-30,2193
E08000009,Trafford,2016-06-30,2204
E08000009,Trafford,2017-06-30,2215
E08000009,Trafford,2018-06-30,2222
E08000009,Trafford,2019-06-30,2227
E08000009,Trafford,2020-06-30,2225
E08000009,Trafford,2021-06-30,2222
E08000009,Trafford,2022-06-30,2236
E08000009,Trafford,2023-06-30,2254
E08000009,Trafford,2024-06-30,2273
E08000010,Wigan,1991-06-30,1624
E08000010,Wigan,1992-06-30,1627
E08000010,Wigan,1993-06-30,1626
E08000010,Wigan,1994-06-30,1621
E08000010,Wigan,1995-06-30,1614
E08000010,Wigan,1996-06-30,1608
E08000010,Wigan,1997-06-30,1605
E08000010,Wigan,1998-06-30,1604
E08000010,Wigan,1999-06-30,1605
E08000010,Wigan,2000-06-30,1605
E08000010,Wigan,2001-06-30,1602
E08000010,Wigan,2002-06-30,1607
E08000010,Wigan,2003-06-30,1615
E08000010,Wigan,2004-06-30,1621
E08000010,Wigan,2005-06-30,1627
E08000010,Wigan,2006-06-30,1637
E08000010,Wigan,2007-06-30,1644
E08000010,Wigan,2008-06-30,1658
E08000010,Wigan,2009-06-30,1671
E08000010,Wigan,2010-06-30,1681
E08000010,Wigan,2011-06-30,1691
E08000010,Wigan,2012-06-30,1691
E08000010,Wigan,2013-06-30,1694
E08000010,Wigan,2014-06-30,1701
E08000010,Wigan,2015-06-30,1705
E08000010,Wigan,2016-06-30,1709
E08000010,Wigan,2017-06-30,1714
E08000010,Wigan,2018-06-30,1721
E08000010,Wigan,2019-06-30,1735
E08000010,Wigan,2020-06-30,1742
E08000010,Wigan,2021-06-30,1753
E08000010,Wigan,2022-06-30,1779
E08000010,Wigan,2023-06-30,1808
E08000010,Wigan,2024-06-30,1833
E08000011,Knowsley,1991-06-30,1793
E08000011,Knowsley,1992-06-30,1779
E08000011,Knowsley,1993-06-30,1777
E08000011,Knowsley,1994-06-30,1766
E08000011,Knowsley,1995-06-30,1766
E08000011,Knowsley,1996-06-30,1765
E08000011,Knowsley,1997-06-30,1765
E08000011,Knowsley,1998-06-30,1771
E08000011,Knowsley,1999-06-30,1755
E08000011,Knowsley,2000-06-30,1750
E08000011,Knowsley,2001-06-30,1748
E08000011,Knowsley,2002-06-30,1740
E08000011,Knowsley,2003-06-30,1732
E08000011,Knowsley,2004-06-30,1725
E08000011,Knowsley,2005-06-30,1721
E08000011,Knowsley,2006-06-30,1720
E08000011,Knowsley,2007-06-30,1713
E08000011,Knowsley,2008-06-30,1709
E08000011,Knowsley,2009-06-30,1700
E08000011,Knowsley,2010-06-30,1692
E08000011,Knowsley,2011-06-30,1687
E08000011,Knowsley,2012-06-30,1690
E08000011,Knowsley,2013-06-30,1692
E08000011,Knowsley,2014-06-30,1694
E08000011,Knowsley,2015-06-30,1703
E08000011,Knowsley,2016-06-30,1710
E08000011,Knowsley,2017-06-30,1718
E08000011,Knowsley,2018-06-30,1735
E08000011,Knowsley,2019-06-30,1755
E08000011,Knowsley,2020-06-30,1773
E08000011,Knowsley,2021-06-30,1792
E08000011,Knowsley,2022-06-30,1818
E08000011,Knowsley,2023-06-30,1846
E08000011,Knowsley,2024-06-30,1879
E08000012,Liverpool,1991-06-30,4253
E08000012,Liverpool,1992-06-30,4234
E08000012,Liverpool,1993-06-30,4214
E08000012,Liverpool,1994-06-30,4185
E08000012,Liverpool,1995-06-30,4155
E08000012,Liverpool,1996-06-30,4125
E08000012,Liverpool,1997-06-30,4081
E08000012,Liverpool,1998-06-30,4052
E08000012,Liverpool,1999-06-30,4009
E08000012,Liverpool,2000-06-30,3988
E08000012,Liverpool,2001-06-30,3951
E08000012,Liverpool,2002-06-30,3968
E08000012,Liverpool,2003-06-30,3978
E08000012,Liverpool,2004-06-30,4006
E08000012,Liverpool,2005-06-30,4044
E08000012,Liverpool,2006-06-30,4051
E08000012,Liverpool,2007-06-30,4056
E08000012,Liverpool,2008-06-30,4063
E08000012,Liverpool,2009-06-30,4091
E08000012,Liverpool,2010-06-30,4125
E08000012,Liverpool,2011-06-30,4164
E08000012,Liverpool,2012-06-30,4161
E08000012,Liverpool,2013-06-30,4165
E08000012,Liverpool,2014-06-30,4164
E08000012,Liverpool,2015-06-30,4202
E08000012,Liverpool,2016-06-30,4251
E08000012,Liverpool,2017-06-30,4290
E08000012,Liverpool,2018-06-30,4324
E08000012,Liverpool,2019-06-30,4334
E08000012,Liverpool,2020-06-30,4322
E08000012,Liverpool,2021-06-30,4337
E08000012,Liverpool,2022-06-30,4414
E08000012,Liverpool,2023-06-30,4499
E08000012,Liverpool,2024-06-30,4551
E08000013,St. Helens,1991-06-30,1321
E08000013,St. Helens,1992-06-30,1320
E08000013,St. Helens,1993-06-30,1314
E08000013,St. Helens,1994-06-30,1315
E08000013,St. Helens,1995-06-30,1306
E08000013,St. Helens,1996-06-30,1302
E08000013,St. Helens,1997-06-30,1298
E08000013,St. Helens,1998-06-30,1293
E08000013,St. Helens,1999-06-30,1297
E08000013,St. Helens,2000-06-30,1296
E08000013,St. Helens,2001-06-30,1297
E08000013,St. Helens,2002-06-30,1293
E08000013,St. Helens,2003-06-30,1291
E08000013,St. Helens,2004-06-30,1289
E08000013,St. Helens,2005-06-30,1286
E08000013,St. Helens,2006-06-30,1285
E08000013,St. Helens,2007-06-30,1283
E08000013,St. Helens,2008-06-30,1284
E08000013,St. Helens,2009-06-30,1285
E08000013,St. Helens,2010-06-30,1285
E08000013,St. Helens,2011-06-30,1286
E08000013,St. Helens,2012-06-30,1292
E08000013,St. Helens,2013-06-30,1294
E08000013,St. Helens,2014-06-30,1304
E08000013,St. Helens,2015-06-30,1308
E08000013,St. Helens,2016-06-30,1314
E08000013,St. Helens,2017-06-30,1321
E08000013,St. Helens,2018-06-30,1327
E08000013,St. Helens,2019-06-30,1331
E08000013,St. Helens,2020-06-30,1335
E08000013,St. Helens,2021-06-30,1345
E08000013,St. Helens,2022-06-30,1357
E08000013,St. Helens,2023-06-30,1371
E08000013,St. Helens,2024-06-30,1385
E08000014,Sefton,1991-06-30,1871
E08000014,Sefton,1992-06-30,1870
E08000014,Sefton,1993-06-30,1866
E08000014,Sefton,1994-06-30,1855
E08000014,Sefton,1995-06-30,1845
E08000014,Sefton,1996-06-30,1836
E08000014,Sefton,1997-06-30,1829
E08000014,Sefton,1998-06-30,1821
E08000014,Sefton,1999-06-30,1815
E08000014,Sefton,2000-06-30,1809
E08000014,Sefton,2001-06-30,1807
E08000014,Sefton,2002-06-30,1794
E08000014,Sefton,2003-06-30,1788
E08000014,Sefton,2004-06-30,1781
E08000014,Sefton,2005-06-30,1769
E08000014,Sefton,2006-06-30,1762
E08000014,Sefton,2007-06-30,1757
E08000014,Sefton,2008-06-30,1754
E08000014,Sefton,2009-06-30,1751
E08000014,Sefton,2010-06-30,1749
E08000014,Sefton,2011-06-30,1750
E08000014,Sefton,2012-06-30,1750
E08000014,Sefton,2013-06-30,1749
E08000014,Sefton,2014-06-30,1757
E08000014,Sefton,2015-06-30,1760
E08000014,Sefton,2016-06-30,1767
E08000014,Sefton,2017-06-30,1769
E08000014,Sefton,2018-06-30,1775
E08000014,Sefton,2019-06-30,1781
E08000014,Sefton,2020-06-30,1779
E08000014,Sefton,2021-06-30,1786
E08000014,Sefton,2022-06-30,1796
E08000014,Sefton,2023-06-30,1812
E08000014,Sefton,2024-06-30,1828
E08000015,Wirral,1991-06-30,2077
E08000015,Wirral,1992-06-30,2067
E08000015,Wirral,1993-06-30,2056
E08000015,Wirral,1994-06-30,2044
E08000015,Wirral,1995-06-30,2028
E08000015,Wirral,1996-06-30,2006
E08000015,Wirral,1997-06-30,1991
E08000015,Wirral,1998-06-30,1980
E08000015,Wirral,1999-06-30,1970
E08000015,Wirral,2000-06-30,1967
E08000015,Wirral,2001-06-30,1957
E08000015,Wirral,2002-06-30,1958
E08000015,Wirral,2003-06-30,1960
E08000015,Wirral,2004-06-30,1958
E08000015,Wirral,2005-06-30,1957
E08000015,Wirral,2006-06-30,1960
E08000015,Wirral,2007-06-30,1962
E08000015,Wirral,2008-06-30,1968
E08000015,Wirral,2009-06-30,1975
E08000015,Wirral,2010-06-30,1983
E08000015,Wirral,2011-06-30,1988
E08000015,Wirral,2012-06-30,1988
E08000015,Wirral,2013-06-30,1988
E08000015,Wirral,2014-06-30,1994
E08000015,Wirral,2015-06-30,1993
E08000015,Wirral,2016-06-30,1994
E08000015,Wirral,2017-06-30,1995
E08000015,Wirral,2018-06-30,1993
E08000015,Wirral,2019-06-30,1993
E08000015,Wirral,2020-06-30,1990
E08000015,Wirral,2021-06-30,1992
E08000015,Wirral,2022-06-30,2005
E08000015,Wirral,2023-06-30,2023
E08000015,Wirral,2024-06-30,2044
E08000016,Barnsley,1991-06-30,678
E08000016,Barnsley,1992-06-30,676
E08000016,Barnsley,1993-06-30,675
E08000016,Barnsley,1994-06-30,674
E08000016,Barnsley,1995-06-30,671
E08000016,Barnsley,1996-06-30,670
E08000016,Barnsley,1997-06-30,667
E08000016,Barnsley,1998-06-30,667
E08000016,Barnsley,1999-06-30,665
E08000016,Barnsley,2000-06-30,662
E08000016,Barnsley,2001-06-30,663
E08000016,Barnsley,2002-06-30,665
E08000016,Barnsley,2003-06-30,669
E08000016,Barnsley,2004-06-30,672
E08000016,Barnsley,2005-06-30,676
E08000016,Barnsley,2006-06-30,682
E08000016,Barnsley,2007-06-30,687
E08000016,Barnsley,2008-06-30,692
E08000016,Barnsley,2009-06-30,696
E08000016,Barnsley,2010-06-30,699
E08000016,Barnsley,2011-06-30,705
E08000016,Barnsley,2012-06-30,709
E08000016,Barnsley,2013-06-30,714
E08000016,Barnsley,2014-06-30,718
E08000016,Barnsley,2015-06-30,724
E08000016,Barnsley,2016-06-30,729
E08000016,Barnsley,2017-06-30,733
E08000016,Barnsley,2018-06-30,736
E08000016,Barnsley,2019-06-30,740
E08000016,Barnsley,2020-06-30,742
E08000016,Barnsley,2021-06-30,744
E08000016,Barnsley,2022-06-30,750
E08000016,Barnsley,2023-06-30,757
E08000016,Barnsley,2024-06-30,765
E08000017,Doncaster,1991-06-30,513
E08000017,Doncaster,1992-06-30,514
E08000017,Doncaster,1993-06-30,512
E08000017,Doncaster,1994-06-30,511
E08000017,Doncaster,1995-06-30,512
E08000017,Doncaster,1996-06-30,509
E08000017,Doncaster,1997-06-30,509
E08000017,Doncaster,1998-06-30,506
E08000017,Doncaster,1999-06-30,505
E08000017,Doncaster,2000-06-30,505
E08000017,Doncaster,2001-06-30,505
E08000017,Doncaster,2002-06-30,508
E08000017,Doncaster,2003-06-30,511
E08000017,Doncaster,2004-06-30,512
E08000017,Doncaster,2005-06-30,514
E08000017,Doncaster,2006-06-30,518
E08000017,Doncaster,2007-06-30,522
E08000017,Doncaster,2008-06-30,525
E08000017,Doncaster,2009-06-30,528
E08000017,Doncaster,2010-06-30,530
E08000017,Doncaster,2011-06-30,533
E08000017,Doncaster,2012-06-30,533
E08000017,Doncaster,2013-06-30,533
E08000017,Doncaster,2014-06-30,535
E08000017,Doncaster,2015-06-30,536
E08000017,Doncaster,2016-06-30,539
E08000017,Doncaster,2017-06-30,541
E08000017,Doncaster,2018-06-30,543
E08000017,Doncaster,2019-06-30,543
E08000017,Doncaster,2020-06-30,543
E08000017,Doncaster,2021-06-30,543
E08000017,Doncaster,2022-06-30,548
E08000017,Doncaster,2023-06-30,555
E08000017,Doncaster,2024-06-30,563
E08000018,Rotherham,1991-06-30,885
E08000018,Rotherham,1992-06-30,884
E08000018,Rotherham,1993-06-30,885
E08000018,Rotherham,1994-06-30,883
E08000018,Rotherham,1995-06-30,879
E08000018,Rotherham,1996-06-30,876
E08000018,Rotherham,1997-06-30,873
E08000018,Rotherham,1998-06-30,869
E08000018,Rotherham,1999-06-30,865
E08000018,Rotherham,2000-06-30,862
E08000018,Rotherham,2001-06-30,867
E08000018,Rotherham,2002-06-30,871
E08000018,Rotherham,2003-06-30,876
E08000018,Rotherham,2004-06-30,879
E08000018,Rotherham,2005-06-30,882
E08000018,Rotherham,2006-06-30,885
E08000018,Rotherham,2007-06-30,887
E08000018,Rotherham,2008-06-30,891
E08000018,Rotherham,2009-06-30,895
E08000018,Rotherham,2010-06-30,897
E08000018,Rotherham,2011-06-30,899
E08000018,Rotherham,2012-06-30,903
E08000018,Rotherham,2013-06-30,905
E08000018,Rotherham,2014-06-30,912
E08000018,Rotherham,2015-06-30,915
E08000018,Rotherham,2016-06-30,919
E08000018,Rotherham,2017-06-30,922
E08000018,Rotherham,2018-06-30,925
E08000018,Rotherham,2019-06-30,928
E08000018,Rotherham,2020-06-30,927
E08000018,Rotherham,2021-06-30,929
E08000018,Rotherham,2022-06-30,938
E08000018,Rotherham,2023-06-30,952
E08000018,Rotherham,2024-06-30,965
E08000019,Sheffield,1991-06-30,1414
E08000019,Sheffield,1992-06-30,1415
E08000019,Sheffield,1993-06-30,1415
E08000019,Sheffield,1994-06-30,1410
E08000019,Sheffield,1995-06-30,1404
E08000019,Sheffield,1996-06-30,1408
E08000019,Sheffield,1997-06-30,1407
E08000019,Sheffield,1998-06-30,1407
E08000019,Sheffield,1999-06-30,1403
E08000019,Sheffield,2000-06-30,1399
E08000019,Sheffield,2001-06-30,1395
E08000019,Sheffield,2002-06-30,1398
E08000019,Sheffield,2003-06-30,1401
E08000019,Sheffield,2004-06-30,1412
E08000019,Sheffield,2005-06-30,1429
E08000019,Sheffield,2006-06-30,1434
E08000019,Sheffield,2007-06-30,1440
E08000019,Sheffield,2008-06-30,1452
E08000019,Sheffield,2009-06-30,1463
E08000019,Sheffield,2010-06-30,1480
E08000019,Sheffield,2011-06-30,1500
E08000019,Sheffield,2012-06-30,1505
E08000019,Sheffield,2013-06-30,1509
E08000019,Sheffield,2014-06-30,1508
E08000019,Sheffield,2015-06-30,1509
E08000019,Sheffield,2016-06-30,1513
E08000019,Sheffield,2017-06-30,1510
E08000019,Sheffield,2018-06-30,1513
E08000019,Sheffield,2019-06-30,1512
E08000019,Sheffield,2020-06-30,1509
E08000019,Sheffield,2021-06-30,1509
E08000019,Sheffield,2022-06-30,1538
E08000019,Sheffield,2023-06-30,1564
E08000019,Sheffield,2024-06-30,1583
E08000021,Newcastle upon Tyne,1991-06-30,2424
E08000021,Newcastle upon Tyne,1992-06-30,2457
E08000021,Newcastle upon Tyne,1993-06-30,2492
E08000021,Newcastle upon Tyne,1994-06-30,2478
E08000021,Newcastle upon Tyne,1995-06-30,2479
E08000021,Newcastle upon Tyne,1996-06-30,2476
E08000021,Newcastle upon Tyne,1997-06-30,2452
E08000021,Newcastle upon Tyne,1998-06-30,2419
E08000021,Newcastle upon Tyne,1999-06-30,2388
E08000021,Newcastle upon Tyne,2000-06-30,2359
E08000021,Newcastle upon Tyne,2001-06-30,2347
E08000021,Newcastle upon Tyne,2002-06-30,2353
E08000021,Newcastle upon Tyne,2003-06-30,2352
E08000021,Newcastle upon Tyne,2004-06-30,2352
E08000021,Newcastle upon Tyne,2005-06-30,2376
E08000021,Newcastle upon Tyne,2006-06-30,2382
E08000021,Newcastle upon Tyne,2007-06-30,2394
E08000021,Newcastle upon Tyne,2008-06-30,2394
E08000021,Newcastle upon Tyne,2009-06-30,2410
E08000021,Newcastle upon Tyne,2010-06-30,2439
E08000021,Newcastle upon Tyne,2011-06-30,2460
E08000021,Newcastle upon Tyne,2012-06-30,2476
E08000021,Newcastle upon Tyne,2013-06-30,2507
E08000021,Newcastle upon Tyne,2014-06-30,2529
E08000021,Newcastle upon Tyne,2015-06-30,2538
E08000021,Newcastle upon Tyne,2016-06-30,2559
E08000021,Newcastle upon Tyne,2017-06-30,2572
E08000021,Newcastle upon Tyne,2018-06-30,2600
E08000021,Newcastle upon Tyne,2019-06-30,2619
E08000021,Newcastle upon Tyne,2020-06-30,2630
E08000021,Newcastle upon Tyne,2021-06-30,2632
E08000021,Newcastle upon Tyne,2022-06-30,2687
E08000021,Newcastle upon Tyne,2023-06-30,2764
E08000021,Newcastle upon Tyne,2024-06-30,2826
E08000022,North Tyneside,1991-06-30,2359
E08000022,North Tyneside,1992-06-30,2353
E08000022,North Tyneside,1993-06-30,2346
E08000022,North Tyneside,1994-06-30,2331
E08000022,North Tyneside,1995-06-30,2326
E08000022,North Tyneside,1996-06-30,2318
E08000022,North Tyneside,1997-06-30,2311
E08000022,North Tyneside,1998-06-30,2316
E08000022,North Tyneside,1999-06-30,2305
E08000022,North Tyneside,2000-06-30,2313
E08000022,North Tyneside,2001-06-30,2329
E08000022,North Tyneside,2002-06-30,2337
E08000022,North Tyneside,2003-06-30,2341
E08000022,North Tyneside,2004-06-30,2343
E08000022,North Tyneside,2005-06-30,2354
E08000022,North Tyneside,2006-06-30,2369
E08000022,North Tyneside,2007-06-30,2383
E08000022,North Tyneside,2008-06-30,2401
E08000022,North Tyneside,2009-06-30,2414
E08000022,North Tyneside,2010-06-30,2427
E08000022,North Tyneside,2011-06-30,2440
E08000022,North Tyneside,2012-06-30,2445
E08000022,North Tyneside,2013-06-30,2453
E08000022,North Tyneside,2014-06-30,2464
E08000022,North Tyneside,2015-06-30,2461
E08000022,North Tyneside,2016-06-30,2471
E08000022,North Tyneside,2017-06-30,2480
E08000022,North Tyneside,2018-06-30,2495
E08000022,North Tyneside,2019-06-30,2514
E08000022,North Tyneside,2020-06-30,2523
E08000022,North Tyneside,2021-06-30,2536
E08000022,North Tyneside,2022-06-30,2556
E08000022,North Tyneside,2023-06-30,2580
E08000022,North Tyneside,2024-06-30,2608
E08000023,South Tyneside,1991-06-30,2431
E08000023,South Tyneside,1992-06-30,2432
E08000023,South Tyneside,1993-06-30,2431
E08000023,South Tyneside,1994-06-30,2422
E08000023,South Tyneside,1995-06-30,2418
E08000023,South Tyneside,1996-06-30,2415
E08000023,South Tyneside,1997-06-30,2406
E08000023,South Tyneside,1998-06-30,2396
E08000023,South Tyneside,1999-06-30,2384
E08000023,South Tyneside,2000-06-30,2376
E08000023,South Tyneside,2001-06-30,2371
E08000023,South Tyneside,2002-06-30,2362
E08000023,South Tyneside,2003-06-30,2346
E08000023,South Tyneside,2004-06-30,2332
E08000023,South Tyneside,2005-06-30,2322
E08000023,South Tyneside,2006-06-30,2311
E08000023,South Tyneside,2007-06-30,2307
E08000023,South Tyneside,2008-06-30,2307
E08000023,South Tyneside,2009-06-30,2305
E08000023,South Tyneside,2010-06-30,2304
E08000023,South Tyneside,2011-06-30,2300
E08000023,South Tyneside,2012-06-30,2293
E08000023,South Tyneside,2013-06-30,2289
E08000023,South Tyneside,2014-06-30,2291
E08000023,South Tyneside,2015-06-30,2285
E08000023,South Tyneside,2016-06-30,2292
E08000023,South Tyneside,2017-06-30,2294
E08000023,South Tyneside,2018-06-30,2298
E08000023,South Tyneside,2019-06-30,2303
E08000023,South Tyneside,2020-06-30,2296
E08000023,South Tyneside,2021-06-30,2296
E08000023,South Tyneside,2022-06-30,2312
E08000023,South Tyneside,2023-06-30,2330
E08000023,South Tyneside,2024-06-30,2350
E08000024,Sunderland,1991-06-30,2154
E08000024,Sunderland,1992-06-30,2157
E08000024,Sunderland,1993-06-30,2161
E08000024,Sunderland,1994-06-30,2150
E08000024,Sunderland,1995-06-30,2139
E08000024,Sunderland,1996-06-30,2128
E08000024,Sunderland,1997-06-30,2117
E08000024,Sunderland,1998-06-30,2109
E08000024,Sunderland,1999-06-30,2093
E08000024,Sunderland,2000-06-30,2080
E08000024,Sunderland,2001-06-30,2072
E08000024,Sunderland,2002-06-30,2060
E08000024,Sunderland,2003-06-30,2049
E08000024,Sunderland,2004-06-30,2039
E08000024,Sunderland,2005-06-30,2032
E08000024,Sunderland,2006-06-30,2026
E08000024,Sunderland,2007-06-30,2022
E08000024,Sunderland,2008-06-30,2015
E08000024,Sunderland,2009-06-30,2011
E08000024,Sunderland,2010-06-30,2009
E08000024,Sunderland,2011-06-30,2004
E08000024,Sunderland,2012-06-30,2004
E08000024,Sunderland,2013-06-30,2004
E08000024,Sunderland,2014-06-30,2007
E08000024,Sunderland,2015-06-30,2005
E08000024,Sunderland,2016-06-30,2005
E08000024,Sunderland,2017-06-30,2001
E08000024,Sunderland,2018-06-30,1997
E08000024,Sunderland,2019-06-30,1997
E08000024,Sunderland,2020-06-30,1992
E08000024,Sunderland,2021-06-30,1997
E08000024,Sunderland,2022-06-30,2024
E08000024,Sunderland,2023-06-30,2064
E08000024,Sunderland,2024-06-30,2101
E08000025,Birmingham,1991-06-30,3751
E08000025,Birmingham,1992-06-30,3750
E08000025,Birmingham,1993-06-30,3755
E08000025,Birmingham,1994-06-30,3735
E08000025,Birmingham,1995-06-30,3731
E08000025,Birmingham,1996-06-30,3738
E08000025,Birmingham,1997-06-30,3711
E08000025,Birmingham,1998-06-30,3702
E08000025,Birmingham,1999-06-30,3696
E08000025,Birmingham,2000-06-30,3679
E08000025,Birmingham,2001-06-30,3677
E08000025,Birmingham,2002-06-30,3699
E08000025,Birmingham,2003-06-30,3721
E08000025,Birmingham,2004-06-30,3743
E08000025,Birmingham,2005-06-30,3789
E08000025,Birmingham,2006-06-30,3812
E08000025,Birmingham,2007-06-30,3843
E08000025,Birmingham,2008-06-30,3880
E08000025,Birmingham,2009-06-30,3921
E08000025,Birmingham,2010-06-30,3962
E08000025,Birmingham,2011-06-30,4012
E08000025,Birmingham,2012-06-30,4051
E08000025,Birmingham,2013-06-30,4087
E08000025,Birmingham,2014-06-30,4122
E08000025,Birmingham,2015-06-30,4164
E08000025,Birmingham,2016-06-30,4225
E08000025,Birmingham,2017-06-30,4257
E08000025,Birmingham,2018-06-30,4280
E08000025,Birmingham,2019-06-30,4297
E08000025,Birmingham,2020-06-30,4290
E08000025,Birmingham,2021-06-30,4270
E08000025,Birmingham,2022-06-30,4308
E08000025,Birmingham,2023-06-30,4370
E08000025,Birmingham,2024-06-30,4420
E08000026,Coventry,1991-06-30,3080
E08000026,Coventry,1992-06-30,3071
E08000026,Coventry,1993-06-30,3067
E08000026,Coventry,1994-06-30,3058
E08000026,Coventry,1995-06-30,3072
E08000026,Coventry,1996-06-30,3106
E08000026,Coventry,1997-06-30,3089
E08000026,Coventry,1998-06-30,3092
E08000026,Coventry,1999-06-30,3090
E08000026,Coventry,2000-06-30,3072
E08000026,Coventry,2001-06-30,3069
E08000026,Coventry,2002-06-30,3054
E08000026,Coventry,2003-06-30,3048
E08000026,Coventry,2004-06-30,3023
E08000026,Coventry,2005-06-30,3025
E08000026,Coventry,2006-06-30,3042
E08000026,Coventry,2007-06-30,3056
E08000026,Coventry,2008-06-30,3094
E08000026,Coventry,2009-06-30,3116
E08000026,Coventry,2010-06-30,3159
E08000026,Coventry,2011-06-30,3213
E08000026,Coventry,2012-06-30,3225
E08000026,Coventry,2013-06-30,3266
E08000026,Coventry,2014-06-30,3295
E08000026,Coventry,2015-06-30,3356
E08000026,Coventry,2016-06-30,3417
E08000026,Coventry,2017-06-30,3447
E08000026,Coventry,2018-06-30,3475
E08000026,Coventry,2019-06-30,3484
E08000026,Coventry,2020-06-30,3494
E08000026,Coventry,2021-06-30,3489
E08000026,Coventry,2022-06-30,3562
E08000026,Coventry,2023-06-30,3642
E08000026,Coventry,2024-06-30,3741
E08000027,Dudley,1991-06-30,3140
E08000027,Dudley,1992-06-30,3150
E08000027,Dudley,1993-06-30,3148
E08000027,Dudley,1994-06-30,3145
E08000027,Dudley,1995-06-30,3140
E08000027,Dudley,1996-06-30,3129
E08000027,Dudley,1997-06-30,3115
E08000027,Dudley,1998-06-30,3111
E08000027,Dudley,1999-06-30,3112
E08000027,Dudley,2000-06-30,3110
E08000027,Dudley,2001-06-30,3114
E08000027,Dudley,2002-06-30,3120
E08000027,Dudley,2003-06-30,3119
E08000027,Dudley,2004-06-30,3125
E08000027,Dudley,2005-06-30,3134
E08000027,Dudley,2006-06-30,3142
E08000027,Dudley,2007-06-30,3151
E08000027,Dudley,2008-06-30,3168
E08000027,Dudley,2009-06-30,3175
E08000027,Dudley,2010-06-30,3187
E08000027,Dudley,2011-06-30,3197
E08000027,Dudley,2012-06-30,3201
E08000027,Dudley,2013-06-30,3210
E08000027,Dudley,2014-06-30,3222
E08000027,Dudley,2015-06-30,3229
E08000027,Dudley,2016-06-30,3242
E08000027,Dudley,2017-06-30,3261
E08000027,Dudley,2018-06-30,3276
E08000027,Dudley,2019-06-30,3288
E08000027,Dudley,2020-06-30,3292
E08000027,Dudley,2021-06-30,3303
E08000027,Dudley,2022-06-30,3322
E08000027,Dudley,2023-06-30,3351
E08000027,Dudley,2024-06-30,3388
E08000028,Sandwell,1991-06-30,3419
E08000028,Sandwell,1992-06-30,3409
E08000028,Sandwell,1993-06-30,3408
E08000028,Sandwell,1994-06-30,3401
E08000028,Sandwell,1995-06-30,3397
E08000028,Sandwell,1996-06-30,3377
E08000028,Sandwell,1997-06-30,3362
E08000028,Sandwell,1998-06-30,3356
E08000028,Sandwell,1999-06-30,3343
E08000028,Sandwell,2000-06-30,3332
E08000028,Sandwell,2001-06-30,3326
E08000028,Sandwell,2002-06-30,3338
E08000028,Sandwell,2003-06-30,3356
E08000028,Sandwell,2004-06-30,3376
E08000028,Sandwell,2005-06-30,3394
E08000028,Sandwell,2006-06-30,3419
E08000028,Sandwell,2007-06-30,3443
E08000028,Sandwell,2008-06-30,3487
E08000028,Sandwell,2009-06-30,3533
E08000028,Sandwell,2010-06-30,3578
E08000028,Sandwell,2011-06-30,3612
E08000028,Sandwell,2012-06-30,3655
E08000028,Sandwell,2013-06-30,3711
E08000028,Sandwell,2014-06-30,3759
E08000028,Sandwell,2015-06-30,3809
E08000028,Sandwell,2016-06-30,3857
E08000028,Sandwell,2017-06-30,3901
E08000028,Sandwell,2018-06-30,3938
E08000028,Sandwell,2019-06-30,3976
E08000028,Sandwell,2020-06-30,3990
E08000028,Sandwell,2021-06-30,3996
E08000028,Sandwell,2022-06-30,4040
E08000028,Sandwell,2023-06-30,4088
E08000028,Sandwell,2024-06-30,4135
E08000029,Solihull,1991-06-30,1124
E08000029,Solihull,1992-06-30,1119
E08000029,Solihull,1993-06-30,1113
E08000029,Solihull,1994-06-30,1118
E08000029,Solihull,1995-06-30,1120
E08000029,Solihull,1996-06-30,1122
E08000029,Solihull,1997-06-30,1126
E08000029,Solihull,1998-06-30,1126
E08000029,Solihull,1999-06-30,1123
E08000029,Solihull,2000-06-30,1116
E08000029,Solihull,2001-06-30,1119
E08000029,Solihull,2002-06-30,1122
E08000029,Solihull,2003-06-30,1125
E08000029,Solihull,2004-06-30,1128
E08000029,Solihull,2005-06-30,1130
E08000029,Solihull,2006-06-30,1135
E08000029,Solihull,2007-06-30,1140
E08000029,Solihull,2008-06-30,1149
E08000029,Solihull,2009-06-30,1152
E08000029,Solihull,2010-06-30,1157
E08000029,Solihull,2011-06-30,1160
E08000029,Solihull,2012-06-30,1165
E08000029,Solihull,2013-06-30,1173
E08000029,Solihull,2014-06-30,1185
E08000029,Solihull,2015-06-30,1187
E08000029,Solihull,2016-06-30,1195
E08000029,Solihull,2017-06-30,1202
E08000029,Solihull,2018-06-30,1205
E08000029,Solihull,2019-06-30,1213
E08000029,Solihull,2020-06-30,1214
E08000029,Solihull,2021-06-30,1215
E08000029,Solihull,2022-06-30,1222
E08000029,Solihull,2023-06-30,1232
E08000029,Solihull,2024-06-30,1241
E08000030,Walsall,1991-06-30,2512
E08000030,Walsall,1992-06-30,2507
E08000030,Walsall,1993-06-30,2513
E08000030,Walsall,1994-06-30,2502
E08000030,Walsall,1995-06-30,2485
E08000030,Walsall,1996-06-30,2478
E08000030,Walsall,1997-06-30,2468
E08000030,Walsall,1998-06-30,2457
E08000030,Walsall,1999-06-30,2460
E08000030,Walsall,2000-06-30,2451
E08000030,Walsall,2001-06-30,2436
E08000030,Walsall,2002-06-30,2445
E08000030,Walsall,2003-06-30,2455
E08000030,Walsall,2004-06-30,2468
E08000030,Walsall,2005-06-30,2482
E08000030,Walsall,2006-06-30,2495
E08000030,Walsall,2007-06-30,2509
E08000030,Walsall,2008-06-30,2529
E08000030,Walsall,2009-06-30,2546
E08000030,Walsall,2010-06-30,2566
E08000030,Walsall,2011-06-30,2591
E08000030,Walsall,2012-06-30,2601
E08000030,Walsall,2013-06-30,2612
E08000030,Walsall,2014-06-30,2632
E08000030,Walsall,2015-06-30,2649
E08000030,Walsall,2016-06-30,2677
E08000030,Walsall,2017-06-30,2704
E08000030,Walsall,2018-06-30,2720
E08000030,Walsall,2019-06-30,2736
E08000030,Walsall,2020-06-30,2736
E08000030,Walsall,2021-06-30,2734
E08000030,Walsall,2022-06-30,2758
E08000030,Walsall,2023-06-30,2800
E08000030,Walsall,2024-06-30,2843
E08000031,Wolverhampton,1991-06-30,3578
E08000031,Wolverhampton,1992-06-30,3570
E08000031,Wolverhampton,1993-06-30,3561
E08000031,Wolverhampton,1994-06-30,3531
E08000031,Wolverhampton,1995-06-30,3527
E08000031,Wolverhampton,1996-06-30,3530
E08000031,Wolverhampton,1997-06-30,3497
E08000031,Wolverhampton,1998-06-30,3485
E08000031,Wolverhampton,1999-06-30,3466
E08000031,Wolverhampton,2000-06-30,3449
E08000031,Wolverhampton,2001-06-30,3428
E08000031,Wolverhampton,2002-06-30,3443
E08000031,Wolverhampton,2003-06-30,3454
E08000031,Wolverhampton,2004-06-30,3464
E08000031,Wolverhampton,2005-06-30,3480
E08000031,Wolverhampton,2006-06-30,3498
E08000031,Wolverhampton,2007-06-30,3512
E08000031,Wolverhampton,2008-06-30,3533
E08000031,Wolverhampton,2009-06-30,3543
E08000031,Wolverhampton,2010-06-30,3566
E08000031,Wolverhampton,2011-06-30,3598
E08000031,Wolverhampton,2012-06-30,3621
E08000031,Wolverhampton,2013-06-30,3634
E08000031,Wolverhampton,2014-06-30,3663
E08000031,Wolverhampton,2015-06-30,3688
E08000031,Wolverhampton,2016-06-30,3720
E08000031,Wolverhampton,2017-06-30,3753
E08000031,Wolverhampton,2018-06-30,3780
E08000031,Wolverhampton,2019-06-30,3795
E08000031,Wolverhampton,2020-06-30,3789
E08000031,Wolverhampton,2021-06-30,3805
E08000031,Wolverhampton,2022-06-30,3874
E08000031,Wolverhampton,2023-06-30,3969
E08000031,Wolverhampton,2024-06-30,4050
E08000032,Bradford,1991-06-30,1280
E08000032,Bradford,1992-06-30,1281
E08000032,Bradford,1993-06-30,1284
E08000032,Bradford,1994-06-30,1286
E08000032,Bradford,1995-06-30,1286
E08000032,Bradford,1996-06-30,1285
E08000032,Bradford,1997-06-30,1281
E08000032,Bradford,1998-06-30,1277
E08000032,Bradford,1999-06-30,1274
E08000032,Bradford,2000-06-30,1275
E08000032,Bradford,2001-06-30,1285
E08000032,Bradford,2002-06-30,1297
E08000032,Bradford,2003-06-30,1308
E08000032,Bradford,2004-06-30,1323
E08000032,Bradford,2005-06-30,1341
E08000032,Bradford,2006-06-30,1353
E08000032,Bradford,2007-06-30,1368
E08000032,Bradford,2008-06-30,1385
E08000032,Bradford,2009-06-30,1398
E08000032,Bradford,2010-06-30,1414
E08000032,Bradford,2011-06-30,1428
E08000032,Bradford,2012-06-30,1434
E08000032,Bradford,2013-06-30,1443
E08000032,Bradford,2014-06-30,1451
E08000032,Bradford,2015-06-30,1460
E08000032,Bradford,2016-06-30,1469
E08000032,Bradford,2017-06-30,1475
E08000032,Bradford,2018-06-30,1481
E08000032,Bradford,2019-06-30,1490
E08000032,Bradford,2020-06-30,1493
E08000032,Bradford,2021-06-30,1493
E08000032,Bradford,2022-06-30,1505
E08000032,Bradford,2023-06-30,1526
E08000032,Bradford,2024-06-30,1538
E08000033,Calderdale,1991-06-30,530
E08000033,Calderdale,1992-06-30,530
E08000033,Calderdale,1993-06-30,529
E08000033,Calderdale,1994-06-30,528
E08000033,Calderdale,1995-06-30,527
E08000033,Calderdale,1996-06-30,525
E08000033,Calderdale,1997-06-30,525
E08000033,Calderdale,1998-06-30,525
E08000033,Calderdale,1999-06-30,525
E08000033,Calderdale,2000-06-30,527
E08000033,Calderdale,2001-06-30,529
E08000033,Calderdale,2002-06-30,531
E08000033,Calderdale,2003-06-30,533
E08000033,Calderdale,2004-06-30,536
E08000033,Calderdale,2005-06-30,539
E08000033,Calderdale,2006-06-30,543
E08000033,Calderdale,2007-06-30,548
E08000033,Calderdale,2008-06-30,552
E08000033,Calderdale,2009-06-30,555
E08000033,Calderdale,2010-06-30,558
E08000033,Calderdale,2011-06-30,561
E08000033,Calderdale,2012-06-30,564
E08000033,Calderdale,2013-06-30,566
E08000033,Calderdale,2014-06-30,568
E08000033,Calderdale,2015-06-30,569
E08000033,Calderdale,2016-06-30,571
E08000033,Calderdale,2017-06-30,570
E08000033,Calderdale,2018-06-30,569
E08000033,Calderdale,2019-06-30,571
E08000033,Calderdale,2020-06-30,569
E08000033,Calderdale,2021-06-30,568
E08000033,Calderdale,2022-06-30,571
E08000033,Calderdale,2023-06-30,575
E08000033,Calderdale,2024-06-30,580
E08000034,Kirklees,1991-06-30,928
E08000034,Kirklees,1992-06-30,930
E08000034,Kirklees,1993-06-30,935
E08000034,Kirklees,1994-06-30,937
E08000034,Kirklees,1995-06-30,938
E08000034,Kirklees,1996-06-30,939
E08000034,Kirklees,1997-06-30,940
E08000034,Kirklees,1998-06-30,942
E08000034,Kirklees,1999-06-30,943
E08000034,Kirklees,2000-06-30,947
E08000034,Kirklees,2001-06-30,952
E08000034,Kirklees,2002-06-30,960
E08000034,Kirklees,2003-06-30,966
E08000034,Kirklees,2004-06-30,973
E08000034,Kirklees,2005-06-30,981
E08000034,Kirklees,2006-06-30,990
E08000034,Kirklees,2007-06-30,999
E08000034,Kirklees,2008-06-30,1008
E08000034,Kirklees,2009-06-30,1015
E08000034,Kirklees,2010-06-30,1024
E08000034,Kirklees,2011-06-30,1035
E08000034,Kirklees,2012-06-30,1040
E08000034,Kirklees,2013-06-30,1045
E08000034,Kirklees,2014-06-30,1050
E08000034,Kirklees,2015-06-30,1055
E08000034,Kirklees,2016-06-30,1059
E08000034,Kirklees,2017-06-30,1061
E08000034,Kirklees,2018-06-30,1061
E08000034,Kirklees,2019-06-30,1060
E08000034,Kirklees,2020-06-30,1060
E08000034,Kirklees,2021-06-30,1061
E08000034,Kirklees,2022-06-30,1073
E08000034,Kirklees,2023-06-30,1086
E08000034,Kirklees,2024-06-30,1096
E08000035,Leeds,1991-06-30,1281
E08000035,Leeds,1992-06-30,1288
E08000035,Leeds,1993-06-30,1293
E08000035,Leeds,1994-06-30,1292
E08000035,Leeds,1995-06-30,1294
E08000035,Leeds,1996-06-30,1297
E08000035,Leeds,1997-06-30,1298
E08000035,Leeds,1998-06-30,1298
E08000035,Leeds,1999-06-30,1296
E08000035,Leeds,2000-06-30,1293
E08000035,Leeds,2001-06-30,1297
E08000035,Leeds,2002-06-30,1298
E08000035,Leeds,2003-06-30,1301
E08000035,Leeds,2004-06-30,1311
E08000035,Leeds,2005-06-30,1332
E08000035,Leeds,2006-06-30,1334
E08000035,Leeds,2007-06-30,1339
E08000035,Leeds,2008-06-30,1344
E08000035,Leeds,2009-06-30,1348
E08000035,Leeds,2010-06-30,1355
E08000035,Leeds,2011-06-30,1361
E08000035,Leeds,2012-06-30,1374
E08000035,Leeds,2013-06-30,1385
E08000035,Leeds,2014-06-30,1396
E08000035,Leeds,2015-06-30,1410
E08000035,Leeds,2016-06-30,1426
E08000035,Leeds,2017-06-30,1438
E08000035,Leeds,2018-06-30,1446
E08000035,Leeds,2019-06-30,1458
E08000035,Leeds,2020-06-30,1465
E08000035,Leeds,2021-06-30,1467
E08000035,Leeds,2022-06-30,1487
E08000035,Leeds,2023-06-30,1511
E08000035,Leeds,2024-06-30,1532
E08000036,Wakefield,1991-06-30,928
E08000036,Wakefield,1992-06-30,930
E08000036,Wakefield,1993-06-30,928
E08000036,Wakefield,1994-06-30,926
E08000036,Wakefield,1995-06-30,924
E08000036,Wakefield,1996-06-30,923
E08000036,Wakefield,1997-06-30,922
E08000036,Wakefield,1998-06-30,925
E08000036,Wakefield,1999-06-30,927
E08000036,Wakefield,2000-06-30,928
E08000036,Wakefield,2001-06-30,931
E08000036,Wakefield,2002-06-30,934
E08000036,Wakefield,2003-06-30,938
E08000036,Wakefield,2004-06-30,939
E08000036,Wakefield,2005-06-30,941
E08000036,Wakefield,2006-06-30,946
E08000036,Wakefield,2007-06-30,950
E08000036,Wakefield,2008-06-30,955
E08000036,Wakefield,2009-06-30,958
E08000036,Wakefield,2010-06-30,962
E08000036,Wakefield,2011-06-30,964
E08000036,Wakefield,2012-06-30,968
E08000036,Wakefield,2013-06-30,974
E08000036,Wakefield,2014-06-30,979
E08000036,Wakefield,2015-06-30,986
E08000036,Wakefield,2016-06-30,996
E08000036,Wakefield,2017-06-30,1006
E08000036,Wakefield,2018-06-30,1017
E08000036,Wakefield,2019-06-30,1028
E08000036,Wakefield,2020-06-30,1037
E08000036,Wakefield,2021-06-30,1045
E08000036,Wakefield,2022-06-30,1057
E08000036,Wakefield,2023-06-30,1072
E08000036,Wakefield,2024-06-30,1086
E08000037,Gateshead,1991-06-30,1417
E08000037,Gateshead,1992-06-30,1414
E08000037,Gateshead,1993-06-30,1410
E08000037,Gateshead,1994-06-30,1402
E08000037,Gateshead,1995-06-30,1394
E08000037,Gateshead,1996-06-30,1385
E08000037,Gateshead,1997-06-30,1376
E08000037,Gateshead,1998-06-30,1365
E08000037,Gateshead,1999-06-30,1358
E08000037,Gateshead,2000-06-30,1348
E08000037,Gateshead,2001-06-30,1343
E08000037,Gateshead,2002-06-30,1346
E08000037,Gateshead,2003-06-30,1350
E08000037,Gateshead,2004-06-30,1351
E08000037,Gateshead,2005-06-30,1355
E08000037,Gateshead,2006-06-30,1360
E08000037,Gateshead,2007-06-30,1369
E08000037,Gateshead,2008-06-30,1377
E08000037,Gateshead,2009-06-30,1387
E08000037,Gateshead,2010-06-30,1396
E08000037,Gateshead,2011-06-30,1407
E08000037,Gateshead,2012-06-30,1407
E08000037,Gateshead,2013-06-30,1407
E08000037,Gateshead,2014-06-30,1410
E08000037,Gateshead,2015-06-30,1414
E08000037,Gateshead,2016-06-30,1415
E08000037,Gateshead,2017-06-30,1410
E08000037,Gateshead,2018-06-30,1404
E08000037,Gateshead,2019-06-30,1394
E08000037,Gateshead,2020-06-30,1386
E08000037,Gateshead,2021-06-30,1378
E08000037,Gateshead,2022-06-30,1395
E08000037,Gateshead,2023-06-30,1409
E08000037,Gateshead,2024-06-30,1424
E09000001,City of London,1991-06-30,1855
E09000001,City of London,1992-06-30,1788
E09000001,City of London,1993-06-30,1837
E09000001,City of London,1994-06-30,1877
E09000001,City of London,1995-06-30,1899
E09000001,City of London,1996-06-30,1921
E09000001,City of London,1997-06-30,1962
E09000001,City of London,1998-06-30,1979
E09000001,City of London,1999-06-30,2277
E09000001,City of London,2000-06-30,2427
E09000001,City of London,2001-06-30,2546
E09000001,City of London,2002-06-30,2519
E09000001,City of London,2003-06-30,2462
E09000001,City of London,2004-06-30,2463
E09000001,City of London,2005-06-30,2468
E09000001,City of London,2006-06-30,2510
E09000001,City of London,2007-06-30,2632
E09000001,City of London,2008-06-30,2571
E09000001,City of London,2009-06-30,2586
E09000001,City of London,2010-06-30,2539
E09000001,City of London,2011-06-30,2565
E09000001,City of London,2012-06-30,2600
E09000001,City of London,2013-06-30,2608
E09000001,City of London,2014-06-30,2618
E09000001,City of London,2015-06-30,2653
E09000001,City of London,2016-06-30,2677
E09000001,City of London,2017-06-30,2726
E09000001,City of London,2018-06-30,2825
E09000001,City of London,2019-06-30,3033
E09000001,City of London,2020-06-30,2883
E09000001,City of London,2021-06-30,3007
E09000001,City of London,2022-06-30,4019
E09000001,City of London,2023-06-30,4708
E09000001,City of London,2024-06-30,5229
E09000002,Barking and Dagenham,1991-06-30,4307
E09000002,Barking and Dagenham,1992-06-30,4326
E09000002,Barking and Dagenham,1993-06-30,4326
E09000002,Barking and Dagenham,1994-06-30,4342
E09000002,Barking and Dagenham,1995-06-30,4360
E09000002,Barking and Dagenham,1996-06-30,4356
E09000002,Barking and Dagenham,1997-06-30,4385
E09000002,Barking and Dagenham,1998-06-30,4459
E09000002,Barking and Dagenham,1999-06-30,4500
E09000002,Barking and Dagenham,2000-06-30,4540
E09000002,Barking and Dagenham,2001-06-30,4589
E09000002,Barking and Dagenham,2002-06-30,4608
E09000002,Barking and Dagenham,2003-06-30,4604
E09000002,Barking and Dagenham,2004-06-30,4587
E09000002,Barking and Dagenham,2005-06-30,4606
E09000002,Barking and Dagenham,2006-06-30,4630
E09000002,Barking and Dagenham,2007-06-30,4682
E09000002,Barking and Dagenham,2008-06-30,4777
E09000002,Barking and Dagenham,2009-06-30,4919
E09000002,Barking and Dagenham,2010-06-30,5065
E09000002,Barking and Dagenham,2011-06-30,5181
E09000002,Barking and Dagenham,2012-06-30,5303
E09000002,Barking and Dagenham,2013-06-30,5435
E09000002,Barking and Dagenham,2014-06-30,5574
E09000002,Barking and Dagenham,2015-06-30,5719
E09000002,Barking and Dagenham,2016-06-30,5846
E09000002,Barking and Dagenham,2017-06-30,5928
E09000002,Barking and Dagenham,2018-06-30,5991
E09000002,Barking and Dagenham,2019-06-30,6062
E09000002,Barking and Dagenham,2020-06-30,6073
E09000002,Barking and Dagenham,2021-06-30,6058
E09000002,Barking and Dagenham,2022-06-30,6105
E09000002,Barking and Dagenham,2023-06-30,6269
E09000002,Barking and Dagenham,2024-06-30,6447
E09000003,Barnet,1991-06-30,3431
E09000003,Barnet,1992-06-30,3422
E09000003,Barnet,1993-06-30,3418
E09000003,Barnet,1994-06-30,3427
E09000003,Barnet,1995-06-30,3446
E09000003,Barnet,1996-06-30,3492
E09000003,Barnet,1997-06-30,3511
E09000003,Barnet,1998-06-30,3554
E09000003,Barnet,1999-06-30,3613
E09000003,Barnet,2000-06-30,3639
E09000003,Barnet,2001-06-30,3682
E09000003,Barnet,2002-06-30,3694
E09000003,Barnet,2003-06-30,3709
E09000003,Barnet,2004-06-30,3731
E09000003,Barnet,2005-06-30,3775
E09000003,Barnet,2006-06-30,3813
E09000003,Barnet,2007-06-30,3859
E09000003,Barnet,2008-06-30,3909
E09000003,Barnet,2009-06-30,3986
E09000003,Barnet,2010-06-30,4050
E09000003,Barnet,2011-06-30,4121
E09000003,Barnet,2012-06-30,4187
E09000003,Barnet,2013-06-30,4248
E09000003,Barnet,2014-06-30,4309
E09000003,Barnet,2015-06-30,4354
E09000003,Barnet,2016-06-30,4413
E09000003,Barnet,2017-06-30,4427
E09000003,Barnet,2018-06-30,4467
E09000003,Barnet,2019-06-30,4502
E09000003,Barnet,2020-06-30,4507
E09000003,Barnet,2021-06-30,4483
E09000003,Barnet,2022-06-30,4499
E09000003,Barnet,2023-06-30,4589
E09000003,Barnet,2024-06-30,4668
E09000004,Bexley,1991-06-30,3600
E09000004,Bexley,1992-06-30,3600
E09000004,Bexley,1993-06-30,3604
E09000004,Bexley,1994-06-30,3609
E09000004,Bexley,1995-06-30,3608
E09000004,Bexley,1996-06-30,3594
E09000004,Bexley,1997-06-30,3561
E09000004,Bexley,1998-06-30,3571
E09000004,Bexley,1999-06-30,3590
E09000004,Bexley,2000-06-30,3611
E09000004,Bexley,2001-06-30,3612
E09000004,Bexley,2002-06-30,3618
E09000004,Bexley,2003-06-30,3632
E09000004,Bexley,2004-06-30,3647
E09000004,Bexley,2005-06-30,3671
E09000004,Bexley,2006-06-30,3686
E09000004,Bexley,2007-06-30,3708
E09000004,Bexley,2008-06-30,3742
E09000004,Bexley,2009-06-30,3767
E09000004,Bexley,2010-06-30,3809
E09000004,Bexley,2011-06-30,3843
E09000004,Bexley,2012-06-30,3870
E09000004,Bexley,2013-06-30,3899
E09000004,Bexley,2014-06-30,3948
E09000004,Bexley,2015-06-30,3986
E09000004,Bexley,2016-06-30,4028
E09000004,Bexley,2017-06-30,4036
E09000004,Bexley,2018-06-30,4049
E09000004,Bexley,2019-06-30,4072
E09000004,Bexley,2020-06-30,4077
E09000004,Bexley,2021-06-30,4072
E09000004,Bexley,2022-06-30,4092
E09000004,Bexley,2023-06-30,4162
E09000004,Bexley,2024-06-30,4234
E09000005,Brent,1991-06-30,5570
E09000005,Brent,1992-06-30,5557
E09000005,Brent,1993-06-30,5590
E09000005,Brent,1994-06-30,5683
E09000005,Brent,1995-06-30,5744
E09000005,Brent,1996-06-30,5828
E09000005,Brent,1997-06-30,5905
E09000005,Brent,1998-06-30,6011
E09000005,Brent,1999-06-30,6021
E09000005,Brent,2000-06-30,6128
E09000005,Brent,2001-06-30,6236
E09000005,Brent,2002-06-30,6242
E09000005,Brent,2003-06-30,6206
E09000005,Brent,2004-06-30,6206
E09000005,Brent,2005-06-30,6267
E09000005,Brent,2006-06-30,6395
E09000005,Brent,2007-06-30,6552
E09000005,Brent,2008-06-30,6728
E09000005,Brent,2009-06-30,6895
E09000005,Brent,2010-06-30,7049
E09000005,Brent,2011-06-30,7222
E09000005,Brent,2012-06-30,7355
E09000005,Brent,2013-06-30,7502
E09000005,Brent,2014-06-30,7632
E09000005,Brent,2015-06-30,7762
E09000005,Brent,2016-06-30,7853
E09000005,Brent,2017-06-30,7920
E09000005,Brent,2018-06-30,7992
E09000005,Brent,2019-06-30,8036
E09000005,Brent,2020-06-30,7956
E09000005,Brent,2021-06-30,7846
E09000005,Brent,2022-06-30,7899
E09000005,Brent,2023-06-30,8066
E09000005,Brent,2024-06-30,8164
E09000006,Bromley,1991-06-30,1955
E09000006,Bromley,1992-06-30,1945
E09000006,Bromley,1993-06-30,1931
E09000006,Bromley,1994-06-30,1932
E09000006,Bromley,1995-06-30,1932
E09000006,Bromley,1996-06-30,1943
E09000006,Bromley,1997-06-30,1952
E09000006,Bromley,1998-06-30,1943
E09000006,Bromley,1999-06-30,1964
E09000006,Bromley,2000-06-30,1967
E09000006,Bromley,2001-06-30,1973
E09000006,Bromley,2002-06-30,1976
E09000006,Bromley,2003-06-30,1980
E09000006,Bromley,2004-06-30,1980
E09000006,Bromley,2005-06-30,1994
E09000006,Bromley,2006-06-30,2005
E09000006,Bromley,2007-06-30,2016
E09000006,Bromley,2008-06-30,2031
E09000006,Bromley,2009-06-30,2044
E09000006,Bromley,2010-06-30,2055
E09000006,Bromley,2011-06-30,2069
E09000006,Bromley,2012-06-30,2096
E09000006,Bromley,2013-06-30,2122
E09000006,Bromley,2014-06-30,2144
E09000006,Bromley,2015-06-30,2169
E09000006,Bromley,2016-06-30,2183
E09000006,Bromley,2017-06-30,2192
E09000006,Bromley,2018-06-30,2201
E09000006,Bromley,2019-06-30,2206
E09000006,Bromley,2020-06-30,2206
E09000006,Bromley,2021-06-30,2197
E09000006,Bromley,2022-06-30,2198
E09000006,Bromley,2023-06-30,2215
E09000006,Bromley,2024-06-30,2234
E09000007,Camden,1991-06-30,8298
E09000007,Camden,1992-06-30,8225
E09000007,Camden,1993-06-30,8232
E09000007,Camden,1994-06-30,8266
E09000007,Camden,1995-06-30,8378
E09000007,Camden,1996-06-30,8552
E09000007,Camden,1997-06-30,8549
E09000007,Camden,1998-06-30,8445
E09000007,Camden,1999-06-30,8724
E09000007,Camden,2000-06-30,9008
E09000007,Camden,2001-06-30,9301
E09000007,Camden,2002-06-30,9366
E09000007,Camden,2003-06-30,9379
E09000007,Camden,2004-06-30,9520
E09000007,Camden,2005-06-30,9692
E09000007,Camden,2006-06-30,9690
E09000007,Camden,2007-06-30,9712
E09000007,Camden,2008-06-30,9655
E09000007,Camden,2009-06-30,9777
E09000007,Camden,2010-06-30,9859
E09000007,Camden,2011-06-30,10106
E09000007,Camden,2012-06-30,10085
E09000007,Camden,2013-06-30,10164
E09000007,Camden,2014-06-30,10152
E09000007,Camden,2015-06-30,10149
E09000007,Camden,2016-06-30,10149
E09000007,Camden,2017-06-30,10048
E09000007,Camden,2018-06-30,10006
E09000007,Camden,2019-06-30,9970
E09000007,Camden,2020-06-30,9861
E09000007,Camden,2021-06-30,9687
E09000007,Camden,2022-06-30,9980
E09000007,Camden,2023-06-30,9975
E09000007,Camden,2024-06-30,9961
E09000008,Croydon,1991-06-30,3653
E09000008,Croydon,1992-06-30,3668
E09000008,Croydon,1993-06-30,3692
E09000008,Croydon,1994-06-30,3733
E09000008,Croydon,1995-06-30,3780
E09000008,Croydon,1996-06-30,3810
E09000008,Croydon,1997-06-30,3827
E09000008,Croydon,1998-06-30,3852
E09000008,Croydon,1999-06-30,3840
E09000008,Croydon,2000-06-30,3866
E09000008,Croydon,2001-06-30,3876
E09000008,Croydon,2002-06-30,3879
E09000008,Croydon,2003-06-30,3885
E09000008,Croydon,2004-06-30,3899
E09000008,Croydon,2005-06-30,3921
E09000008,Croydon,2006-06-30,3937
E09000008,Croydon,2007-06-30,3979
E09000008,Croydon,2008-06-30,4040
E09000008,Croydon,2009-06-30,4080
E09000008,Croydon,2010-06-30,4140
E09000008,Croydon,2011-06-30,4219
E09000008,Croydon,2012-06-30,4275
E09000008,Croydon,2013-06-30,4329
E09000008,Croydon,2014-06-30,4374
E09000008,Croydon,2015-06-30,4410
E09000008,Croydon,2016-06-30,4445
E09000008,Croydon,2017-06-30,4459
E09000008,Croydon,2018-06-30,4476
E09000008,Croydon,2019-06-30,4518
E09000008,Croydon,2020-06-30,4535
E09000008,Croydon,2021-06-30,4518
E09000008,Croydon,2022-06-30,4551
E09000008,Croydon,2023-06-30,4652
E09000008,Croydon,2024-06-30,4734
E09000009,Ealing,1991-06-30,5109
E09000009,Ealing,1992-06-30,5130
E09000009,Ealing,1993-06-30,5146
E09000009,Ealing,1994-06-30,5156
E09000009,Ealing,1995-06-30,5194
E09000009,Ealing,1996-06-30,5272
E09000009,Ealing,1997-06-30,5293
E09000009,Ealing,1998-06-30,5334
E09000009,Ealing,1999-06-30,5442
E09000009,Ealing,2000-06-30,5480
E09000009,Ealing,2001-06-30,5532
E09000009,Ealing,2002-06-30,5568
E09000009,Ealing,2003-06-30,5547
E09000009,Ealing,2004-06-30,5583
E09000009,Ealing,2005-06-30,5631
E09000009,Ealing,2006-06-30,5677
E09000009,Ealing,2007-06-30,5737
E09000009,Ealing,2008-06-30,5834
E09000009,Ealing,2009-06-30,5941
E09000009,Ealing,2010-06-30,6015
E09000009,Ealing,2011-06-30,6109
E09000009,Ealing,2012-06-30,6209
E09000009,Ealing,2013-06-30,6313
E09000009,Ealing,2014-06-30,6385
E09000009,Ealing,2015-06-30,6466
E09000009,Ealing,2016-06-30,6521
E09000009,Ealing,2017-06-30,6530
E09000009,Ealing,2018-06-30,6557
E09000009,Ealing,2019-06-30,6613
E09000009,Ealing,2020-06-30,6624
E09000009,Ealing,2021-06-30,6603
E09000009,Ealing,2022-06-30,6667
E09000009,Ealing,2023-06-30,6827
E09000009,Ealing,2024-06-30,6949
E09000010,Enfield,1991-06-30,3219
E09000010,Enfield,1992-06-30,3226
E09000010,Enfield,1993-06-30,3227
E09000010,Enfield,1994-06-30,3218
E09000010,Enfield,1995-06-30,3252
E09000010,Enfield,1996-06-30,3280
E09000010,Enfield,1997-06-30,3322
E09000010,Enfield,1998-06-30,3328
E09000010,Enfield,1999-06-30,3375
E09000010,Enfield,2000-06-30,3404
E09000010,Enfield,2001-06-30,3431
E09000010,Enfield,2002-06-30,3475
E09000010,Enfield,2003-06-30,3488
E09000010,Enfield,2004-06-30,3493
E09000010,Enfield,2005-06-30,3524
E09000010,Enfield,2006-06-30,3557
E09000010,Enfield,2007-06-30,3608
E09000010,Enfield,2008-06-30,3681
E09000010,Enfield,2009-06-30,3737
E09000010,Enfield,2010-06-30,3808
E09000010,Enfield,2011-06-30,3885
E09000010,Enfield,2012-06-30,3933
E09000010,Enfield,2013-06-30,3982
E09000010,Enfield,2014-06-30,4039
E09000010,Enfield,2015-06-30,4095
E09000010,Enfield,2016-06-30,4125
E09000010,Enfield,2017-06-30,4122
E09000010,Enfield,2018-06-30,4134
E09000010,Enfield,2019-06-30,4148
E09000010,Enfield,2020-06-30,4123
E09000010,Enfield,2021-06-30,4083
E09000010,Enfield,2022-06-30,4045
E09000010,Enfield,2023-06-30,4060
E09000010,Enfield,2024-06-30,4052
E09000011,Greenwich,1991-06-30,4457
E09000011,Greenwich,1992-06-30,4479
E09000011,Greenwich,1993-06-30,4467
E09000011,Greenwich,1994-06-30,4443
E09000011,Greenwich,1995-06-30,4423
E09000011,Greenwich,1996-06-30,4435
E09000011,Greenwich,1997-06-30,4465
E09000011,Greenwich,1998-06-30,4488
E09000011,Greenwich,1999-06-30,4485
E09000011,Greenwich,2000-06-30,4532
E09000011,Greenwich,2001-06-30,4596
E09000011,Greenwich,2002-06-30,4681
E09000011,Greenwich,2003-06-30,4741
E09000011,Greenwich,2004-06-30,4802
E09000011,Greenwich,2005-06-30,4872
E09000011,Greenwich,2006-06-30,4946
E09000011,Greenwich,2007-06-30,5000
E09000011,Greenwich,2008-06-30,5067
E09000011,Greenwich,2009-06-30,5150
E09000011,Greenwich,2010-06-30,5267
E09000011,Greenwich,2011-06-30,5400
E09000011,Greenwich,2012-06-30,5503
E09000011,Greenwich,2013-06-30,5581
E09000011,Greenwich,2014-06-30,5671
E09000011,Greenwich,2015-06-30,5796
E09000011,Greenwich,2016-06-30,5892
E09000011,Greenwich,2017-06-30,5968
E09000011,Greenwich,2018-06-30,6040
E09000011,Greenwich,2019-06-30,6092
E09000011,Greenwich,2020-06-30,6095
E09000011,Greenwich,2021-06-30,6120
E09000011,Greenwich,2022-06-30,6180
E09000011,Greenwich,2023-06-30,6265
E09000011,Greenwich,2024-06-30,6331
E09000012,Hackney,1991-06-30,9712
E09000012,Hackney,1992-06-30,9810
E09000012,Hackney,1993-06-30,9882
E09000012,Hackney,1994-06-30,9991
E09000012,Hackney,1995-06-30,10127
E09000012,Hackney,1996-06-30,10138
E09000012,Hackney,1997-06-30,10053
E09000012,Hackney,1998-06-30,10224
E09000012,Hackney,1999-06-30,10454
E09000012,Hackney,2000-06-30,10680
E09000012,Hackney,2001-06-30,10882
E09000012,Hackney,2002-06-30,11078
E09000012,Hackney,2003-06-30,11153
E09000012,Hackney,2004-06-30,11215
E09000012,Hackney,2005-06-30,11369
E09000012,Hackney,2006-06-30,11562
E09000012,Hackney,2007-06-30,11787
E09000012,Hackney,2008-06-30,12132
E09000012,Hackney,2009-06-30,12425
E09000012,Hackney,2010-06-30,12694
E09000012,Hackney,2011-06-30,12980
E09000012,Hackney,2012-06-30,13190
E09000012,Hackney,2013-06-30,13424
E09000012,Hackney,2014-06-30,13586
E09000012,Hackney,2015-06-30,13754
E09000012,Hackney,2016-06-30,13909
E09000012,Hackney,2017-06-30,13906
E09000012,Hackney,2018-06-30,13979
E09000012,Hackney,2019-06-30,13958
E09000012,Hackney,2020-06-30,13851
E09000012,Hackney,2021-06-30,13657
E09000012,Hackney,2022-06-30,13748
E09000012,Hackney,2023-06-30,13937
E09000012,Hackney,2024-06-30,14007
E09000013,Hammersmith and Fulham,1991-06-30,9377
E09000013,Hammersmith and Fulham,1992-06-30,9346
E09000013,Hammersmith and Fulham,1993-06-30,9298
E09000013,Hammersmith and Fulham,1994-06-30,9375
E09000013,Hammersmith and Fulham,1995-06-30,9358
E09000013,Hammersmith and Fulham,1996-06-30,9447
E09000013,Hammersmith and Fulham,1997-06-30,9457
E09000013,Hammersmith and Fulham,1998-06-30,9478
E09000013,Hammersmith and Fulham,1999-06-30,9794
E09000013,Hammersmith and Fulham,2000-06-30,10023
E09000013,Hammersmith and Fulham,2001-06-30,10327
E09000013,Hammersmith and Fulham,2002-06-30,10486
E09000013,Hammersmith and Fulham,2003-06-30,10457
E09000013,Hammersmith and Fulham,2004-06-30,10492
E09000013,Hammersmith and Fulham,2005-06-30,10566
E09000013,Hammersmith and Fulham,2006-06-30,10650
E09000013,Hammersmith and Fulham,2007-06-30,10760
E09000013,Hammersmith and Fulham,2008-06-30,10797
E09000013,Hammersmith and Fulham,2009-06-30,10982
E09000013,Hammersmith and Fulham,2010-06-30,11026
E09000013,Hammersmith and Fulham,2011-06-30,11124
E09000013,Hammersmith and Fulham,2012-06-30,11245
E09000013,Hammersmith and Fulham,2013-06-30,11344
E09000013,Hammersmith and Fulham,2014-06-30,11381
E09000013,Hammersmith and Fulham,2015-06-30,11417
E09000013,Hammersmith and Fulham,2016-06-30,11430
E09000013,Hammersmith and Fulham,2017-06-30,11445
E09000013,Hammersmith and Fulham,2018-06-30,11526
E09000013,Hammersmith and Fulham,2019-06-30,11497
E09000013,Hammersmith and Fulham,2020-06-30,11374
E09000013,Hammersmith and Fulham,2021-06-30,11177
E09000013,Hammersmith and Fulham,2022-06-30,11330
E09000013,Hammersmith and Fulham,2023-06-30,11431
E09000013,Hammersmith and Fulham,2024-06-30,11504
E09000014,Haringey,1991-06-30,6993
E09000014,Haringey,1992-06-30,6950
E09000014,Haringey,1993-06-30,6974
E09000014,Haringey,1994-06-30,7007
E09000014,Haringey,1995-06-30,7055
E09000014,Haringey,1996-06-30,7146
E09000014,Haringey,1997-06-30,7265
E09000014,Haringey,1998-06-30,7315
E09000014,Haringey,1999-06-30,7382
E09000014,Haringey,2000-06-30,7426
E09000014,Haringey,2001-06-30,7473
E09000014,Haringey,2002-06-30,7582
E09000014,Haringey,2003-06-30,7601
E09000014,Haringey,2004-06-30,7649
E09000014,Haringey,2005-06-30,7744
E09000014,Haringey,2006-06-30,7876
E09000014,Haringey,2007-06-30,7998
E09000014,Haringey,2008-06-30,8257
E09000014,Haringey,2009-06-30,8438
E09000014,Haringey,2010-06-30,8537
E09000014,Haringey,2011-06-30,8631
E09000014,Haringey,2012-06-30,8759
E09000014,Haringey,2013-06-30,8953
E09000014,Haringey,2014-06-30,9083
E09000014,Haringey,2015-06-30,9219
E09000014,Haringey,2016-06-30,9331
E09000014,Haringey,2017-06-30,9270
E09000014,Haringey,2018-06-30,9263
E09000014,Haringey,2019-06-30,9245
E09000014,Haringey,2020-06-30,9104
E09000014,Haringey,2021-06-30,8928
E09000014,Haringey,2022-06-30,8852
E09000014,Haringey,2023-06-30,8895
E09000014,Haringey,2024-06-30,8912
E09000015,Harrow,1991-06-30,4023
E09000015,Harrow,1992-06-30,4037
E09000015,Harrow,1993-06-30,4088
E09000015,Harrow,1994-06-30,4109
E09000015,Harrow,1995-06-30,4101
E09000015,Harrow,1996-06-30,4106
E09000015,Harrow,1997-06-30,4101
E09000015,Harrow,1998-06-30,4095
E09000015,Harrow,1999-06-30,4120
E09000015,Harrow,2000-06-30,4144
E09000015,Harrow,2001-06-30,4162
E09000015,Harrow,2002-06-30,4208
E09000015,Harrow,2003-06-30,4235
E09000015,Harrow,2004-06-30,4286
E09000015,Harrow,2005-06-30,4381
E09000015,Harrow,2006-06-30,4431
E09000015,Harrow,2007-06-30,4485
E09000015,Harrow,2008-06-30,4549
E09000015,Harrow,2009-06-30,4627
E09000015,Harrow,2010-06-30,4705
E09000015,Harrow,2011-06-30,4766
E09000015,Harrow,2012-06-30,4831
E09000015,Harrow,2013-06-30,4895
E09000015,Harrow,2014-06-30,4986
E09000015,Harrow,2015-06-30,5059
E09000015,Harrow,2016-06-30,5099
E09000015,Harrow,2017-06-30,5110
E09000015,Harrow,2018-06-30,5149
E09000015,Harrow,2019-06-30,5193
E09000015,Harrow,2020-06-30,5197
E09000015,Harrow,2021-06-30,5175
E09000015,Harrow,2022-06-30,5188
E09000015,Harrow,2023-06-30,5289
E09000015,Harrow,2024-06-30,5365
E09000016,Havering,1991-06-30,2056
E09000016,Havering,1992-06-30,2040
E09000016,Havering,1993-06-30,2042
E09000016,Havering,1994-06-30,2036
E09000016,Havering,1995-06-30,2026
E09000016,Havering,1996-06-30,2022
E09000016,Havering,1997-06-30,2012
E09000016,Havering,1998-06-30,1991
E09000016,Havering,1999-06-30,2009
E09000016,Havering,2000-06-30,2004
E09000016,Havering,2001-06-30,2000
E09000016,Havering,2002-06-30,2003
E09000016,Havering,2003-06-30,2005
E09000016,Havering,2004-06-30,2010
E09000016,Havering,2005-06-30,2021
E09000016,Havering,2006-06-30,2031
E09000016,Havering,2007-06-30,2046
E09000016,Havering,2008-06-30,2063
E09000016,Havering,2009-06-30,2084
E09000016,Havering,2010-06-30,2103
E09000016,Havering,2011-06-30,2118
E09000016,Havering,2012-06-30,2136
E09000016,Havering,2013-06-30,2159
E09000016,Havering,2014-06-30,2197
E09000016,Havering,2015-06-30,2229
E09000016,Havering,2016-06-30,2265
E09000016,Havering,2017-06-30,2292
E09000016,Havering,2018-06-30,2308
E09000016,Havering,2019-06-30,2326
E09000016,Havering,2020-06-30,2331
E09000016,Havering,2021-06-30,2333
E09000016,Havering,2022-06-30,2357
E09000016,Havering,2023-06-30,2406
E09000016,Havering,2024-06-30,2459
E09000017,Hillingdon,1991-06-30,2026
E09000017,Hillingdon,1992-06-30,2026
E09000017,Hillingdon,1993-06-30,2037
E09000017,Hillingdon,1994-06-30,2063
E09000017,Hillingdon,1995-06-30,2075
E09000017,Hillingdon,1996-06-30,2091
E09000017,Hillingdon,1997-06-30,2099
E09000017,Hillingdon,1998-06-30,2105
E09000017,Hillingdon,1999-06-30,2118
E09000017,Hillingdon,2000-06-30,2125
E09000017,Hillingdon,2001-06-30,2123
E09000017,Hillingdon,2002-06-30,2135
E09000017,Hillingdon,2003-06-30,2144
E09000017,Hillingdon,2004-06-30,2149
E09000017,Hillingdon,2005-06-30,2173
E09000017,Hillingdon,2006-06-30,2199
E09000017,Hillingdon,2007-06-30,2221
E09000017,Hillingdon,2008-06-30,2256
E09000017,Hillingdon,2009-06-30,2296
E09000017,Hillingdon,2010-06-30,2329
E09000017,Hillingdon,2011-06-30,2381
E09000017,Hillingdon,2012-06-30,2431
E09000017,Hillingdon,2013-06-30,2472
E09000017,Hillingdon,2014-06-30,2508
E09000017,Hillingdon,2015-06-30,2541
E09000017,Hillingdon,2016-06-30,2571
E09000017,Hillingdon,2017-06-30,2588
E09000017,Hillingdon,2018-06-30,2612
E09000017,Hillingdon,2019-06-30,2641
E09000017,Hillingdon,2020-06-30,2649
E09000017,Hillingdon,2021-06-30,2637
E09000017,Hillingdon,2022-06-30,2698
E09000017,Hillingdon,2023-06-30,2783
E09000017,Hillingdon,2024-06-30,2845
E09000018,Hounslow,1991-06-30,3644
E09000018,Hounslow,1992-06-30,3609
E09000018,Hounslow,1993-06-30,3609
E09000018,Hounslow,1994-06-30,3605
E09000018,Hounslow,1995-06-30,3640
E09000018,Hounslow,1996-06-30,3682
E09000018,Hounslow,1997-06-30,3755
E09000018,Hounslow,1998-06-30,3796
E09000018,Hounslow,1999-06-30,3829
E09000018,Hounslow,2000-06-30,3837
E09000018,Hounslow,2001-06-30,3859
E09000018,Hounslow,2002-06-30,3876
E09000018,Hounslow,2003-06-30,3869
E09000018,Hounslow,2004-06-30,3921
E09000018,Hounslow,2005-06-30,3999
E09000018,Hounslow,2006-06-30,4076
E09000018,Hounslow,2007-06-30,4172
E09000018,Hounslow,2008-06-30,4251
E09000018,Hounslow,2009-06-30,4349
E09000018,Hounslow,2010-06-30,4454
E09000018,Hounslow,2011-06-30,4555
E09000018,Hounslow,2012-06-30,4656
E09000018,Hounslow,2013-06-30,4745
E09000018,Hounslow,2014-06-30,4838
E09000018,Hounslow,2015-06-30,4916
E09000018,Hounslow,2016-06-30,4978
E09000018,Hounslow,2017-06-30,5023
E09000018,Hounslow,2018-06-30,5100
E09000018,Hounslow,2019-06-30,5176
E09000018,Hounslow,2020-06-30,5178
E09000018,Hounslow,2021-06-30,5149
E09000018,Hounslow,2022-06-30,5168
E09000018,Hounslow,2023-06-30,5275
E09000018,Hounslow,2024-06-30,5350
E09000019,Islington,1991-06-30,11560
E09000019,Islington,1992-06-30,11621
E09000019,Islington,1993-06-30,11638
E09000019,Islington,1994-06-30,11668
E09000019,Islington,1995-06-30,11645
E09000019,Islington,1996-06-30,11755
E09000019,Islington,1997-06-30,11823
E09000019,Islington,1998-06-30,11977
E09000019,Islington,1999-06-30,11827
E09000019,Islington,2000-06-30,11970
E09000019,Islington,2001-06-30,12074
E09000019,Islington,2002-06-30,12123
E09000019,Islington,2003-06-30,12175
E09000019,Islington,2004-06-30,12171
E09000019,Islington,2005-06-30,12349
E09000019,Islington,2006-06-30,12470
E09000019,Islington,2007-06-30,12696
E09000019,Islington,2008-06-30,12928
E09000019,Islington,2009-06-30,13239
E09000019,Islington,2010-06-30,13470
E09000019,Islington,2011-06-30,13884
E09000019,Islington,2012-06-30,14051
E09000019,Islington,2013-06-30,14309
E09000019,Islington,2014-06-30,14469
E09000019,Islington,2015-06-30,14689
E09000019,Islington,2016-06-30,14849
E09000019,Islington,2017-06-30,14910
E09000019,Islington,2018-06-30,14905
E09000019,Islington,2019-06-30,14941
E09000019,Islington,2020-06-30,14875
E09000019,Islington,2021-06-30,14608
E09000019,Islington,2022-06-30,14791
E09000019,Islington,2023-06-30,14964
E09000019,Islington,2024-06-30,15010
E09000020,Kensington and Chelsea,1991-06-30,11845
E09000020,Kensington and Chelsea,1992-06-30,11730
E09000020,Kensington and Chelsea,1993-06-30,11672
E09000020,Kensington and Chelsea,1994-06-30,11546
E09000020,Kensington and Chelsea,1995-06-30,11596
E09000020,Kensington and Chelsea,1996-06-30,11636
E09000020,Kensington and Chelsea,1997-06-30,11719
E09000020,Kensington and Chelsea,1998-06-30,11805
E09000020,Kensington and Chelsea,1999-06-30,12179
E09000020,Kensington and Chelsea,2000-06-30,12755
E09000020,Kensington and Chelsea,2001-06-30,13377
E09000020,Kensington and Chelsea,2002-06-30,13511
E09000020,Kensington and Chelsea,2003-06-30,13630
E09000020,Kensington and Chelsea,2004-06-30,13670
E09000020,Kensington and Chelsea,2005-06-30,13886
E09000020,Kensington and Chelsea,2006-06-30,13628
E09000020,Kensington and Chelsea,2007-06-30,13433
E09000020,Kensington and Chelsea,2008-06-30,13408
E09000020,Kensington and Chelsea,2009-06-30,13351
E09000020,Kensington and Chelsea,2010-06-30,13233
E09000020,Kensington and Chelsea,2011-06-30,13051
E09000020,Kensington and Chelsea,2012-06-30,12968
E09000020,Kensington and Chelsea,2013-06-30,12933
E09000020,Kensington and Chelsea,2014-06-30,12880
E09000020,Kensington and Chelsea,2015-06-30,12878
E09000020,Kensington and Chelsea,2016-06-30,12594
E09000020,Kensington and Chelsea,2017-06-30,12342
E09000020,Kensington and Chelsea,2018-06-30,12244
E09000020,Kensington and Chelsea,2019-06-30,12107
E09000020,Kensington and Chelsea,2020-06-30,11948
E09000020,Kensington and Chelsea,2021-06-30,11898
E09000020,Kensington and Chelsea,2022-06-30,12068
E09000020,Kensington and Chelsea,2023-06-30,12082
E09000020,Kensington and Chelsea,2024-06-30,11918
E09000021,Kingston upon Thames,1991-06-30,3652
E09000021,Kingston upon Thames,1992-06-30,3654
E09000021,Kingston upon Thames,1993-06-30,3653
E09000021,Kingston upon Thames,1994-06-30,3662
E09000021,Kingston upon Thames,1995-06-30,3698
E09000021,Kingston upon Thames,1996-06-30,3737
E09000021,Kingston upon Thames,1997-06-30,3794
E09000021,Kingston upon Thames,1998-06-30,3859
E09000021,Kingston upon Thames,1999-06-30,3919
E09000021,Kingston upon Thames,2000-06-30,3955
E09000021,Kingston upon Thames,2001-06-30,4001
E09000021,Kingston upon Thames,2002-06-30,4017
E09000021,Kingston upon Thames,2003-06-30,4018
E09000021,Kingston upon Thames,2004-06-30,4055
E09000021,Kingston upon Thames,2005-06-30,4093
E09000021,Kingston upon Thames,2006-06-30,4125
E09000021,Kingston upon Thames,2007-06-30,4147
E09000021,Kingston upon Thames,2008-06-30,4188
E09000021,Kingston upon Thames,2009-06-30,4222
E09000021,Kingston upon Thames,2010-06-30,4258
E09000021,Kingston upon Thames,2011-06-30,4306
E09000021,Kingston upon Thames,2012-06-30,4364
E09000021,Kingston upon Thames,2013-06-30,4413
E09000021,Kingston upon Thames,2014-06-30,4450
E09000021,Kingston upon Thames,2015-06-30,4499
E09000021,Kingston upon Thames,2016-06-30,4526
E09000021,Kingston upon Thames,2017-06-30,4530
E09000021,Kingston upon Thames,2018-06-30,4529
E09000021,Kingston upon Thames,2019-06-30,4558
E09000021,Kingston upon Thames,2020-06-30,4557
E09000021,Kingston upon Thames,2021-06-30,4509
E09000021,Kingston upon Thames,2022-06-30,4538
E09000021,Kingston upon Thames,2023-06-30,4584
E09000021,Kingston upon Thames,2024-06-30,4635
E09000022,Lambeth,1991-06-30,9512
E09000022,Lambeth,1992-06-30,9535
E09000022,Lambeth,1993-06-30,9498
E09000022,Lambeth,1994-06-30,9573
E09000022,Lambeth,1995-06-30,9594
E09000022,Lambeth,1996-06-30,9689
E09000022,Lambeth,1997-06-30,9693
E09000022,Lambeth,1998-06-30,9842
E09000022,Lambeth,1999-06-30,9953
E09000022,Lambeth,2000-06-30,10073
E09000022,Lambeth,2001-06-30,10198
E09000022,Lambeth,2002-06-30,10185
E09000022,Lambeth,2003-06-30,10154
E09000022,Lambeth,2004-06-30,10231
E09000022,Lambeth,2005-06-30,10356
E09000022,Lambeth,2006-06-30,10465
E09000022,Lambeth,2007-06-30,10630
E09000022,Lambeth,2008-06-30,10785
E09000022,Lambeth,2009-06-30,10969
E09000022,Lambeth,2010-06-30,11103
E09000022,Lambeth,2011-06-30,11358
E09000022,Lambeth,2012-06-30,11581
E09000022,Lambeth,2013-06-30,11727
E09000022,Lambeth,2014-06-30,11870
E09000022,Lambeth,2015-06-30,12045
E09000022,Lambeth,2016-06-30,12184
E09000022,Lambeth,2017-06-30,12207
E09000022,Lambeth,2018-06-30,12270
E09000022,Lambeth,2019-06-30,12292
E09000022,Lambeth,2020-06-30,12143
E09000022,Lambeth,2021-06-30,11851
E09000022,Lambeth,2022-06-30,11850
E09000022,Lambeth,2023-06-30,11890
E09000022,Lambeth,2024-06-30,11822
E09000023,Lewisham,1991-06-30,6835
E09000023,Lewisham,1992-06-30,6821
E09000023,Lewisham,1993-06-30,6840
E09000023,Lewisham,1994-06-30,6885
E09000023,Lewisham,1995-06-30,6841
E09000023,Lewisham,1996-06-30,6917
E09000023,Lewisham,1997-06-30,6941
E09000023,Lewisham,1998-06-30,7034
E09000023,Lewisham,1999-06-30,7122
E09000023,Lewisham,2000-06-30,7173
E09000023,Lewisham,2001-06-30,7237
E09000023,Lewisham,2002-06-30,7217
E09000023,Lewisham,2003-06-30,7168
E09000023,Lewisham,2004-06-30,7183
E09000023,Lewisham,2005-06-30,7253
E09000023,Lewisham,2006-06-30,7340
E09000023,Lewisham,2007-06-30,7432
E09000023,Lewisham,2008-06-30,7583
E09000023,Lewisham,2009-06-30,7694
E09000023,Lewisham,2010-06-30,7754
E09000023,Lewisham,2011-06-30,7880
E09000023,Lewisham,2012-06-30,7996
E09000023,Lewisham,2013-06-30,8139
E09000023,Lewisham,2014-06-30,8282
E09000023,Lewisham,2015-06-30,8404
E09000023,Lewisham,2016-06-30,8502
E09000023,Lewisham,2017-06-30,8562
E09000023,Lewisham,2018-06-30,8625
E09000023,Lewisham,2019-06-30,8704
E09000023,Lewisham,2020-06-30,8654
E09000023,Lewisham,2021-06-30,8536
E09000023,Lewisham,2022-06-30,8512
E09000023,Lewisham,2023-06-30,8542
E09000023,Lewisham,2024-06-30,8572
E09000024,Merton,1991-06-30,4543
E09000024,Merton,1992-06-30,4563
E09000024,Merton,1993-06-30,4617
E09000024,Merton,1994-06-30,4671
E09000024,Merton,1995-06-30,4723
E09000024,Merton,1996-06-30,4801
E09000024,Merton,1997-06-30,4829
E09000024,Merton,1998-06-30,4847
E09000024,Merton,1999-06-30,4919
E09000024,Merton,2000-06-30,5002
E09000024,Merton,2001-06-30,5079
E09000024,Merton,2002-06-30,5065
E09000024,Merton,2003-06-30,5031
E09000024,Merton,2004-06-30,5021
E09000024,Merton,2005-06-30,5065
E09000024,Merton,2006-06-30,5117
E09000024,Merton,2007-06-30,5163
E09000024,Merton,2008-06-30,5206
E09000024,Merton,2009-06-30,5266
E09000024,Merton,2010-06-30,5293
E09000024,Merton,2011-06-30,5330
E09000024,Merton,2012-06-30,5453
E09000024,Merton,2013-06-30,5542
E09000024,Merton,2014-06-30,5609
E09000024,Merton,2015-06-30,5682
E09000024,Merton,2016-06-30,5728
E09000024,Merton,2017-06-30,5726
E09000024,Merton,2018-06-30,5746
E09000024,Merton,2019-06-30,5773
E09000024,Merton,2020-06-30,5770
E09000024,Merton,2021-06-30,5726
E09000024,Merton,2022-06-30,5717
E09000024,Merton,2023-06-30,5771
E09000024,Merton,2024-06-30,5808
E09000025,Newham,1991-06-30,5974
E09000025,Newham,1992-06-30,6056
E09000025,Newham,1993-06-30,6141
E09000025,Newham,1994-06-30,6214
E09000025,Newham,1995-06-30,6299
E09000025,Newham,1996-06-30,6352
E09000025,Newham,1997-06-30,6383
E09000025,Newham,1998-06-30,6492
E09000025,Newham,1999-06-30,6645
E09000025,Newham,2000-06-30,6782
E09000025,Newham,2001-06-30,6891
E09000025,Newham,2002-06-30,7053
E09000025,Newham,2003-06-30,7079
E09000025,Newham,2004-06-30,7029
E09000025,Newham,2005-06-30,7012
E09000025,Newham,2006-06-30,7128
E09000025,Newham,2007-06-30,7357
E09000025,Newham,2008-06-30,7638
E09000025,Newham,2009-06-30,7914
E09000025,Newham,2010-06-30,8265
E09000025,Newham,2011-06-30,8577
E09000025,Newham,2012-06-30,8668
E09000025,Newham,2013-06-30,8757
E09000025,Newham,2014-06-30,8923
E09000025,Newham,2015-06-30,9126
E09000025,Newham,2016-06-30,9265
E09000025,Newham,2017-06-30,9347
E09000025,Newham,2018-06-30,9520
E09000025,Newham,2019-06-30,9664
E09000025,Newham,2020-06-30,9670
E09000025,Newham,2021-06-30,9704
E09000025,Newham,2022-06-30,9872
E09000025,Newham,2023-06-30,10172
E09000025,Newham,2024-06-30,10347
E09000026,Redbridge,1991-06-30,3936
E09000026,Redbridge,1992-06-30,3963
E09000026,Redbridge,1993-06-30,3985
E09000026,Redbridge,1994-06-30,4019
E09000026,Redbridge,1995-06-30,4055
E09000026,Redbridge,1996-06-30,4128
E09000026,Redbridge,1997-06-30,4166
E09000026,Redbridge,1998-06-30,4185
E09000026,Redbridge,1999-06-30,4223
E09000026,Redbridge,2000-06-30,4253
E09000026,Redbridge,2001-06-30,4289
E09000026,Redbridge,2002-06-30,4331
E09000026,Redbridge,2003-06-30,4387
E09000026,Redbridge,2004-06-30,4411
E09000026,Redbridge,2005-06-30,4461
E09000026,Redbridge,2006-06-30,4532
E09000026,Redbridge,2007-06-30,4610
E09000026,Redbridge,2008-06-30,4707
E09000026,Redbridge,2009-06-30,4795
E09000026,Redbridge,2010-06-30,4878
E09000026,Redbridge,2011-06-30,4990
E09000026,Redbridge,2012-06-30,5061
E09000026,Redbridge,2013-06-30,5142
E09000026,Redbridge,2014-06-30,5246
E09000026,Redbridge,2015-06-30,5338
E09000026,Redbridge,2016-06-30,5397
E09000026,Redbridge,2017-06-30,5425
E09000026,Redbridge,2018-06-30,5476
E09000026,Redbridge,2019-06-30,5528
E09000026,Redbridge,2020-06-30,5528
E09000026,Redbridge,2021-06-30,5499
E09000026,Redbridge,2022-06-30,5526
E09000026,Redbridge,2023-06-30,5613
E09000026,Redbridge,2024-06-30,5696
E09000027,Richmond upon Thames,1991-06-30,2904
E09000027,Richmond upon Thames,1992-06-30,2878
E09000027,Richmond upon Thames,1993-06-30,2868
E09000027,Richmond upon Thames,1994-06-30,2876
E09000027,Richmond upon Thames,1995-06-30,2904
E09000027,Richmond upon Thames,1996-06-30,2939
E09000027,Richmond upon Thames,1997-06-30,2963
E09000027,Richmond upon Thames,1998-06-30,2961
E09000027,Richmond upon Thames,1999-06-30,3011
E09000027,Richmond upon Thames,2000-06-30,3013
E09000027,Richmond upon Thames,2001-06-30,3037
E09000027,Richmond upon Thames,2002-06-30,3057
E09000027,Richmond upon Thames,2003-06-30,3087
E09000027,Richmond upon Thames,2004-06-30,3125
E09000027,Richmond upon Thames,2005-06-30,3163
E09000027,Richmond upon Thames,2006-06-30,3180
E09000027,Richmond upon Thames,2007-06-30,3179
E09000027,Richmond upon Thames,2008-06-30,3188
E09000027,Richmond upon Thames,2009-06-30,3213
E09000027,Richmond upon Thames,2010-06-30,3246
E09000027,Richmond upon Thames,2011-06-30,3268
E09000027,Richmond upon Thames,2012-06-30,3310
E09000027,Richmond upon Thames,2013-06-30,3352
E09000027,Richmond upon Thames,2014-06-30,3389
E09000027,Richmond upon Thames,2015-06-30,3397
E09000027,Richmond upon Thames,2016-06-30,3420
E09000027,Richmond upon Thames,2017-06-30,3430
E09000027,Richmond upon Thames,2018-06-30,3435
E09000027,Richmond upon Thames,2019-06-30,3453
E09000027,Richmond upon Thames,2020-06-30,3447
E09000027,Richmond upon Thames,2021-06-30,3403
E09000027,Richmond upon Thames,2022-06-30,3403
E09000027,Richmond upon Thames,2023-06-30,3416
E09000027,Richmond upon Thames,2024-06-30,3427
E09000028,Southwark,1991-06-30,7869
E09000028,Southwark,1992-06-30,7910
E09000028,Southwark,1993-06-30,8012
E09000028,Southwark,1994-06-30,8020
E09000028,Southwark,1995-06-30,8203
E09000028,Southwark,1996-06-30,8194
E09000028,Southwark,1997-06-30,8275
E09000028,Southwark,1998-06-30,8385
E09000028,Southwark,1999-06-30,8583
E09000028,Southwark,2000-06-30,8752
E09000028,Southwark,2001-06-30,8890
E09000028,Southwark,2002-06-30,8874
E09000028,Southwark,2003-06-30,8839
E09000028,Southwark,2004-06-30,8909
E09000028,Southwark,2005-06-30,9066
E09000028,Southwark,2006-06-30,9265
E09000028,Southwark,2007-06-30,9441
E09000028,Southwark,2008-06-30,9591
E09000028,Southwark,2009-06-30,9735
E09000028,Southwark,2010-06-30,9827
E09000028,Southwark,2011-06-30,9998
E09000028,Southwark,2012-06-30,10149
E09000028,Southwark,2013-06-30,10315
E09000028,Southwark,2014-06-30,10378
E09000028,Southwark,2015-06-30,10529
E09000028,Southwark,2016-06-30,10621
E09000028,Southwark,2017-06-30,10653
E09000028,Southwark,2018-06-30,10752
E09000028,Southwark,2019-06-30,10825
E09000028,Southwark,2020-06-30,10806
E09000028,Southwark,2021-06-30,10623
E09000028,Southwark,2022-06-30,10712
E09000028,Southwark,2023-06-30,10856
E09000028,Southwark,2024-06-30,10901
E09000029,Sutton,1991-06-30,3879
E09000029,Sutton,1992-06-30,3901
E09000029,Sutton,1993-06-30,3936
E09000029,Sutton,1994-06-30,3944
E09000029,Sutton,1995-06-30,3974
E09000029,Sutton,1996-06-30,4008
E09000029,Sutton,1997-06-30,4037
E09000029,Sutton,1998-06-30,4057
E09000029,Sutton,1999-06-30,4091
E09000029,Sutton,2000-06-30,4116
E09000029,Sutton,2001-06-30,4139
E09000029,Sutton,2002-06-30,4134
E09000029,Sutton,2003-06-30,4134
E09000029,Sutton,2004-06-30,4130
E09000029,Sutton,2005-06-30,4153
E09000029,Sutton,2006-06-30,4171
E09000029,Sutton,2007-06-30,4200
E09000029,Sutton,2008-06-30,4239
E09000029,Sutton,2009-06-30,4292
E09000029,Sutton,2010-06-30,4318
E09000029,Sutton,2011-06-30,4359
E09000029,Sutton,2012-06-30,4424
E09000029,Sutton,2013-06-30,4486
E09000029,Sutton,2014-06-30,4542
E09000029,Sutton,2015-06-30,4589
E09000029,Sutton,2016-06-30,4637
E09000029,Sutton,2017-06-30,4671
E09000029,Sutton,2018-06-30,4705
E09000029,Sutton,2019-06-30,4756
E09000029,Sutton,2020-06-30,4788
E09000029,Sutton,2021-06-30,4781
E09000029,Sutton,2022-06-30,4798
E09000029,Sutton,2023-06-30,4843
E09000029,Sutton,2024-06-30,4893
E09000030,Tower Hamlets,1991-06-30,8413
E09000030,Tower Hamlets,1992-06-30,8460
E09000030,Tower Hamlets,1993-06-30,8550
E09000030,Tower Hamlets,1994-06-30,8676
E09000030,Tower Hamlets,1995-06-30,8862
E09000030,Tower Hamlets,1996-06-30,9119
E09000030,Tower Hamlets,1997-06-30,9349
E09000030,Tower Hamlets,1998-06-30,9504
E09000030,Tower Hamlets,1999-06-30,9787
E09000030,Tower Hamlets,2000-06-30,9971
E09000030,Tower Hamlets,2001-06-30,10171
E09000030,Tower Hamlets,2002-06-30,10471
E09000030,Tower Hamlets,2003-06-30,10553
E09000030,Tower Hamlets,2004-06-30,10680
E09000030,Tower Hamlets,2005-06-30,10793
E09000030,Tower Hamlets,2006-06-30,11046
E09000030,Tower Hamlets,2007-06-30,11393
E09000030,Tower Hamlets,2008-06-30,11729
E09000030,Tower Hamlets,2009-06-30,12164
E09000030,Tower Hamlets,2010-06-30,12570
E09000030,Tower Hamlets,2011-06-30,12949
E09000030,Tower Hamlets,2012-06-30,13248
E09000030,Tower Hamlets,2013-06-30,13671
E09000030,Tower Hamlets,2014-06-30,14013
E09000030,Tower Hamlets,2015-06-30,14297
E09000030,Tower Hamlets,2016-06-30,14618
E09000030,Tower Hamlets,2017-06-30,14846
E09000030,Tower Hamlets,2018-06-30,15176
E09000030,Tower Hamlets,2019-06-30,15430
E09000030,Tower Hamlets,2020-06-30,15517
E09000030,Tower Hamlets,2021-06-30,15817
E09000030,Tower Hamlets,2022-06-30,16432
E09000030,Tower Hamlets,2023-06-30,16648
E09000030,Tower Hamlets,2024-06-30,16787
E09000031,Waltham Forest,1991-06-30,5563
E09000031,Waltham Forest,1992-06-30,5581
E09000031,Waltham Forest,1993-06-30,5616
E09000031,Waltham Forest,1994-06-30,5671
E09000031,Waltham Forest,1995-06-30,5680
E09000031,Waltham Forest,1996-06-30,5669
E09000031,Waltham Forest,1997-06-30,5663
E09000031,Waltham Forest,1998-06-30,5727
E09000031,Waltham Forest,1999-06-30,5696
E09000031,Waltham Forest,2000-06-30,5702
E09000031,Waltham Forest,2001-06-30,5721
E09000031,Waltham Forest,2002-06-30,5766
E09000031,Waltham Forest,2003-06-30,5775
E09000031,Waltham Forest,2004-06-30,5797
E09000031,Waltham Forest,2005-06-30,5842
E09000031,Waltham Forest,2006-06-30,5945
E09000031,Waltham Forest,2007-06-30,6072
E09000031,Waltham Forest,2008-06-30,6238
E09000031,Waltham Forest,2009-06-30,6394
E09000031,Waltham Forest,2010-06-30,6545
E09000031,Waltham Forest,2011-06-30,6693
E09000031,Waltham Forest,2012-06-30,6791
E09000031,Waltham Forest,2013-06-30,6904
E09000031,Waltham Forest,2014-06-30,6973
E09000031,Waltham Forest,2015-06-30,7075
E09000031,Waltham Forest,2016-06-30,7139
E09000031,Waltham Forest,2017-06-30,7166
E09000031,Waltham Forest,2018-06-30,7209
E09000031,Waltham Forest,2019-06-30,7241
E09000031,Waltham Forest,2020-06-30,7202
E09000031,Waltham Forest,2021-06-30,7167
E09000031,Waltham Forest,2022-06-30,7108
E09000031,Waltham Forest,2023-06-30,7176
E09000031,Waltham Forest,2024-06-30,7208
E09000032,Wandsworth,1991-06-30,7646
E09000032,Wandsworth,1992-06-30,7642
E09000032,Wandsworth,1993-06-30,7615
E09000032,Wandsworth,1994-06-30,7627
E09000032,Wandsworth,1995-06-30,7586
E09000032,Wandsworth,1996-06-30,7620
E09000032,Wandsworth,1997-06-30,7607
E09000032,Wandsworth,1998-06-30,7617
E09000032,Wandsworth,1999-06-30,7712
E09000032,Wandsworth,2000-06-30,7813
E09000032,Wandsworth,2001-06-30,7931
E09000032,Wandsworth,2002-06-30,8024
E09000032,Wandsworth,2003-06-30,8080
E09000032,Wandsworth,2004-06-30,8132
E09000032,Wandsworth,2005-06-30,8267
E09000032,Wandsworth,2006-06-30,8392
E09000032,Wandsworth,2007-06-30,8506
E09000032,Wandsworth,2008-06-30,8590
E09000032,Wandsworth,2009-06-30,8737
E09000032,Wandsworth,2010-06-30,8833
E09000032,Wandsworth,2011-06-30,8981
E09000032,Wandsworth,2012-06-30,9114
E09000032,Wandsworth,2013-06-30,9247
E09000032,Wandsworth,2014-06-30,9337
E09000032,Wandsworth,2015-06-30,9417
E09000032,Wandsworth,2016-06-30,9527
E09000032,Wandsworth,2017-06-30,9617
E09000032,Wandsworth,2018-06-30,9663
E09000032,Wandsworth,2019-06-30,9765
E09000032,Wandsworth,2020-06-30,9739
E09000032,Wandsworth,2021-06-30,9586
E09000032,Wandsworth,2022-06-30,9645
E09000032,Wandsworth,2023-06-30,9744
E09000032,Wandsworth,2024-06-30,9855
E09000033,Westminster,1991-06-30,8613
E09000033,Westminster,1992-06-30,8424
E09000033,Westminster,1993-06-30,8234
E09000033,Westminster,1994-06-30,8103
E09000033,Westminster,1995-06-30,8110
E09000033,Westminster,1996-06-30,8309
E09000033,Westminster,1997-06-30,8465
E09000033,Westminster,1998-06-30,8595
E09000033,Westminster,1999-06-30,8809
E09000033,Westminster,2000-06-30,9146
E09000033,Westminster,2001-06-30,9465
E09000033,Westminster,2002-06-30,9687
E09000033,Westminster,2003-06-30,9822
E09000033,Westminster,2004-06-30,9987
E09000033,Westminster,2005-06-30,10387
E09000033,Westminster,2006-06-30,10373
E09000033,Westminster,2007-06-30,10270
E09000033,Westminster,2008-06-30,10179
E09000033,Westminster,2009-06-30,10100
E09000033,Westminster,2010-06-30,10110
E09000033,Westminster,2011-06-30,10221
E09000033,Westminster,2012-06-30,10219
E09000033,Westminster,2013-06-30,10050
E09000033,Westminster,2014-06-30,9977
E09000033,Westminster,2015-06-30,10049
E09000033,Westminster,2016-06-30,9924
E09000033,Westminster,2017-06-30,9797
E09000033,Westminster,2018-06-30,9769
E09000033,Westminster,2019-06-30,9702
E09000033,Westminster,2020-06-30,9572
E09000033,Westminster,2021-06-30,9578
E09000033,Westminster,2022-06-30,9744
E09000033,Westminster,2023-06-30,9806
E09000033,Westminster,2024-06-30,9775
E10000003,Cambridgeshire,1991-06-30,168
E10000003,Cambridgeshire,1992-06-30,169
E10000003,Cambridgeshire,1993-06-30,170
E10000003,Cambridgeshire,1994-06-30,170
E10000003,Cambridgeshire,1995-06-30,172
E10000003,Cambridgeshire,1996-06-30,174
E10000003,Cambridgeshire,1997-06-30,177
E10000003,Cambridgeshire,1998-06-30,179
E10000003,Cambridgeshire,1999-06-30,180
E10000003,Cambridgeshire,2000-06-30,181
E10000003,Cambridgeshire,2001-06-30,182
E10000003,Cambridgeshire,2002-06-30,183
E10000003,Cambridgeshire,2003-06-30,187
E10000003,Cambridgeshire,2004-06-30,189
E10000003,Cambridgeshire,2005-06-30,192
E10000003,Cambridgeshire,2006-06-30,193
E10000003,Cambridgeshire,2007-06-30,195
E10000003,Cambridgeshire,2008-06-30,197
E10000003,Cambridgeshire,2009-06-30,199
E10000003,Cambridgeshire,2010-06-30,202
E10000003,Cambridgeshire,2011-06-30,204
E10000003,Cambridgeshire,2012-06-30,206
E10000003,Cambridgeshire,2013-06-30,208
E10000003,Cambridgeshire,2014-06-30,211
E10000003,Cambridgeshire,2015-06-30,214
E10000003,Cambridgeshire,2016-06-30,216
E10000003,Cambridgeshire,2017-06-30,217
E10000003,Cambridgeshire,2018-06-30,219
E10000003,Cambridgeshire,2019-06-30,220
E10000003,Cambridgeshire,2020-06-30,220
E10000003,Cambridgeshire,2021-06-30,223
E10000003,Cambridgeshire,2022-06-30,227
E10000003,Cambridgeshire,2023-06-30,230
E10000003,Cambridgeshire,2024-06-30,233
E10000007,Derbyshire,1991-06-30,280
E10000007,Derbyshire,1992-06-30,281
E10000007,Derbyshire,1993-06-30,282
E10000007,Derbyshire,1994-06-30,282
E10000007,Derbyshire,1995-06-30,282
E10000007,Derbyshire,1996-06-30,283
E10000007,Derbyshire,1997-06-30,283
E10000007,Derbyshire,1998-06-30,285
E10000007,Derbyshire,1999-06-30,286
E10000007,Derbyshire,2000-06-30,287
E10000007,Derbyshire,2001-06-30,289
E10000007,Derbyshire,2002-06-30,290
E10000007,Derbyshire,2003-06-30,291
E10000007,Derbyshire,2004-06-30,293
E10000007,Derbyshire,2005-06-30,294
E10000007,Derbyshire,2006-06-30,296
E10000007,Derbyshire,2007-06-30,297
E10000007,Derbyshire,2008-06-30,299
E10000007,Derbyshire,2009-06-30,300
E10000007,Derbyshire,2010-06-30,302
E10000007,Derbyshire,2011-06-30,303
E10000007,Derbyshire,2012-06-30,303
E10000007,Derbyshire,2013-06-30,304
E10000007,Derbyshire,2014-06-30,305
E10000007,Derbyshire,2015-06-30,305
E10000007,Derbyshire,2016-06-30,306
E10000007,Derbyshire,2017-06-30,307
E10000007,Derbyshire,2018-06-30,308
E10000007,Derbyshire,2019-06-30,310
E10000007,Derbyshire,2020-06-30,311
E10000007,Derbyshire,2021-06-30,313
E10000007,Derbyshire,2022-06-30,316
E10000007,Derbyshire,2023-06-30,319
E10000007,Derbyshire,2024-06-30,323
E10000008,Devon,1991-06-30,100
E10000008,Devon,1992-06-30,101
E10000008,Devon,1993-06-30,101
E10000008,Devon,1994-06-30,102
E10000008,Devon,1995-06-30,103
E10000008,Devon,1996-06-30,103
E10000008,Devon,1997-06-30,104
E10000008,Devon,1998-06-30,105
E10000008,Devon,1999-06-30,105
E10000008,Devon,2000-06-30,107
E10000008,Devon,2001-06-30,107
E10000008,Devon,2002-06-30,108
E10000008,Devon,2003-06-30,109
E10000008,Devon,2004-06-30,110
E10000008,Devon,2005-06-30,111
E10000008,Devon,2006-06-30,111
E10000008,Devon,2007-06-30,112
E10000008,Devon,2008-06-30,113
E10000008,Devon,2009-06-30,113
E10000008,Devon,2010-06-30,113
E10000008,Devon,2011-06-30,114
E10000008,Devon,2012-06-30,114
E10000008,Devon,2013-06-30,115
E10000008,Devon,2014-06-30,116
E10000008,Devon,2015-06-30,117
E10000008,Devon,2016-06-30,118
E10000008,Devon,2017-06-30,119
E10000008,Devon,2018-06-30,120
E10000008,Devon,2019-06-30,121
E10000008,Devon,2020-06-30,122
E10000008,Devon,2021-06-30,124
E10000008,Devon,2022-06-30,126
E10000008,Devon,2023-06-30,127
E10000008,Devon,2024-06-30,128
E10000011,East Sussex,1991-06-30,274
E10000011,East Sussex,1992-06-30,276
E10000011,East Sussex,1993-06-30,277
E10000011,East Sussex,1994-06-30,279
E10000011,East Sussex,1995-06-30,280
E10000011,East Sussex,1996-06-30,281
E10000011,East Sussex,1997-06-30,282
E10000011,East Sussex,1998-06-30,284
E10000011,East Sussex,1999-06-30,286
E10000011,East Sussex,2000-06-30,288
E10000011,East Sussex,2001-06-30,289
E10000011,East Sussex,2002-06-30,291
E10000011,East Sussex,2003-06-30,293
E10000011,East Sussex,2004-06-30,296
E10000011,East Sussex,2005-06-30,298
E10000011,East Sussex,2006-06-30,299
E10000011,East Sussex,2007-06-30,302
E10000011,East Sussex,2008-06-30,304
E10000011,East Sussex,2009-06-30,305
E10000011,East Sussex,2010-06-30,306
E10000011,East Sussex,2011-06-30,309
E10000011,East Sussex,2012-06-30,310
E10000011,East Sussex,2013-06-30,312
E10000011,East Sussex,2014-06-30,315
E10000011,East Sussex,2015-06-30,316
E10000011,East Sussex,2016-06-30,318
E10000011,East Sussex,2017-06-30,319
E10000011,East Sussex,2018-06-30,319
E10000011,East Sussex,2019-06-30,319
E10000011,East Sussex,2020-06-30,319
E10000011,East Sussex,2021-06-30,320
E10000011,East Sussex,2022-06-30,323
E10000011,East Sussex,2023-06-30,326
E10000011,East Sussex,2024-06-30,328
E10000012,Essex,1991-06-30,361
E10000012,Essex,1992-06-30,362
E10000012,Essex,1993-06-30,363
E10000012,Essex,1994-06-30,365
E10000012,Essex,1995-06-30,367
E10000012,Essex,1996-06-30,368
E10000012,Essex,1997-06-30,370
E10000012,Essex,1998-06-30,371
E10000012,Essex,1999-06-30,374
E10000012,Essex,2000-06-30,377
E10000012,Essex,2001-06-30,380
E10000012,Essex,2002-06-30,381
E10000012,Essex,2003-06-30,383
E10000012,Essex,2004-06-30,386
E10000012,Essex,2005-06-30,389
E10000012,Essex,2006-06-30,392
E10000012,Essex,2007-06-30,394
E10000012,Essex,2008-06-30,397
E10000012,Essex,2009-06-30,399
E10000012,Essex,2010-06-30,402
E10000012,Essex,2011-06-30,404
E10000012,Essex,2012-06-30,407
E10000012,Essex,2013-06-30,410
E10000012,Essex,2014-06-30,415
E10000012,Essex,2015-06-30,419
E10000012,Essex,2016-06-30,422
E10000012,Essex,2017-06-30,425
E10000012,Essex,2018-06-30,427
E10000012,Essex,2019-06-30,431
E10000012,Essex,2020-06-30,432
E10000012,Essex,2021-06-30,436
E10000012,Essex,2022-06-30,439
E10000012,Essex,2023-06-30,446
E10000012,Essex,2024-06-30,452
E10000013,Gloucestershire,1991-06-30,202
E10000013,Gloucestershire,1992-06-30,203
E10000013,Gloucestershire,1993-06-30,204
E10000013,Gloucestershire,1994-06-30,205
E10000013,Gloucestershire,1995-06-30,206
E10000013,Gloucestershire,1996-06-30,208
E10000013,Gloucestershire,1997-06-30,210
E10000013,Gloucestershire,1998-06-30,210
E10000013,Gloucestershire,1999-06-30,212
E10000013,Gloucestershire,2000-06-30,213
E10000013,Gloucestershire,2001-06-30,213
E10000013,Gloucestershire,2002-06-30,214
E10000013,Gloucestershire,2003-06-30,215
E10000013,Gloucestershire,2004-06-30,216
E10000013,Gloucestershire,2005-06-30,217
E10000013,Gloucestershire,2006-06-30,219
E10000013,Gloucestershire,2007-06-30,221
E10000013,Gloucestershire,2008-06-30,222
E10000013,Gloucestershire,2009-06-30,223
E10000013,Gloucestershire,2010-06-30,224
E10000013,Gloucestershire,2011-06-30,226
E10000013,Gloucestershire,2012-06-30,227
E10000013,Gloucestershire,2013-06-30,228
E10000013,Gloucestershire,2014-06-30,230
E10000013,Gloucestershire,2015-06-30,233
E10000013,Gloucestershire,2016-06-30,235
E10000013,Gloucestershire,2017-06-30,237
E10000013,Gloucestershire,2018-06-30,239
E10000013,Gloucestershire,2019-06-30,241
E10000013,Gloucestershire,2020-06-30,242
E10000013,Gloucestershire,2021-06-30,244
E10000013,Gloucestershire,2022-06-30,246
E10000013,Gloucestershire,2023-06-30,249
E10000013,Gloucestershire,2024-06-30,252
E10000014,Hampshire,1991-06-30,320
E10000014,Hampshire,1992-06-30,322
E10000014,Hampshire,1993-06-30,323
E10000014,Hampshire,1994-06-30,325
E10000014,Hampshire,1995-06-30,327
E10000014,Hampshire,1996-06-30,329
E10000014,Hampshire,1997-06-30,331
E10000014,Hampshire,1998-06-30,332
E10000014,Hampshire,1999-06-30,335
E10000014,Hampshire,2000-06-30,336
E10000014,Hampshire,2001-06-30,338
E10000014,Hampshire,2002-06-30,338
E10000014,Hampshire,2003-06-30,340
E10000014,Hampshire,2004-06-30,341
E10000014,Hampshire,2005-06-30,343
E10000014,Hampshire,2006-06-30,346
E10000014,Hampshire,2007-06-30,349
E10000014,Hampshire,2008-06-30,352
E10000014,Hampshire,2009-06-30,354
E10000014,Hampshire,2010-06-30,357
E10000014,Hampshire,2011-06-30,359
E10000014,Hampshire,2012-06-30,362
E10000014,Hampshire,2013-06-30,364
E10000014,Hampshire,2014-06-30,367
E10000014,Hampshire,2015-06-30,369
E10000014,Hampshire,2016-06-30,372
E10000014,Hampshire,2017-06-30,373
E10000014,Hampshire,2018-06-30,375
E10000014,Hampshire,2019-06-30,376
E10000014,Hampshire,2020-06-30,378
E10000014,Hampshire,2021-06-30,382
E10000014,Hampshire,2022-06-30,385
E10000014,Hampshire,2023-06-30,390
E10000014,Hampshire,2024-06-30,393
E10000015,Hertfordshire,1991-06-30,599
E10000015,Hertfordshire,1992-06-30,602
E10000015,Hertfordshire,1993-06-30,603
E10000015,Hertfordshire,1994-06-30,606
E10000015,Hertfordshire,1995-06-30,608
E10000015,Hertfordshire,1996-06-30,610
E10000015,Hertfordshire,1997-06-30,615
E10000015,Hertfordshire,1998-06-30,619
E10000015,Hertfordshire,1999-06-30,623
E10000015,Hertfordshire,2000-06-30,627
E10000015,Hertfordshire,2001-06-30,630
E10000015,Hertfordshire,2002-06-30,633
E10000015,Hertfordshire,2003-06-30,636
E10000015,Hertfordshire,2004-06-30,637
E10000015,Hertfordshire,2005-06-30,642
E10000015,Hertfordshire,2006-06-30,647
E10000015,Hertfordshire,2007-06-30,653
E10000015,Hertfordshire,2008-06-30,661
E10000015,Hertfordshire,2009-06-30,667
E10000015,Hertfordshire,2010-06-30,674
E10000015,Hertfordshire,2011-06-30,682
E10000015,Hertfordshire,2012-06-30,689
E10000015,Hertfordshire,2013-06-30,696
E10000015,Hertfordshire,2014-06-30,704
E10000015,Hertfordshire,2015-06-30,710
E10000015,Hertfordshire,2016-06-30,718
E10000015,Hertfordshire,2017-06-30,721
E10000015,Hertfordshire,2018-06-30,723
E10000015,Hertfordshire,2019-06-30,726
E10000015,Hertfordshire,2020-06-30,729
E10000015,Hertfordshire,2021-06-30,731
E10000015,Hertfordshire,2022-06-30,734
E10000015,Hertfordshire,2023-06-30,743
E10000015,Hertfordshire,2024-06-30,752
E10000016,Kent,1991-06-30,363
E10000016,Kent,1992-06-30,363
E10000016,Kent,1993-06-30,363
E10000016,Kent,1994-06-30,364
E10000016,Kent,1995-06-30,365
E10000016,Kent,1996-06-30,366
E10000016,Kent,1997-06-30,368
E10000016,Kent,1998-06-30,369
E10000016,Kent,1999-06-30,371
E10000016,Kent,2000-06-30,374
E10000016,Kent,2001-06-30,376
E10000016,Kent,2002-06-30,378
E10000016,Kent,2003-06-30,381
E10000016,Kent,2004-06-30,384
E10000016,Kent,2005-06-30,388
E10000016,Kent,2006-06-30,392
E10000016,Kent,2007-06-30,397
E10000016,Kent,2008-06-30,402
E10000016,Kent,2009-06-30,405
E10000016,Kent,2010-06-30,410
E10000016,Kent,2011-06-30,414
E10000016,Kent,2012-06-30,417
E10000016,Kent,2013-06-30,420
E10000016,Kent,2014-06-30,425
E10000016,Kent,2015-06-30,428
E10000016,Kent,2016-06-30,432
E10000016,Kent,2017-06-30,435
E10000016,Kent,2018-06-30,438
E10000016,Kent,2019-06-30,441
E10000016,Kent,2020-06-30,442
E10000016,Kent,2021-06-30,445
E10000016,Kent,2022-06-30,450
E10000016,Kent,2023-06-30,456
E10000016,Kent,2024-06-30,462
E10000017,Lancashire,1991-06-30,386
E10000017,Lancashire,1992-06-30,386
E10000017,Lancashire,1993-06-30,388
E10000017,Lancashire,1994-06-30,388
E10000017,Lancashire,1995-06-30,389
E10000017,Lancashire,1996-06-30,389
E10000017,Lancashire,1997-06-30,390
E10000017,Lancashire,1998-06-30,390
E10000017,Lancashire,1999-06-30,390
E10000017,Lancashire,2000-06-30,391
E10000017,Lancashire,2001-06-30,393
E10000017,Lancashire,2002-06-30,393
E10000017,Lancashire,2003-06-30,395
E10000017,Lancashire,2004-06-30,397
E10000017,Lancashire,2005-06-30,399
E10000017,Lancashire,2006-06-30,400
E10000017,Lancashire,2007-06-30,401
E10000017,Lancashire,2008-06-30,402
E10000017,Lancashire,2009-06-30,402
E10000017,Lancashire,2010-06-30,403
E10000017,Lancashire,2011-06-30,405
E10000017,Lancashire,2012-06-30,406
E10000017,Lancashire,2013-06-30,407
E10000017,Lancashire,2014-06-30,409
E10000017,Lancashire,2015-06-30,411
E10000017,Lancashire,2016-06-30,413
E10000017,Lancashire,2017-06-30,415
E10000017,Lancashire,2018-06-30,418
E10000017,Lancashire,2019-06-30,421
E10000017,Lancashire,2020-06-30,423
E10000017,Lancashire,2021-06-30,427
E10000017,Lancashire,2022-06-30,434
E10000017,Lancashire,2023-06-30,441
E10000017,Lancashire,2024-06-30,447
E10000018,Leicestershire,1991-06-30,275
E10000018,Leicestershire,1992-06-30,279
E10000018,Leicestershire,1993-06-30,281
E10000018,Leicestershire,1994-06-30,281
E10000018,Leicestershire,1995-06-30,283
E10000018,Leicestershire,1996-06-30,285
E10000018,Leicestershire,1997-06-30,286
E10000018,Leicestershire,1998-06-30,285
E10000018,Leicestershire,1999-06-30,289
E10000018,Leicestershire,2000-06-30,291
E10000018,Leicestershire,2001-06-30,293
E10000018,Leicestershire,2002-06-30,295
E10000018,Leicestershire,2003-06-30,297
E10000018,Leicestershire,2004-06-30,299
E10000018,Leicestershire,2005-06-30,300
E10000018,Leicestershire,2006-06-30,302
E10000018,Leicestershire,2007-06-30,305
E10000018,Leicestershire,2008-06-30,307
E10000018,Leicestershire,2009-06-30,308
E10000018,Leicestershire,2010-06-30,310
E10000018,Leicestershire,2011-06-30,313
E10000018,Leicestershire,2012-06-30,315
E10000018,Leicestershire,2013-06-30,316
E10000018,Leicestershire,2014-06-30,319
E10000018,Leicestershire,2015-06-30,322
E10000018,Leicestershire,2016-06-30,326
E10000018,Leicestershire,2017-06-30,330
E10000018,Leicestershire,2018-06-30,334
E10000018,Leicestershire,2019-06-30,336
E10000018,Leicestershire,2020-06-30,339
E10000018,Leicestershire,2021-06-30,342
E10000018,Leicestershire,2022-06-30,347
E10000018,Leicestershire,2023-06-30,353
E10000018,Leicestershire,2024-06-30,358
E10000019,Lincolnshire,1991-06-30,99
E10000019,Lincolnshire,1992-06-30,100
E10000019,Lincolnshire,1993-06-30,101
E10000019,Lincolnshire,1994-06-30,102
E10000019,Lincolnshire,1995-06-30,103
E10000019,Lincolnshire,1996-06-30,104
E10000019,Lincolnshire,1997-06-30,105
E10000019,Lincolnshire,1998-06-30,105
E10000019,Lincolnshire,1999-06-30,107
E10000019,Lincolnshire,2000-06-30,108
E10000019,Lincolnshire,2001-06-30,109
E10000019,Lincolnshire,2002-06-30,110
E10000019,Lincolnshire,2003-06-30,112
E10000019,Lincolnshire,2004-06-30,113
E10000019,Lincolnshire,2005-06-30,114
E10000019,Lincolnshire,2006-06-30,115
E10000019,Lincolnshire,2007-06-30,117
E10000019,Lincolnshire,2008-06-30,118
E10000019,Lincolnshire,2009-06-30,119
E10000019,Lincolnshire,2010-06-30,120
E10000019,Lincolnshire,2011-06-30,120
E10000019,Lincolnshire,2012-06-30,121
E10000019,Lincolnshire,2013-06-30,122
E10000019,Lincolnshire,2014-06-30,123
E10000019,Lincolnshire,2015-06-30,124
E10000019,Lincolnshire,2016-06-30,126
E10000019,Lincolnshire,2017-06-30,127
E10000019,Lincolnshire,2018-06-30,128
E10000019,Lincolnshire,2019-06-30,128
E10000019,Lincolnshire,2020-06-30,129
E10000019,Lincolnshire,2021-06-30,130
E10000019,Lincolnshire,2022-06-30,131
E10000019,Lincolnshire,2023-06-30,132
E10000019,Lincolnshire,2024-06-30,133
E10000020,Norfolk,1991-06-30,140
E10000020,Norfolk,1992-06-30,141
E10000020,Norfolk,1993-06-30,141
E10000020,Norfolk,1994-06-30,142
E10000020,Norfolk,1995-06-30,142
E10000020,Norfolk,1996-06-30,143
E10000020,Norfolk,1997-06-30,144
E10000020,Norfolk,1998-06-30,145
E10000020,Norfolk,1999-06-30,146
E10000020,Norfolk,2000-06-30,147
E10000020,Norfolk,2001-06-30,148
E10000020,Norfolk,2002-06-30,149
E10000020,Norfolk,2003-06-30,150
E10000020,Norfolk,2004-06-30,152
E10000020,Norfolk,2005-06-30,153
E10000020,Norfolk,2006-06-30,154
E10000020,Norfolk,2007-06-30,155
E10000020,Norfolk,2008-06-30,156
E10000020,Norfolk,2009-06-30,157
E10000020,Norfolk,2010-06-30,158
E10000020,Norfolk,2011-06-30,160
E10000020,Norfolk,2012-06-30,161
E10000020,Norfolk,2013-06-30,162
E10000020,Norfolk,2014-06-30,163
E10000020,Norfolk,2015-06-30,164
E10000020,Norfolk,2016-06-30,166
E10000020,Norfolk,2017-06-30,167
E10000020,Norfolk,2018-06-30,168
E10000020,Norfolk,2019-06-30,168
E10000020,Norfolk,2020-06-30,169
E10000020,Norfolk,2021-06-30,171
E10000020,Norfolk,2022-06-30,172
E10000020,Norfolk,2023-06-30,173
E10000020,Norfolk,2024-06-30,175
E10000024,Nottinghamshire,1991-06-30,353
E10000024,Nottinghamshire,1992-06-30,354
E10000024,Nottinghamshire,1993-06-30,356
E10000024,Nottinghamshire,1994-06-30,357
E10000024,Nottinghamshire,1995-06-30,357
E10000024,Nottinghamshire,1996-06-30,357
E10000024,Nottinghamshire,1997-06-30,355
E10000024,Nottinghamshire,1998-06-30,356
E10000024,Nottinghamshire,1999-06-30,357
E10000024,Nottinghamshire,2000-06-30,358
E10000024,Nottinghamshire,2001-06-30,359
E10000024,Nottinghamshire,2002-06-30,361
E10000024,Nottinghamshire,2003-06-30,363
E10000024,Nottinghamshire,2004-06-30,365
E10000024,Nottinghamshire,2005-06-30,367
E10000024,Nottinghamshire,2006-06-30,368
E10000024,Nottinghamshire,2007-06-30,370
E10000024,Nottinghamshire,2008-06-30,372
E10000024,Nottinghamshire,2009-06-30,374
E10000024,Nottinghamshire,2010-06-30,376
E10000024,Nottinghamshire,2011-06-30,377
E10000024,Nottinghamshire,2012-06-30,379
E10000024,Nottinghamshire,2013-06-30,381
E10000024,Nottinghamshire,2014-06-30,383
E10000024,Nottinghamshire,2015-06-30,385
E10000024,Nottinghamshire,2016-06-30,387
E10000024,Nottinghamshire,2017-06-30,390
E10000024,Nottinghamshire,2018-06-30,392
E10000024,Nottinghamshire,2019-06-30,393
E10000024,Nottinghamshire,2020-06-30,394
E10000024,Nottinghamshire,2021-06-30,396
E10000024,Nottinghamshire,2022-06-30,401
E10000024,Nottinghamshire,2023-06-30,406
E10000024,Nottinghamshire,2024-06-30,411
E10000025,Oxfordshire,1991-06-30,221
E10000025,Oxfordshire,1992-06-30,223
E10000025,Oxfordshire,1993-06-30,222
E10000025,Oxfordshire,1994-06-30,223
E10000025,Oxfordshire,1995-06-30,225
E10000025,Oxfordshire,1996-06-30,226
E10000025,Oxfordshire,1997-06-30,228
E10000025,Oxfordshire,1998-06-30,229
E10000025,Oxfordshire,1999-06-30,232
E10000025,Oxfordshire,2000-06-30,233
E10000025,Oxfordshire,2001-06-30,233
E10000025,Oxfordshire,2002-06-30,234
E10000025,Oxfordshire,2003-06-30,236
E10000025,Oxfordshire,2004-06-30,238
E10000025,Oxfordshire,2005-06-30,241
E10000025,Oxfordshire,2006-06-30,242
E10000025,Oxfordshire,2007-06-30,244
E10000025,Oxfordshire,2008-06-30,245
E10000025,Oxfordshire,2009-06-30,247
E10000025,Oxfordshire,2010-06-30,249
E10000025,Oxfordshire,2011-06-30,251
E10000025,Oxfordshire,2012-06-30,254
E10000025,Oxfordshire,2013-06-30,257
E10000025,Oxfordshire,2014-06-30,260
E10000025,Oxfordshire,2015-06-30,262
E10000025,Oxfordshire,2016-06-30,265
E10000025,Oxfordshire,2017-06-30,267
E10000025,Oxfordshire,2018-06-30,270
E10000025,Oxfordshire,2019-06-30,272
E10000025,Oxfordshire,2020-06-30,274
E10000025,Oxfordshire,2021-06-30,279
E10000025,Oxfordshire,2022-06-30,284
E10000025,Oxfordshire,2023-06-30,289
E10000025,Oxfordshire,2024-06-30,293
E10000028,Staffordshire,1991-06-30,302
E10000028,Staffordshire,1992-06-30,303
E10000028,Staffordshire,1993-06-30,303
E10000028,Staffordshire,1994-06-30,304
E10000028,Staffordshire,1995-06-30,304
E10000028,Staffordshire,1996-06-30,304
E10000028,Staffordshire,1997-06-30,306
E10000028,Staffordshire,1998-06-30,307
E10000028,Staffordshire,1999-06-30,307
E10000028,Staffordshire,2000-06-30,307
E10000028,Staffordshire,2001-06-30,308
E10000028,Staffordshire,2002-06-30,309
E10000028,Staffordshire,2003-06-30,311
E10000028,Staffordshire,2004-06-30,312
E10000028,Staffordshire,2005-06-30,314
E10000028,Staffordshire,2006-06-30,316
E10000028,Staffordshire,2007-06-30,318
E10000028,Staffordshire,2008-06-30,320
E10000028,Staffordshire,2009-06-30,321
E10000028,Staffordshire,2010-06-30,323
E10000028,Staffordshire,2011-06-30,324
E10000028,Staffordshire,2012-06-30,325
E10000028,Staffordshire,2013-06-30,326
E10000028,Staffordshire,2014-06-30,327
E10000028,Staffordshire,2015-06-30,327
E10000028,Staffordshire,2016-06-30,329
E10000028,Staffordshire,2017-06-30,330
E10000028,Staffordshire,2018-06-30,331
E10000028,Staffordshire,2019-06-30,332
E10000028,Staffordshire,2020-06-30,333
E10000028,Staffordshire,2021-06-30,335
E10000028,Staffordshire,2022-06-30,338
E10000028,Staffordshire,2023-06-30,343
E10000028,Staffordshire,2024-06-30,346
E10000029,Suffolk,1991-06-30,171
E10000029,Suffolk,1992-06-30,169
E10000029,Suffolk,1993-06-30,169
E10000029,Suffolk,1994-06-30,170
E10000029,Suffolk,1995-06-30,171
E10000029,Suffolk,1996-06-30,173
E10000029,Suffolk,1997-06-30,174
E10000029,Suffolk,1998-06-30,175
E10000029,Suffolk,1999-06-30,176
E10000029,Suffolk,2000-06-30,177
E10000029,Suffolk,2001-06-30,176
E10000029,Suffolk,2002-06-30,178
E10000029,Suffolk,2003-06-30,179
E10000029,Suffolk,2004-06-30,181
E10000029,Suffolk,2005-06-30,184
E10000029,Suffolk,2006-06-30,185
E10000029,Suffolk,2007-06-30,187
E10000029,Suffolk,2008-06-30,188
E10000029,Suffolk,2009-06-30,189
E10000029,Suffolk,2010-06-30,191
E10000029,Suffolk,2011-06-30,192
E10000029,Suffolk,2012-06-30,193
E10000029,Suffolk,2013-06-30,193
E10000029,Suffolk,2014-06-30,195
E10000029,Suffolk,2015-06-30,196
E10000029,Suffolk,2016-06-30,197
E10000029,Suffolk,2017-06-30,198
E10000029,Suffolk,2018-06-30,199
E10000029,Suffolk,2019-06-30,199
E10000029,Suffolk,2020-06-30,199
E10000029,Suffolk,2021-06-30,201
E10000029,Suffolk,2022-06-30,202
E10000029,Suffolk,2023-06-30,205
E10000029,Suffolk,2024-06-30,207
E10000030,Surrey,1991-06-30,615
E10000030,Surrey,1992-06-30,616
E10000030,Surrey,1993-06-30,617
E10000030,Surrey,1994-06-30,618
E10000030,Surrey,1995-06-30,620
E10000030,Surrey,1996-06-30,620
E10000030,Surrey,1997-06-30,625
E10000030,Surrey,1998-06-30,626
E10000030,Surrey,1999-06-30,635
E10000030,Surrey,2000-06-30,636
E10000030,Surrey,2001-06-30,638
E10000030,Surrey,2002-06-30,637
E10000030,Surrey,2003-06-30,639
E10000030,Surrey,2004-06-30,641
E10000030,Surrey,2005-06-30,645
E10000030,Surrey,2006-06-30,651
E10000030,Surrey,2007-06-30,659
E10000030,Surrey,2008-06-30,664
E10000030,Surrey,2009-06-30,670
E10000030,Surrey,2010-06-30,677
E10000030,Surrey,2011-06-30,683
E10000030,Surrey,2012-06-30,689
E10000030,Surrey,2013-06-30,696
E10000030,Surrey,2014-06-30,702
E10000030,Surrey,2015-06-30,706
E10000030,Surrey,2016-06-30,711
E10000030,Surrey,2017-06-30,713
E10000030,Surrey,2018-06-30,714
E10000030,Surrey,2019-06-30,717
E10000030,Surrey,2020-06-30,719
E10000030,Surrey,2021-06-30,725
E10000030,Surrey,2022-06-30,733
E10000030,Surrey,2023-06-30,743
E10000030,Surrey,2024-06-30,751
E10000031,Warwickshire,1991-06-30,247
E10000031,Warwickshire,1992-06-30,248
E10000031,Warwickshire,1993-06-30,248
E10000031,Warwickshire,1994-06-30,249
E10000031,Warwickshire,1995-06-30,250
E10000031,Warwickshire,1996-06-30,250
E10000031,Warwickshire,1997-06-30,252
E10000031,Warwickshire,1998-06-30,253
E10000031,Warwickshire,1999-06-30,253
E10000031,Warwickshire,2000-06-30,254
E10000031,Warwickshire,2001-06-30,256
E10000031,Warwickshire,2002-06-30,259
E10000031,Warwickshire,2003-06-30,261
E10000031,Warwickshire,2004-06-30,263
E10000031,Warwickshire,2005-06-30,265
E10000031,Warwickshire,2006-06-30,268
E10000031,Warwickshire,2007-06-30,271
E10000031,Warwickshire,2008-06-30,273
E10000031,Warwickshire,2009-06-30,274
E10000031,Warwickshire,2010-06-30,276
E10000031,Warwickshire,2011-06-30,277
E10000031,Warwickshire,2012-06-30,279
E10000031,Warwickshire,2013-06-30,280
E10000031,Warwickshire,2014-06-30,282
E10000031,Warwickshire,2015-06-30,284
E10000031,Warwickshire,2016-06-30,287
E10000031,Warwickshire,2017-06-30,290
E10000031,Warwickshire,2018-06-30,293
E10000031,Warwickshire,2019-06-30,296
E10000031,Warwickshire,2020-06-30,298
E10000031,Warwickshire,2021-06-30,303
E10000031,Warwickshire,2022-06-30,308
E10000031,Warwickshire,2023-06-30,314
E10000031,Warwickshire,2024-06-30,320
E10000032,West Sussex,1991-06-30,357
E10000032,West Sussex,1992-06-30,357
E10000032,West Sussex,1993-06-30,358
E10000032,West Sussex,1994-06-30,359
E10000032,West Sussex,1995-06-30,363
E10000032,West Sussex,1996-06-30,366
E10000032,West Sussex,1997-06-30,370
E10000032,West Sussex,1998-06-30,372
E10000032,West Sussex,1999-06-30,376
E10000032,West Sussex,2000-06-30,378
E10000032,West Sussex,2001-06-30,379
E10000032,West Sussex,2002-06-30,380
E10000032,West Sussex,2003-06-30,382
E10000032,West Sussex,2004-06-30,385
E10000032,West Sussex,2005-06-30,387
E10000032,West Sussex,2006-06-30,390
E10000032,West Sussex,2007-06-30,394
E10000032,West Sussex,2008-06-30,397
E10000032,West Sussex,2009-06-30,400
E10000032,West Sussex,2010-06-30,403
E10000032,West Sussex,2011-06-30,406
E10000032,West Sussex,2012-06-30,411
E10000032,West Sussex,2013-06-30,415
E10000032,West Sussex,2014-06-30,419
E10000032,West Sussex,2015-06-30,423
E10000032,West Sussex,2016-06-30,428
E10000032,West Sussex,2017-06-30,432
E10000032,West Sussex,2018-06-30,435
E10000032,West Sussex,2019-06-30,438
E10000032,West Sussex,2020-06-30,440
E10000032,West Sussex,2021-06-30,445
E10000032,West Sussex,2022-06-30,449
E10000032,West Sussex,2023-06-30,454
E10000032,West Sussex,2024-06-30,460
E10000034,Worcestershire,1991-06-30,294
E10000034,Worcestershire,1992-06-30,297
E10000034,Worcestershire,1993-06-30,299
E10000034,Worcestershire,1994-06-30,301
E10000034,Worcestershire,1995-06-30,303
E10000034,Worcestershire,1996-06-30,304
E10000034,Worcestershire,1997-06-30,306
E10000034,Worcestershire,1998-06-30,308
E10000034,Worcestershire,1999-06-30,309
E10000034,Worcestershire,2000-06-30,310
E10000034,Worcestershire,2001-06-30,312
E10000034,Worcestershire,2002-06-30,313
E10000034,Worcestershire,2003-06-30,314
E10000034,Worcestershire,2004-06-30,315
E10000034,Worcestershire,2005-06-30,317
E10000034,Worcestershire,2006-06-30,319
E10000034,Worcestershire,2007-06-30,321
E10000034,Worcestershire,2008-06-30,322
E10000034,Worcestershire,2009-06-30,323
E10000034,Worcestershire,2010-06-30,324
E10000034,Worcestershire,2011-06-30,325
E10000034,Worcestershire,2012-06-30,328
E10000034,Worcestershire,2013-06-30,330
E10000034,Worcestershire,2014-06-30,332
E10000034,Worcestershire,2015-06-30,335
E10000034,Worcestershire,2016-06-30,338
E10000034,Worcestershire,2017-06-30,340
E10000034,Worcestershire,2018-06-30,342
E10000034,Worcestershire,2019-06-30,344
E10000034,Worcestershire,2020-06-30,345
E10000034,Worcestershire,2021-06-30,348
E10000034,Worcestershire,2022-06-30,350
E10000034,Worcestershire,2023-06-30,354
E10000034,Worcestershire,2024-06-30,357
K02000001,United Kingdom,1991-06-30,237
K02000001,United Kingdom,1992-06-30,237
K02000001,United Kingdom,1993-06-30,238
K02000001,United Kingdom,1994-06-30,238
K02000001,United Kingdom,1995-06-30,239
K02000001,United Kingdom,1996-06-30,240
K02000001,United Kingdom,1997-06-30,240
K02000001,United Kingdom,1998-06-30,241
K02000001,United Kingdom,1999-06-30,242
K02000001,United Kingdom,2000-06-30,243
K02000001,United Kingdom,2001-06-30,244
K02000001,United Kingdom,2002-06-30,245
K02000001,United Kingdom,2003-06-30,246
K02000001,United Kingdom,2004-06-30,247
K02000001,United Kingdom,2005-06-30,249
K02000001,United Kingdom,2006-06-30,251
K02000001,United Kingdom,2007-06-30,253
K02000001,United Kingdom,2008-06-30,255
K02000001,United Kingdom,2009-06-30,256
K02000001,United Kingdom,2010-06-30,259
K02000001,United Kingdom,2011-06-30,261
K02000001,United Kingdom,2012-06-30,262
K02000001,United Kingdom,2013-06-30,264
K02000001,United Kingdom,2014-06-30,266
K02000001,United Kingdom,2015-06-30,268
K02000001,United Kingdom,2016-06-30,270
K02000001,United Kingdom,2017-06-30,272
K02000001,United Kingdom,2018-06-30,273
K02000001,United Kingdom,2019-06-30,274
K02000001,United Kingdom,2020-06-30,275
K02000001,United Kingdom,2021-06-30,276
K02000001,United Kingdom,2022-06-30,279
K02000001,United Kingdom,2023-06-30,282
K02000001,United Kingdom,2024-06-30,285
N09000001,Antrim and Newtownabbey,2001-06-30,225
N09000001,Antrim and Newtownabbey,2002-06-30,227
N09000001,Antrim and Newtownabbey,2003-06-30,228
N09000001,Antrim and Newtownabbey,2004-06-30,229
N09000001,Antrim and Newtownabbey,2005-06-30,232
N09000001,Antrim and Newtownabbey,2006-06-30,233
N09000001,Antrim and Newtownabbey,2007-06-30,236
N09000001,Antrim and Newtownabbey,2008-06-30,238
N09000001,Antrim and Newtownabbey,2009-06-30,241
N09000001,Antrim and Newtownabbey,2010-06-30,242
N09000001,Antrim and Newtownabbey,2011-06-30,243
N09000001,Antrim and Newtownabbey,2012-06-30,244
N09000001,Antrim and Newtownabbey,2013-06-30,245
N09000001,Antrim and Newtownabbey,2014-06-30,246
N09000001,Antrim and Newtownabbey,2015-06-30,248
N09000001,Antrim and Newtownabbey,2016-06-30,249
N09000001,Antrim and Newtownabbey,2017-06-30,250
N09000001,Antrim and Newtownabbey,2018-06-30,252
N09000001,Antrim and Newtownabbey,2019-06-30,254
N09000001,Antrim and Newtownabbey,2020-06-30,255
N09000001,Antrim and Newtownabbey,2021-06-30,255
N09000001,Antrim and Newtownabbey,2022-06-30,256
N09000001,Antrim and Newtownabbey,2023-06-30,258
N09000001,Antrim and Newtownabbey,2024-06-30,259
N09000002,"Armagh City, Banbridge and Craigavon",2001-06-30,132
N09000002,"Armagh City, Banbridge and Craigavon",2002-06-30,133
N09000002,"Armagh City, Banbridge and Craigavon",2003-06-30,134
N09000002,"Armagh City, Banbridge and Craigavon",2004-06-30,135
N09000002,"Armagh City, Banbridge and Craigavon",2005-06-30,137
N09000002,"Armagh City, Banbridge and Craigavon",2006-06-30,140
N09000002,"Armagh City, Banbridge and Craigavon",2007-06-30,142
N09000002,"Armagh City, Banbridge and Craigavon",2008-06-30,145
N09000002,"Armagh City, Banbridge and Craigavon",2009-06-30,147
N09000002,"Armagh City, Banbridge and Craigavon",2010-06-30,148
N09000002,"Armagh City, Banbridge and Craigavon",2011-06-30,150
N09000002,"Armagh City, Banbridge and Craigavon",2012-06-30,151
N09000002,"Armagh City, Banbridge and Craigavon",2013-06-30,153
N09000002,"Armagh City, Banbridge and Craigavon",2014-06-30,154
N09000002,"Armagh City, Banbridge and Craigavon",2015-06-30,156
N09000002,"Armagh City, Banbridge and Craigavon",2016-06-30,158
N09000002,"Armagh City, Banbridge and Craigavon",2017-06-30,159
N09000002,"Armagh City, Banbridge and Craigavon",2018-06-30,161
N09000002,"Armagh City, Banbridge and Craigavon",2019-06-30,162
N09000002,"Armagh City, Banbridge and Craigavon",2020-06-30,163
N09000002,"Armagh City, Banbridge and Craigavon",2021-06-30,164
N09000002,"Armagh City, Banbridge and Craigavon",2022-06-30,165
N09000002,"Armagh City, Banbridge and Craigavon",2023-06-30,166
N09000002,"Armagh City, Banbridge and Craigavon",2024-06-30,166
N09000003,Belfast,2001-06-30,2387
N09000003,Belfast,2002-06-30,2385
N09000003,Belfast,2003-06-30,2376
N09000003,Belfast,2004-06-30,2369
N09000003,Belfast,2005-06-30,2363
N09000003,Belfast,2006-06-30,2367
N09000003,Belfast,2007-06-30,2377
N09000003,Belfast,2008-06-30,2397
N09000003,Belfast,2009-06-30,2409
N09000003,Belfast,2010-06-30,2422
N09000003,Belfast,2011-06-30,2425
N09000003,Belfast,2012-06-30,2428
N09000003,Belfast,2013-06-30,2439
N09000003,Belfast,2014-06-30,2453
N09000003,Belfast,2015-06-30,2470
N09000003,Belfast,2016-06-30,2477
N09000003,Belfast,2017-06-30,2483
N09000003,Belfast,2018-06-30,2496
N09000003,Belfast,2019-06-30,2508
N09000003,Belfast,2020-06-30,2505
N09000003,Belfast,2021-06-30,2505
N09000003,Belfast,2022-06-30,2527
N09000003,Belfast,2023-06-30,2545
N09000003,Belfast,2024-06-30,2559
N09000004,Causeway Coast and Glens,2001-06-30,66
N09000004,Causeway Coast and Glens,2002-06-30,67
N09000004,Causeway Coast and Glens,2003-06-30,68
N09000004,Causeway Coast and Glens,2004-06-30,68
N09000004,Causeway Coast and Glens,2005-06-30,69
N09000004,Causeway Coast and Glens,2006-06-30,69
N09000004,Causeway Coast and Glens,2007-06-30,70
N09000004,Causeway Coast and Glens,2008-06-30,70
N09000004,Causeway Coast and Glens,2009-06-30,70
N09000004,Causeway Coast and Glens,2010-06-30,71
N09000004,Causeway Coast and Glens,2011-06-30,71
N09000004,Causeway Coast and Glens,2012-06-30,71
N09000004,Causeway Coast and Glens,2013-06-30,71
N09000004,Causeway Coast and Glens,2014-06-30,71
N09000004,Causeway Coast and Glens,2015-06-30,72
N09000004,Causeway Coast and Glens,2016-06-30,72
N09000004,Causeway Coast and Glens,2017-06-30,72
N09000004,Causeway Coast and Glens,2018-06-30,72
N09000004,Causeway Coast and Glens,2019-06-30,72
N09000004,Causeway Coast and Glens,2020-06-30,72
N09000004,Causeway Coast and Glens,2021-06-30,71
N09000004,Causeway Coast and Glens,2022-06-30,71
N09000004,Causeway Coast and Glens,2023-06-30,71
N09000004,Causeway Coast and Glens,2024-06-30,71
N09000005,Derry City and Strabane,2001-06-30,115
N09000005,Derry City and Strabane,2002-06-30,115
N09000005,Derry City and Strabane,2003-06-30,116
N09000005,Derry City and Strabane,2004-06-30,116
N09000005,Derry City and Strabane,2005-06-30,116
N09000005,Derry City and Strabane,2006-06-30,117
N09000005,Derry City and Strabane,2007-06-30,117
N09000005,Derry City and Strabane,2008-06-30,118
N09000005,Derry City and Strabane,2009-06-30,118
N09000005,Derry City and Strabane,2010-06-30,118
N09000005,Derry City and Strabane,2011-06-30,118
N09000005,Derry City and Strabane,2012-06-30,119
N09000005,Derry City and Strabane,2013-06-30,119
N09000005,Derry City and Strabane,2014-06-30,119
N09000005,Derry City and Strabane,2015-06-30,120
N09000005,Derry City and Strabane,2016-06-30,120
N09000005,Derry City and Strabane,2017-06-30,120
N09000005,Derry City and Strabane,2018-06-30,120
N09000005,Derry City and Strabane,2019-06-30,121
N09000005,Derry City and Strabane,2020-06-30,121
N09000005,Derry City and Strabane,2021-06-30,121
N09000005,Derry City and Strabane,2022-06-30,121
N09000005,Derry City and Strabane,2023-06-30,121
N09000005,Derry City and Strabane,2024-06-30,122
N09000006,Fermanagh and Omagh,2001-06-30,37
N09000006,Fermanagh and Omagh,2002-06-30,37
N09000006,Fermanagh and Omagh,2003-06-30,37
N09000006,Fermanagh and Omagh,2004-06-30,38
N09000006,Fermanagh and Omagh,2005-06-30,38
N09000006,Fermanagh and Omagh,2006-06-30,38
N09000006,Fermanagh and Omagh,2007-06-30,39
N09000006,Fermanagh and Omagh,2008-06-30,39
N09000006,Fermanagh and Omagh,2009-06-30,39
N09000006,Fermanagh and Omagh,2010-06-30,39
N09000006,Fermanagh and Omagh,2011-06-30,40
N09000006,Fermanagh and Omagh,2012-06-30,40
N09000006,Fermanagh and Omagh,2013-06-30,40
N09000006,Fermanagh and Omagh,2014-06-30,40
N09000006,Fermanagh and Omagh,2015-06-30,40
N09000006,Fermanagh and Omagh,2016-06-30,40
N09000006,Fermanagh and Omagh,2017-06-30,40
N09000006,Fermanagh and Omagh,2018-06-30,41
N09000006,Fermanagh and Omagh,2019-06-30,41
N09000006,Fermanagh and Omagh,2020-06-30,41
N09000006,Fermanagh and Omagh,2021-06-30,41
N09000006,Fermanagh and Omagh,2022-06-30,41
N09000006,Fermanagh and Omagh,2023-06-30,41
N09000006,Fermanagh and Omagh,2024-06-30,41
N09000007,Lisburn and Castlereagh,2001-06-30,246
N09000007,Lisburn and Castlereagh,2002-06-30,247
N09000007,Lisburn and Castlereagh,2003-06-30,247
N09000007,Lisburn and Castlereagh,2004-06-30,249
N09000007,Lisburn and Castlereagh,2005-06-30,251
N09000007,Lisburn and Castlereagh,2006-06-30,253
N09000007,Lisburn and Castlereagh,2007-06-30,255
N09000007,Lisburn and Castlereagh,2008-06-30,258
N09000007,Lisburn and Castlereagh,2009-06-30,262
N09000007,Lisburn and Castlereagh,2010-06-30,265
N09000007,Lisburn and Castlereagh,2011-06-30,267
N09000007,Lisburn and Castlereagh,2012-06-30,270
N09000007,Lisburn and Castlereagh,2013-06-30,271
N09000007,Lisburn and Castlereagh,2014-06-30,275
N09000007,Lisburn and Castlereagh,2015-06-30,279
N09000007,Lisburn and Castlereagh,2016-06-30,281
N09000007,Lisburn and Castlereagh,2017-06-30,284
N09000007,Lisburn and Castlereagh,2018-06-30,288
N09000007,Lisburn and Castlereagh,2019-06-30,292
N09000007,Lisburn and Castlereagh,2020-06-30,293
N09000007,Lisburn and Castlereagh,2021-06-30,295
N09000007,Lisburn and Castlereagh,2022-06-30,296
N09000007,Lisburn and Castlereagh,2023-06-30,298
N09000007,Lisburn and Castlereagh,2024-06-30,300
N09000008,Mid and East Antrim,2001-06-30,120
N09000008,Mid and East Antrim,2002-06-30,121
N09000008,Mid and East Antrim,2003-06-30,122
N09000008,Mid and East Antrim,2004-06-30,123
N09000008,Mid and East Antrim,2005-06-30,124
N09000008,Mid and East Antrim,2006-06-30,125
N09000008,Mid and East Antrim,2007-06-30,126
N09000008,Mid and East Antrim,2008-06-30,127
N09000008,Mid and East Antrim,2009-06-30,127
N09000008,Mid and East Antrim,2010-06-30,128
N09000008,Mid and East Antrim,2011-06-30,128
N09000008,Mid and East Antrim,2012-06-30,128
N09000008,Mid and East Antrim,2013-06-30,128
N09000008,Mid and East Antrim,2014-06-30,129
N09000008,Mid and East Antrim,2015-06-30,129
N09000008,Mid and East Antrim,2016-06-30,130
N09000008,Mid and East Antrim,2017-06-30,130
N09000008,Mid and East Antrim,2018-06-30,131
N09000008,Mid and East Antrim,2019-06-30,131
N09000008,Mid and East Antrim,2020-06-30,131
N09000008,Mid and East Antrim,2021-06-30,131
N09000008,Mid and East Antrim,2022-06-30,131
N09000008,Mid and East Antrim,2023-06-30,132
N09000008,Mid and East Antrim,2024-06-30,132
N09000009,Mid Ulster,2001-06-30,65
N09000009,Mid Ulster,2002-06-30,66
N09000009,Mid Ulster,2003-06-30,66
N09000009,Mid Ulster,2004-06-30,67
N09000009,Mid Ulster,2005-06-30,68
N09000009,Mid Ulster,2006-06-30,70
N09000009,Mid Ulster,2007-06-30,72
N09000009,Mid Ulster,2008-06-30,73
N09000009,Mid Ulster,2009-06-30,74
N09000009,Mid Ulster,2010-06-30,75
N09000009,Mid Ulster,2011-06-30,76
N09000009,Mid Ulster,2012-06-30,77
N09000009,Mid Ulster,2013-06-30,77
N09000009,Mid Ulster,2014-06-30,78
N09000009,Mid Ulster,2015-06-30,79
N09000009,Mid Ulster,2016-06-30,80
N09000009,Mid Ulster,2017-06-30,80
N09000009,Mid Ulster,2018-06-30,81
N09000009,Mid Ulster,2019-06-30,81
N09000009,Mid Ulster,2020-06-30,82
N09000009,Mid Ulster,2021-06-30,82
N09000009,Mid Ulster,2022-06-30,82
N09000009,Mid Ulster,2023-06-30,83
N09000009,Mid Ulster,2024-06-30,83
N09000010,"Newry, Mourne and Down",2001-06-30,91
N09000010,"Newry, Mourne and Down",2002-06-30,92
N09000010,"Newry, Mourne and Down",2003-06-30,93
N09000010,"Newry, Mourne and Down",2004-06-30,94
N09000010,"Newry, Mourne and Down",2005-06-30,95
N09000010,"Newry, Mourne and Down",2006-06-30,97
N09000010,"Newry, Mourne and Down",2007-06-30,98
N09000010,"Newry, Mourne and Down",2008-06-30,100
N09000010,"Newry, Mourne and Down",2009-06-30,101
N09000010,"Newry, Mourne and Down",2010-06-30,102
N09000010,"Newry, Mourne and Down",2011-06-30,102
N09000010,"Newry, Mourne and Down",2012-06-30,103
N09000010,"Newry, Mourne and Down",2013-06-30,104
N09000010,"Newry, Mourne and Down",2014-06-30,104
N09000010,"Newry, Mourne and Down",2015-06-30,105
N09000010,"Newry, Mourne and Down",2016-06-30,106
N09000010,"Newry, Mourne and Down",2017-06-30,107
N09000010,"Newry, Mourne and Down",2018-06-30,107
N09000010,"Newry, Mourne and Down",2019-06-30,108
N09000010,"Newry, Mourne and Down",2020-06-30,108
N09000010,"Newry, Mourne and Down",2021-06-30,108
N09000010,"Newry, Mourne and Down",2022-06-30,109
N09000010,"Newry, Mourne and Down",2023-06-30,109
N09000010,"Newry, Mourne and Down",2024-06-30,109
N09000011,Ards and North Down,2001-06-30,264
N09000011,Ards and North Down,2002-06-30,265
N09000011,Ards and North Down,2003-06-30,266
N09000011,Ards and North Down,2004-06-30,266
N09000011,Ards and North Down,2005-06-30,269
N09000011,Ards and North Down,2006-06-30,271
N09000011,Ards and North Down,2007-06-30,273
N09000011,Ards and North Down,2008-06-30,274
N09000011,Ards and North Down,2009-06-30,275
N09000011,Ards and North Down,2010-06-30,276
N09000011,Ards and North Down,2011-06-30,277
N09000011,Ards and North Down,2012-06-30,279
N09000011,Ards and North Down,2013-06-30,279
N09000011,Ards and North Down,2014-06-30,280
N09000011,Ards and North Down,2015-06-30,281
N09000011,Ards and North Down,2016-06-30,283
N09000011,Ards and North Down,2017-06-30,284
N09000011,Ards and North Down,2018-06-30,286
N09000011,Ards and North Down,2019-06-30,287
N09000011,Ards and North Down,2020-06-30,288
N09000011,Ards and North Down,2021-06-30,289
N09000011,Ards and North Down,2022-06-30,290
N09000011,Ards and North Down,2023-06-30,291
N09000011,Ards and North Down,2024-06-30,292
S12000005,Clackmannanshire,1991-06-30,302
S12000005,Clackmannanshire,1992-06-30,303
S12000005,Clackmannanshire,1993-06-30,304
S12000005,Clackmannanshire,1994-06-30,305
S12000005,Clackmannanshire,1995-06-30,305
S12000005,Clackmannanshire,1996-06-30,305
S12000005,Clackmannanshire,1997-06-30,305
S12000005,Clackmannanshire,1998-06-30,304
S12000005,Clackmannanshire,1999-06-30,303
S12000005,Clackmannanshire,2000-06-30,303
S12000005,Clackmannanshire,2001-06-30,302
S12000005,Clackmannanshire,2002-06-30,302
S12000005,Clackmannanshire,2003-06-30,302
S12000005,Clackmannanshire,2004-06-30,306
S12000005,Clackmannanshire,2005-06-30,309
S12000005,Clackmannanshire,2006-06-30,311
S12000005,Clackmannanshire,2007-06-30,318
S12000005,Clackmannanshire,2008-06-30,322
S12000005,Clackmannanshire,2009-06-30,322
S12000005,Clackmannanshire,2010-06-30,322
S12000005,Clackmannanshire,2011-06-30,324
S12000005,Clackmannanshire,2012-06-30,323
S12000005,Clackmannanshire,2013-06-30,323
S12000005,Clackmannanshire,2014-06-30,323
S12000005,Clackmannanshire,2015-06-30,324
S12000005,Clackmannanshire,2016-06-30,324
S12000005,Clackmannanshire,2017-06-30,324
S12000005,Clackmannanshire,2018-06-30,324
S12000005,Clackmannanshire,2019-06-30,325
S12000005,Clackmannanshire,2020-06-30,323
S12000005,Clackmannanshire,2021-06-30,324
S12000005,Clackmannanshire,2022-06-30,325
S12000005,Clackmannanshire,2023-06-30,327
S12000005,Clackmannanshire,2024-06-30,327
S12000006,Dumfries and Galloway,1991-06-30,23
S12000006,Dumfries and Galloway,1992-06-30,23
S12000006,Dumfries and Galloway,1993-06-30,23
S12000006,Dumfries and Galloway,1994-06-30,23
S12000006,Dumfries and Galloway,1995-06-30,23
S12000006,Dumfries and Galloway,1996-06-30,23
S12000006,Dumfries and Galloway,1997-06-30,23
S12000006,Dumfries and Galloway,1998-06-30,23
S12000006,Dumfries and Galloway,1999-06-30,23
S12000006,Dumfries and Galloway,2000-06-30,23
S12000006,Dumfries and Galloway,2001-06-30,23
S12000006,Dumfries and Galloway,2002-06-30,23
S12000006,Dumfries and Galloway,2003-06-30,23
S12000006,Dumfries and Galloway,2004-06-30,23
S12000006,Dumfries and Galloway,2005-06-30,23
S12000006,Dumfries and Galloway,2006-06-30,23
S12000006,Dumfries and Galloway,2007-06-30,23
S12000006,Dumfries and Galloway,2008-06-30,24
S12000006,Dumfries and Galloway,2009-06-30,24
S12000006,Dumfries and Galloway,2010-06-30,24
S12000006,Dumfries and Galloway,2011-06-30,24
S12000006,Dumfries and Galloway,2012-06-30,23
S12000006,Dumfries and Galloway,2013-06-30,23
S12000006,Dumfries and Galloway,2014-06-30,23
S12000006,Dumfries and Galloway,2015-06-30,23
S12000006,Dumfries and Galloway,2016-06-30,23
S12000006,Dumfries and Galloway,2017-06-30,23
S12000006,Dumfries and Galloway,2018-06-30,23
S12000006,Dumfries and Galloway,2019-06-30,23
S12000006,Dumfries and Galloway,2020-06-30,23
S12000006,Dumfries and Galloway,2021-06-30,23
S12000006,Dumfries and Galloway,2022-06-30,23
S12000006,Dumfries and Galloway,2023-06-30,23
S12000006,Dumfries and Galloway,2024-06-30,23
S12000008,East Ayrshire,1991-06-30,98
S12000008,East Ayrshire,1992-06-30,98
S12000008,East Ayrshire,1993-06-30,98
S12000008,East Ayrshire,1994-06-30,98
S12000008,East Ayrshire,1995-06-30,97
S12000008,East Ayrshire,1996-06-30,97
S12000008,East Ayrshire,1997-06-30,96
S12000008,East Ayrshire,1998-06-30,96
S12000008,East Ayrshire,1999-06-30,96
S12000008,East Ayrshire,2000-06-30,95
S12000008,East Ayrshire,2001-06-30,95
S12000008,East Ayrshire,2002-06-30,95
S12000008,East Ayrshire,2003-06-30,95
S12000008,East Ayrshire,2004-06-30,95
S12000008,East Ayrshire,2005-06-30,95
S12000008,East Ayrshire,2006-06-30,95
S12000008,East Ayrshire,2007-06-30,96
S12000008,East Ayrshire,2008-06-30,96
S12000008,East Ayrshire,2009-06-30,97
S12000008,East Ayrshire,2010-06-30,97
S12000008,East Ayrshire,2011-06-30,97
S12000008,East Ayrshire,2012-06-30,97
S12000008,East Ayrshire,2013-06-30,97
S12000008,East Ayrshire,2014-06-30,97
S12000008,East Ayrshire,2015-06-30,96
S12000008,East Ayrshire,2016-06-30,96
S12000008,East Ayrshire,2017-06-30,96
S12000008,East Ayrshire,2018-06-30,96
S12000008,East Ayrshire,2019-06-30,96
S12000008,East Ayrshire,2020-06-30,95
S12000008,East Ayrshire,2021-06-30,95
S12000008,East Ayrshire,2022-06-30,95
S12000008,East Ayrshire,2023-06-30,96
S12000008,East Ayrshire,2024-06-30,96
S12000010,East Lothian,1991-06-30,124
S12000010,East Lothian,1992-06-30,124
S12000010,East Lothian,1993-06-30,125
S12000010,East Lothian,1994-06-30,126
S12000010,East Lothian,1995-06-30,127
S12000010,East Lothian,1996-06-30,128
S12000010,East Lothian,1997-06-30,129
S12000010,East Lothian,1998-06-30,130
S12000010,East Lothian,1999-06-30,131
S12000010,East Lothian,2000-06-30,132
S12000010,East Lothian,2001-06-30,133
S12000010,East Lothian,2002-06-30,134
S12000010,East Lothian,2003-06-30,135
S12000010,East Lothian,2004-06-30,136
S12000010,East Lothian,2005-06-30,137
S12000010,East Lothian,2006-06-30,138
S12000010,East Lothian,2007-06-30,141
S12000010,East Lothian,2008-06-30,144
S12000010,East Lothian,2009-06-30,145
S12000010,East Lothian,2010-06-30,146
S12000010,East Lothian,2011-06-30,147
S12000010,East Lothian,2012-06-30,149
S12000010,East Lothian,2013-06-30,150
S12000010,East Lothian,2014-06-30,151
S12000010,East Lothian,2015-06-30,153
S12000010,East Lothian,2016-06-30,155
S12000010,East Lothian,2017-06-30,156
S12000010,East Lothian,2018-06-30,158
S12000010,East Lothian,2019-06-30,160
S12000010,East Lothian,2020-06-30,161
S12000010,East Lothian,2021-06-30,164
S12000010,East Lothian,2022-06-30,166
S12000010,East Lothian,2023-06-30,168
S12000010,East Lothian,2024-06-30,170
S12000011,East Renfrewshire,1991-06-30,492
S12000011,East Renfrewshire,1992-06-30,494
S12000011,East Renfrewshire,1993-06-30,496
S12000011,East Renfrewshire,1994-06-30,497
S12000011,East Renfrewshire,1995-06-30,502
S12000011,East Renfrewshire,1996-06-30,502
S12000011,East Renfrewshire,1997-06-30,504
S12000011,East Renfrewshire,1998-06-30,507
S12000011,East Renfrewshire,1999-06-30,508
S12000011,East Renfrewshire,2000-06-30,511
S12000011,East Renfrewshire,2001-06-30,513
S12000011,East Renfrewshire,2002-06-30,516
S12000011,East Renfrewshire,2003-06-30,516
S12000011,East Renfrewshire,2004-06-30,515
S12000011,East Renfrewshire,2005-06-30,516
S12000011,East Renfrewshire,2006-06-30,515
S12000011,East Renfrewshire,2007-06-30,516
S12000011,East Renfrewshire,2008-06-30,516
S12000011,East Renfrewshire,2009-06-30,516
S12000011,East Renfrewshire,2010-06-30,519
S12000011,East Renfrewshire,2011-06-30,521
S12000011,East Renfrewshire,2012-06-30,523
S12000011,East Renfrewshire,2013-06-30,526
S12000011,East Renfrewshire,2014-06-30,531
S12000011,East Renfrewshire,2015-06-30,534
S12000011,East Renfrewshire,2016-06-30,539
S12000011,East Renfrewshire,2017-06-30,544
S12000011,East Renfrewshire,2018-06-30,546
S12000011,East Renfrewshire,2019-06-30,548
S12000011,East Renfrewshire,2020-06-30,550
S12000011,East Renfrewshire,2021-06-30,552
S12000011,East Renfrewshire,2022-06-30,558
S12000011,East Renfrewshire,2023-06-30,567
S12000011,East Renfrewshire,2024-06-30,573
S12000013,Na h-Eileanan Siar,1991-06-30,10
S12000013,Na h-Eileanan Siar,1992-06-30,10
S12000013,Na h-Eileanan Siar,1993-06-30,10
S12000013,Na h-Eileanan Siar,1994-06-30,10
S12000013,Na h-Eileanan Siar,1995-06-30,9
S12000013,Na h-Eileanan Siar,1996-06-30,9
S12000013,Na h-Eileanan Siar,1997-06-30,9
S12000013,Na h-Eileanan Siar,1998-06-30,9
S12000013,Na h-Eileanan Siar,1999-06-30,9
S12000013,Na h-Eileanan Siar,2000-06-30,9
S12000013,Na h-Eileanan Siar,2001-06-30,9
S12000013,Na h-Eileanan Siar,2002-06-30,9
S12000013,Na h-Eileanan Siar,2003-06-30,9
S12000013,Na h-Eileanan Siar,2004-06-30,9
S12000013,Na h-Eileanan Siar,2005-06-30,9
S12000013,Na h-Eileanan Siar,2006-06-30,9
S12000013,Na h-Eileanan Siar,2007-06-30,9
S12000013,Na h-Eileanan Siar,2008-06-30,9
S12000013,Na h-Eileanan Siar,2009-06-30,9
S12000013,Na h-Eileanan Siar,2010-06-30,9
S12000013,Na h-Eileanan Siar,2011-06-30,9
S12000013,Na h-Eileanan Siar,2012-06-30,9
S12000013,Na h-Eileanan Siar,2013-06-30,9
S12000013,Na h-Eileanan Siar,2014-06-30,9
S12000013,Na h-Eileanan Siar,2015-06-30,9
S12000013,Na h-Eileanan Siar,2016-06-30,9
S12000013,Na h-Eileanan Siar,2017-06-30,9
S12000013,Na h-Eileanan Siar,2018-06-30,9
S12000013,Na h-Eileanan Siar,2019-06-30,9
S12000013,Na h-Eileanan Siar,2020-06-30,9
S12000013,Na h-Eileanan Siar,2021-06-30,9
S12000013,Na h-Eileanan Siar,2022-06-30,9
S12000013,Na h-Eileanan Siar,2023-06-30,9
S12000013,Na h-Eileanan Siar,2024-06-30,9
S12000014,Falkirk,1991-06-30,480
S12000014,Falkirk,1992-06-30,479
S12000014,Falkirk,1993-06-30,479
S12000014,Falkirk,1994-06-30,479
S12000014,Falkirk,1995-06-30,480
S12000014,Falkirk,1996-06-30,481
S12000014,Falkirk,1997-06-30,482
S12000014,Falkirk,1998-06-30,484
S12000014,Falkirk,1999-06-30,487
S12000014,Falkirk,2000-06-30,487
S12000014,Falkirk,2001-06-30,489
S12000014,Falkirk,2002-06-30,491
S12000014,Falkirk,2003-06-30,494
S12000014,Falkirk,2004-06-30,499
S12000014,Falkirk,2005-06-30,505
S12000014,Falkirk,2006-06-30,508
S12000014,Falkirk,2007-06-30,513
S12000014,Falkirk,2008-06-30,516
S12000014,Falkirk,2009-06-30,519
S12000014,Falkirk,2010-06-30,522
S12000014,Falkirk,2011-06-30,526
S12000014,Falkirk,2012-06-30,527
S12000014,Falkirk,2013-06-30,528
S12000014,Falkirk,2014-06-30,529
S12000014,Falkirk,2015-06-30,531
S12000014,Falkirk,2016-06-30,534
S12000014,Falkirk,2017-06-30,536
S12000014,Falkirk,2018-06-30,535
S12000014,Falkirk,2019-06-30,537
S12000014,Falkirk,2020-06-30,535
S12000014,Falkirk,2021-06-30,534
S12000014,Falkirk,2022-06-30,533
S12000014,Falkirk,2023-06-30,535
S12000014,Falkirk,2024-06-30,539
S12000017,Highland,1991-06-30,8
S12000017,Highland,1992-06-30,8
S12000017,Highland,1993-06-30,8
S12000017,Highland,1994-06-30,8
S12000017,Highland,1995-06-30,8
S12000017,Highland,1996-06-30,8
S12000017,Highland,1997-06-30,8
S12000017,Highland,1998-06-30,8
S12000017,Highland,1999-06-30,8
S12000017,Highland,2000-06-30,8
S12000017,Highland,2001-06-30,8
S12000017,Highland,2002-06-30,8
S12000017,Highland,2003-06-30,8
S12000017,Highland,2004-06-30,8
S12000017,Highland,2005-06-30,9
S12000017,Highland,2006-06-30,9
S12000017,Highland,2007-06-30,9
S12000017,Highland,2008-06-30,9
S12000017,Highland,2009-06-30,9
S12000017,Highland,2010-06-30,9
S12000017,Highland,2011-06-30,9
S12000017,Highland,2012-06-30,9
S12000017,Highland,2013-06-30,9
S12000017,Highland,2014-06-30,9
S12000017,Highland,2015-06-30,9
S12000017,Highland,2016-06-30,9
S12000017,Highland,2017-06-30,9
S12000017,Highland,2018-06-30,9
S12000017,Highland,2019-06-30,9
S12000017,Highland,2020-06-30,9
S12000017,Highland,2021-06-30,9
S12000017,Highland,2022-06-30,9
S12000017,Highland,2023-06-30,9
S12000017,Highland,2024-06-30,9
S12000018,Inverclyde,1991-06-30,570
S12000018,Inverclyde,1992-06-30,566
S12000018,Inverclyde,1993-06-30,560
S12000018,Inverclyde,1994-06-30,557
S12000018,Inverclyde,1995-06-30,552
S12000018,Inverclyde,1996-06-30,543
S12000018,Inverclyde,1997-06-30,539
S12000018,Inverclyde,1998-06-30,535
S12000018,Inverclyde,1999-06-30,532
S12000018,Inverclyde,2000-06-30,528
S12000018,Inverclyde,2001-06-30,525
S12000018,Inverclyde,2002-06-30,522
S12000018,Inverclyde,2003-06-30,519
S12000018,Inverclyde,2004-06-30,515
S12000018,Inverclyde,2005-06-30,515
S12000018,Inverclyde,2006-06-30,513
S12000018,Inverclyde,2007-06-30,512
S12000018,Inverclyde,2008-06-30,511
S12000018,Inverclyde,2009-06-30,509
S12000018,Inverclyde,2010-06-30,508
S12000018,Inverclyde,2011-06-30,506
S12000018,Inverclyde,2012-06-30,505
S12000018,Inverclyde,2013-06-30,504
S12000018,Inverclyde,2014-06-30,502
S12000018,Inverclyde,2015-06-30,501
S12000018,Inverclyde,2016-06-30,499
S12000018,Inverclyde,2017-06-30,498
S12000018,Inverclyde,2018-06-30,495
S12000018,Inverclyde,2019-06-30,493
S12000018,Inverclyde,2020-06-30,490
S12000018,Inverclyde,2021-06-30,489
S12000018,Inverclyde,2022-06-30,488
S12000018,Inverclyde,2023-06-30,491
S12000018,Inverclyde,2024-06-30,492
S12000019,Midlothian,1991-06-30,225
S12000019,Midlothian,1992-06-30,224
S12000019,Midlothian,1993-06-30,223
S12000019,Midlothian,1994-06-30,224
S12000019,Midlothian,1995-06-30,223
S12000019,Midlothian,1996-06-30,223
S12000019,Midlothian,1997-06-30,225
S12000019,Midlothian,1998-06-30,227
S12000019,Midlothian,1999-06-30,228
S12000019,Midlothian,2000-06-30,229
S12000019,Midlothian,2001-06-30,229
S12000019,Midlothian,2002-06-30,229
S12000019,Midlothian,2003-06-30,227
S12000019,Midlothian,2004-06-30,227
S12000019,Midlothian,2005-06-30,226
S12000019,Midlothian,2006-06-30,226
S12000019,Midlothian,2007-06-30,227
S12000019,Midlothian,2008-06-30,231
S12000019,Midlothian,2009-06-30,232
S12000019,Midlothian,2010-06-30,233
S12000019,Midlothian,2011-06-30,236
S12000019,Midlothian,2012-06-30,239
S12000019,Midlothian,2013-06-30,241
S12000019,Midlothian,2014-06-30,246
S12000019,Midlothian,2015-06-30,249
S12000019,Midlothian,2016-06-30,253
S12000019,Midlothian,2017-06-30,257
S12000019,Midlothian,2018-06-30,261
S12000019,Midlothian,2019-06-30,264
S12000019,Midlothian,2020-06-30,266
S12000019,Midlothian,2021-06-30,270
S12000019,Midlothian,2022-06-30,274
S12000019,Midlothian,2023-06-30,278
S12000019,Midlothian,2024-06-30,282
S12000020,Moray,1991-06-30,38
S12000020,Moray,1992-06-30,38
S12000020,Moray,1993-06-30,39
S12000020,Moray,1994-06-30,39
S12000020,Moray,1995-06-30,39
S12000020,Moray,1996-06-30,39
S12000020,Moray,1997-06-30,39
S12000020,Moray,1998-06-30,39
S12000020,Moray,1999-06-30,39
S12000020,Moray,2000-06-30,39
S12000020,Moray,2001-06-30,39
S12000020,Moray,2002-06-30,39
S12000020,Moray,2003-06-30,40
S12000020,Moray,2004-06-30,40
S12000020,Moray,2005-06-30,40
S12000020,Moray,2006-06-30,41
S12000020,Moray,2007-06-30,41
S12000020,Moray,2008-06-30,41
S12000020,Moray,2009-06-30,42
S12000020,Moray,2010-06-30,42
S12000020,Moray,2011-06-30,42
S12000020,Moray,2012-06-30,41
S12000020,Moray,2013-06-30,42
S12000020,Moray,2014-06-30,42
S12000020,Moray,2015-06-30,42
S12000020,Moray,2016-06-30,43
S12000020,Moray,2017-06-30,42
S12000020,Moray,2018-06-30,42
S12000020,Moray,2019-06-30,42
S12000020,Moray,2020-06-30,42
S12000020,Moray,2021-06-30,42
S12000020,Moray,2022-06-30,42
S12000020,Moray,2023-06-30,42
S12000020,Moray,2024-06-30,42
S12000021,North Ayrshire,1991-06-30,156
S12000021,North Ayrshire,1992-06-30,156
S12000021,North Ayrshire,1993-06-30,155
S12000021,North Ayrshire,1994-06-30,155
S12000021,North Ayrshire,1995-06-30,156
S12000021,North Ayrshire,1996-06-30,155
S12000021,North Ayrshire,1997-06-30,156
S12000021,North Ayrshire,1998-06-30,155
S12000021,North Ayrshire,1999-06-30,155
S12000021,North Ayrshire,2000-06-30,154
S12000021,North Ayrshire,2001-06-30,153
S12000021,North Ayrshire,2002-06-30,153
S12000021,North Ayrshire,2003-06-30,154
S12000021,North Ayrshire,2004-06-30,154
S12000021,North Ayrshire,2005-06-30,154
S12000021,North Ayrshire,2006-06-30,155
S12000021,North Ayrshire,2007-06-30,155
S12000021,North Ayrshire,2008-06-30,156
S12000021,North Ayrshire,2009-06-30,156
S12000021,North Ayrshire,2010-06-30,156
S12000021,North Ayrshire,2011-06-30,156
S12000021,North Ayrshire,2012-06-30,155
S12000021,North Ayrshire,2013-06-30,155
S12000021,North Ayrshire,2014-06-30,154
S12000021,North Ayrshire,2015-06-30,154
S12000021,North Ayrshire,2016-06-30,154
S12000021,North Ayrshire,2017-06-30,153
S12000021,North Ayrshire,2018-06-30,153
S12000021,North Ayrshire,2019-06-30,152
S12000021,North Ayrshire,2020-06-30,151
S12000021,North Ayrshire,2021-06-30,151
S12000021,North Ayrshire,2022-06-30,151
S12000021,North Ayrshire,2023-06-30,151
S12000021,North Ayrshire,2024-06-30,151
S12000023,Orkney Islands,1991-06-30,20
S12000023,Orkney Islands,1992-06-30,20
S12000023,Orkney Islands,1993-06-30,20
S12000023,Orkney Islands,1994-06-30,20
S12000023,Orkney Islands,1995-06-30,20
S12000023,Orkney Islands,1996-06-30,20
S12000023,Orkney Islands,1997-06-30,20
S12000023,Orkney Islands,1998-06-30,20
S12000023,Orkney Islands,1999-06-30,20
S12000023,Orkney Islands,2000-06-30,19
S12000023,Orkney Islands,2001-06-30,19
S12000023,Orkney Islands,2002-06-30,20
S12000023,Orkney Islands,2003-06-30,20
S12000023,Orkney Islands,2004-06-30,20
S12000023,Orkney Islands,2005-06-30,20
S12000023,Orkney Islands,2006-06-30,21
S12000023,Orkney Islands,2007-06-30,21
S12000023,Orkney Islands,2008-06-30,21
S12000023,Orkney Islands,2009-06-30,21
S12000023,Orkney Islands,2010-06-30,21
S12000023,Orkney Islands,2011-06-30,22
S12000023,Orkney Islands,2012-06-30,22
S12000023,Orkney Islands,2013-06-30,22
S12000023,Orkney Islands,2014-06-30,22
S12000023,Orkney Islands,2015-06-30,22
S12000023,Orkney Islands,2016-06-30,22
S12000023,Orkney Islands,2017-06-30,22
S12000023,Orkney Islands,2018-06-30,22
S12000023,Orkney Islands,2019-06-30,22
S12000023,Orkney Islands,2020-06-30,22
S12000023,Orkney Islands,2021-06-30,22
S12000023,Orkney Islands,2022-06-30,22
S12000023,Orkney Islands,2023-06-30,22
S12000023,Orkney Islands,2024-06-30,22
S12000026,Scottish Borders,1991-06-30,22
S12000026,Scottish Borders,1992-06-30,22
S12000026,Scottish Borders,1993-06-30,22
S12000026,Scottish Borders,1994-06-30,22
S12000026,Scottish Borders,1995-06-30,22
S12000026,Scottish Borders,1996-06-30,22
S12000026,Scottish Borders,1997-06-30,22
S12000026,Scottish Borders,1998-06-30,22
S12000026,Scottish Borders,1999-06-30,22
S12000026,Scottish Borders,2000-06-30,22
S12000026,Scottish Borders,2001-06-30,23
S12000026,Scottish Borders,2002-06-30,23
S12000026,Scottish Borders,2003-06-30,23
S12000026,Scottish Borders,2004-06-30,23
S12000026,Scottish Borders,2005-06-30,23
S12000026,Scottish Borders,2006-06-30,23
S12000026,Scottish Borders,2007-06-30,24
S12000026,Scottish Borders,2008-06-30,24
S12000026,Scottish Borders,2009-06-30,24
S12000026,Scottish Borders,2010-06-30,24
S12000026,Scottish Borders,2011-06-30,24
S12000026,Scottish Borders,2012-06-30,24
S12000026,Scottish Borders,2013-06-30,24
S12000026,Scottish Borders,2014-06-30,24
S12000026,Scottish Borders,2015-06-30,24
S12000026,Scottish Borders,2016-06-30,24
S12000026,Scottish Borders,2017-06-30,25
S12000026,Scottish Borders,2018-06-30,25
S12000026,Scottish Borders,2019-06-30,25
S12000026,Scottish Borders,2020-06-30,25
S12000026,Scottish Borders,2021-06-30,25
S12000026,Scottish Borders,2022-06-30,25
S12000026,Scottish Borders,2023-06-30,25
S12000026,Scottish Borders,2024-06-30,25
S12000027,Shetland Islands,1991-06-30,15
S12000027,Shetland Islands,1992-06-30,15
S12000027,Shetland Islands,1993-06-30,16
S12000027,Shetland Islands,1994-06-30,16
S12000027,Shetland Islands,1995-06-30,16
S12000027,Shetland Islands,1996-06-30,16
S12000027,Shetland Islands,1997-06-30,16
S12000027,Shetland Islands,1998-06-30,15
S12000027,Shetland Islands,1999-06-30,15
S12000027,Shetland Islands,2000-06-30,15
S12000027,Shetland Islands,2001-06-30,15
S12000027,Shetland Islands,2002-06-30,15
S12000027,Shetland Islands,2003-06-30,15
S12000027,Shetland Islands,2004-06-30,15
S12000027,Shetland Islands,2005-06-30,15
S12000027,Shetland Islands,2006-06-30,15
S12000027,Shetland Islands,2007-06-30,15
S12000027,Shetland Islands,2008-06-30,15
S12000027,Shetland Islands,2009-06-30,16
S12000027,Shetland Islands,2010-06-30,16
S12000027,Shetland Islands,2011-06-30,16
S12000027,Shetland Islands,2012-06-30,16
S12000027,Shetland Islands,2013-06-30,16
S12000027,Shetland Islands,2014-06-30,16
S12000027,Shetland Islands,2015-06-30,16
S12000027,Shetland Islands,2016-06-30,16
S12000027,Shetland Islands,2017-06-30,16
S12000027,Shetland Islands,2018-06-30,16
S12000027,Shetland Islands,2019-06-30,16
S12000027,Shetland Islands,2020-06-30,16
S12000027,Shetland Islands,2021-06-30,16
S12000027,Shetland Islands,2022-06-30,16
S12000027,Shetland Islands,2023-06-30,16
S12000027,Shetland Islands,2024-06-30,16
S12000028,South Ayrshire,1991-06-30,93
S12000028,South Ayrshire,1992-06-30,93
S12000028,South Ayrshire,1993-06-30,93
S12000028,South Ayrshire,1994-06-30,93
S12000028,South Ayrshire,1995-06-30,93
S12000028,South Ayrshire,1996-06-30,93
S12000028,South Ayrshire,1997-06-30,93
S12000028,South Ayrshire,1998-06-30,93
S12000028,South Ayrshire,1999-06-30,92
S12000028,South Ayrshire,2000-06-30,92
S12000028,South Ayrshire,2001-06-30,92
S12000028,South Ayrshire,2002-06-30,91
S12000028,South Ayrshire,2003-06-30,91
S12000028,South Ayrshire,2004-06-30,92
S12000028,South Ayrshire,2005-06-30,92
S12000028,South Ayrshire,2006-06-30,92
S12000028,South Ayrshire,2007-06-30,92
S12000028,South Ayrshire,2008-06-30,92
S12000028,South Ayrshire,2009-06-30,92
S12000028,South Ayrshire,2010-06-30,92
S12000028,South Ayrshire,2011-06-30,92
S12000028,South Ayrshire,2012-06-30,92
S12000028,South Ayrshire,2013-06-30,92
S12000028,South Ayrshire,2014-06-30,92
S12000028,South Ayrshire,2015-06-30,92
S12000028,South Ayrshire,2016-06-30,92
S12000028,South Ayrshire,2017-06-30,92
S12000028,South Ayrshire,2018-06-30,92
S12000028,South Ayrshire,2019-06-30,92
S12000028,South Ayrshire,2020-06-30,91
S12000028,South Ayrshire,2021-06-30,91
S12000028,South Ayrshire,2022-06-30,91
S12000028,South Ayrshire,2023-06-30,92
S12000028,South Ayrshire,2024-06-30,92
S12000029,South Lanarkshire,1991-06-30,171
S12000029,South Lanarkshire,1992-06-30,171
S12000029,South Lanarkshire,1993-06-30,172
S12000029,South Lanarkshire,1994-06-30,172
S12000029,South Lanarkshire,1995-06-30,172
S12000029,South Lanarkshire,1996-06-30,172
S12000029,South Lanarkshire,1997-06-30,172
S12000029,South Lanarkshire,1998-06-30,171
S12000029,South Lanarkshire,1999-06-30,171
S12000029,South Lanarkshire,2000-06-30,171
S12000029,South Lanarkshire,2001-06-30,171
S12000029,South Lanarkshire,2002-06-30,171
S12000029,South Lanarkshire,2003-06-30,171
S12000029,South Lanarkshire,2004-06-30,173
S12000029,South Lanarkshire,2005-06-30,173
S12000029,South Lanarkshire,2006-06-30,174
S12000029,South Lanarkshire,2007-06-30,175
S12000029,South Lanarkshire,2008-06-30,176
S12000029,South Lanarkshire,2009-06-30,176
S12000029,South Lanarkshire,2010-06-30,177
S12000029,South Lanarkshire,2011-06-30,177
S12000029,South Lanarkshire,2012-06-30,178
S12000029,South Lanarkshire,2013-06-30,178
S12000029,South Lanarkshire,2014-06-30,179
S12000029,South Lanarkshire,2015-06-30,180
S12000029,South Lanarkshire,2016-06-30,180
S12000029,South Lanarkshire,2017-06-30,181
S12000029,South Lanarkshire,2018-06-30,181
S12000029,South Lanarkshire,2019-06-30,182
S12000029,South Lanarkshire,2020-06-30,183
S12000029,South Lanarkshire,2021-06-30,184
S12000029,South Lanarkshire,2022-06-30,185
S12000029,South Lanarkshire,2023-06-30,187
S12000029,South Lanarkshire,2024-06-30,189
S12000030,Stirling,1991-06-30,37
S12000030,Stirling,1992-06-30,37
S12000030,Stirling,1993-06-30,37
S12000030,Stirling,1994-06-30,37
S12000030,Stirling,1995-06-30,38
S12000030,Stirling,1996-06-30,38
S12000030,Stirling,1997-06-30,38
S12000030,Stirling,1998-06-30,39
S12000030,Stirling,1999-06-30,39
S12000030,Stirling,2000-06-30,39
S12000030,Stirling,2001-06-30,39
S12000030,Stirling,2002-06-30,40
S12000030,Stirling,2003-06-30,40
S12000030,Stirling,2004-06-30,40
S12000030,Stirling,2005-06-30,40
S12000030,Stirling,2006-06-30,40
S12000030,Stirling,2007-06-30,40
S12000030,Stirling,2008-06-30,41
S12000030,Stirling,2009-06-30,41
S12000030,Stirling,2010-06-30,41
S12000030,Stirling,2011-06-30,41
S12000030,Stirling,2012-06-30,41
S12000030,Stirling,2013-06-30,41
S12000030,Stirling,2014-06-30,41
S12000030,Stirling,2015-06-30,42
S12000030,Stirling,2016-06-30,42
S12000030,Stirling,2017-06-30,42
S12000030,Stirling,2018-06-30,42
S12000030,Stirling,2019-06-30,42
S12000030,Stirling,2020-06-30,42
S12000030,Stirling,2021-06-30,42
S12000030,Stirling,2022-06-30,42
S12000030,Stirling,2023-06-30,43
S12000030,Stirling,2024-06-30,43
S12000033,Aberdeen City,1991-06-30,1154
S12000033,Aberdeen City,1992-06-30,1165
S12000033,Aberdeen City,1993-06-30,1176
S12000033,Aberdeen City,1994-06-30,1183
S12000033,Aberdeen City,1995-06-30,1185
S12000033,Aberdeen City,1996-06-30,1177
S12000033,Aberdeen City,1997-06-30,1171
S12000033,Aberdeen City,1998-06-30,1162
S12000033,Aberdeen City,1999-06-30,1157
S12000033,Aberdeen City,2000-06-30,1150
S12000033,Aberdeen City,2001-06-30,1142
S12000033,Aberdeen City,2002-06-30,1135
S12000033,Aberdeen City,2003-06-30,1128
S12000033,Aberdeen City,2004-06-30,1120
S12000033,Aberdeen City,2005-06-30,1125
S12000033,Aberdeen City,2006-06-30,1130
S12000033,Aberdeen City,2007-06-30,1145
S12000033,Aberdeen City,2008-06-30,1153
S12000033,Aberdeen City,2009-06-30,1169
S12000033,Aberdeen City,2010-06-30,1184
S12000033,Aberdeen City,2011-06-30,1199
S12000033,Aberdeen City,2012-06-30,1207
S12000033,Aberdeen City,2013-06-30,1214
S12000033,Aberdeen City,2014-06-30,1219
S12000033,Aberdeen City,2015-06-30,1222
S12000033,Aberdeen City,2016-06-30,1214
S12000033,Aberdeen City,2017-06-30,1206
S12000033,Aberdeen City,2018-06-30,1197
S12000033,Aberdeen City,2019-06-30,1200
S12000033,Aberdeen City,2020-06-30,1200
S12000033,Aberdeen City,2021-06-30,1189
S12000033,Aberdeen City,2022-06-30,1208
S12000033,Aberdeen City,2023-06-30,1236
S12000033,Aberdeen City,2024-06-30,1249
S12000034,Aberdeenshire,1991-06-30,34
S12000034,Aberdeenshire,1992-06-30,35
S12000034,Aberdeenshire,1993-06-30,35
S12000034,Aberdeenshire,1994-06-30,36
S12000034,Aberdeenshire,1995-06-30,36
S12000034,Aberdeenshire,1996-06-30,36
S12000034,Aberdeenshire,1997-06-30,36
S12000034,Aberdeenshire,1998-06-30,36
S12000034,Aberdeenshire,1999-06-30,36
S12000034,Aberdeenshire,2000-06-30,36
S12000034,Aberdeenshire,2001-06-30,36
S12000034,Aberdeenshire,2002-06-30,36
S12000034,Aberdeenshire,2003-06-30,37
S12000034,Aberdeenshire,2004-06-30,37
S12000034,Aberdeenshire,2005-06-30,38
S12000034,Aberdeenshire,2006-06-30,38
S12000034,Aberdeenshire,2007-06-30,39
S12000034,Aberdeenshire,2008-06-30,39
S12000034,Aberdeenshire,2009-06-30,39
S12000034,Aberdeenshire,2010-06-30,40
S12000034,Aberdeenshire,2011-06-30,40
S12000034,Aberdeenshire,2012-06-30,41
S12000034,Aberdeenshire,2013-06-30,41
S12000034,Aberdeenshire,2014-06-30,41
S12000034,Aberdeenshire,2015-06-30,42
S12000034,Aberdeenshire,2016-06-30,42
S12000034,Aberdeenshire,2017-06-30,42
S12000034,Aberdeenshire,2018-06-30,42
S12000034,Aberdeenshire,2019-06-30,41
S12000034,Aberdeenshire,2020-06-30,41
S12000034,Aberdeenshire,2021-06-30,42
S12000034,Aberdeenshire,2022-06-30,42
S12000034,Aberdeenshire,2023-06-30,42
S12000034,Aberdeenshire,2024-06-30,42
S12000035,Argyll and Bute,1991-06-30,14
S12000035,Argyll and Bute,1992-06-30,13
S12000035,Argyll and Bute,1993-06-30,13
S12000035,Argyll and Bute,1994-06-30,13
S12000035,Argyll and Bute,1995-06-30,13
S12000035,Argyll and Bute,1996-06-30,13
S12000035,Argyll and Bute,1997-06-30,13
S12000035,Argyll and Bute,1998-06-30,13
S12000035,Argyll and Bute,1999-06-30,13
S12000035,Argyll and Bute,2000-06-30,13
S12000035,Argyll and Bute,2001-06-30,13
S12000035,Argyll and Bute,2002-06-30,13
S12000035,Argyll and Bute,2003-06-30,13
S12000035,Argyll and Bute,2004-06-30,13
S12000035,Argyll and Bute,2005-06-30,13
S12000035,Argyll and Bute,2006-06-30,13
S12000035,Argyll and Bute,2007-06-30,13
S12000035,Argyll and Bute,2008-06-30,13
S12000035,Argyll and Bute,2009-06-30,13
S12000035,Argyll and Bute,2010-06-30,13
S12000035,Argyll and Bute,2011-06-30,13
S12000035,Argyll and Bute,2012-06-30,13
S12000035,Argyll and Bute,2013-06-30,13
S12000035,Argyll and Bute,2014-06-30,13
S12000035,Argyll and Bute,2015-06-30,13
S12000035,Argyll and Bute,2016-06-30,13
S12000035,Argyll and Bute,2017-06-30,13
S12000035,Argyll and Bute,2018-06-30,13
S12000035,Argyll and Bute,2019-06-30,13
S12000035,Argyll and Bute,2020-06-30,13
S12000035,Argyll and Bute,2021-06-30,13
S12000035,Argyll and Bute,2022-06-30,13
S12000035,Argyll and Bute,2023-06-30,13
S12000035,Argyll and Bute,2024-06-30,13
S12000036,City of Edinburgh,1991-06-30,1657
S12000036,City of Edinburgh,1992-06-30,1658
S12000036,City of Edinburgh,1993-06-30,1664
S12000036,City of Edinburgh,1994-06-30,1671
S12000036,City of Edinburgh,1995-06-30,1685
S12000036,City of Edinburgh,1996-06-30,1689
S12000036,City of Edinburgh,1997-06-30,1692
S12000036,City of Edinburgh,1998-06-30,1694
S12000036,City of Edinburgh,1999-06-30,1698
S12000036,City of Edinburgh,2000-06-30,1703
S12000036,City of Edinburgh,2001-06-30,1705
S12000036,City of Edinburgh,2002-06-30,1699
S12000036,City of Edinburgh,2003-06-30,1691
S12000036,City of Edinburgh,2004-06-30,1693
S12000036,City of Edinburgh,2005-06-30,1706
S12000036,City of Edinburgh,2006-06-30,1716
S12000036,City of Edinburgh,2007-06-30,1731
S12000036,City of Edinburgh,2008-06-30,1741
S12000036,City of Edinburgh,2009-06-30,1759
S12000036,City of Edinburgh,2010-06-30,1784
S12000036,City of Edinburgh,2011-06-30,1815
S12000036,City of Edinburgh,2012-06-30,1824
S12000036,City of Edinburgh,2013-06-30,1832
S12000036,City of Edinburgh,2014-06-30,1842
S12000036,City of Edinburgh,2015-06-30,1861
S12000036,City of Edinburgh,2016-06-30,1884
S12000036,City of Edinburgh,2017-06-30,1901
S12000036,City of Edinburgh,2018-06-30,1913
S12000036,City of Edinburgh,2019-06-30,1930
S12000036,City of Edinburgh,2020-06-30,1935
S12000036,City of Edinburgh,2021-06-30,1920
S12000036,City of Edinburgh,2022-06-30,1954
S12000036,City of Edinburgh,2023-06-30,1990
S12000036,City of Edinburgh,2024-06-30,2015
S12000038,Renfrewshire,1991-06-30,672
S12000038,Renfrewshire,1992-06-30,670
S12000038,Renfrewshire,1993-06-30,670
S12000038,Renfrewshire,1994-06-30,671
S12000038,Renfrewshire,1995-06-30,675
S12000038,Renfrewshire,1996-06-30,675
S12000038,Renfrewshire,1997-06-30,672
S12000038,Renfrewshire,1998-06-30,670
S12000038,Renfrewshire,1999-06-30,667
S12000038,Renfrewshire,2000-06-30,664
S12000038,Renfrewshire,2001-06-30,661
S12000038,Renfrewshire,2002-06-30,659
S12000038,Renfrewshire,2003-06-30,656
S12000038,Renfrewshire,2004-06-30,656
S12000038,Renfrewshire,2005-06-30,656
S12000038,Renfrewshire,2006-06-30,655
S12000038,Renfrewshire,2007-06-30,657
S12000038,Renfrewshire,2008-06-30,660
S12000038,Renfrewshire,2009-06-30,662
S12000038,Renfrewshire,2010-06-30,664
S12000038,Renfrewshire,2011-06-30,668
S12000038,Renfrewshire,2012-06-30,668
S12000038,Renfrewshire,2013-06-30,668
S12000038,Renfrewshire,2014-06-30,670
S12000038,Renfrewshire,2015-06-30,673
S12000038,Renfrewshire,2016-06-30,678
S12000038,Renfrewshire,2017-06-30,683
S12000038,Renfrewshire,2018-06-30,686
S12000038,Renfrewshire,2019-06-30,692
S12000038,Renfrewshire,2020-06-30,695
S12000038,Renfrewshire,2021-06-30,697
S12000038,Renfrewshire,2022-06-30,705
S12000038,Renfrewshire,2023-06-30,716
S12000038,Renfrewshire,2024-06-30,723
S12000039,West Dunbartonshire,1991-06-30,613
S12000039,West Dunbartonshire,1992-06-30,610
S12000039,West Dunbartonshire,1993-06-30,611
S12000039,West Dunbartonshire,1994-06-30,610
S12000039,West Dunbartonshire,1995-06-30,604
S12000039,West Dunbartonshire,1996-06-30,600
S12000039,West Dunbartonshire,1997-06-30,600
S12000039,West Dunbartonshire,1998-06-30,598
S12000039,West Dunbartonshire,1999-06-30,595
S12000039,West Dunbartonshire,2000-06-30,592
S12000039,West Dunbartonshire,2001-06-30,588
S12000039,West Dunbartonshire,2002-06-30,586
S12000039,West Dunbartonshire,2003-06-30,582
S12000039,West Dunbartonshire,2004-06-30,579
S12000039,West Dunbartonshire,2005-06-30,577
S12000039,West Dunbartonshire,2006-06-30,576
S12000039,West Dunbartonshire,2007-06-30,576
S12000039,West Dunbartonshire,2008-06-30,574
S12000039,West Dunbartonshire,2009-06-30,574
S12000039,West Dunbartonshire,2010-06-30,572
S12000039,West Dunbartonshire,2011-06-30,571
S12000039,West Dunbartonshire,2012-06-30,570
S12000039,West Dunbartonshire,2013-06-30,567
S12000039,West Dunbartonshire,2014-06-30,567
S12000039,West Dunbartonshire,2015-06-30,566
S12000039,West Dunbartonshire,2016-06-30,569
S12000039,West Dunbartonshire,2017-06-30,568
S12000039,West Dunbartonshire,2018-06-30,565
S12000039,West Dunbartonshire,2019-06-30,564
S12000039,West Dunbartonshire,2020-06-30,561
S12000039,West Dunbartonshire,2021-06-30,558
S12000039,West Dunbartonshire,2022-06-30,556
S12000039,West Dunbartonshire,2023-06-30,560
S12000039,West Dunbartonshire,2024-06-30,561
S12000040,West Lothian,1991-06-30,339
S12000040,West Lothian,1992-06-30,338
S12000040,West Lothian,1993-06-30,341
S12000040,West Lothian,1994-06-30,344
S12000040,West Lothian,1995-06-30,348
S12000040,West Lothian,1996-06-30,351
S12000040,West Lothian,1997-06-30,355
S12000040,West Lothian,1998-06-30,358
S12000040,West Lothian,1999-06-30,362
S12000040,West Lothian,2000-06-30,367
S12000040,West Lothian,2001-06-30,372
S12000040,West Lothian,2002-06-30,375
S12000040,West Lothian,2003-06-30,378
S12000040,West Lothian,2004-06-30,382
S12000040,West Lothian,2005-06-30,386
S12000040,West Lothian,2006-06-30,391
S12000040,West Lothian,2007-06-30,396
S12000040,West Lothian,2008-06-30,401
S12000040,West Lothian,2009-06-30,405
S12000040,West Lothian,2010-06-30,407
S12000040,West Lothian,2011-06-30,410
S12000040,West Lothian,2012-06-30,410
S12000040,West Lothian,2013-06-30,410
S12000040,West Lothian,2014-06-30,412
S12000040,West Lothian,2015-06-30,414
S12000040,West Lothian,2016-06-30,417
S12000040,West Lothian,2017-06-30,419
S12000040,West Lothian,2018-06-30,419
S12000040,West Lothian,2019-06-30,420
S12000040,West Lothian,2020-06-30,421
S12000040,West Lothian,2021-06-30,423
S12000040,West Lothian,2022-06-30,425
S12000040,West Lothian,2023-06-30,431
S12000040,West Lothian,2024-06-30,436
S12000041,Angus,1991-06-30,50
S12000041,Angus,1992-06-30,50
S12000041,Angus,1993-06-30,51
S12000041,Angus,1994-06-30,51
S12000041,Angus,1995-06-30,51
S12000041,Angus,1996-06-30,51
S12000041,Angus,1997-06-30,50
S12000041,Angus,1998-06-30,50
S12000041,Angus,1999-06-30,50
S12000041,Angus,2000-06-30,50
S12000041,Angus,2001-06-30,50
S12000041,Angus,2002-06-30,50
S12000041,Angus,2003-06-30,50
S12000041,Angus,2004-06-30,51
S12000041,Angus,2005-06-30,51
S12000041,Angus,2006-06-30,52
S12000041,Angus,2007-06-30,52
S12000041,Angus,2008-06-30,52
S12000041,Angus,2009-06-30,53
S12000041,Angus,2010-06-30,53
S12000041,Angus,2011-06-30,53
S12000041,Angus,2012-06-30,53
S12000041,Angus,2013-06-30,53
S12000041,Angus,2014-06-30,53
S12000041,Angus,2015-06-30,54
S12000041,Angus,2016-06-30,53
S12000041,Angus,2017-06-30,53
S12000041,Angus,2018-06-30,53
S12000041,Angus,2019-06-30,53
S12000041,Angus,2020-06-30,53
S12000041,Angus,2021-06-30,53
S12000041,Angus,2022-06-30,53
S12000041,Angus,2023-06-30,53
S12000041,Angus,2024-06-30,53
S12000042,Dundee City,1991-06-30,2601
S12000042,Dundee City,1992-06-30,2591
S12000042,Dundee City,1993-06-30,2575
S12000042,Dundee City,1994-06-30,2545
S12000042,Dundee City,1995-06-30,2550
S12000042,Dundee City,1996-06-30,2545
S12000042,Dundee City,1997-06-30,2531
S12000042,Dundee City,1998-06-30,2503
S12000042,Dundee City,1999-06-30,2474
S12000042,Dundee City,2000-06-30,2452
S12000042,Dundee City,2001-06-30,2432
S12000042,Dundee City,2002-06-30,2414
S12000042,Dundee City,2003-06-30,2409
S12000042,Dundee City,2004-06-30,2393
S12000042,Dundee City,2005-06-30,2401
S12000042,Dundee City,2006-06-30,2397
S12000042,Dundee City,2007-06-30,2403
S12000042,Dundee City,2008-06-30,2413
S12000042,Dundee City,2009-06-30,2428
S12000042,Dundee City,2010-06-30,2442
S12000042,Dundee City,2011-06-30,2462
S12000042,Dundee City,2012-06-30,2468
S12000042,Dundee City,2013-06-30,2468
S12000042,Dundee City,2014-06-30,2464
S12000042,Dundee City,2015-06-30,2464
S12000042,Dundee City,2016-06-30,2462
S12000042,Dundee City,2017-06-30,2472
S12000042,Dundee City,2018-06-30,2471
S12000042,Dundee City,2019-06-30,2480
S12000042,Dundee City,2020-06-30,2476
S12000042,Dundee City,2021-06-30,2455
S12000042,Dundee City,2022-06-30,2483
S12000042,Dundee City,2023-06-30,2509
S12000042,Dundee City,2024-06-30,2506
S12000045,East Dunbartonshire,1991-06-30,631
S12000045,East Dunbartonshire,1992-06-30,629
S12000045,East Dunbartonshire,1993-06-30,626
S12000045,East Dunbartonshire,1994-06-30,628
S12000045,East Dunbartonshire,1995-06-30,630
S12000045,East Dunbartonshire,1996-06-30,626
S12000045,East Dunbartonshire,1997-06-30,626
S12000045,East Dunbartonshire,1998-06-30,625
S12000045,East Dunbartonshire,1999-06-30,623
S12000045,East Dunbartonshire,2000-06-30,623
S12000045,East Dunbartonshire,2001-06-30,620
S12000045,East Dunbartonshire,2002-06-30,615
S12000045,East Dunbartonshire,2003-06-30,613
S12000045,East Dunbartonshire,2004-06-30,611
S12000045,East Dunbartonshire,2005-06-30,608
S12000045,East Dunbartonshire,2006-06-30,605
S12000045,East Dunbartonshire,2007-06-30,602
S12000045,East Dunbartonshire,2008-06-30,601
S12000045,East Dunbartonshire,2009-06-30,602
S12000045,East Dunbartonshire,2010-06-30,601
S12000045,East Dunbartonshire,2011-06-30,602
S12000045,East Dunbartonshire,2012-06-30,607
S12000045,East Dunbartonshire,2013-06-30,607
S12000045,East Dunbartonshire,2014-06-30,613
S12000045,East Dunbartonshire,2015-06-30,615
S12000045,East Dunbartonshire,2016-06-30,618
S12000045,East Dunbartonshire,2017-06-30,622
S12000045,East Dunbartonshire,2018-06-30,622
S12000045,East Dunbartonshire,2019-06-30,624
S12000045,East Dunbartonshire,2020-06-30,624
S12000045,East Dunbartonshire,2021-06-30,624
S12000045,East Dunbartonshire,2022-06-30,625
S12000045,East Dunbartonshire,2023-06-30,627
S12000045,East Dunbartonshire,2024-06-30,630
S12000047,Fife,1991-06-30,262
S12000047,Fife,1992-06-30,263
S12000047,Fife,1993-06-30,264
S12000047,Fife,1994-06-30,264
S12000047,Fife,1995-06-30,264
S12000047,Fife,1996-06-30,262
S12000047,Fife,1997-06-30,262
S12000047,Fife,1998-06-30,262
S12000047,Fife,1999-06-30,262
S12000047,Fife,2000-06-30,263
S12000047,Fife,2001-06-30,264
S12000047,Fife,2002-06-30,265
S12000047,Fife,2003-06-30,265
S12000047,Fife,2004-06-30,266
S12000047,Fife,2005-06-30,268
S12000047,Fife,2006-06-30,270
S12000047,Fife,2007-06-30,271
S12000047,Fife,2008-06-30,272
S12000047,Fife,2009-06-30,273
S12000047,Fife,2010-06-30,274
S12000047,Fife,2011-06-30,276
S12000047,Fife,2012-06-30,276
S12000047,Fife,2013-06-30,276
S12000047,Fife,2014-06-30,276
S12000047,Fife,2015-06-30,277
S12000047,Fife,2016-06-30,278
S12000047,Fife,2017-06-30,279
S12000047,Fife,2018-06-30,279
S12000047,Fife,2019-06-30,280
S12000047,Fife,2020-06-30,280
S12000047,Fife,2021-06-30,280
S12000047,Fife,2022-06-30,280
S12000047,Fife,2023-06-30,282
S12000047,Fife,2024-06-30,283
S12000048,Perth and Kinross,1991-06-30,24
S12000048,Perth and Kinross,1992-06-30,24
S12000048,Perth and Kinross,1993-06-30,25
S12000048,Perth and Kinross,1994-06-30,25
S12000048,Perth and Kinross,1995-06-30,25
S12000048,Perth and Kinross,1996-06-30,25
S12000048,Perth and Kinross,1997-06-30,25
S12000048,Perth and Kinross,1998-06-30,25
S12000048,Perth and Kinross,1999-06-30,26
S12000048,Perth and Kinross,2000-06-30,26
S12000048,Perth and Kinross,2001-06-30,26
S12000048,Perth and Kinross,2002-06-30,26
S12000048,Perth and Kinross,2003-06-30,26
S12000048,Perth and Kinross,2004-06-30,26
S12000048,Perth and Kinross,2005-06-30,26
S12000048,Perth and Kinross,2006-06-30,26
S12000048,Perth and Kinross,2007-06-30,27
S12000048,Perth and Kinross,2008-06-30,27
S12000048,Perth and Kinross,2009-06-30,27
S12000048,Perth and Kinross,2010-06-30,28
S12000048,Perth and Kinross,2011-06-30,28
S12000048,Perth and Kinross,2012-06-30,28
S12000048,Perth and Kinross,2013-06-30,28
S12000048,Perth and Kinross,2014-06-30,28
S12000048,Perth and Kinross,2015-06-30,28
S12000048,Perth and Kinross,2016-06-30,28
S12000048,Perth and Kinross,2017-06-30,28
S12000048,Perth and Kinross,2018-06-30,28
S12000048,Perth and Kinross,2019-06-30,28
S12000048,Perth and Kinross,2020-06-30,28
S12000048,Perth and Kinross,2021-06-30,29
S12000048,Perth and Kinross,2022-06-30,29
S12000048,Perth and Kinross,2023-06-30,29
S12000048,Perth and Kinross,2024-06-30,29
S12000049,Glasgow City,1991-06-30,3603
S12000049,Glasgow City,1992-06-30,3563
S12000049,Glasgow City,1993-06-30,3531
S12000049,Glasgow City,1994-06-30,3506
S12000049,Glasgow City,1995-06-30,3459
S12000049,Glasgow City,1996-06-30,3429
S12000049,Glasgow City,1997-06-30,3382
S12000049,Glasgow City,1998-06-30,3362
S12000049,Glasgow City,1999-06-30,3338
S12000049,Glasgow City,2000-06-30,3304
S12000049,Glasgow City,2001-06-30,3314
S12000049,Glasgow City,2002-06-30,3301
S12000049,Glasgow City,2003-06-30,3277
S12000049,Glasgow City,2004-06-30,3262
S12000049,Glasgow City,2005-06-30,3260
S12000049,Glasgow City,2006-06-30,3255
S12000049,Glasgow City,2007-06-30,3274
S12000049,Glasgow City,2008-06-30,3300
S12000049,Glasgow City,2009-06-30,3331
S12000049,Glasgow City,2010-06-30,3359
S12000049,Glasgow City,2011-06-30,3396
S12000049,Glasgow City,2012-06-30,3396
S12000049,Glasgow City,2013-06-30,3391
S12000049,Glasgow City,2014-06-30,3392
S12000049,Glasgow City,2015-06-30,3408
S12000049,Glasgow City,2016-06-30,3441
S12000049,Glasgow City,2017-06-30,3460
S12000049,Glasgow City,2018-06-30,3483
S12000049,Glasgow City,2019-06-30,3508
S12000049,Glasgow City,2020-06-30,3509
S12000049,Glasgow City,2021-06-30,3498
S12000049,Glasgow City,2022-06-30,3562
S12000049,Glasgow City,2023-06-30,3658
S12000049,Glasgow City,2024-06-30,3724
S12000050,North Lanarkshire,1991-06-30,696
S12000050,North Lanarkshire,1992-06-30,693
S12000050,North Lanarkshire,1993-06-30,690
S12000050,North Lanarkshire,1994-06-30,689
S12000050,North Lanarkshire,1995-06-30,688
S12000050,North Lanarkshire,1996-06-30,686
S12000050,North Lanarkshire,1997-06-30,686
S12000050,North Lanarkshire,1998-06-30,685
S12000050,North Lanarkshire,1999-06-30,685
S12000050,North Lanarkshire,2000-06-30,684
S12000050,North Lanarkshire,2001-06-30,683
S12000050,North Lanarkshire,2002-06-30,686
S12000050,North Lanarkshire,2003-06-30,689
S12000050,North Lanarkshire,2004-06-30,692
S12000050,North Lanarkshire,2005-06-30,696
S12000050,North Lanarkshire,2006-06-30,699
S12000050,North Lanarkshire,2007-06-30,705
S12000050,North Lanarkshire,2008-06-30,709
S12000050,North Lanarkshire,2009-06-30,713
S12000050,North Lanarkshire,2010-06-30,716
S12000050,North Lanarkshire,2011-06-30,719
S12000050,North Lanarkshire,2012-06-30,719
S12000050,North Lanarkshire,2013-06-30,719
S12000050,North Lanarkshire,2014-06-30,720
S12000050,North Lanarkshire,2015-06-30,721
S12000050,North Lanarkshire,2016-06-30,723
S12000050,North Lanarkshire,2017-06-30,724
S12000050,North Lanarkshire,2018-06-30,724
S12000050,North Lanarkshire,2019-06-30,727
S12000050,North Lanarkshire,2020-06-30,726
S12000050,North Lanarkshire,2021-06-30,726
S12000050,North Lanarkshire,2022-06-30,725
S12000050,North Lanarkshire,2023-06-30,729
S12000050,North Lanarkshire,2024-06-30,733
W06000001,Isle of Anglesey,1991-06-30,97
W06000001,Isle of Anglesey,1992-06-30,97
W06000001,Isle of Anglesey,1993-06-30,98
W06000001,Isle of Anglesey,1994-06-30,97
W06000001,Isle of Anglesey,1995-06-30,96
W06000001,Isle of Anglesey,1996-06-30,96
W06000001,Isle of Anglesey,1997-06-30,96
W06000001,Isle of Anglesey,1998-06-30,95
W06000001,Isle of Anglesey,1999-06-30,95
W06000001,Isle of Anglesey,2000-06-30,95
W06000001,Isle of Anglesey,2001-06-30,95
W06000001,Isle of Anglesey,2002-06-30,95
W06000001,Isle of Anglesey,2003-06-30,96
W06000001,Isle of Anglesey,2004-06-30,97
W06000001,Isle of Anglesey,2005-06-30,97
W06000001,Isle of Anglesey,2006-06-30,97
W06000001,Isle of Anglesey,2007-06-30,98
W06000001,Isle of Anglesey,2008-06-30,98
W06000001,Isle of Anglesey,2009-06-30,98
W06000001,Isle of Anglesey,2010-06-30,98
W06000001,Isle of Anglesey,2011-06-30,98
W06000001,Isle of Anglesey,2012-06-30,98
W06000001,Isle of Anglesey,2013-06-30,98
W06000001,Isle of Anglesey,2014-06-30,98
W06000001,Isle of Anglesey,2015-06-30,97
W06000001,Isle of Anglesey,2016-06-30,97
W06000001,Isle of Anglesey,2017-06-30,96
W06000001,Isle of Anglesey,2018-06-30,96
W06000001,Isle of Anglesey,2019-06-30,96
W06000001,Isle of Anglesey,2020-06-30,97
W06000001,Isle of Anglesey,2021-06-30,97
W06000001,Isle of Anglesey,2022-06-30,97
W06000001,Isle of Anglesey,2023-06-30,97
W06000001,Isle of Anglesey,2024-06-30,97
W06000002,Gwynedd,1991-06-30,45
W06000002,Gwynedd,1992-06-30,46
W06000002,Gwynedd,1993-06-30,46
W06000002,Gwynedd,1994-06-30,46
W06000002,Gwynedd,1995-06-30,46
W06000002,Gwynedd,1996-06-30,46
W06000002,Gwynedd,1997-06-30,46
W06000002,Gwynedd,1998-06-30,46
W06000002,Gwynedd,1999-06-30,46
W06000002,Gwynedd,2000-06-30,46
W06000002,Gwynedd,2001-06-30,46
W06000002,Gwynedd,2002-06-30,46
W06000002,Gwynedd,2003-06-30,47
W06000002,Gwynedd,2004-06-30,47
W06000002,Gwynedd,2005-06-30,47
W06000002,Gwynedd,2006-06-30,47
W06000002,Gwynedd,2007-06-30,47
W06000002,Gwynedd,2008-06-30,47
W06000002,Gwynedd,2009-06-30,47
W06000002,Gwynedd,2010-06-30,48
W06000002,Gwynedd,2011-06-30,48
W06000002,Gwynedd,2012-06-30,48
W06000002,Gwynedd,2013-06-30,47
W06000002,Gwynedd,2014-06-30,47
W06000002,Gwynedd,2015-06-30,47
W06000002,Gwynedd,2016-06-30,47
W06000002,Gwynedd,2017-06-30,47
W06000002,Gwynedd,2018-06-30,47
W06000002,Gwynedd,2019-06-30,46
W06000002,Gwynedd,2020-06-30,47
W06000002,Gwynedd,2021-06-30,46
W06000002,Gwynedd,2022-06-30,47
W06000002,Gwynedd,2023-06-30,47
W06000002,Gwynedd,2024-06-30,48
W06000003,Conwy,1991-06-30,96
W06000003,Conwy,1992-06-30,96
W06000003,Conwy,1993-06-30,96
W06000003,Conwy,1994-06-30,97
W06000003,Conwy,1995-06-30,97
W06000003,Conwy,1996-06-30,96
W06000003,Conwy,1997-06-30,96
W06000003,Conwy,1998-06-30,96
W06000003,Conwy,1999-06-30,96
W06000003,Conwy,2000-06-30,97
W06000003,Conwy,2001-06-30,97
W06000003,Conwy,2002-06-30,98
W06000003,Conwy,2003-06-30,99
W06000003,Conwy,2004-06-30,100
W06000003,Conwy,2005-06-30,100
W06000003,Conwy,2006-06-30,100
W06000003,Conwy,2007-06-30,101
W06000003,Conwy,2008-06-30,102
W06000003,Conwy,2009-06-30,102
W06000003,Conwy,2010-06-30,102
W06000003,Conwy,2011-06-30,102
W06000003,Conwy,2012-06-30,103
W06000003,Conwy,2013-06-30,102
W06000003,Conwy,2014-06-30,103
W06000003,Conwy,2015-06-30,102
W06000003,Conwy,2016-06-30,102
W06000003,Conwy,2017-06-30,102
W06000003,Conwy,2018-06-30,102
W06000003,Conwy,2019-06-30,101
W06000003,Conwy,2020-06-30,102
W06000003,Conwy,2021-06-30,102
W06000003,Conwy,2022-06-30,102
W06000003,Conwy,2023-06-30,102
W06000003,Conwy,2024-06-30,102
W06000004,Denbighshire,1991-06-30,107
W06000004,Denbighshire,1992-06-30,106
W06000004,Denbighshire,1993-06-30,107
W06000004,Denbighshire,1994-06-30,107
W06000004,Denbighshire,1995-06-30,107
W06000004,Denbighshire,1996-06-30,108
W06000004,Denbighshire,1997-06-30,108
W06000004,Denbighshire,1998-06-30,109
W06000004,Denbighshire,1999-06-30,109
W06000004,Denbighshire,2000-06-30,111
W06000004,Denbighshire,2001-06-30,111
W06000004,Denbighshire,2002-06-30,112
W06000004,Denbighshire,2003-06-30,112
W06000004,Denbighshire,2004-06-30,112
W06000004,Denbighshire,2005-06-30,112
W06000004,Denbighshire,2006-06-30,112
W06000004,Denbighshire,2007-06-30,113
W06000004,Denbighshire,2008-06-30,113
W06000004,Denbighshire,2009-06-30,113
W06000004,Denbighshire,2010-06-30,112
W06000004,Denbighshire,2011-06-30,112
W06000004,Denbighshire,2012-06-30,112
W06000004,Denbighshire,2013-06-30,113
W06000004,Denbighshire,2014-06-30,113
W06000004,Denbighshire,2015-06-30,113
W06000004,Denbighshire,2016-06-30,113
W06000004,Denbighshire,2017-06-30,113
W06000004,Denbighshire,2018-06-30,113
W06000004,Denbighshire,2019-06-30,113
W06000004,Denbighshire,2020-06-30,114
W06000004,Denbighshire,2021-06-30,115
W06000004,Denbighshire,2022-06-30,115
W06000004,Denbighshire,2023-06-30,116
W06000004,Denbighshire,2024-06-30,117
W06000005,Flintshire,1991-06-30,323
W06000005,Flintshire,1992-06-30,326
W06000005,Flintshire,1993-06-30,328
W06000005,Flintshire,1994-06-30,329
W06000005,Flintshire,1995-06-30,329
W06000005,Flintshire,1996-06-30,328
W06000005,Flintshire,1997-06-30,329
W06000005,Flintshire,1998-06-30,333
W06000005,Flintshire,1999-06-30,334
W06000005,Flintshire,2000-06-30,336
W06000005,Flintshire,2001-06-30,338
W06000005,Flintshire,2002-06-30,339
W06000005,Flintshire,2003-06-30,339
W06000005,Flintshire,2004-06-30,340
W06000005,Flintshire,2005-06-30,341
W06000005,Flintshire,2006-06-30,341
W06000005,Flintshire,2007-06-30,343
W06000005,Flintshire,2008-06-30,344
W06000005,Flintshire,2009-06-30,346
W06000005,Flintshire,2010-06-30,346
W06000005,Flintshire,2011-06-30,347
W06000005,Flintshire,2012-06-30,347
W06000005,Flintshire,2013-06-30,348
W06000005,Flintshire,2014-06-30,349
W06000005,Flintshire,2015-06-30,349
W06000005,Flintshire,2016-06-30,351
W06000005,Flintshire,2017-06-30,351
W06000005,Flintshire,2018-06-30,351
W06000005,Flintshire,2019-06-30,351
W06000005,Flintshire,2020-06-30,352
W06000005,Flintshire,2021-06-30,353
W06000005,Flintshire,2022-06-30,353
W06000005,Flintshire,2023-06-30,354
W06000005,Flintshire,2024-06-30,354
W06000006,Wrexham,1991-06-30,247
W06000006,Wrexham,1992-06-30,247
W06000006,Wrexham,1993-06-30,248
W06000006,Wrexham,1994-06-30,249
W06000006,Wrexham,1995-06-30,249
W06000006,Wrexham,1996-06-30,249
W06000006,Wrexham,1997-06-30,249
W06000006,Wrexham,1998-06-30,250
W06000006,Wrexham,1999-06-30,252
W06000006,Wrexham,2000-06-30,253
W06000006,Wrexham,2001-06-30,255
W06000006,Wrexham,2002-06-30,255
W06000006,Wrexham,2003-06-30,256
W06000006,Wrexham,2004-06-30,256
W06000006,Wrexham,2005-06-30,257
W06000006,Wrexham,2006-06-30,259
W06000006,Wrexham,2007-06-30,261
W06000006,Wrexham,2008-06-30,263
W06000006,Wrexham,2009-06-30,265
W06000006,Wrexham,2010-06-30,266
W06000006,Wrexham,2011-06-30,268
W06000006,Wrexham,2012-06-30,269
W06000006,Wrexham,2013-06-30,270
W06000006,Wrexham,2014-06-30,270
W06000006,Wrexham,2015-06-30,269
W06000006,Wrexham,2016-06-30,269
W06000006,Wrexham,2017-06-30,269
W06000006,Wrexham,2018-06-30,270
W06000006,Wrexham,2019-06-30,270
W06000006,Wrexham,2020-06-30,270
W06000006,Wrexham,2021-06-30,268
W06000006,Wrexham,2022-06-30,269
W06000006,Wrexham,2023-06-30,272
W06000006,Wrexham,2024-06-30,274
W06000008,Ceredigion,1991-06-30,37
W06000008,Ceredigion,1992-06-30,38
W06000008,Ceredigion,1993-06-30,39
W06000008,Ceredigion,1994-06-30,39
W06000008,Ceredigion,1995-06-30,40
W06000008,Ceredigion,1996-06-30,40
W06000008,Ceredigion,1997-06-30,40
W06000008,Ceredigion,1998-06-30,41
W06000008,Ceredigion,1999-06-30,41
W06000008,Ceredigion,2000-06-30,42
W06000008,Ceredigion,2001-06-30,42
W06000008,Ceredigion,2002-06-30,42
W06000008,Ceredigion,2003-06-30,42
W06000008,Ceredigion,2004-06-30,42
W06000008,Ceredigion,2005-06-30,42
W06000008,Ceredigion,2006-06-30,42
W06000008,Ceredigion,2007-06-30,42
W06000008,Ceredigion,2008-06-30,42
W06000008,Ceredigion,2009-06-30,42
W06000008,Ceredigion,2010-06-30,42
W06000008,Ceredigion,2011-06-30,42
W06000008,Ceredigion,2012-06-30,43
W06000008,Ceredigion,2013-06-30,43
W06000008,Ceredigion,2014-06-30,42
W06000008,Ceredigion,2015-06-30,41
W06000008,Ceredigion,2016-06-30,41
W06000008,Ceredigion,2017-06-30,40
W06000008,Ceredigion,2018-06-30,40
W06000008,Ceredigion,2019-06-30,40
W06000008,Ceredigion,2020-06-30,40
W06000008,Ceredigion,2021-06-30,40
W06000008,Ceredigion,2022-06-30,40
W06000008,Ceredigion,2023-06-30,41
W06000008,Ceredigion,2024-06-30,41
W06000009,Pembrokeshire,1991-06-30,69
W06000009,Pembrokeshire,1992-06-30,70
W06000009,Pembrokeshire,1993-06-30,70
W06000009,Pembrokeshire,1994-06-30,70
W06000009,Pembrokeshire,1995-06-30,69
W06000009,Pembrokeshire,1996-06-30,69
W06000009,Pembrokeshire,1997-06-30,69
W06000009,Pembrokeshire,1998-06-30,69
W06000009,Pembrokeshire,1999-06-30,69
W06000009,Pembrokeshire,2000-06-30,70
W06000009,Pembrokeshire,2001-06-30,70
W06000009,Pembrokeshire,2002-06-30,71
W06000009,Pembrokeshire,2003-06-30,71
W06000009,Pembrokeshire,2004-06-30,72
W06000009,Pembrokeshire,2005-06-30,72
W06000009,Pembrokeshire,2006-06-30,73
W06000009,Pembrokeshire,2007-06-30,74
W06000009,Pembrokeshire,2008-06-30,75
W06000009,Pembrokeshire,2009-06-30,75
W06000009,Pembrokeshire,2010-06-30,75
W06000009,Pembrokeshire,2011-06-30,76
W06000009,Pembrokeshire,2012-06-30,76
W06000009,Pembrokeshire,2013-06-30,76
W06000009,Pembrokeshire,2014-06-30,75
W06000009,Pembrokeshire,2015-06-30,75
W06000009,Pembrokeshire,2016-06-30,75
W06000009,Pembrokeshire,2017-06-30,75
W06000009,Pembrokeshire,2018-06-30,75
W06000009,Pembrokeshire,2019-06-30,75
W06000009,Pembrokeshire,2020-06-30,76
W06000009,Pembrokeshire,2021-06-30,76
W06000009,Pembrokeshire,2022-06-30,77
W06000009,Pembrokeshire,2023-06-30,77
W06000009,Pembrokeshire,2024-06-30,78
W06000010,Carmarthenshire,1991-06-30,72
W06000010,Carmarthenshire,1992-06-30,71
W06000010,Carmarthenshire,1993-06-30,71
W06000010,Carmarthenshire,1994-06-30,72
W06000010,Carmarthenshire,1995-06-30,72
W06000010,Carmarthenshire,1996-06-30,72
W06000010,Carmarthenshire,1997-06-30,72
W06000010,Carmarthenshire,1998-06-30,73
W06000010,Carmarthenshire,1999-06-30,73
W06000010,Carmarthenshire,2000-06-30,73
W06000010,Carmarthenshire,2001-06-30,73
W06000010,Carmarthenshire,2002-06-30,74
W06000010,Carmarthenshire,2003-06-30,74
W06000010,Carmarthenshire,2004-06-30,75
W06000010,Carmarthenshire,2005-06-30,75
W06000010,Carmarthenshire,2006-06-30,76
W06000010,Carmarthenshire,2007-06-30,76
W06000010,Carmarthenshire,2008-06-30,77
W06000010,Carmarthenshire,2009-06-30,77
W06000010,Carmarthenshire,2010-06-30,77
W06000010,Carmarthenshire,2011-06-30,78
W06000010,Carmarthenshire,2012-06-30,78
W06000010,Carmarthenshire,2013-06-30,78
W06000010,Carmarthenshire,2014-06-30,78
W06000010,Carmarthenshire,2015-06-30,78
W06000010,Carmarthenshire,2016-06-30,78
W06000010,Carmarthenshire,2017-06-30,78
W06000010,Carmarthenshire,2018-06-30,78
W06000010,Carmarthenshire,2019-06-30,79
W06000010,Carmarthenshire,2020-06-30,79
W06000010,Carmarthenshire,2021-06-30,79
W06000010,Carmarthenshire,2022-06-30,80
W06000010,Carmarthenshire,2023-06-30,80
W06000010,Carmarthenshire,2024-06-30,80
W06000011,Swansea,1991-06-30,608
W06000011,Swansea,1992-06-30,608
W06000011,Swansea,1993-06-30,607
W06000011,Swansea,1994-06-30,604
W06000011,Swansea,1995-06-30,603
W06000011,Swansea,1996-06-30,602
W06000011,Swansea,1997-06-30,600
W06000011,Swansea,1998-06-30,598
W06000011,Swansea,1999-06-30,596
W06000011,Swansea,2000-06-30,594
W06000011,Swansea,2001-06-30,592
W06000011,Swansea,2002-06-30,595
W06000011,Swansea,2003-06-30,599
W06000011,Swansea,2004-06-30,604
W06000011,Swansea,2005-06-30,607
W06000011,Swansea,2006-06-30,611
W06000011,Swansea,2007-06-30,616
W06000011,Swansea,2008-06-30,620
W06000011,Swansea,2009-06-30,624
W06000011,Swansea,2010-06-30,628
W06000011,Swansea,2011-06-30,632
W06000011,Swansea,2012-06-30,633
W06000011,Swansea,2013-06-30,633
W06000011,Swansea,2014-06-30,633
W06000011,Swansea,2015-06-30,634
W06000011,Swansea,2016-06-30,634
W06000011,Swansea,2017-06-30,634
W06000011,Swansea,2018-06-30,633
W06000011,Swansea,2019-06-30,632
W06000011,Swansea,2020-06-30,633
W06000011,Swansea,2021-06-30,630
W06000011,Swansea,2022-06-30,643
W06000011,Swansea,2023-06-30,659
W06000011,Swansea,2024-06-30,665
W06000012,Neath Port Talbot,1991-06-30,315
W06000012,Neath Port Talbot,1992-06-30,314
W06000012,Neath Port Talbot,1993-06-30,313
W06000012,Neath Port Talbot,1994-06-30,314
W06000012,Neath Port Talbot,1995-06-30,312
W06000012,Neath Port Talbot,1996-06-30,311
W06000012,Neath Port Talbot,1997-06-30,310
W06000012,Neath Port Talbot,1998-06-30,308
W06000012,Neath Port Talbot,1999-06-30,307
W06000012,Neath Port Talbot,2000-06-30,306
W06000012,Neath Port Talbot,2001-06-30,305
W06000012,Neath Port Talbot,2002-06-30,306
W06000012,Neath Port Talbot,2003-06-30,309
W06000012,Neath Port Talbot,2004-06-30,311
W06000012,Neath Port Talbot,2005-06-30,312
W06000012,Neath Port Talbot,2006-06-30,313
W06000012,Neath Port Talbot,2007-06-30,315
W06000012,Neath Port Talbot,2008-06-30,316
W06000012,Neath Port Talbot,2009-06-30,316
W06000012,Neath Port Talbot,2010-06-30,316
W06000012,Neath Port Talbot,2011-06-30,317
W06000012,Neath Port Talbot,2012-06-30,317
W06000012,Neath Port Talbot,2013-06-30,315
W06000012,Neath Port Talbot,2014-06-30,316
W06000012,Neath Port Talbot,2015-06-30,317
W06000012,Neath Port Talbot,2016-06-30,320
W06000012,Neath Port Talbot,2017-06-30,320
W06000012,Neath Port Talbot,2018-06-30,320
W06000012,Neath Port Talbot,2019-06-30,320
W06000012,Neath Port Talbot,2020-06-30,323
W06000012,Neath Port Talbot,2021-06-30,322
W06000012,Neath Port Talbot,2022-06-30,322
W06000012,Neath Port Talbot,2023-06-30,322
W06000012,Neath Port Talbot,2024-06-30,325
W06000013,Bridgend,1991-06-30,516
W06000013,Bridgend,1992-06-30,518
W06000013,Bridgend,1993-06-30,519
W06000013,Bridgend,1994-06-30,519
W06000013,Bridgend,1995-06-30,516
W06000013,Bridgend,1996-06-30,513
W06000013,Bridgend,1997-06-30,510
W06000013,Bridgend,1998-06-30,513
W06000013,Bridgend,1999-06-30,513
W06000013,Bridgend,2000-06-30,511
W06000013,Bridgend,2001-06-30,513
W06000013,Bridgend,2002-06-30,517
W06000013,Bridgend,2003-06-30,522
W06000013,Bridgend,2004-06-30,526
W06000013,Bridgend,2005-06-30,530
W06000013,Bridgend,2006-06-30,535
W06000013,Bridgend,2007-06-30,542
W06000013,Bridgend,2008-06-30,547
W06000013,Bridgend,2009-06-30,549
W06000013,Bridgend,2010-06-30,552
W06000013,Bridgend,2011-06-30,556
W06000013,Bridgend,2012-06-30,558
W06000013,Bridgend,2013-06-30,561
W06000013,Bridgend,2014-06-30,564
W06000013,Bridgend,2015-06-30,567
W06000013,Bridgend,2016-06-30,570
W06000013,Bridgend,2017-06-30,572
W06000013,Bridgend,2018-06-30,573
W06000013,Bridgend,2019-06-30,576
W06000013,Bridgend,2020-06-30,580
W06000013,Bridgend,2021-06-30,581
W06000013,Bridgend,2022-06-30,583
W06000013,Bridgend,2023-06-30,586
W06000013,Bridgend,2024-06-30,588
W06000014,Vale of Glamorgan,1991-06-30,356
W06000014,Vale of Glamorgan,1992-06-30,355
W06000014,Vale of Glamorgan,1993-06-30,353
W06000014,Vale of Glamorgan,1994-06-30,353
W06000014,Vale of Glamorgan,1995-06-30,351
W06000014,Vale of Glamorgan,1996-06-30,351
W06000014,Vale of Glamorgan,1997-06-30,353
W06000014,Vale of Glamorgan,1998-06-30,357
W06000014,Vale of Glamorgan,1999-06-30,356
W06000014,Vale of Glamorgan,2000-06-30,360
W06000014,Vale of Glamorgan,2001-06-30,360
W06000014,Vale of Glamorgan,2002-06-30,363
W06000014,Vale of Glamorgan,2003-06-30,365
W06000014,Vale of Glamorgan,2004-06-30,369
W06000014,Vale of Glamorgan,2005-06-30,371
W06000014,Vale of Glamorgan,2006-06-30,373
W06000014,Vale of Glamorgan,2007-06-30,377
W06000014,Vale of Glamorgan,2008-06-30,380
W06000014,Vale of Glamorgan,2009-06-30,381
W06000014,Vale of Glamorgan,2010-06-30,382
W06000014,Vale of Glamorgan,2011-06-30,383
W06000014,Vale of Glamorgan,2012-06-30,383
W06000014,Vale of Glamorgan,2013-06-30,382
W06000014,Vale of Glamorgan,2014-06-30,383
W06000014,Vale of Glamorgan,2015-06-30,381
W06000014,Vale of Glamorgan,2016-06-30,384
W06000014,Vale of Glamorgan,2017-06-30,388
W06000014,Vale of Glamorgan,2018-06-30,390
W06000014,Vale of Glamorgan,2019-06-30,392
W06000014,Vale of Glamorgan,2020-06-30,396
W06000014,Vale of Glamorgan,2021-06-30,400
W06000014,Vale of Glamorgan,2022-06-30,404
W06000014,Vale of Glamorgan,2023-06-30,407
W06000014,Vale of Glamorgan,2024-06-30,410
W06000015,Cardiff,1991-06-30,2107
W06000015,Cardiff,1992-06-30,2111
W06000015,Cardiff,1993-06-30,2123
W06000015,Cardiff,1994-06-30,2122
W06000015,Cardiff,1995-06-30,2134
W06000015,Cardiff,1996-06-30,2167
W06000015,Cardiff,1997-06-30,2181
W06000015,Cardiff,1998-06-30,2190
W06000015,Cardiff,1999-06-30,2202
W06000015,Cardiff,2000-06-30,2210
W06000015,Cardiff,2001-06-30,2201
W06000015,Cardiff,2002-06-30,2214
W06000015,Cardiff,2003-06-30,2223
W06000015,Cardiff,2004-06-30,2250
W06000015,Cardiff,2005-06-30,2278
W06000015,Cardiff,2006-06-30,2298
W06000015,Cardiff,2007-06-30,2329
W06000015,Cardiff,2008-06-30,2362
W06000015,Cardiff,2009-06-30,2396
W06000015,Cardiff,2010-06-30,2423
W06000015,Cardiff,2011-06-30,2451
W06000015,Cardiff,2012-06-30,2470
W06000015,Cardiff,2013-06-30,2484
W06000015,Cardiff,2014-06-30,2491
W06000015,Cardiff,2015-06-30,2495
W06000015,Cardiff,2016-06-30,2505
W06000015,Cardiff,2017-06-30,2515
W06000015,Cardiff,2018-06-30,2520
W06000015,Cardiff,2019-06-30,2534
W06000015,Cardiff,2020-06-30,2557
W06000015,Cardiff,2021-06-30,2553
W06000015,Cardiff,2022-06-30,2625
W06000015,Cardiff,2023-06-30,2695
W06000015,Cardiff,2024-06-30,2724
W06000016,Rhondda Cynon Taf,1991-06-30,554
W06000016,Rhondda Cynon Taf,1992-06-30,555
W06000016,Rhondda Cynon Taf,1993-06-30,555
W06000016,Rhondda Cynon Taf,1994-06-30,554
W06000016,Rhondda Cynon Taf,1995-06-30,555
W06000016,Rhondda Cynon Taf,1996-06-30,555
W06000016,Rhondda Cynon Taf,1997-06-30,557
W06000016,Rhondda Cynon Taf,1998-06-30,553
W06000016,Rhondda Cynon Taf,1999-06-30,551
W06000016,Rhondda Cynon Taf,2000-06-30,548
W06000016,Rhondda Cynon Taf,2001-06-30,547
W06000016,Rhondda Cynon Taf,2002-06-30,546
W06000016,Rhondda Cynon Taf,2003-06-30,548
W06000016,Rhondda Cynon Taf,2004-06-30,552
W06000016,Rhondda Cynon Taf,2005-06-30,552
W06000016,Rhondda Cynon Taf,2006-06-30,553
W06000016,Rhondda Cynon Taf,2007-06-30,553
W06000016,Rhondda Cynon Taf,2008-06-30,553
W06000016,Rhondda Cynon Taf,2009-06-30,553
W06000016,Rhondda Cynon Taf,2010-06-30,553
W06000016,Rhondda Cynon Taf,2011-06-30,553
W06000016,Rhondda Cynon Taf,2012-06-30,555
W06000016,Rhondda Cynon Taf,2013-06-30,554
W06000016,Rhondda Cynon Taf,2014-06-30,555
W06000016,Rhondda Cynon Taf,2015-06-30,555
W06000016,Rhondda Cynon Taf,2016-06-30,555
W06000016,Rhondda Cynon Taf,2017-06-30,557
W06000016,Rhondda Cynon Taf,2018-06-30,558
W06000016,Rhondda Cynon Taf,2019-06-30,560
W06000016,Rhondda Cynon Taf,2020-06-30,561
W06000016,Rhondda Cynon Taf,2021-06-30,560
W06000016,Rhondda Cynon Taf,2022-06-30,565
W06000016,Rhondda Cynon Taf,2023-06-30,571
W06000016,Rhondda Cynon Taf,2024-06-30,573
W06000018,Caerphilly,1991-06-30,615
W06000018,Caerphilly,1992-06-30,613
W06000018,Caerphilly,1993-06-30,614
W06000018,Caerphilly,1994-06-30,611
W06000018,Caerphilly,1995-06-30,606
W06000018,Caerphilly,1996-06-30,603
W06000018,Caerphilly,1997-06-30,604
W06000018,Caerphilly,1998-06-30,605
W06000018,Caerphilly,1999-06-30,608
W06000018,Caerphilly,2000-06-30,609
W06000018,Caerphilly,2001-06-30,611
W06000018,Caerphilly,2002-06-30,616
W06000018,Caerphilly,2003-06-30,618
W06000018,Caerphilly,2004-06-30,621
W06000018,Caerphilly,2005-06-30,623
W06000018,Caerphilly,2006-06-30,626
W06000018,Caerphilly,2007-06-30,631
W06000018,Caerphilly,2008-06-30,635
W06000018,Caerphilly,2009-06-30,639
W06000018,Caerphilly,2010-06-30,642
W06000018,Caerphilly,2011-06-30,645
W06000018,Caerphilly,2012-06-30,644
W06000018,Caerphilly,2013-06-30,643
W06000018,Caerphilly,2014-06-30,644
W06000018,Caerphilly,2015-06-30,643
W06000018,Caerphilly,2016-06-30,642
W06000018,Caerphilly,2017-06-30,640
W06000018,Caerphilly,2018-06-30,639
W06000018,Caerphilly,2019-06-30,637
W06000018,Caerphilly,2020-06-30,637
W06000018,Caerphilly,2021-06-30,634
W06000018,Caerphilly,2022-06-30,635
W06000018,Caerphilly,2023-06-30,637
W06000018,Caerphilly,2024-06-30,638
W06000019,Blaenau Gwent,1991-06-30,668
W06000019,Blaenau Gwent,1992-06-30,668
W06000019,Blaenau Gwent,1993-06-30,667
W06000019,Blaenau Gwent,1994-06-30,669
W06000019,Blaenau Gwent,1995-06-30,667
W06000019,Blaenau Gwent,1996-06-30,665
W06000019,Blaenau Gwent,1997-06-30,662
W06000019,Blaenau Gwent,1998-06-30,656
W06000019,Blaenau Gwent,1999-06-30,653
W06000019,Blaenau Gwent,2000-06-30,649
W06000019,Blaenau Gwent,2001-06-30,644
W06000019,Blaenau Gwent,2002-06-30,639
W06000019,Blaenau Gwent,2003-06-30,637
W06000019,Blaenau Gwent,2004-06-30,637
W06000019,Blaenau Gwent,2005-06-30,636
W06000019,Blaenau Gwent,2006-06-30,640
W06000019,Blaenau Gwent,2007-06-30,641
W06000019,Blaenau Gwent,2008-06-30,642
W06000019,Blaenau Gwent,2009-06-30,642
W06000019,Blaenau Gwent,2010-06-30,642
W06000019,Blaenau Gwent,2011-06-30,642
W06000019,Blaenau Gwent,2012-06-30,640
W06000019,Blaenau Gwent,2013-06-30,636
W06000019,Blaenau Gwent,2014-06-30,632
W06000019,Blaenau Gwent,2015-06-30,629
W06000019,Blaenau Gwent,2016-06-30,627
W06000019,Blaenau Gwent,2017-06-30,624
W06000019,Blaenau Gwent,2018-06-30,621
W06000019,Blaenau Gwent,2019-06-30,620
W06000019,Blaenau Gwent,2020-06-30,618
W06000019,Blaenau Gwent,2021-06-30,616
W06000019,Blaenau Gwent,2022-06-30,616
W06000019,Blaenau Gwent,2023-06-30,621
W06000019,Blaenau Gwent,2024-06-30,624
W06000020,Torfaen,1991-06-30,724
W06000020,Torfaen,1992-06-30,725
W06000020,Torfaen,1993-06-30,723
W06000020,Torfaen,1994-06-30,723
W06000020,Torfaen,1995-06-30,724
W06000020,Torfaen,1996-06-30,726
W06000020,Torfaen,1997-06-30,727
W06000020,Torfaen,1998-06-30,727
W06000020,Torfaen,1999-06-30,725
W06000020,Torfaen,2000-06-30,726
W06000020,Torfaen,2001-06-30,723
W06000020,Torfaen,2002-06-30,722
W06000020,Torfaen,2003-06-30,722
W06000020,Torfaen,2004-06-30,720
W06000020,Torfaen,2005-06-30,721
W06000020,Torfaen,2006-06-30,723
W06000020,Torfaen,2007-06-30,724
W06000020,Torfaen,2008-06-30,725
W06000020,Torfaen,2009-06-30,726
W06000020,Torfaen,2010-06-30,724
W06000020,Torfaen,2011-06-30,725
W06000020,Torfaen,2012-06-30,726
W06000020,Torfaen,2013-06-30,723
W06000020,Torfaen,2014-06-30,723
W06000020,Torfaen,2015-06-30,723
W06000020,Torfaen,2016-06-30,722
W06000020,Torfaen,2017-06-30,721
W06000020,Torfaen,2018-06-30,725
W06000020,Torfaen,2019-06-30,729
W06000020,Torfaen,2020-06-30,735
W06000020,Torfaen,2021-06-30,736
W06000020,Torfaen,2022-06-30,739
W06000020,Torfaen,2023-06-30,744
W06000020,Torfaen,2024-06-30,749
W06000021,Monmouthshire,1991-06-30,94
W06000021,Monmouthshire,1992-06-30,94
W06000021,Monmouthshire,1993-06-30,96
W06000021,Monmouthshire,1994-06-30,98
W06000021,Monmouthshire,1995-06-30,99
W06000021,Monmouthshire,1996-06-30,100
W06000021,Monmouthshire,1997-06-30,100
W06000021,Monmouthshire,1998-06-30,99
W06000021,Monmouthshire,1999-06-30,99
W06000021,Monmouthshire,2000-06-30,99
W06000021,Monmouthshire,2001-06-30,100
W06000021,Monmouthshire,2002-06-30,101
W06000021,Monmouthshire,2003-06-30,102
W06000021,Monmouthshire,2004-06-30,103
W06000021,Monmouthshire,2005-06-30,104
W06000021,Monmouthshire,2006-06-30,105
W06000021,Monmouthshire,2007-06-30,106
W06000021,Monmouthshire,2008-06-30,106
W06000021,Monmouthshire,2009-06-30,107
W06000021,Monmouthshire,2010-06-30,107
W06000021,Monmouthshire,2011-06-30,108
W06000021,Monmouthshire,2012-06-30,108
W06000021,Monmouthshire,2013-06-30,108
W06000021,Monmouthshire,2014-06-30,108
W06000021,Monmouthshire,2015-06-30,108
W06000021,Monmouthshire,2016-06-30,108
W06000021,Monmouthshire,2017-06-30,108
W06000021,Monmouthshire,2018-06-30,108
W06000021,Monmouthshire,2019-06-30,108
W06000021,Monmouthshire,2020-06-30,109
W06000021,Monmouthshire,2021-06-30,110
W06000021,Monmouthshire,2022-06-30,111
W06000021,Monmouthshire,2023-06-30,111
W06000021,Monmouthshire,2024-06-30,112
W06000022,Newport,1991-06-30,711
W06000022,Newport,1992-06-30,712
W06000022,Newport,1993-06-30,710
W06000022,Newport,1994-06-30,711
W06000022,Newport,1995-06-30,710
W06000022,Newport,1996-06-30,707
W06000022,Newport,1997-06-30,710
W06000022,Newport,1998-06-30,721
W06000022,Newport,1999-06-30,717
W06000022,Newport,2000-06-30,719
W06000022,Newport,2001-06-30,723
W06000022,Newport,2002-06-30,728
W06000022,Newport,2003-06-30,731
W06000022,Newport,2004-06-30,732
W06000022,Newport,2005-06-30,733
W06000022,Newport,2006-06-30,738
W06000022,Newport,2007-06-30,742
W06000022,Newport,2008-06-30,750
W06000022,Newport,2009-06-30,755
W06000022,Newport,2010-06-30,760
W06000022,Newport,2011-06-30,766
W06000022,Newport,2012-06-30,771
W06000022,Newport,2013-06-30,775
W06000022,Newport,2014-06-30,778
W06000022,Newport,2015-06-30,782
W06000022,Newport,2016-06-30,793
W06000022,Newport,2017-06-30,805
W06000022,Newport,2018-06-30,815
W06000022,Newport,2019-06-30,823
W06000022,Newport,2020-06-30,832
W06000022,Newport,2021-06-30,839
W06000022,Newport,2022-06-30,851
W06000022,Newport,2023-06-30,867
W06000022,Newport,2024-06-30,882
W06000023,Powys,1991-06-30,23
W06000023,Powys,1992-06-30,23
W06000023,Powys,1993-06-30,23
W06000023,Powys,1994-06-30,23
W06000023,Powys,1995-06-30,24
W06000023,Powys,1996-06-30,24
W06000023,Powys,1997-06-30,24
W06000023,Powys,1998-06-30,24
W06000023,Powys,1999-06-30,24
W06000023,Powys,2000-06-30,24
W06000023,Powys,2001-06-30,24
W06000023,Powys,2002-06-30,25
W06000023,Powys,2003-06-30,25
W06000023,Powys,2004-06-30,25
W06000023,Powys,2005-06-30,25
W06000023,Powys,2006-06-30,25
W06000023,Powys,2007-06-30,25
W06000023,Powys,2008-06-30,26
W06000023,Powys,2009-06-30,26
W06000023,Powys,2010-06-30,26
W06000023,Powys,2011-06-30,26
W06000023,Powys,2012-06-30,26
W06000023,Powys,2013-06-30,26
W06000023,Powys,2014-06-30,26
W06000023,Powys,2015-06-30,26
W06000023,Powys,2016-06-30,26
W06000023,Powys,2017-06-30,26
W06000023,Powys,2018-06-30,25
W06000023,Powys,2019-06-30,25
W06000023,Powys,2020-06-30,26
W06000023,Powys,2021-06-30,26
W06000023,Powys,2022-06-30,26
W06000023,Powys,2023-06-30,26
W06000023,Powys,2024-06-30,26
W06000024,Merthyr Tydfil,1991-06-30,535
W06000024,Merthyr Tydfil,1992-06-30,536
W06000024,Merthyr Tydfil,1993-06-30,534
W06000024,Merthyr Tydfil,1994-06-30,533
W06000024,Merthyr Tydfil,1995-06-30,526
W06000024,Merthyr Tydfil,1996-06-30,522
W06000024,Merthyr Tydfil,1997-06-30,515
W06000024,Merthyr Tydfil,1998-06-30,513
W06000024,Merthyr Tydfil,1999-06-30,507
W06000024,Merthyr Tydfil,2000-06-30,504
W06000024,Merthyr Tydfil,2001-06-30,504
W06000024,Merthyr Tydfil,2002-06-30,502
W06000024,Merthyr Tydfil,2003-06-30,502
W06000024,Merthyr Tydfil,2004-06-30,503
W06000024,Merthyr Tydfil,2005-06-30,505
W06000024,Merthyr Tydfil,2006-06-30,508
W06000024,Merthyr Tydfil,2007-06-30,513
W06000024,Merthyr Tydfil,2008-06-30,518
W06000024,Merthyr Tydfil,2009-06-30,522
W06000024,Merthyr Tydfil,2010-06-30,525
W06000024,Merthyr Tydfil,2011-06-30,528
W06000024,Merthyr Tydfil,2012-06-30,528
W06000024,Merthyr Tydfil,2013-06-30,528
W06000024,Merthyr Tydfil,2014-06-30,528
W06000024,Merthyr Tydfil,2015-06-30,529
W06000024,Merthyr Tydfil,2016-06-30,532
W06000024,Merthyr Tydfil,2017-06-30,532
W06000024,Merthyr Tydfil,2018-06-30,533
W06000024,Merthyr Tydfil,2019-06-30,532
W06000024,Merthyr Tydfil,2020-06-30,531
W06000024,Merthyr Tydfil,2021-06-30,528
W06000024,Merthyr Tydfil,2022-06-30,528
W06000024,Merthyr Tydfil,2023-06-30,528
W06000024,Merthyr Tydfil,2024-06-30,529